Id,Name,2026-08-01 12:28:01,2026-08-02 12:27:31,2026-08-03 12:29:32,2026-08-04 11:58:01,2026-08-05 11:54:15,2026-08-06 11:58:21,2026-08-07 11:55:27,2026-08-08 10:59:36,2026-08-09 11:05:58,2026-08-10 11:10:44,2026-08-11 11:06:01,2026-08-12 11:22:37,2026-08-13 11:24:37,2026-08-14 11:22:43,2026-08-15 10:30:10,2026-08-16 10:42:16,2026-08-17 10:40:09,2026-08-18 10:29:43,2026-08-19 10:37:25,2026-08-20 10:30:40,2026-08-21 10:41:33,2026-08-22 10:29:34,2026-08-23 10:43:58,2026-08-24 10:42:10,2026-08-25 10:37:31,2026-08-26 10:42:05,2026-08-27 17:33:27,2026-08-28 19:47:06,2026-08-29 15:34:31,2026-08-29 22:13:15,2026-08-30 14:01:10,2026-08-31 14:06:29
28441325,1MORE FIT SE S30,0,0,0,0,0,0,0,0,0,0,0,0,0,0,0,0,0,0,0,0,0,0,0,0,0,0,0,0,0,"정품_26,470|해외구매_30,490","정품_26,470|해외구매_30,490","정품_26,470|해외구매_30,490"
17847215,1MORE SonoFlow,0,0,0,0,0,0,0,0,0,0,0,0,0,0,0,0,0,0,0,0,0,0,0,0,0,0,0,0,0,"정품_52,510|해외구매_52,660","정품_52,510|해외구매_52,660","정품_47,200|해외구매_52,870"
74341292,1MORE SonoFlow Pro HQ51,0,0,0,0,0,0,0,0,0,0,0,0,0,0,0,0,0,0,0,0,0,0,0,0,0,0,0,0,0,"해외구매_91,200","해외구매_89,000","해외구매_86,400"
18044345,7Hz Salnotes Zero,0,0,0,0,0,0,0,0,0,0,0,0,0,0,0,0,0,0,0,0,0,0,0,0,0,0,0,0,0,"3.5mm, 마이크X, 해외구매_28,450","3.5mm, 마이크X, 해외구매_28,450","3.5mm, 마이크X, 해외구매_28,450"
36200729,7Hz X Crinacle Zero 2,0,0,0,0,0,0,0,0,0,0,0,0,0,0,0,0,0,0,0,0,0,0,0,0,0,0,0,0,0,"정품_49,000|해외구매_34,150","정품_49,000|해외구매_34,150","정품_49,000|해외구매_34,150"
101185160,AFUL DAWN-X,0,0,0,0,0,0,0,0,0,0,0,0,0,0,0,0,0,0,0,0,0,0,0,0,0,0,0,0,0,"정품_1,995,000|해외구매_491,010",0,0
78713513,AFUL PERFORMER 7,0,0,0,0,0,0,0,0,0,0,0,0,0,0,0,0,0,0,0,0,0,0,0,0,0,0,0,0,0,"4.4mm, 정품_370,020|4.4mm, 해외구매_323,960|3.5mm, 해외구매_308,680","4.4mm, 정품_370,020|4.4mm, 해외구매_323,960|3.5mm, 해외구매_308,680","4.4mm, 정품_370,020|4.4mm, 해외구매_320,470|3.5mm, 해외구매_308,680"
10705095,AKG EO-IC100,0,0,0,0,0,0,0,0,0,0,0,0,0,0,0,0,0,0,0,0,0,0,0,0,0,0,0,0,0,"정품_14,490|벌크_14,900","정품_14,490|벌크_14,900","정품_14,490|벌크_14,900"
664601,AKG K271 MKII,0,0,0,0,0,0,0,0,0,0,0,0,0,0,0,0,0,0,0,0,0,0,0,0,0,0,0,0,0,"정품_60,000|해외구매_232,490","정품_60,000|해외구매_232,480","정품_60,000|해외구매_232,450"
11482977,AKG K371,0,0,0,0,0,0,0,0,0,0,0,0,0,0,0,0,0,0,0,0,0,0,0,0,0,0,0,0,0,"정품_235,000|해외구매_174,690","정품_235,000|해외구매_174,690","정품_235,000|해외구매_174,690"
10625445,AKG K52,0,0,0,0,0,0,0,0,0,0,0,0,0,0,0,0,0,0,0,0,0,0,0,0,0,0,0,0,0,"정품_58,000|해외구매_59,000","정품_57,760|해외구매_59,000","정품_57,760|해외구매_59,000"
140120,AKG K701,0,0,0,0,0,0,0,0,0,0,0,0,0,0,0,0,0,0,0,0,0,0,0,0,0,0,0,0,0,"정품_348,000|해외구매_271,390","정품_348,000|해외구매_271,390","정품_348,000|해외구매_271,390"
803333,AKG K702,0,0,0,0,0,0,0,0,0,0,0,0,0,0,0,0,0,0,0,0,0,0,0,0,0,0,0,0,0,"정품_369,000|해외구매_248,470","정품_369,000|해외구매_250,940","정품_369,000|해외구매_248,780"
57492965,AKG N5 HYBRID,0,0,0,0,0,0,0,0,0,0,0,0,0,0,0,0,0,0,0,0,0,0,0,0,0,0,0,0,0,"정품_218,020|해외구매_384,440","정품_218,020|해외구매_383,610","정품_218,020|해외구매_383,510"
5805871,AKG N5005,0,0,0,0,0,0,0,0,0,0,0,0,0,0,0,0,0,0,0,0,0,0,0,0,0,0,0,0,0,"해외구매_552,000","해외구매_552,000","해외구매_552,000"
57493382,AKG N9 HYBRID,0,0,0,0,0,0,0,0,0,0,0,0,0,0,0,0,0,0,0,0,0,0,0,0,0,0,0,0,0,"정품_247,884|해외구매_423,000","정품_247,884|해외구매_423,000","정품_247,884|해외구매_423,000"
101633138,ANKER Soundcore C40i A3331,0,0,0,0,0,0,0,0,0,0,0,0,0,0,0,0,0,0,0,0,0,0,0,0,0,0,0,0,0,"정품_59,900|해외구매_66,400","정품_59,900|해외구매_66,400","정품_54,900|해외구매_68,600"
122619249,ANKER Soundcore C50i D1101,0,0,0,0,0,0,0,0,0,0,0,0,0,0,0,0,0,0,0,0,0,0,0,0,0,0,0,0,0,"정품_54,900|해외구매_61,900","정품_54,900|해외구매_61,900","정품_54,900|해외구매_61,900"
18454823,ANKER Soundcore P10 A3850,0,0,0,0,0,0,0,0,0,0,0,0,0,0,0,0,0,0,0,0,0,0,0,0,0,0,0,0,0,"해외구매_78,370","해외구매_78,370","해외구매_78,300"
78716027,ANKER Soundcore P30i A3959,0,0,0,0,0,0,0,0,0,0,0,0,0,0,0,0,0,0,0,0,0,0,0,0,0,0,0,0,0,"정품_32,900|해외구매_50,770","정품_32,900|해외구매_50,770","정품_32,900|해외구매_50,770"
122642363,ANKER Soundcore P31i D1202,0,0,0,0,0,0,0,0,0,0,0,0,0,0,0,0,0,0,0,0,0,0,0,0,0,0,0,0,0,"정품_30,000|해외구매_59,630","정품_30,000|해외구매_59,630","정품_26,490|해외구매_59,780"
78176216,ANKER Soundcore P40i A3955,0,0,0,0,0,0,0,0,0,0,0,0,0,0,0,0,0,0,0,0,0,0,0,0,0,0,0,0,0,"정품_55,900|해외구매_51,840|중고_50,310","정품_55,900|해외구매_51,840|중고_50,310","정품_51,900|해외구매_51,840|중고_46,710"
123799216,ANKER Soundcore P42i D1205,0,0,0,0,0,0,0,0,0,0,0,0,0,0,0,0,0,0,0,0,0,0,0,0,0,0,0,0,0,"정품_101,900","정품_101,900","정품_104,900"
96582446,ANKER Soundcore Q20i A3004,0,0,0,0,0,0,0,0,0,0,0,0,0,0,0,0,0,0,0,0,0,0,0,0,0,0,0,0,0,"정품_49,900|해외구매_43,260","정품_49,900|해외구매_43,260","정품_46,900|해외구매_43,260"
21726290,ANKER Soundcore 리버티 4 NC A3947,0,0,0,0,0,0,0,0,0,0,0,0,0,0,0,0,0,0,0,0,0,0,0,0,0,0,0,0,0,"정품_79,440|해외구매_70,700|중고_57,330","정품_79,440|해외구매_70,700|중고_57,330","정품_74,900|해외구매_70,700|중고_52,430"
74253788,ANKER Soundcore 리버티 4 프로 A3954,0,0,0,0,0,0,0,0,0,0,0,0,0,0,0,0,0,0,0,0,0,0,0,0,0,0,0,0,0,"정품_119,900|해외구매_142,190","정품_119,900|해외구매_141,420","정품_119,900|해외구매_141,420"
91767473,ANKER Soundcore 리버티 5 A3957,0,0,0,0,0,0,0,0,0,0,0,0,0,0,0,0,0,0,0,0,0,0,0,0,0,0,0,0,0,"정품_91,900|해외구매_91,800","정품_91,900|해외구매_91,800","정품_91,900|해외구매_91,800"
122686277,ANKER Soundcore 리버티 5 프로 D1203,0,0,0,0,0,0,0,0,0,0,0,0,0,0,0,0,0,0,0,0,0,0,0,0,0,0,0,0,0,"정품_223,000|해외구매_267,170","정품_223,000|해외구매_267,170","정품_199,900|해외구매_266,880"
122685543,ANKER Soundcore 리버티 5 프로 맥스 D1204,0,0,0,0,0,0,0,0,0,0,0,0,0,0,0,0,0,0,0,0,0,0,0,0,0,0,0,0,0,"정품_298,000","정품_298,000","정품_298,000"
122619413,ANKER Soundcore 리버티 버즈 D1200,0,0,0,0,0,0,0,0,0,0,0,0,0,0,0,0,0,0,0,0,0,0,0,0,0,0,0,0,0,"정품_105,000|","정품_105,000|","정품_79,900|"
123763727,ANKER Soundcore 스페이스 2 D1402,0,0,0,0,0,0,0,0,0,0,0,0,0,0,0,0,0,0,0,0,0,0,0,0,0,0,0,0,0,"정품_189,900|해외구매_178,790","정품_189,900|해외구매_178,790","정품_189,900|해외구매_176,150"
17895389,ANKER Soundcore 스페이스 A40 A3936,0,0,0,0,0,0,0,0,0,0,0,0,0,0,0,0,0,0,0,0,0,0,0,0,0,0,0,0,0,"정품_74,900|해외구매_88,150|중고_59,920","정품_74,900|해외구매_88,150|중고_59,920","정품_71,900|해외구매_88,140|중고_57,520"
17743568,ANKER Soundcore 스페이스 Q45 A3040,0,0,0,0,0,0,0,0,0,0,0,0,0,0,0,0,0,0,0,0,0,0,0,0,0,0,0,0,0,"정품_74,100|해외구매_107,070|중고_112,430","정품_77,990|해외구매_107,070|중고_112,430","정품_99,900|해외구매_107,070|중고_112,430"
30249005,ANKER Soundcore 스페이스원 A3035,0,0,0,0,0,0,0,0,0,0,0,0,0,0,0,0,0,0,0,0,0,0,0,0,0,0,0,0,0,"정품_222,240||해외구매_96,600","정품_222,240||해외구매_96,600","정품_222,240||해외구매_96,600"
78100583,ANKER Soundcore 스페이스원 프로 A3062,0,0,0,0,0,0,0,0,0,0,0,0,0,0,0,0,0,0,0,0,0,0,0,0,0,0,0,0,0,"정품_224,900|해외구매_138,990","정품_224,900|해외구매_138,990","정품_189,900|해외구매_138,990"
91041050,ANKER Soundcore 스포츠 X20 A3968,0,0,0,0,0,0,0,0,0,0,0,0,0,0,0,0,0,0,0,0,0,0,0,0,0,0,0,0,0,"해외구매_90,190","해외구매_90,190","해외구매_89,290"
74341058,ANKER Soundcore 슬립 A20 A6611,0,0,0,0,0,0,0,0,0,0,0,0,0,0,0,0,0,0,0,0,0,0,0,0,0,0,0,0,0,"정품_129,000|해외구매_159,130","정품_129,000|해외구매_159,130","정품_104,900|해외구매_159,130"
99480551,ANKER Soundcore 슬립 A30 D1301,0,0,0,0,0,0,0,0,0,0,0,0,0,0,0,0,0,0,0,0,0,0,0,0,0,0,0,0,0,"정품_199,000||해외구매_176,180","정품_199,000|해외구매_176,180","정품_199,000|해외구매_176,180"
96981677,ANKER Soundcore 에어로클립 A3388,0,0,0,0,0,0,0,0,0,0,0,0,0,0,0,0,0,0,0,0,0,0,0,0,0,0,0,0,0,"정품_114,900|해외구매_102,000|중고_97,670","정품_114,900|해외구매_102,000|중고_97,670","정품_114,900|해외구매_99,000|중고_97,670"
122687553,ANKER Soundcore 에어로핏 2 A3874,0,0,0,0,0,0,0,0,0,0,0,0,0,0,0,0,0,0,0,0,0,0,0,0,0,0,0,0,0,"정품_169,900|해외구매_76,440","정품_169,900|해외구매_76,440","정품_159,900|해외구매_76,440"
7111930,AONE CRUISE CB-M20,0,0,0,0,0,0,0,0,0,0,0,0,0,0,0,0,0,0,0,0,0,0,0,0,0,0,0,0,0,"73,800","73,800","73,800"
20230073,APPLE Beats by Dr.Dre 비츠 스튜디오 버즈 플러스,0,0,0,0,0,0,0,0,0,0,0,0,0,0,0,0,0,0,0,0,0,0,0,0,0,0,0,0,0,"정품_159,900|해외구매_179,320","정품_159,900|해외구매_179,320","정품_159,900|해외구매_179,320"
28024445,APPLE Beats by Dr.Dre 비츠 스튜디오 프로 와이어리스,0,0,0,0,0,0,0,0,0,0,0,0,0,0,0,0,0,0,0,0,0,0,0,0,0,0,0,0,0,"정품_259,000|해외구매_294,667|해외리퍼비시_258,700","정품_259,000|해외구매_294,667|해외리퍼비시_258,700","정품_259,000|해외구매_294,667|해외리퍼비시_258,700"
76463273,APPLE Beats by Dr.Dre 파워비츠 프로 2,0,0,0,0,0,0,0,0,0,0,0,0,0,0,0,0,0,0,0,0,0,0,0,0,0,0,0,0,0,"정품_271,580","정품_271,580","정품_271,580"
12877895,APPLE 에어팟 맥스,0,0,0,0,0,0,0,0,0,0,0,0,0,0,0,0,0,0,0,0,0,0,0,0,0,0,0,0,0,"정품_692,860|해외구매_1,020,000","정품_692,860|해외구매_1,020,000","정품_692,860|해외구매_1,020,000"
65920895,APPLE 에어팟 맥스 USB-C,0,0,0,0,0,0,0,0,0,0,0,0,0,0,0,0,0,0,0,0,0,0,0,0,0,0,0,0,0,"정품_533,050|해외구매_687,720","정품_532,990|해외구매_687,720","정품_532,860|해외구매_687,720"
109481933,APPLE 에어팟 맥스2,0,0,0,0,0,0,0,0,0,0,0,0,0,0,0,0,0,0,0,0,0,0,0,0,0,0,0,0,0,"정품_488,000|해외구매_950,030","정품_488,000|해외구매_950,030","정품_488,000|해외구매_950,030"
15616310,APPLE 에어팟 프로1 맥세이프 MLWK3KH/A,0,0,0,0,0,0,0,0,0,0,0,0,0,0,0,0,0,0,0,0,0,0,0,0,0,0,0,0,0,"정품_280,000|해외구매_491,800","정품_280,000|해외구매_491,800","정품_280,000|해외구매_491,800"
28208783,APPLE 에어팟 프로2 맥세이프 USB-C MTJV3KH/A,0,0,0,0,0,0,0,0,0,0,0,0,0,0,0,0,0,0,0,0,0,0,0,0,0,0,0,0,0,"정품_186,060|해외구매_443,260","정품_186,070|해외구매_443,260","정품_322,650|해외구매_443,260"
31311461,APPLE 에어팟 프로2 맥세이프 USB-C 이어버드 단품,0,0,0,0,0,0,0,0,0,0,0,0,0,0,0,0,0,0,0,0,0,0,0,0,0,0,0,0,0,"오른쪽, 벌크_114,390|왼쪽, 벌크_113,460|왼쪽, 해외벌크_104,060|오른쪽, 해외벌크_104,060","오른쪽, 벌크_114,390|왼쪽, 벌크_113,460|왼쪽, 해외벌크_104,060|오른쪽, 해외벌크_104,060",0
31645829,APPLE 에어팟 프로2 맥세이프 USB-C 충전 케이스,0,0,0,0,0,0,0,0,0,0,0,0,0,0,0,0,0,0,0,0,0,0,0,0,0,0,0,0,0,"벌크_119,990|해외벌크_96,240",0,0
97405013,APPLE 에어팟 프로3 MFHP4KH/A,0,0,0,0,0,0,0,0,0,0,0,0,0,0,0,0,0,0,0,0,0,0,0,0,0,0,0,0,0,"정품_186,060|해외구매_305,250","정품_202,350|해외구매_305,250","정품_301,250|해외구매_305,250"
15463181,APPLE 에어팟3 맥세이프 MME73KH/A,0,0,0,0,0,0,0,0,0,0,0,0,0,0,0,0,0,0,0,0,0,0,0,0,0,0,0,0,0,"정품_234,490|해외구매_298,800","정품_234,490|해외구매_298,800","정품_234,490|해외구매_298,800"
65920016,APPLE 에어팟4 MXP63KH/A,0,0,0,0,0,0,0,0,0,0,0,0,0,0,0,0,0,0,0,0,0,0,0,0,0,0,0,0,0,"정품_139,310|해외구매_156,690","정품_139,310|해외구매_156,690","정품_173,000|해외구매_156,690"
65919884,APPLE 에어팟4 액티브 노이즈 캔슬링 MXP93KH/A,0,0,0,0,0,0,0,0,0,0,0,0,0,0,0,0,0,0,0,0,0,0,0,0,0,0,0,0,0,"정품_109,390|해외구매_235,750","정품_109,390|해외구매_235,750","정품_109,390|해외구매_235,750"
62320103,APPLE 이어팟 3.5mm MWU53FE/A,0,0,0,0,0,0,0,0,0,0,0,0,0,0,0,0,0,0,0,0,0,0,0,0,0,0,0,0,0,"25,000","25,000","25,000"
67370525,APPLE 이어팟 USB-C MYQY3ZP/A,0,0,0,0,0,0,0,0,0,0,0,0,0,0,0,0,0,0,0,0,0,0,0,0,0,0,0,0,0,"정품_26,040","정품_26,040","정품_26,040|"
62321957,APPLE 이어팟 라이트닝 MWTY3ZP/A,0,0,0,0,0,0,0,0,0,0,0,0,0,0,0,0,0,0,0,0,0,0,0,0,0,0,0,0,0,"22,390","22,390",0
15099020,ASUS ROG CETRA II CORE,0,0,0,0,0,0,0,0,0,0,0,0,0,0,0,0,0,0,0,0,0,0,0,0,0,0,0,0,0,"정품_84,000|해외구매_84,060","정품_84,000|해외구매_84,060","정품_84,000|해외구매_84,060"
32091956,ASUS ROG CETRA TRUE WIRELESS SPEEDNOVA,0,0,0,0,0,0,0,0,0,0,0,0,0,0,0,0,0,0,0,0,0,0,0,0,0,0,0,0,0,"정품_199,000|해외구매_187,990","정품_199,000|해외구매_187,990","정품_199,000|해외구매_187,990"
15598079,ASUS ROG METAL STAND 헤드셋 거치대,0,0,0,0,0,0,0,0,0,0,0,0,0,0,0,0,0,0,0,0,0,0,0,0,0,0,0,0,0,"39,900","39,900","39,900"
123981084,ASUS ROG Throne II Core 게이밍 헤드셋 스탠드 거치대,0,0,0,0,0,0,0,0,0,0,0,0,0,0,0,0,0,0,0,0,0,0,0,0,0,0,0,0,0,"정품_79,000|해외구매_79,000","정품_79,000|해외구매_79,000","정품_79,000|해외구매_79,000"
19974179,Actto BKS-86,0,0,0,0,0,0,0,0,0,0,0,0,0,0,0,0,0,0,0,0,0,0,0,0,0,0,0,0,0,"11,900","11,900","11,900"
14055182,Actto BTE-31,0,0,0,0,0,0,0,0,0,0,0,0,0,0,0,0,0,0,0,0,0,0,0,0,0,0,0,0,0,"20,830","20,830","20,830"
91191893,Actto BTE-39,0,0,0,0,0,0,0,0,0,0,0,0,0,0,0,0,0,0,0,0,0,0,0,0,0,0,0,0,0,"정품_17,220","정품_17,220","정품_17,220"
16971272,Actto BTH-11,0,0,0,0,0,0,0,0,0,0,0,0,0,0,0,0,0,0,0,0,0,0,0,0,0,0,0,0,0,"23,890","23,890","23,890"
5952481,Actto ERP-92 루나,0,0,0,0,0,0,0,0,0,0,0,0,0,0,0,0,0,0,0,0,0,0,0,0,0,0,0,0,0,"정품_8,650","정품_8,650","정품_8,650"
73697882,Actto TWS-22,0,0,0,0,0,0,0,0,0,0,0,0,0,0,0,0,0,0,0,0,0,0,0,0,0,0,0,0,0,"정품_29,410","정품_29,410","정품_29,410"
11398794,Actto 뉴이스트 ERP-110,0,0,0,0,0,0,0,0,0,0,0,0,0,0,0,0,0,0,0,0,0,0,0,0,0,0,0,0,0,"9,890","9,890","9,890"
11395995,Actto 뉴트위스트 ERP-109,0,0,0,0,0,0,0,0,0,0,0,0,0,0,0,0,0,0,0,0,0,0,0,0,0,0,0,0,0,"9,390","9,390","8,910"
11399508,Actto 라임 ERP-105,0,0,0,0,0,0,0,0,0,0,0,0,0,0,0,0,0,0,0,0,0,0,0,0,0,0,0,0,0,"5,030","5,030","5,030"
76463546,Actto 바이브 BTE-38,0,0,0,0,0,0,0,0,0,0,0,0,0,0,0,0,0,0,0,0,0,0,0,0,0,0,0,0,0,"정품_33,070","정품_33,070","정품_33,070"
59760440,Actto 블리스 ERP-117,0,0,0,0,0,0,0,0,0,0,0,0,0,0,0,0,0,0,0,0,0,0,0,0,0,0,0,0,0,"6,630","6,630","6,630"
5924544,Actto 비올라 BTH-02,0,0,0,0,0,0,0,0,0,0,0,0,0,0,0,0,0,0,0,0,0,0,0,0,0,0,0,0,0,"정품_22,170","정품_22,170","정품_22,170"
10926474,Actto 서라운드 BTH-05,0,0,0,0,0,0,0,0,0,0,0,0,0,0,0,0,0,0,0,0,0,0,0,0,0,0,0,0,0,"21,780","21,770","21,740"
56064782,Actto 아우라 BTH-12,0,0,0,0,0,0,0,0,0,0,0,0,0,0,0,0,0,0,0,0,0,0,0,0,0,0,0,0,0,"22,140","22,140","22,140"
14417750,Actto 안단테 ERP-113,0,0,0,0,0,0,0,0,0,0,0,0,0,0,0,0,0,0,0,0,0,0,0,0,0,0,0,0,0,"6,990","6,990","6,990"
67371461,Actto 이노센트 TWS-21,0,0,0,0,0,0,0,0,0,0,0,0,0,0,0,0,0,0,0,0,0,0,0,0,0,0,0,0,0,"18,000","17,940","17,820"
9391497,Actto 캣츠 BKS-80,0,0,0,0,0,0,0,0,0,0,0,0,0,0,0,0,0,0,0,0,0,0,0,0,0,0,0,0,0,"18,510","18,510","18,510"
10872588,Actto 팡팡 BTH-03,0,0,0,0,0,0,0,0,0,0,0,0,0,0,0,0,0,0,0,0,0,0,0,0,0,0,0,0,0,"32,200","32,200","32,200"
37351235,Actto 페블 TWS-20,0,0,0,0,0,0,0,0,0,0,0,0,0,0,0,0,0,0,0,0,0,0,0,0,0,0,0,0,0,"14,240","14,240","14,230"
20105393,Audeze MM-500,0,0,0,0,0,0,0,0,0,0,0,0,0,0,0,0,0,0,0,0,0,0,0,0,0,0,0,0,0,0,"정품_2,735,000","정품_2,735,000"
62162015,Axxen N641,0,0,0,0,0,0,0,0,0,0,0,0,0,0,0,0,0,0,0,0,0,0,0,0,0,0,0,0,0,"19,950","19,950","19,950"
74052416,Axxen N670,0,0,0,0,0,0,0,0,0,0,0,0,0,0,0,0,0,0,0,0,0,0,0,0,0,0,0,0,0,"정품_15,800|","정품_15,800|","정품_15,800|"
74052566,Axxen N700,0,0,0,0,0,0,0,0,0,0,0,0,0,0,0,0,0,0,0,0,0,0,0,0,0,0,0,0,0,"정품_22,380|","정품_22,380|","정품_20,940|"
52158299,Axxen 플레이고 N840,0,0,0,0,0,0,0,0,0,0,0,0,0,0,0,0,0,0,0,0,0,0,0,0,0,0,0,0,0,"정품_8,620|중고_5,910","정품_8,620|중고_5,910","정품_8,620|중고_5,900"
72305255,B&W Pi8,0,0,0,0,0,0,0,0,0,0,0,0,0,0,0,0,0,0,0,0,0,0,0,0,0,0,0,0,0,"정품_541,980|해외구매_457,930|중고_444,210","정품_541,970|해외구매_457,930|중고_444,210","정품_541,960|해외구매_457,930|중고_444,210"
18966050,B&W Px7 S2,0,0,0,0,0,0,0,0,0,0,0,0,0,0,0,0,0,0,0,0,0,0,0,0,0,0,0,0,0,"정품_399,000|해외구매_283,290","정품_399,000|해외구매_283,290","정품_399,000|해외구매_283,300"
28621997,B&W Px7 S2e,0,0,0,0,0,0,0,0,0,0,0,0,0,0,0,0,0,0,0,0,0,0,0,0,0,0,0,0,0,"정품_430,000|해외구매_379,000","정품_430,000|해외구매_379,000","정품_430,000|해외구매_343,000"
93502724,B&W Px7 S3,0,0,0,0,0,0,0,0,0,0,0,0,0,0,0,0,0,0,0,0,0,0,0,0,0,0,0,0,0,"정품_538,150|해외구매_419,300","정품_538,140|해외구매_419,300","정품_538,130|해외구매_577,020"
19889270,B&W Px8,0,0,0,0,0,0,0,0,0,0,0,0,0,0,0,0,0,0,0,0,0,0,0,0,0,0,0,0,0,"정품_729,000|해외구매_614,430","정품_729,000|해외구매_614,430","정품_729,000|해외구매_614,430"
99641561,B&W Px8 S2,0,0,0,0,0,0,0,0,0,0,0,0,0,0,0,0,0,0,0,0,0,0,0,0,0,0,0,0,0,"정품_997,520|해외구매_1,111,640","정품_997,520|해외구매_1,111,640","정품_997,520|해외구매_1,109,250"
3017213,BEAT EF-E5,0,0,0,0,0,0,0,0,0,0,0,0,0,0,0,0,0,0,0,0,0,0,0,0,0,0,0,0,0,780,780,780
4081843,BEAT S120,0,0,0,0,0,0,0,0,0,0,0,0,0,0,0,0,0,0,0,0,0,0,0,0,0,0,0,0,0,0,"정품_7,350","정품_7,350"
8629556,BITWAY TWS GW-15,0,0,0,0,0,0,0,0,0,0,0,0,0,0,0,0,0,0,0,0,0,0,0,0,0,0,0,0,0,0,"57,000","57,000"
7673449,BOB KERC-003,0,0,0,0,0,0,0,0,0,0,0,0,0,0,0,0,0,0,0,0,0,0,0,0,0,0,0,0,0,"6,190|","6,190|","6,140|"
8327781,BOB PLEXTONE X56M,0,0,0,0,0,0,0,0,0,0,0,0,0,0,0,0,0,0,0,0,0,0,0,0,0,0,0,0,0,"6,370","6,360","6,320"
8326917,BOB 리본써클,0,0,0,0,0,0,0,0,0,0,0,0,0,0,0,0,0,0,0,0,0,0,0,0,0,0,0,0,0,0,"5,300","5,300"
28330307,BOSE QC,0,0,0,0,0,0,0,0,0,0,0,0,0,0,0,0,0,0,0,0,0,0,0,0,0,0,0,0,0,"정품_256,000|해외구매_282,200","정품_256,000|해외구매_282,200","정품_256,000|해외구매_282,200"
6338174,BOSE QC 35 2,0,0,0,0,0,0,0,0,0,0,0,0,0,0,0,0,0,0,0,0,0,0,0,0,0,0,0,0,0,"정품_388,990|해외구매_251,600",0,0
15797471,BOSE QC 45,0,0,0,0,0,0,0,0,0,0,0,0,0,0,0,0,0,0,0,0,0,0,0,0,0,0,0,0,0,"정품_426,460|해외구매_263,910|중고_264,520","정품_426,460|해외구매_263,910|중고_264,520","정품_426,460|해외구매_263,910|중고_264,520"
28376288,BOSE QC 울트라 이어버드,0,0,0,0,0,0,0,0,0,0,0,0,0,0,0,0,0,0,0,0,0,0,0,0,0,0,0,0,0,"정품_260,250|해외구매_228,920","정품_273,660|해외구매_228,920","정품_273,600|해외구매_239,060"
94884290,BOSE QC 울트라 이어버드 2세대,0,0,0,0,0,0,0,0,0,0,0,0,0,0,0,0,0,0,0,0,0,0,0,0,0,0,0,0,0,"정품_278,070|해외구매_372,590|중고_345,000","정품_278,070|해외구매_428,570|중고_345,000","정품_278,070|해외구매_372,590|중고_345,000"
28837895,BOSE QC 울트라 헤드폰,0,0,0,0,0,0,0,0,0,0,0,0,0,0,0,0,0,0,0,0,0,0,0,0,0,0,0,0,0,"정품_353,280|해외구매_409,400","정품_353,280|해외구매_409,400","정품_353,280|해외구매_409,400"
99736994,BOSE QC 울트라 헤드폰 2세대,0,0,0,0,0,0,0,0,0,0,0,0,0,0,0,0,0,0,0,0,0,0,0,0,0,0,0,0,0,"정품_488,990|해외구매_523,510","정품_488,990|해외구매_523,510","정품_488,990|해외구매_523,510"
67512923,BOSE QC 이어버드 2024년형,0,0,0,0,0,0,0,0,0,0,0,0,0,0,0,0,0,0,0,0,0,0,0,0,0,0,0,0,0,"정품_169,000","정품_169,000","정품_181,390"
36707483,BOSE 울트라 오픈 이어버드,0,0,0,0,0,0,0,0,0,0,0,0,0,0,0,0,0,0,0,0,0,0,0,0,0,0,0,0,0,"정품_256,000|해외구매_273,890","정품_256,000|해외구매_279,000","정품_256,000|해외구매_282,940"
3008288,BRYSI BY-330,0,0,0,0,0,0,0,0,0,0,0,0,0,0,0,0,0,0,0,0,0,0,0,0,0,0,0,0,0,"정품_4,430","정품_4,430","정품_4,430"
20609606,Britz Apods3,0,0,0,0,0,0,0,0,0,0,0,0,0,0,0,0,0,0,0,0,0,0,0,0,0,0,0,0,0,"25,500","26,870","26,870"
67371431,Britz BZ-GT05,0,0,0,0,0,0,0,0,0,0,0,0,0,0,0,0,0,0,0,0,0,0,0,0,0,0,0,0,0,"정품_32,450","정품_32,450","정품_32,450"
43535345,Britz BZ-WE100P,0,0,0,0,0,0,0,0,0,0,0,0,0,0,0,0,0,0,0,0,0,0,0,0,0,0,0,0,0,"21,900","21,900","21,900"
5782055,Britz H890,0,0,0,0,0,0,0,0,0,0,0,0,0,0,0,0,0,0,0,0,0,0,0,0,0,0,0,0,0,"정품_149,000","정품_147,050","정품_147,050"
75073829,Britz 브리츠인터내셔널 ANC1000XL3,0,0,0,0,0,0,0,0,0,0,0,0,0,0,0,0,0,0,0,0,0,0,0,0,0,0,0,0,0,"정품_49,900","정품_49,900","정품_49,900"
71505017,Britz 브리츠인터내셔널 AcousticANC7,0,0,0,0,0,0,0,0,0,0,0,0,0,0,0,0,0,0,0,0,0,0,0,0,0,0,0,0,0,"정품_44,900","정품_44,900",0
6532468,Britz 브리츠인터내셔널 BE-BONE5,0,0,0,0,0,0,0,0,0,0,0,0,0,0,0,0,0,0,0,0,0,0,0,0,0,0,0,0,0,"43,150","43,150","43,150"
16588007,Britz 브리츠인터내셔널 BE-BONE7,0,0,0,0,0,0,0,0,0,0,0,0,0,0,0,0,0,0,0,0,0,0,0,0,0,0,0,0,0,"정품_54,900|중고_33,620","정품_54,900","정품_54,900"
5911700,Britz 브리츠인터내셔널 BE-M505 ANC,0,0,0,0,0,0,0,0,0,0,0,0,0,0,0,0,0,0,0,0,0,0,0,0,0,0,0,0,0,0,0,"정품_141,550|중고_49,130"
122693021,Britz 브리츠인터내셔널 BT10ANC,0,0,0,0,0,0,0,0,0,0,0,0,0,0,0,0,0,0,0,0,0,0,0,0,0,0,0,0,0,"정품_39,800","정품_39,800","정품_39,800"
15697640,Britz 브리츠인터내셔널 BT3000,0,0,0,0,0,0,0,0,0,0,0,0,0,0,0,0,0,0,0,0,0,0,0,0,0,0,0,0,0,"76,180","76,180","76,180"
16518866,Britz 브리츠인터내셔널 BT4000 ANC,0,0,0,0,0,0,0,0,0,0,0,0,0,0,0,0,0,0,0,0,0,0,0,0,0,0,0,0,0,"96,900","96,900","96,900"
122648601,Britz 브리츠인터내셔널 BZ-BONE X5,0,0,0,0,0,0,0,0,0,0,0,0,0,0,0,0,0,0,0,0,0,0,0,0,0,0,0,0,0,"정품_39,800","정품_39,800","정품_39,800"
122617101,Britz 브리츠인터내셔널 BZ-BONE9 PLUS,0,0,0,0,0,0,0,0,0,0,0,0,0,0,0,0,0,0,0,0,0,0,0,0,0,0,0,0,0,"정품_73,900","정품_73,900","정품_73,900"
74490689,Britz 브리츠인터내셔널 BZ-BONEX7,0,0,0,0,0,0,0,0,0,0,0,0,0,0,0,0,0,0,0,0,0,0,0,0,0,0,0,0,0,"정품_59,900","정품_59,900","정품_59,900"
76463645,Britz 브리츠인터내셔널 BZ-Clip7,0,0,0,0,0,0,0,0,0,0,0,0,0,0,0,0,0,0,0,0,0,0,0,0,0,0,0,0,0,"정품_34,900|","정품_34,900","정품_34,900"
122693423,Britz 브리츠인터내셔널 BZ-Clip7 PLUS,0,0,0,0,0,0,0,0,0,0,0,0,0,0,0,0,0,0,0,0,0,0,0,0,0,0,0,0,0,"정품_39,900","정품_39,900","정품_39,900"
77205101,Britz 브리츠인터내셔널 BZ-D100X,0,0,0,0,0,0,0,0,0,0,0,0,0,0,0,0,0,0,0,0,0,0,0,0,0,0,0,0,0,"정품_49,900|","정품_49,900","정품_49,900"
103753670,Britz 브리츠인터내셔널 BZ-ER7L,0,0,0,0,0,0,0,0,0,0,0,0,0,0,0,0,0,0,0,0,0,0,0,0,0,0,0,0,0,"정품_42,900","정품_42,900","정품_39,900"
68687327,Britz 브리츠인터내셔널 BZ-Fit3,0,0,0,0,0,0,0,0,0,0,0,0,0,0,0,0,0,0,0,0,0,0,0,0,0,0,0,0,0,"41,900","41,900","41,900"
105968669,Britz 브리츠인터내셔널 BZ-H1Pro,0,0,0,0,0,0,0,0,0,0,0,0,0,0,0,0,0,0,0,0,0,0,0,0,0,0,0,0,0,"정품_78,300","정품_78,300","정품_78,290"
91495004,Britz 브리츠인터내셔널 BZ-M2BONE,0,0,0,0,0,0,0,0,0,0,0,0,0,0,0,0,0,0,0,0,0,0,0,0,0,0,0,0,0,"정품_58,320","정품_58,320","정품_58,320"
34371392,Britz 브리츠인터내셔널 BZ-ME900,0,0,0,0,0,0,0,0,0,0,0,0,0,0,0,0,0,0,0,0,0,0,0,0,0,0,0,0,0,"34,800","34,800","34,800"
61545470,Britz 브리츠인터내셔널 BZ-Mode3,0,0,0,0,0,0,0,0,0,0,0,0,0,0,0,0,0,0,0,0,0,0,0,0,0,0,0,0,0,"정품_18,240|","정품_18,240","정품_18,240"
122648387,Britz 브리츠인터내셔널 BZ-RT7,0,0,0,0,0,0,0,0,0,0,0,0,0,0,0,0,0,0,0,0,0,0,0,0,0,0,0,0,0,0,0,"정품_43,220"
101011319,Britz 브리츠인터내셔널 BZ-Revo7,0,0,0,0,0,0,0,0,0,0,0,0,0,0,0,0,0,0,0,0,0,0,0,0,0,0,0,0,0,0,"정품_41,900|","정품_41,900|"
28930289,Britz 브리츠인터내셔널 BZ-UL20BT,0,0,0,0,0,0,0,0,0,0,0,0,0,0,0,0,0,0,0,0,0,0,0,0,0,0,0,0,0,"정품_31,520","정품_31,520","정품_31,520"
20164589,Britz 브리츠인터내셔널 BZ-VOX7B,0,0,0,0,0,0,0,0,0,0,0,0,0,0,0,0,0,0,0,0,0,0,0,0,0,0,0,0,0,"정품_58,990|","정품_58,990|","정품_58,950|"
92968280,Britz 브리츠인터내셔널 BZ-WE900P,0,0,0,0,0,0,0,0,0,0,0,0,0,0,0,0,0,0,0,0,0,0,0,0,0,0,0,0,0,"정품_19,800","정품_19,800","정품_19,800"
122648222,Britz 브리츠인터내셔널 BZ-XT5,0,0,0,0,0,0,0,0,0,0,0,0,0,0,0,0,0,0,0,0,0,0,0,0,0,0,0,0,0,"정품_46,810|","정품_46,810","정품_46,310"
70619942,Britz 브리츠인터내셔널 Fit9 Pro,0,0,0,0,0,0,0,0,0,0,0,0,0,0,0,0,0,0,0,0,0,0,0,0,0,0,0,0,0,"정품_69,800","정품_69,800","정품_69,800"
74488868,Britz 브리츠인터내셔널 InbudsTWS5,0,0,0,0,0,0,0,0,0,0,0,0,0,0,0,0,0,0,0,0,0,0,0,0,0,0,0,0,0,"정품_32,000","정품_32,000","정품_32,000"
122692773,Britz 브리츠인터내셔널 Inspire5,0,0,0,0,0,0,0,0,0,0,0,0,0,0,0,0,0,0,0,0,0,0,0,0,0,0,0,0,0,"정품_21,720|","정품_21,710|","정품_19,900"
106701911,Britz 브리츠인터내셔널 Ironcuve,0,0,0,0,0,0,0,0,0,0,0,0,0,0,0,0,0,0,0,0,0,0,0,0,0,0,0,0,0,"59,900","59,900","59,900"
12722933,Britz 브리츠인터내셔널 LunaTWS3,0,0,0,0,0,0,0,0,0,0,0,0,0,0,0,0,0,0,0,0,0,0,0,0,0,0,0,0,0,"33,000","33,000","33,000"
103187966,Britz 브리츠인터내셔널 MAX30BT 노이즈캔슬링 블루투스 무선 헤드폰 ANC,0,0,0,0,0,0,0,0,0,0,0,0,0,0,0,0,0,0,0,0,0,0,0,0,0,0,0,0,0,"정품_85,000","정품_85,000","정품_88,050"
17393654,Britz 브리츠인터내셔널 P20GX,0,0,0,0,0,0,0,0,0,0,0,0,0,0,0,0,0,0,0,0,0,0,0,0,0,0,0,0,0,"23,000","23,000","23,000"
5926705,Britz 브리츠인터내셔널 P510GX,0,0,0,0,0,0,0,0,0,0,0,0,0,0,0,0,0,0,0,0,0,0,0,0,0,0,0,0,0,"정품_18,000","정품_18,000","정품_18,000"
6347664,Britz 브리츠인터내셔널 PH22,0,0,0,0,0,0,0,0,0,0,0,0,0,0,0,0,0,0,0,0,0,0,0,0,0,0,0,0,0,"24,980|","24,980|","24,980|"
122649037,Britz 브리츠인터내셔널 Radius7,0,0,0,0,0,0,0,0,0,0,0,0,0,0,0,0,0,0,0,0,0,0,0,0,0,0,0,0,0,"정품_93,250","정품_93,240","정품_93,240"
73696949,Britz 브리츠인터내셔널 Realfit5,0,0,0,0,0,0,0,0,0,0,0,0,0,0,0,0,0,0,0,0,0,0,0,0,0,0,0,0,0,"정품_46,900|","정품_46,900|","정품_46,900|"
12317372,Britz 브리츠인터내셔널 StormTWS5Plus,0,0,0,0,0,0,0,0,0,0,0,0,0,0,0,0,0,0,0,0,0,0,0,0,0,0,0,0,0,"정품_28,460","정품_28,460",0
16008971,Britz 브리츠인터내셔널 StormTWS7,0,0,0,0,0,0,0,0,0,0,0,0,0,0,0,0,0,0,0,0,0,0,0,0,0,0,0,0,0,"정품_32,880|","정품_32,880|","정품_32,880"
80715524,CORSAIR HS80 게이밍 헤드셋 전용 이어패드,0,0,0,0,0,0,0,0,0,0,0,0,0,0,0,0,0,0,0,0,0,0,0,0,0,0,0,0,0,"1쌍_7,100","1쌍_7,400","1쌍_7,400"
5557920,CORSAIR ST100 RGB 프리미엄 헤드셋 거치대,0,0,0,0,0,0,0,0,0,0,0,0,0,0,0,0,0,0,0,0,0,0,0,0,0,0,0,0,0,"정품_80,630|해외구매_110,370","정품_80,630|해외구매_110,370","정품_76,410|해외구매_110,370"
93914345,CORSAIR VOID v2 게이밍 헤드셋 메쉬 이어패드,0,0,0,0,0,0,0,0,0,0,0,0,0,0,0,0,0,0,0,0,0,0,0,0,0,0,0,0,0,"블랙_4,060|화이트_11,670","블랙_3,760|화이트_11,670","블랙_3,760|화이트_11,670"
12107798,COX CGR100ANC,0,0,0,0,0,0,0,0,0,0,0,0,0,0,0,0,0,0,0,0,0,0,0,0,0,0,0,0,0,"8,500","8,500","8,500"
98766377,COX KIWICOX 카콕자 베릴륨 드라이버 이어폰,0,0,0,0,0,0,0,0,0,0,0,0,0,0,0,0,0,0,0,0,0,0,0,0,0,0,0,0,0,"그린_49,000|레드_49,500|블루_49,000|퍼플_49,000","그린_49,000|레드_49,500|블루_49,000|퍼플_49,000","그린_49,000|레드_49,500|블루_49,000|퍼플_49,000"
91351889,CVJ Shadow Blade,0,0,0,0,0,0,0,0,0,0,0,0,0,0,0,0,0,0,0,0,0,0,0,0,0,0,0,0,0,"정품_79,000","정품_79,000","정품_79,000"
91351922,CVJ 어쌔신,0,0,0,0,0,0,0,0,0,0,0,0,0,0,0,0,0,0,0,0,0,0,0,0,0,0,0,0,0,"정품_74,100||해외구매_61,480","정품_74,040||해외구매_61,480","정품_73,920||해외구매_61,480"
66138662,Creative AURVANA ACE 2,0,0,0,0,0,0,0,0,0,0,0,0,0,0,0,0,0,0,0,0,0,0,0,0,0,0,0,0,0,"정품_169,000|해외구매_139,900","정품_169,000|해외구매_139,900","정품_169,000|해외구매_139,900"
15502562,Creative OUTLIER AIR V2,0,0,0,0,0,0,0,0,0,0,0,0,0,0,0,0,0,0,0,0,0,0,0,0,0,0,0,0,0,"정품_109,000|중고_56,930","정품_109,000|중고_56,930","정품_109,000|중고_56,930"
20656436,Creative Outlier Free,0,0,0,0,0,0,0,0,0,0,0,0,0,0,0,0,0,0,0,0,0,0,0,0,0,0,0,0,0,"해외구매_93,000","해외구매_93,000","해외구매_93,000"
20656886,Creative Outlier Free Pro,0,0,0,0,0,0,0,0,0,0,0,0,0,0,0,0,0,0,0,0,0,0,0,0,0,0,0,0,0,"정품_143,000|해외구매_280,270","정품_143,000|해외구매_280,270","정품_143,000|해외구매_280,270"
57305705,Creative ZEN AIR PRO,0,0,0,0,0,0,0,0,0,0,0,0,0,0,0,0,0,0,0,0,0,0,0,0,0,0,0,0,0,"정품_89,000||해외구매_79,390","정품_89,000||해외구매_79,390","정품_89,000||해외구매_79,390"
66138872,Creative ZEN AIR SXFI,0,0,0,0,0,0,0,0,0,0,0,0,0,0,0,0,0,0,0,0,0,0,0,0,0,0,0,0,0,"정품_89,000|해외구매_168,420","정품_89,000|해외구매_168,420","정품_88,990|해외구매_168,420"
32855384,Creative ZEN HYBRID PRO,0,0,0,0,0,0,0,0,0,0,0,0,0,0,0,0,0,0,0,0,0,0,0,0,0,0,0,0,0,"정품_118,460|해외구매_169,500","정품_118,460|해외구매_169,500","정품_118,460|해외구매_169,500"
68246453,Creative ZEN HYBRID SXFi,0,0,0,0,0,0,0,0,0,0,0,0,0,0,0,0,0,0,0,0,0,0,0,0,0,0,0,0,0,"정품_110,670|해외구매_94,130","정품_110,670|해외구매_93,920","정품_118,990|해외구매_93,900"
90436916,DAICOO X2,0,0,0,0,0,0,0,0,0,0,0,0,0,0,0,0,0,0,0,0,0,0,0,0,0,0,0,0,0,"정품_17,900","정품_17,900",0
122691506,DELL Pro Plus EB525,0,0,0,0,0,0,0,0,0,0,0,0,0,0,0,0,0,0,0,0,0,0,0,0,0,0,0,0,0,"정품_287,620","정품_287,560","정품_287,440"
80548256,DOPE L6,0,0,0,0,0,0,0,0,0,0,0,0,0,0,0,0,0,0,0,0,0,0,0,0,0,0,0,0,0,"정품_30,860","정품_30,860","정품_30,860"
2012701,DOXX DX-01,0,0,0,0,0,0,0,0,0,0,0,0,0,0,0,0,0,0,0,0,0,0,0,0,0,0,0,0,0,0,0,"정품_4,000"
2516421,DOXX DX-02,0,0,0,0,0,0,0,0,0,0,0,0,0,0,0,0,0,0,0,0,0,0,0,0,0,0,0,0,0,"정품_3,500","정품_3,500","정품_3,500"
2516598,DOXX DX-100,0,0,0,0,0,0,0,0,0,0,0,0,0,0,0,0,0,0,0,0,0,0,0,0,0,0,0,0,0,"정품_9,000","정품_9,000","정품_9,000"
2516682,DOXX DX-200,0,0,0,0,0,0,0,0,0,0,0,0,0,0,0,0,0,0,0,0,0,0,0,0,0,0,0,0,0,"정품_2,500","정품_2,500","정품_2,500"
4392581,DOXX DX-A05,0,0,0,0,0,0,0,0,0,0,0,0,0,0,0,0,0,0,0,0,0,0,0,0,0,0,0,0,0,"정품_6,000","정품_6,000","정품_6,000"
100842491,DOXX DX-EARCAP,0,0,0,0,0,0,0,0,0,0,0,0,0,0,0,0,0,0,0,0,0,0,0,0,0,0,0,0,0,"3쌍_1,455","3쌍_1,455","3쌍_1,455"
3458410,DOXX 이어폰 파우치 DX-A10,0,0,0,0,0,0,0,0,0,0,0,0,0,0,0,0,0,0,0,0,0,0,0,0,0,0,0,0,0,"3,630","3,630","3,630"
3410745,DS-4989,0,0,0,0,0,0,0,0,0,0,0,0,0,0,0,0,0,0,0,0,0,0,0,0,0,0,0,0,0,"정품_3,000","정품_3,000","정품_3,000"
122694621,DUNU Gizaudio Davinci,0,0,0,0,0,0,0,0,0,0,0,0,0,0,0,0,0,0,0,0,0,0,0,0,0,0,0,0,0,"정품_483,800","정품_483,800","정품_483,060"
54315590,Defunc MONDO FreeStyle,0,0,0,0,0,0,0,0,0,0,0,0,0,0,0,0,0,0,0,0,0,0,0,0,0,0,0,0,0,"정품_87,120|해외구매_116,730","정품_87,120|해외구매_116,730","정품_87,120|해외구매_116,730"
96482963,Donerton A90,0,0,0,0,0,0,0,0,0,0,0,0,0,0,0,0,0,0,0,0,0,0,0,0,0,0,0,0,0,"정품_21,420|",0,0
122695616,ENZO 크리스탈 인이어 유선 이어폰,0,0,0,0,0,0,0,0,0,0,0,0,0,0,0,0,0,0,0,0,0,0,0,0,0,0,0,0,0,"정품_14,900","정품_14,900","정품_14,900"
123730414,ERAZER 플레이고 XT66PRO,0,0,0,0,0,0,0,0,0,0,0,0,0,0,0,0,0,0,0,0,0,0,0,0,0,0,0,0,0,"해외구매_19,040","해외구매_19,040","해외구매_19,510"
76872554,FEELS FNB1,0,0,0,0,0,0,0,0,0,0,0,0,0,0,0,0,0,0,0,0,0,0,0,0,0,0,0,0,0,"정품_55,800|","정품_55,800|",0
63470660,FiiO FF1,0,0,0,0,0,0,0,0,0,0,0,0,0,0,0,0,0,0,0,0,0,0,0,0,0,0,0,0,0,"정품_39,500|해외구매_29,290","정품_39,500|해외구매_29,290","정품_39,500|해외구매_28,500"
19281479,FiiO FF5,0,0,0,0,0,0,0,0,0,0,0,0,0,0,0,0,0,0,0,0,0,0,0,0,0,0,0,0,0,"해외구매_163,140","해외구매_163,140","해외구매_163,140"
72589466,FiiO FT1,0,0,0,0,0,0,0,0,0,0,0,0,0,0,0,0,0,0,0,0,0,0,0,0,0,0,0,0,0,"해외구매_163,910","해외구매_163,910","해외구매_163,910"
77787068,FiiO FT1 PRO,0,0,0,0,0,0,0,0,0,0,0,0,0,0,0,0,0,0,0,0,0,0,0,0,0,0,0,0,0,"정품_311,200|해외구매_205,940","정품_311,140|해외구매_205,940","정품_311,020|해외구매_205,940"
105458927,FiiO FT13,0,0,0,0,0,0,0,0,0,0,0,0,0,0,0,0,0,0,0,0,0,0,0,0,0,0,0,0,0,"정품_451,990|","정품_451,990|","정품_451,990|"
97476449,FiiO FT7,0,0,0,0,0,0,0,0,0,0,0,0,0,0,0,0,0,0,0,0,0,0,0,0,0,0,0,0,0,"정품_1,090,000|해외구매_836,520","정품_1,090,000|해외구매_836,520","정품_1,090,000|해외구매_836,520"
95848415,FiiO SNOWSKY WIND,0,0,0,0,0,0,0,0,0,0,0,0,0,0,0,0,0,0,0,0,0,0,0,0,0,0,0,0,0,"정품_19,900","정품_19,900","정품_19,900"
124046673,FiiO 무선 레트로 헤드폰 EH11,0,0,0,0,0,0,0,0,0,0,0,0,0,0,0,0,0,0,0,0,0,0,0,0,0,0,0,0,0,"해외구매_40,410","해외구매_44,000",0
124046660,FiiO 무선 레트로 헤드폰 EH11,0,0,0,0,0,0,0,0,0,0,0,0,0,0,0,0,0,0,0,0,0,0,0,0,0,0,0,0,0,0,0,"정품_39,000|해외구매_44,000"
62323439,FiiO 제이드오디오 JD1,0,0,0,0,0,0,0,0,0,0,0,0,0,0,0,0,0,0,0,0,0,0,0,0,0,0,0,0,0,"정품_22,610|해외구매_29,940","정품_22,610|해외구매_29,940","정품_22,610|해외구매_29,940"
63471134,FiiO 제이드오디오 JT1,0,0,0,0,0,0,0,0,0,0,0,0,0,0,0,0,0,0,0,0,0,0,0,0,0,0,0,0,0,0,0,"정품_92,400|해외구매_75,360"
4887249,For LG FLM-H100,0,0,0,0,0,0,0,0,0,0,0,0,0,0,0,0,0,0,0,0,0,0,0,0,0,0,0,0,0,"정품_8,050","정품_8,050","정품_8,050"
7734514,For LG LGC-AEP07,0,0,0,0,0,0,0,0,0,0,0,0,0,0,0,0,0,0,0,0,0,0,0,0,0,0,0,0,0,"4,000","4,000","4,000"
6063081,For LG LTA-AEP04,0,0,0,0,0,0,0,0,0,0,0,0,0,0,0,0,0,0,0,0,0,0,0,0,0,0,0,0,0,"9,000","9,000","9,000"
6087655,For LG LTA-AEP05,0,0,0,0,0,0,0,0,0,0,0,0,0,0,0,0,0,0,0,0,0,0,0,0,0,0,0,0,0,"6,000","6,000","6,000"
6544634,For LG LTA-AEP06,0,0,0,0,0,0,0,0,0,0,0,0,0,0,0,0,0,0,0,0,0,0,0,0,0,0,0,0,0,"6,500","6,500","6,500"
6087756,For LG LTA-AEP08,0,0,0,0,0,0,0,0,0,0,0,0,0,0,0,0,0,0,0,0,0,0,0,0,0,0,0,0,0,"6,500","6,500","6,500"
8809484,GT텔레콤 모비프렌 MFB-E3100 Plus,0,0,0,0,0,0,0,0,0,0,0,0,0,0,0,0,0,0,0,0,0,0,0,0,0,0,0,0,0,"정품_69,000","정품_69,000",0
9563544,GT텔레콤 모비프렌 마블 MFB-E3300,0,0,0,0,0,0,0,0,0,0,0,0,0,0,0,0,0,0,0,0,0,0,0,0,0,0,0,0,0,"정품_32,390","정품_32,390","정품_32,390"
2784291,HDC영창 YH-2000,0,0,0,0,0,0,0,0,0,0,0,0,0,0,0,0,0,0,0,0,0,0,0,0,0,0,0,0,0,"10,000","10,000","10,000"
1847607,HDC영창 커즈와일 YH-3000,0,0,0,0,0,0,0,0,0,0,0,0,0,0,0,0,0,0,0,0,0,0,0,0,0,0,0,0,0,"정품_18,490","정품_18,490","정품_18,490"
7312465,HICKIES A1,0,0,0,0,0,0,0,0,0,0,0,0,0,0,0,0,0,0,0,0,0,0,0,0,0,0,0,0,0,"2,890","2,890","2,810"
5841153,HICKIES BH-HPSTD-NEWBEE,0,0,0,0,0,0,0,0,0,0,0,0,0,0,0,0,0,0,0,0,0,0,0,0,0,0,0,0,0,"정품_6,340","정품_6,340","정품_6,340"
100692293,HICKIES HEG-100,0,0,0,0,0,0,0,0,0,0,0,0,0,0,0,0,0,0,0,0,0,0,0,0,0,0,0,0,0,"1,360","1,360","1,360"
77857088,HIFIMAN ANANDA NANO,0,0,0,0,0,0,0,0,0,0,0,0,0,0,0,0,0,0,0,0,0,0,0,0,0,0,0,0,0,0,0,"정품_458,990|해외구매_508,620"
78713873,HIFIMAN ANANDA V3 Stealth,0,0,0,0,0,0,0,0,0,0,0,0,0,0,0,0,0,0,0,0,0,0,0,0,0,0,0,0,0,0,"정품_332,500",0
18017807,HIFIMAN EDITION XS,0,0,0,0,0,0,0,0,0,0,0,0,0,0,0,0,0,0,0,0,0,0,0,0,0,0,0,0,0,"정품_254,520|해외구매_264,990","정품_254,520|해외구매_264,990","정품_254,160|해외구매_259,700"
97227203,HIFIMAN EDITION XV,0,0,0,0,0,0,0,0,0,0,0,0,0,0,0,0,0,0,0,0,0,0,0,0,0,0,0,0,0,0,"정품_528,280|해외구매_479,000","정품_528,280|해외구매_479,000"
123981342,HIFIMAN HE-6 Remastered,0,0,0,0,0,0,0,0,0,0,0,0,0,0,0,0,0,0,0,0,0,0,0,0,0,0,0,0,0,"정품_3,170,000","정품_3,170,000","정품_3,170,000"
77786348,HIFIMAN HE1000se,0,0,0,0,0,0,0,0,0,0,0,0,0,0,0,0,0,0,0,0,0,0,0,0,0,0,0,0,0,0,"정품_2,449,990","정품_2,449,990"
16726931,HIFIMAN HE400SE 스텔스 마그넷,0,0,0,0,0,0,0,0,0,0,0,0,0,0,0,0,0,0,0,0,0,0,0,0,0,0,0,0,0,"정품_100,840|해외구매_97,470","정품_100,830|해외구매_97,470","정품_100,830|해외구매_97,470"
3046952,JAVIS JV-200,0,0,0,0,0,0,0,0,0,0,0,0,0,0,0,0,0,0,0,0,0,0,0,0,0,0,0,0,0,0,"정품_9,340","정품_9,340"
3324313,JAVIS JV-250,0,0,0,0,0,0,0,0,0,0,0,0,0,0,0,0,0,0,0,0,0,0,0,0,0,0,0,0,0,"정품_6,500",0,0
5652368,JAYS U-JAYS Wireless,0,0,0,0,0,0,0,0,0,0,0,0,0,0,0,0,0,0,0,0,0,0,0,0,0,0,0,0,0,"정품_188,530","정품_188,530","정품_188,530"
101074589,JBL ENDURANCE PEAK3,0,0,0,0,0,0,0,0,0,0,0,0,0,0,0,0,0,0,0,0,0,0,0,0,0,0,0,0,0,"해외구매_122,090","해외구매_122,090","해외구매_122,090"
72303479,JBL JR320BT,0,0,0,0,0,0,0,0,0,0,0,0,0,0,0,0,0,0,0,0,0,0,0,0,0,0,0,0,0,"정품_37,520","정품_37,520","정품_37,520"
45252281,JBL LIVE 670NC,0,0,0,0,0,0,0,0,0,0,0,0,0,0,0,0,0,0,0,0,0,0,0,0,0,0,0,0,0,"정품_159,540|해외구매_162,730","정품_159,540|해외구매_162,730","정품_159,540|해외구매_162,730"
123994401,JBL LIVE 680NC,0,0,0,0,0,0,0,0,0,0,0,0,0,0,0,0,0,0,0,0,0,0,0,0,0,0,0,0,0,"정품_179,520","정품_179,520","정품_179,520"
56151716,JBL LIVE 770NC,0,0,0,0,0,0,0,0,0,0,0,0,0,0,0,0,0,0,0,0,0,0,0,0,0,0,0,0,0,0,0,"정품_158,860|해외구매_109,900"
123972877,JBL LIVE 780NC,0,0,0,0,0,0,0,0,0,0,0,0,0,0,0,0,0,0,0,0,0,0,0,0,0,0,0,0,0,"정품_208,560|해외구매_246,900","정품_208,560|해외구매_246,900","정품_208,560|해외구매_246,900"
69467621,JBL LIVE BUDS 3,0,0,0,0,0,0,0,0,0,0,0,0,0,0,0,0,0,0,0,0,0,0,0,0,0,0,0,0,0,"정품_196,450|해외구매_211,500",0,0
73693946,JBL QUANTUM 50C,0,0,0,0,0,0,0,0,0,0,0,0,0,0,0,0,0,0,0,0,0,0,0,0,0,0,0,0,0,"정품_35,110","정품_35,110","정품_35,110"
73693430,JBL QUANTUM TWS AIR,0,0,0,0,0,0,0,0,0,0,0,0,0,0,0,0,0,0,0,0,0,0,0,0,0,0,0,0,0,"정품_91,137|해외구매_268,900","정품_91,137|해외구매_268,900","정품_91,137|해외구매_268,900"
94449398,JBL SENSE LITE,0,0,0,0,0,0,0,0,0,0,0,0,0,0,0,0,0,0,0,0,0,0,0,0,0,0,0,0,0,"정품_137,970|해외구매_97,680","정품_137,970|해외구매_105,990","정품_137,970|해외구매_96,790"
108219809,JBL SENSE PRO,0,0,0,0,0,0,0,0,0,0,0,0,0,0,0,0,0,0,0,0,0,0,0,0,0,0,0,0,0,"정품_223,000|해외구매_169,490","정품_216,310|해외구매_165,990","정품_208,320|해외구매_169,490"
107991542,JBL SOUNDGEAR CLIPS,0,0,0,0,0,0,0,0,0,0,0,0,0,0,0,0,0,0,0,0,0,0,0,0,0,0,0,0,0,"정품_176,510|해외구매_146,120","정품_177,510|해외구매_139,610","정품_171,120|해외구매_144,450"
36834926,JBL SOUNDGEAR SENSE,0,0,0,0,0,0,0,0,0,0,0,0,0,0,0,0,0,0,0,0,0,0,0,0,0,0,0,0,0,"정품_167,000|해외구매_120,990","정품_167,000|해외구매_120,990","정품_167,000|해외구매_120,990"
122708740,JBL T215BT,0,0,0,0,0,0,0,0,0,0,0,0,0,0,0,0,0,0,0,0,0,0,0,0,0,0,0,0,0,"정품_40,046","정품_40,046","정품_40,046"
91118831,JBL TOUR ONE M3 Smart Tx,0,0,0,0,0,0,0,0,0,0,0,0,0,0,0,0,0,0,0,0,0,0,0,0,0,0,0,0,0,"정품_298,320","정품_298,320","정품_298,320"
69468491,JBL TOUR PRO 3,0,0,0,0,0,0,0,0,0,0,0,0,0,0,0,0,0,0,0,0,0,0,0,0,0,0,0,0,0,"정품_329,000|해외구매_263,910","정품_329,000|해외구매_263,910","정품_324,570|해외구매_243,910"
13958216,JBL TUNE 215BT,0,0,0,0,0,0,0,0,0,0,0,0,0,0,0,0,0,0,0,0,0,0,0,0,0,0,0,0,0,"정품_40,160|해외구매_69,860","정품_40,160|해외구매_69,860","정품_40,160|해외구매_69,860"
56150825,JBL TUNE 310C,0,0,0,0,0,0,0,0,0,0,0,0,0,0,0,0,0,0,0,0,0,0,0,0,0,0,0,0,0,"정품_29,396|해외구매_26,160","정품_29,396|해외구매_26,160","정품_29,396|해외구매_26,160"
106709963,JBL TUNE 530BT,0,0,0,0,0,0,0,0,0,0,0,0,0,0,0,0,0,0,0,0,0,0,0,0,0,0,0,0,0,"정품_46,300|해외구매_63,160","정품_47,610|해외구매_63,160","정품_44,800|해외구매_63,160"
27816323,JBL TUNE 670NC,0,0,0,0,0,0,0,0,0,0,0,0,0,0,0,0,0,0,0,0,0,0,0,0,0,0,0,0,0,0,"정품_97,820|해외구매_66,900","정품_97,820|해외구매_66,900"
20758100,JBL TUNE 720BT,0,0,0,0,0,0,0,0,0,0,0,0,0,0,0,0,0,0,0,0,0,0,0,0,0,0,0,0,0,"정품_71,190|해외구매_100,600","정품_71,190|해외구매_100,600","정품_71,190|해외구매_100,600"
122629369,JBL TUNE 730BT,0,0,0,0,0,0,0,0,0,0,0,0,0,0,0,0,0,0,0,0,0,0,0,0,0,0,0,0,0,"정품_96,710|해외구매_80,850","정품_96,710|해외구매_80,850","정품_96,710|해외구매_80,850"
27888011,JBL TUNE 770NC,0,0,0,0,0,0,0,0,0,0,0,0,0,0,0,0,0,0,0,0,0,0,0,0,0,0,0,0,0,"정품_102,410|해외구매_90,290","정품_102,410|해외구매_90,290","정품_104,620|해외구매_90,290"
75859001,JBL TUNE BEAM 2,0,0,0,0,0,0,0,0,0,0,0,0,0,0,0,0,0,0,0,0,0,0,0,0,0,0,0,0,0,"정품_86,900|해외구매_123,360","정품_85,360|해외구매_123,360","정품_85,360|해외구매_123,360"
75859052,JBL TUNE BUDS 2,0,0,0,0,0,0,0,0,0,0,0,0,0,0,0,0,0,0,0,0,0,0,0,0,0,0,0,0,0,0,"정품_89,000|해외구매_141,730","정품_89,000|해외구매_141,610"
75858869,JBL WAVE BEAM 2,0,0,0,0,0,0,0,0,0,0,0,0,0,0,0,0,0,0,0,0,0,0,0,0,0,0,0,0,0,"정품_49,550|해외구매_54,900","정품_52,140|해외구매_51,900","정품_50,591|해외구매_51,900"
75858776,JBL WAVE BUDS 2,0,0,0,0,0,0,0,0,0,0,0,0,0,0,0,0,0,0,0,0,0,0,0,0,0,0,0,0,0,"정품_53,900|해외구매_88,800","정품_52,280|해외구매_88,800","정품_53,900|해외구매_88,800"
2003344,JLAB JBuds J2,0,0,0,0,0,0,0,0,0,0,0,0,0,0,0,0,0,0,0,0,0,0,0,0,0,0,0,0,0,0,0,"정품_5,462"
122694626,JODDA Q86,0,0,0,0,0,0,0,0,0,0,0,0,0,0,0,0,0,0,0,0,0,0,0,0,0,0,0,0,0,"정품_18,000","정품_18,000","정품_18,000"
7341241,KALRON 이어팁 + 메모리 폼팁,0,0,0,0,0,0,0,0,0,0,0,0,0,0,0,0,0,0,0,0,0,0,0,0,0,0,0,0,0,"6쌍_7,900","6쌍_7,900","6쌍_7,900"
32845865,KEFINE Klanar,0,0,0,0,0,0,0,0,0,0,0,0,0,0,0,0,0,0,0,0,0,0,0,0,0,0,0,0,0,"3.5mm, 정품_166,500|3.5mm, 해외구매_138,770","3.5mm, 정품_166,500|3.5mm, 해외구매_138,700","3.5mm, 정품_166,500|3.5mm, 해외구매_138,580"
89526749,KONLI E3,0,0,0,0,0,0,0,0,0,0,0,0,0,0,0,0,0,0,0,0,0,0,0,0,0,0,0,0,0,"정품_19,900|중고_79,200","정품_19,900|중고_79,200","정품_19,900|중고_79,200"
58938884,KONLI T12,0,0,0,0,0,0,0,0,0,0,0,0,0,0,0,0,0,0,0,0,0,0,0,0,0,0,0,0,0,"정품_15,900|","정품_15,900|","정품_15,900|"
13611545,KOSS KPH30i,0,0,0,0,0,0,0,0,0,0,0,0,0,0,0,0,0,0,0,0,0,0,0,0,0,0,0,0,0,"정품_44,460|해외구매_79,900","정품_44,460|해외구매_79,900","정품_44,460|해외구매_79,900"
18676445,KOSS KPH40 Utility,0,0,0,0,0,0,0,0,0,0,0,0,0,0,0,0,0,0,0,0,0,0,0,0,0,0,0,0,0,"정품_56,900|해외구매_62,400","정품_56,900|해외구매_62,400","정품_56,900|해외구매_62,400"
2645672,KOSS KPH7,0,0,0,0,0,0,0,0,0,0,0,0,0,0,0,0,0,0,0,0,0,0,0,0,0,0,0,0,0,"해외구매_14,590","해외구매_14,590","해외구매_14,590"
14292530,KOSS KSC35,0,0,0,0,0,0,0,0,0,0,0,0,0,0,0,0,0,0,0,0,0,0,0,0,0,0,0,0,0,"정품_61,750|해외구매_87,400|벌크_68,690","정품_61,750|해외구매_87,400|벌크_68,690","정품_61,750|해외구매_87,400|벌크_68,690"
789993,KOSS KSC75,0,0,0,0,0,0,0,0,0,0,0,0,0,0,0,0,0,0,0,0,0,0,0,0,0,0,0,0,0,"정품_28,400|병행수입_70,770|해외구매_37,200","정품_28,400|병행수입_70,620|해외구매_37,200","정품_28,400|병행수입_70,130|해외구매_37,200"
4150712,KOSS Porta Pro,0,0,0,0,0,0,0,0,0,0,0,0,0,0,0,0,0,0,0,0,0,0,0,0,0,0,0,0,0,"정품_57,600|해외구매_48,330","정품_57,600|해외구매_48,330","정품_57,600|해외구매_48,330"
95060096,KOSS Porta Pro Wireless,0,0,0,0,0,0,0,0,0,0,0,0,0,0,0,0,0,0,0,0,0,0,0,0,0,0,0,0,0,"정품_119,000|해외구매_160,890","정품_119,000|해외구매_160,890","정품_119,000|해외구매_160,890"
14299073,KSC75 KSC35 호환용 파츠익스프레스 헤어밴드,0,0,0,0,0,0,0,0,0,0,0,0,0,0,0,0,0,0,0,0,0,0,0,0,0,0,0,0,0,"9,820",0,0
123846808,KZ Carol Pro,0,0,0,0,0,0,0,0,0,0,0,0,0,0,0,0,0,0,0,0,0,0,0,0,0,0,0,0,0,"해외구매_39,130","해외구매_40,800","해외구매_40,740"
122697587,KZ Gale,0,0,0,0,0,0,0,0,0,0,0,0,0,0,0,0,0,0,0,0,0,0,0,0,0,0,0,0,0,"정품_20,000|","정품_20,000|","정품_20,000|"
123846776,KZ KZ AS16 Pro,0,0,0,0,0,0,0,0,0,0,0,0,0,0,0,0,0,0,0,0,0,0,0,0,0,0,0,0,0,"해외구매_50,300","해외구매_50,300","해외구매_50,300"
122700942,LETSHUOER S12 PRO,0,0,0,0,0,0,0,0,0,0,0,0,0,0,0,0,0,0,0,0,0,0,0,0,0,0,0,0,0,"해외구매_165,620","해외구매_165,620","해외구매_165,620"
4838237,LG U+ SU-100,0,0,0,0,0,0,0,0,0,0,0,0,0,0,0,0,0,0,0,0,0,0,0,0,0,0,0,0,0,"정품_6,890","정품_6,890","정품_6,890"
21570113,LG전자 Sleepwave 브리즈 brid.zzz SLDHF1,0,0,0,0,0,0,0,0,0,0,0,0,0,0,0,0,0,0,0,0,0,0,0,0,0,0,0,0,0,"정품_224,090","정품_224,090","정품_224,090"
5241194,LG전자 Tone+ HBS-510,0,0,0,0,0,0,0,0,0,0,0,0,0,0,0,0,0,0,0,0,0,0,0,0,0,0,0,0,0,"정품_93,000","정품_93,000","정품_93,000"
9618300,LG전자 Tone+ HBS-PL5,0,0,0,0,0,0,0,0,0,0,0,0,0,0,0,0,0,0,0,0,0,0,0,0,0,0,0,0,0,"1,047,060","1,047,060",0
73693094,LG전자 엑스붐 버즈,0,0,0,0,0,0,0,0,0,0,0,0,0,0,0,0,0,0,0,0,0,0,0,0,0,0,0,0,0,"정품_118,240","정품_118,180","정품_117,380"
97705973,LG전자 엑스붐 버즈 라이트,0,0,0,0,0,0,0,0,0,0,0,0,0,0,0,0,0,0,0,0,0,0,0,0,0,0,0,0,0,"정품_85,770","정품_85,710","정품_85,710"
97706114,LG전자 엑스붐 버즈 플러스,0,0,0,0,0,0,0,0,0,0,0,0,0,0,0,0,0,0,0,0,0,0,0,0,0,0,0,0,0,"정품_166,460|중고_139,120","정품_166,400|중고_139,120","정품_165,330|중고_139,120"
32067905,LG전자 톤프리 TONE-UT90S,0,0,0,0,0,0,0,0,0,0,0,0,0,0,0,0,0,0,0,0,0,0,0,0,0,0,0,0,0,"정품_202,730","정품_202,730","정품_202,730"
61545596,MAXTILL GM-EC20,0,0,0,0,0,0,0,0,0,0,0,0,0,0,0,0,0,0,0,0,0,0,0,0,0,0,0,0,0,"4,690|","4,690","4,690|"
16618199,MAXTILL GM-P200B,0,0,0,0,0,0,0,0,0,0,0,0,0,0,0,0,0,0,0,0,0,0,0,0,0,0,0,0,0,"25,030","25,030","25,030"
18323294,MEZE AUDIO 109 PRO,0,0,0,0,0,0,0,0,0,0,0,0,0,0,0,0,0,0,0,0,0,0,0,0,0,0,0,0,0,0,0,"정품_1,173,900|해외구매_1,221,400"
123731633,MEZE AUDIO STRADA,0,0,0,0,0,0,0,0,0,0,0,0,0,0,0,0,0,0,0,0,0,0,0,0,0,0,0,0,0,"정품_1,181,820","정품_1,181,820","정품_1,181,820"
10306470,MSI HS01 헤드셋 거치대,0,0,0,0,0,0,0,0,0,0,0,0,0,0,0,0,0,0,0,0,0,0,0,0,0,0,0,0,0,"해외구매_37,800","해외구매_37,800","해외구매_37,800"
123730691,MUJI MH1,0,0,0,0,0,0,0,0,0,0,0,0,0,0,0,0,0,0,0,0,0,0,0,0,0,0,0,0,0,"해외구매_73,200","해외구매_73,200","해외구매_73,200"
122724781,NEX Q10,0,0,0,0,0,0,0,0,0,0,0,0,0,0,0,0,0,0,0,0,0,0,0,0,0,0,0,0,0,"21,900","21,900","24,800"
27575027,NiceHCK NX7 MK4,0,0,0,0,0,0,0,0,0,0,0,0,0,0,0,0,0,0,0,0,0,0,0,0,0,0,0,0,0,"3.5mm, 해외구매_150,080|4.4mm, 해외구매_119,690","3.5mm, 해외구매_150,080|4.4mm, 해외구매_118,990","3.5mm, 해외구매_150,080|4.4mm, 해외구매_118,740"
88207364,Nothing CMF Buds 2,0,0,0,0,0,0,0,0,0,0,0,0,0,0,0,0,0,0,0,0,0,0,0,0,0,0,0,0,0,"정품_59,000|해외구매_64,600","정품_59,000|해외구매_64,600","정품_59,000|해외구매_64,600"
62161217,Nothing CMF Buds Pro 2,0,0,0,0,0,0,0,0,0,0,0,0,0,0,0,0,0,0,0,0,0,0,0,0,0,0,0,0,0,"정품_79,000|해외구매_79,000|중고_67,150","정품_79,000|해외구매_79,000|중고_67,150","정품_79,000|해외구매_79,000|중고_67,150"
99127763,Nothing Ear (3),0,0,0,0,0,0,0,0,0,0,0,0,0,0,0,0,0,0,0,0,0,0,0,0,0,0,0,0,0,"정품_219,000|해외구매_248,640","정품_219,000|해외구매_248,640","정품_219,000|해외구매_248,390"
51548801,Nothing Ear (a),0,0,0,0,0,0,0,0,0,0,0,0,0,0,0,0,0,0,0,0,0,0,0,0,0,0,0,0,0,"정품_99,000|중고_84,150|해외구매_90,450","정품_99,000|중고_84,150|해외구매_90,450","정품_99,000|중고_84,150|해외구매_90,450"
95285384,Nothing Headphone (1),0,0,0,0,0,0,0,0,0,0,0,0,0,0,0,0,0,0,0,0,0,0,0,0,0,0,0,0,0,"정품_349,000|해외구매_289,000","정품_349,000|해외구매_289,000","정품_396,000|해외구매_289,000"
122688705,PYHO GDCK79,0,0,0,0,0,0,0,0,0,0,0,0,0,0,0,0,0,0,0,0,0,0,0,0,0,0,0,0,0,"정품_14,320|","정품_14,320|","정품_14,320|"
122696241,PYHO MED-520,0,0,0,0,0,0,0,0,0,0,0,0,0,0,0,0,0,0,0,0,0,0,0,0,0,0,0,0,0,"정품_16,900","정품_16,900","정품_16,900"
122659892,QCY AilyBuds Clear QT32,0,0,0,0,0,0,0,0,0,0,0,0,0,0,0,0,0,0,0,0,0,0,0,0,0,0,0,0,0,"해외구매_14,400|","해외구매_14,400|","해외구매_14,400|"
62162780,QCY AilyBuds Clear T32,0,0,0,0,0,0,0,0,0,0,0,0,0,0,0,0,0,0,0,0,0,0,0,0,0,0,0,0,0,"해외구매_18,210","해외구매_18,210","해외구매_23,650"
86101646,QCY AilyBuds E20 HT13,0,0,0,0,0,0,0,0,0,0,0,0,0,0,0,0,0,0,0,0,0,0,0,0,0,0,0,0,0,"해외구매_19,020",0,0
54963269,QCY AilyBuds Lite QT29,0,0,0,0,0,0,0,0,0,0,0,0,0,0,0,0,0,0,0,0,0,0,0,0,0,0,0,0,0,"정품_28,900|해외구매_19,050","정품_28,900|해외구매_19,050","정품_28,900|해외구매_18,480"
64468826,QCY AilyBuds Pro HT10,0,0,0,0,0,0,0,0,0,0,0,0,0,0,0,0,0,0,0,0,0,0,0,0,0,0,0,0,0,"정품_39,900|해외구매_28,230|중고_29,360","정품_39,900|해외구매_28,230|중고_31,920","정품_39,900|해외구매_28,230"
64468982,QCY AilyBuds Pro+ HT10-Hires,0,0,0,0,0,0,0,0,0,0,0,0,0,0,0,0,0,0,0,0,0,0,0,0,0,0,0,0,0,"정품_39,900|해외구매_48,330","정품_39,900|해외구매_48,330","정품_39,900|해외구매_48,330"
122688176,QCY AilyBuds T35,0,0,0,0,0,0,0,0,0,0,0,0,0,0,0,0,0,0,0,0,0,0,0,0,0,0,0,0,0,"정품_26,900","정품_26,900",0
122693358,QCY AilyBuds T37 ANC,0,0,0,0,0,0,0,0,0,0,0,0,0,0,0,0,0,0,0,0,0,0,0,0,0,0,0,0,0,"정품_31,900","정품_31,900","정품_31,900"
30257801,QCY C1,0,0,0,0,0,0,0,0,0,0,0,0,0,0,0,0,0,0,0,0,0,0,0,0,0,0,0,0,0,"정품_19,900","정품_19,900","정품_19,900|중고_13,920"
73695026,QCY Crossky C30 T33,0,0,0,0,0,0,0,0,0,0,0,0,0,0,0,0,0,0,0,0,0,0,0,0,0,0,0,0,0,"정품_39,900||해외구매_28,260","정품_39,900|해외구매_28,260","정품_39,900||해외구매_34,690"
78241076,QCY Crossky C30S,0,0,0,0,0,0,0,0,0,0,0,0,0,0,0,0,0,0,0,0,0,0,0,0,0,0,0,0,0,"해외구매_41,150","해외구매_41,150","해외구매_41,150"
123807035,QCY Crossky C50,0,0,0,0,0,0,0,0,0,0,0,0,0,0,0,0,0,0,0,0,0,0,0,0,0,0,0,0,0,"정품_48,900|해외구매_36,260","정품_48,900|해외구매_36,260","정품_48,900|해외구매_43,710"
123971895,QCY Crossky C50i,0,0,0,0,0,0,0,0,0,0,0,0,0,0,0,0,0,0,0,0,0,0,0,0,0,0,0,0,0,"1+1_68,160|해외구매_30,130","1+1_68,160|해외구매_30,130","1+1_68,160|해외구매_33,300"
65910779,QCY Crossky GTR2 T30,0,0,0,0,0,0,0,0,0,0,0,0,0,0,0,0,0,0,0,0,0,0,0,0,0,0,0,0,0,"정품_32,500|해외구매_35,070","정품_32,500|해외구매_35,070","정품_32,500|해외구매_34,700"
21533051,QCY Crossky Link T22,0,0,0,0,0,0,0,0,0,0,0,0,0,0,0,0,0,0,0,0,0,0,0,0,0,0,0,0,0,"정품_26,500","정품_26,500","정품_26,500"
91494776,QCY Crossky R70,0,0,0,0,0,0,0,0,0,0,0,0,0,0,0,0,0,0,0,0,0,0,0,0,0,0,0,0,0,"해외구매_52,500","해외구매_52,500","해외구매_52,500"
122724862,QCY Era 7,0,0,0,0,0,0,0,0,0,0,0,0,0,0,0,0,0,0,0,0,0,0,0,0,0,0,0,0,0,"해외구매_22,890","해외구매_22,890","해외구매_22,890"
28370867,QCY H2 PRO,0,0,0,0,0,0,0,0,0,0,0,0,0,0,0,0,0,0,0,0,0,0,0,0,0,0,0,0,0,"정품_24,500|해외구매_21,090","정품_24,500|해외구매_21,090","정품_24,500|해외구매_24,500"
31959515,QCY H3,0,0,0,0,0,0,0,0,0,0,0,0,0,0,0,0,0,0,0,0,0,0,0,0,0,0,0,0,0,"정품_42,900|해외구매_29,720","정품_42,900|해외구매_29,720","정품_42,900|해외구매_42,900"
78529889,QCY H3 LITE,0,0,0,0,0,0,0,0,0,0,0,0,0,0,0,0,0,0,0,0,0,0,0,0,0,0,0,0,0,"정품_34,900|해외구매_25,750","정품_34,900|해외구매_25,750","정품_34,900|해외구매_30,820"
79400474,QCY H3 Pro,0,0,0,0,0,0,0,0,0,0,0,0,0,0,0,0,0,0,0,0,0,0,0,0,0,0,0,0,0,"정품_52,900|해외구매_52,900","정품_52,900|해외구매_52,900","정품_52,900|해외구매_52,900"
98548913,QCY H3S,0,0,0,0,0,0,0,0,0,0,0,0,0,0,0,0,0,0,0,0,0,0,0,0,0,0,0,0,0,"해외구매_41,700","해외구매_41,700","해외구매_48,620"
30257669,QCY H4,0,0,0,0,0,0,0,0,0,0,0,0,0,0,0,0,0,0,0,0,0,0,0,0,0,0,0,0,0,"정품_48,900|해외구매_68,800|중고_33,310","정품_48,900|해외구매_68,800","정품_48,900|해외구매_68,800|중고_36,200"
106693007,QCY MeloBuds N20,0,0,0,0,0,0,0,0,0,0,0,0,0,0,0,0,0,0,0,0,0,0,0,0,0,0,0,0,0,"해외구매_25,500","해외구매_25,500","해외구매_25,500"
92968457,QCY MeloBuds N30 HT16,0,0,0,0,0,0,0,0,0,0,0,0,0,0,0,0,0,0,0,0,0,0,0,0,0,0,0,0,0,"정품_25,550|해외구매_24,800","정품_25,550|해외구매_24,800","정품_25,800|해외구매_24,800"
78239669,QCY MeloBuds N50 HT12,0,0,0,0,0,0,0,0,0,0,0,0,0,0,0,0,0,0,0,0,0,0,0,0,0,0,0,0,0,"정품_28,880|해외구매_21,000","정품_28,880|해외구매_21,000","정품_28,880|해외구매_24,790"
100190570,QCY MeloBuds N60 HT19,0,0,0,0,0,0,0,0,0,0,0,0,0,0,0,0,0,0,0,0,0,0,0,0,0,0,0,0,0,"해외구매_43,080","해외구매_43,080","해외구매_43,080"
95423273,QCY MeloBuds N70 HT18,0,0,0,0,0,0,0,0,0,0,0,0,0,0,0,0,0,0,0,0,0,0,0,0,0,0,0,0,0,"해외구매_57,380","해외구매_57,380","해외구매_57,380"
71645780,QCY MeloBuds Pro HT08,0,0,0,0,0,0,0,0,0,0,0,0,0,0,0,0,0,0,0,0,0,0,0,0,0,0,0,0,0,"정품_46,900|해외구매_34,050|중고_28,280","정품_46,900|해외구매_34,050","정품_46,900|해외구매_46,900|중고_28,280"
104940635,QCY RACE,0,0,0,0,0,0,0,0,0,0,0,0,0,0,0,0,0,0,0,0,0,0,0,0,0,0,0,0,0,"정품_48,500","정품_48,500","정품_48,500"
15071006,QCY T13,0,0,0,0,0,0,0,0,0,0,0,0,0,0,0,0,0,0,0,0,0,0,0,0,0,0,0,0,0,"정품_23,580|해외구매_17,000|중고_15,130","정품_23,580|해외구매_17,000|중고_15,130","정품_23,580|해외구매_17,000|중고_17,210"
19927838,QCY T13 ANC,0,0,0,0,0,0,0,0,0,0,0,0,0,0,0,0,0,0,0,0,0,0,0,0,0,0,0,0,0,"정품_28,200|해외구매_19,970","정품_28,200|해외구매_19,970","정품_28,200|해외구매_28,200"
52367075,QCY T13 ANC 2,0,0,0,0,0,0,0,0,0,0,0,0,0,0,0,0,0,0,0,0,0,0,0,0,0,0,0,0,0,"정품_27,300|해외구매_20,060","정품_27,300|해외구매_20,060","정품_28,900|해외구매_24,890"
30257405,QCY T13X,0,0,0,0,0,0,0,0,0,0,0,0,0,0,0,0,0,0,0,0,0,0,0,0,0,0,0,0,0,"정품_25,900||해외구매_24,300","정품_25,900||해외구매_24,300","정품_25,900||해외구매_24,300"
16818110,QCY T17,0,0,0,0,0,0,0,0,0,0,0,0,0,0,0,0,0,0,0,0,0,0,0,0,0,0,0,0,0,"정품_23,800|해외구매_25,230","정품_23,800|해외구매_25,230","정품_23,800|해외구매_25,230"
96258452,QCY T41 AIR,0,0,0,0,0,0,0,0,0,0,0,0,0,0,0,0,0,0,0,0,0,0,0,0,0,0,0,0,0,"정품_23,600","정품_23,600","정품_23,600"
94814210,QCY T43 Buds,0,0,0,0,0,0,0,0,0,0,0,0,0,0,0,0,0,0,0,0,0,0,0,0,0,0,0,0,0,"정품_19,900","정품_19,900","정품_19,900"
88133408,QKZ AK6,0,0,0,0,0,0,0,0,0,0,0,0,0,0,0,0,0,0,0,0,0,0,0,0,0,0,0,0,0,"병행수입_9,210|해외구매_7,160","병행수입_9,210|해외구매_7,160","병행수입_9,210|해외구매_7,160"
3007852,REAL RL-500,0,0,0,0,0,0,0,0,0,0,0,0,0,0,0,0,0,0,0,0,0,0,0,0,0,0,0,0,0,"3,500","3,500","3,500"
3006766,REAL RL-700,0,0,0,0,0,0,0,0,0,0,0,0,0,0,0,0,0,0,0,0,0,0,0,0,0,0,0,0,0,"정품_5,130","정품_5,130","정품_5,160"
19427672,Razer Hammerhead HyperSpeed Xbox Licensed,0,0,0,0,0,0,0,0,0,0,0,0,0,0,0,0,0,0,0,0,0,0,0,0,0,0,0,0,0,"정품_537,080|","정품_537,080|",0
94934597,Razer Hammerhead V3,0,0,0,0,0,0,0,0,0,0,0,0,0,0,0,0,0,0,0,0,0,0,0,0,0,0,0,0,0,"블랙_69,390|화이트_79,000","블랙_69,390|화이트_79,000","블랙_69,390|화이트_79,000"
122634182,Razer Hammerhead V3 HyperSpeed,0,0,0,0,0,0,0,0,0,0,0,0,0,0,0,0,0,0,0,0,0,0,0,0,0,0,0,0,0,"정품_229,000","정품_229,000","정품_229,000"
122628299,Razer Hammerhead V3 X HyperSpeed,0,0,0,0,0,0,0,0,0,0,0,0,0,0,0,0,0,0,0,0,0,0,0,0,0,0,0,0,0,"정품_139,000|해외구매_182,740","정품_139,000|해외구매_182,680","정품_139,000|해외구매_182,550"
123537759,Razer Hammerhead V3 X HyperSpeed for PlayStation,0,0,0,0,0,0,0,0,0,0,0,0,0,0,0,0,0,0,0,0,0,0,0,0,0,0,0,0,0,"정품_159,000","정품_159,000","정품_159,000"
123537698,Razer Hammerhead V3 X HyperSpeed for Xbox,0,0,0,0,0,0,0,0,0,0,0,0,0,0,0,0,0,0,0,0,0,0,0,0,0,0,0,0,0,"정품_139,000","정품_139,000","정품_139,000"
21691085,Razer Moray,0,0,0,0,0,0,0,0,0,0,0,0,0,0,0,0,0,0,0,0,0,0,0,0,0,0,0,0,0,"정품_199,000|해외구매_86,100","정품_199,000|해외구매_86,100","정품_199,000|해외구매_86,100"
2185603,SADES Earphone RACK 헤드셋 거치대,0,0,0,0,0,0,0,0,0,0,0,0,0,0,0,0,0,0,0,0,0,0,0,0,0,0,0,0,0,0,"정품_1,300","정품_1,300"
1813633,SHOWER SH-i30,0,0,0,0,0,0,0,0,0,0,0,0,0,0,0,0,0,0,0,0,0,0,0,0,0,0,0,0,0,"정품_6,900","정품_6,900","정품_6,900"
37825949,SIE 플레이스테이션 PULSE Explore,0,0,0,0,0,0,0,0,0,0,0,0,0,0,0,0,0,0,0,0,0,0,0,0,0,0,0,0,0,"정품_287,990|해외구매_248,800","정품_287,990|해외구매_248,800","정품_258,000|해외구매_257,990"
71722082,SIMGOT EA500 DSP,0,0,0,0,0,0,0,0,0,0,0,0,0,0,0,0,0,0,0,0,0,0,0,0,0,0,0,0,0,"정품_102,280|해외구매_69,690","정품_102,280|해외구매_69,690","정품_102,280|해외구매_69,690"
46100522,SIMGOT EA500 LM,0,0,0,0,0,0,0,0,0,0,0,0,0,0,0,0,0,0,0,0,0,0,0,0,0,0,0,0,0,"해외구매_111,500","해외구매_111,500","해외구매_107,910"
103517513,SIMGOT EG280,0,0,0,0,0,0,0,0,0,0,0,0,0,0,0,0,0,0,0,0,0,0,0,0,0,0,0,0,0,"정품_98,990","정품_98,990","정품_98,990"
25642181,SIMGOT EW100,0,0,0,0,0,0,0,0,0,0,0,0,0,0,0,0,0,0,0,0,0,0,0,0,0,0,0,0,0,"마이크X, 정품_20,260|마이크O, 정품_24,900|마이크X, 해외구매_16,520|마이크O, 해외구매_47,920","마이크X, 정품_20,260|마이크O, 정품_24,900|마이크X, 해외구매_30,340|마이크O, 해외구매_47,920","마이크X, 정품_20,260|마이크O, 정품_24,900|마이크X, 해외구매_30,340|마이크O, 해외구매_47,920"
28887641,SIMGOT EW100P,0,0,0,0,0,0,0,0,0,0,0,0,0,0,0,0,0,0,0,0,0,0,0,0,0,0,0,0,0,"정품_29,000|해외구매_42,820","정품_29,000|해외구매_42,820","정품_29,000|해외구매_42,820"
24132833,SIMGOT EW200,0,0,0,0,0,0,0,0,0,0,0,0,0,0,0,0,0,0,0,0,0,0,0,0,0,0,0,0,0,"정품_72,650|해외구매_47,890|+LC1, 해외구매_75,624|+LC1T, 해외구매_82,361|+LC3T, 해외구매_93,593","정품_72,650|해외구매_47,890|+LC1, 해외구매_75,624|+LC1T, 해외구매_82,361|+LC3T, 해외구매_93,593","정품_72,650|해외구매_47,890|+LC1, 해외구매_75,624|+LC1T, 해외구매_82,361|+LC3T, 해외구매_93,593"
72006188,SIMGOT EW200 DSP,0,0,0,0,0,0,0,0,0,0,0,0,0,0,0,0,0,0,0,0,0,0,0,0,0,0,0,0,0,"정품_59,000|해외구매_101,140","정품_59,000|해외구매_101,140","정품_59,000|해외구매_101,140"
72005879,SIMGOT EW300,0,0,0,0,0,0,0,0,0,0,0,0,0,0,0,0,0,0,0,0,0,0,0,0,0,0,0,0,0,"해외구매_81,383","해외구매_81,383","해외구매_81,383"
72006038,SIMGOT EW300 DSP,0,0,0,0,0,0,0,0,0,0,0,0,0,0,0,0,0,0,0,0,0,0,0,0,0,0,0,0,0,"정품_120,000|해외구매_100,000","정품_120,000|해외구매_100,000","정품_120,000|해외구매_100,000"
104982707,SIMGOT SuperMix 5,0,0,0,0,0,0,0,0,0,0,0,0,0,0,0,0,0,0,0,0,0,0,0,0,0,0,0,0,0,"정품_349,000|해외구매_355,620","정품_349,000|해외구매_355,620",0
63468059,SIVGA Que,0,0,0,0,0,0,0,0,0,0,0,0,0,0,0,0,0,0,0,0,0,0,0,0,0,0,0,0,0,"정품_97,370|해외구매_125,540","정품_97,370|해외구매_125,540",0
19531670,SKY 웰 헤드셋 거치대,0,0,0,0,0,0,0,0,0,0,0,0,0,0,0,0,0,0,0,0,0,0,0,0,0,0,0,0,0,"7,190","7,190","7,190"
72304919,SKY 핏 버스트 IM-S33ANC,0,0,0,0,0,0,0,0,0,0,0,0,0,0,0,0,0,0,0,0,0,0,0,0,0,0,0,0,0,"정품_19,980","정품_19,980","정품_19,990"
99476360,SONY IER-EX15C,0,0,0,0,0,0,0,0,0,0,0,0,0,0,0,0,0,0,0,0,0,0,0,0,0,0,0,0,0,"정품_28,800|해외구매_24,000","정품_28,800|해외구매_24,000","정품_28,800|해외구매_24,000"
28775405,SONY INZONE Buds WF-G700N,0,0,0,0,0,0,0,0,0,0,0,0,0,0,0,0,0,0,0,0,0,0,0,0,0,0,0,0,0,"정품_199,000|해외구매_188,900","정품_199,000|해외구매_188,900","정품_199,000|해외구매_188,900"
99739352,SONY INZONE E9 IER-G900,0,0,0,0,0,0,0,0,0,0,0,0,0,0,0,0,0,0,0,0,0,0,0,0,0,0,0,0,0,"정품_155,480||해외구매_157,000","정품_155,480||해외구매_155,330","정품_155,480||해외구매_155,330"
32990,SONY MDR-7506,0,0,0,0,0,0,0,0,0,0,0,0,0,0,0,0,0,0,0,0,0,0,0,0,0,0,0,0,0,"정품_122,500|병행수입_211,990|해외구매_139,600","정품_128,000|병행수입_211,990|해외구매_139,600","정품_128,000|병행수입_211,990|해외구매_144,200"
2005985,SONY MDR-CD900ST,0,0,0,0,0,0,0,0,0,0,0,0,0,0,0,0,0,0,0,0,0,0,0,0,0,0,0,0,0,"해외구매_218,440",0,0
1326809,SONY MDR-E9LP,0,0,0,0,0,0,0,0,0,0,0,0,0,0,0,0,0,0,0,0,0,0,0,0,0,0,0,0,0,"정품_6,180|해외구매_23,400","정품_6,180|해외구매_23,400","정품_6,180|해외구매_23,400"
5260102,SONY MDR-EX155AP,0,0,0,0,0,0,0,0,0,0,0,0,0,0,0,0,0,0,0,0,0,0,0,0,0,0,0,0,0,"정품_27,800|해외구매_34,610|중고_20,780","정품_27,800|해외구매_33,190|중고_20,780","정품_27,800|해외구매_33,120|중고_20,780"
2136235,SONY MDR-EX15AP,0,0,0,0,0,0,0,0,0,0,0,0,0,0,0,0,0,0,0,0,0,0,0,0,0,0,0,0,0,"정품_9,770|해외구매_20,500","정품_9,770|해외구매_20,500","정품_9,770|해외구매_20,500"
5260299,SONY MDR-EX255AP,0,0,0,0,0,0,0,0,0,0,0,0,0,0,0,0,0,0,0,0,0,0,0,0,0,0,0,0,0,"정품_33,800|중고_31,590|해외구매_50,990","정품_33,800|중고_31,590|해외구매_48,810","정품_33,800|중고_31,590|해외구매_50,570"
68362961,SONY MDR-M1,0,0,0,0,0,0,0,0,0,0,0,0,0,0,0,0,0,0,0,0,0,0,0,0,0,0,0,0,0,"정품_328,000|해외구매_354,820","정품_305,970|해외구매_354,820","정품_305,970|해외구매_354,820"
19841069,SONY MDR-MV1,0,0,0,0,0,0,0,0,0,0,0,0,0,0,0,0,0,0,0,0,0,0,0,0,0,0,0,0,0,"정품_498,000|해외구매_398,760","정품_498,000|해외구매_394,000","정품_498,000|해외구매_392,980"
4432289,SONY MDR-XB80BS,0,0,0,0,0,0,0,0,0,0,0,0,0,0,0,0,0,0,0,0,0,0,0,0,0,0,0,0,0,"정품_39,000|해외구매_313,020","정품_39,000|해외구매_313,020","정품_39,000|해외구매_313,020"
6457275,SONY MDR-Z7M2,0,0,0,0,0,0,0,0,0,0,0,0,0,0,0,0,0,0,0,0,0,0,0,0,0,0,0,0,0,"정품_732,030|해외구매_707,240","정품_741,080|해외구매_707,240","정품_741,080|해외구매_702,340"
2961467,SONY MDR-ZX110,0,0,0,0,0,0,0,0,0,0,0,0,0,0,0,0,0,0,0,0,0,0,0,0,0,0,0,0,0,"정품_21,150|해외구매_31,990","정품_21,440|해외구매_31,990","정품_21,440|해외구매_31,990"
2270637,SONY MDR-ZX110AP,0,0,0,0,0,0,0,0,0,0,0,0,0,0,0,0,0,0,0,0,0,0,0,0,0,0,0,0,0,"정품_23,060|해외구매_33,620","정품_23,060|해외구매_33,620","정품_23,060|해외구매_33,620"
2270803,SONY MDR-ZX310AP,0,0,0,0,0,0,0,0,0,0,0,0,0,0,0,0,0,0,0,0,0,0,0,0,0,0,0,0,0,"정품_36,700|해외구매_50,120","정품_36,700|해외구매_50,120","정품_36,700|해외구매_50,120"
47488970,SONY ULT WEAR WH-ULT900N,0,0,0,0,0,0,0,0,0,0,0,0,0,0,0,0,0,0,0,0,0,0,0,0,0,0,0,0,0,"정품_199,000|해외구매_179,390|중고_152,220","정품_199,000|해외구매_179,390|중고_152,220","정품_199,000|해외구매_179,390|중고_152,220"
14570231,SONY WF-1000XM4,0,0,0,0,0,0,0,0,0,0,0,0,0,0,0,0,0,0,0,0,0,0,0,0,0,0,0,0,0,"정품_199,460|해외구매_207,820","정품_199,460|해외구매_207,820","정품_199,460|해외구매_207,820"
27250154,SONY WF-1000XM5,0,0,0,0,0,0,0,0,0,0,0,0,0,0,0,0,0,0,0,0,0,0,0,0,0,0,0,0,0,"정품_319,000|해외구매_219,160|해외리퍼비시_231,010","정품_319,000|해외구매_219,160|해외리퍼비시_230,990","정품_319,000|해외구매_218,690|중고_255,200|해외리퍼비시_230,930"
67576301,SONY WF-1000XM5 스모키 핑크 에디션,0,0,0,0,0,0,0,0,0,0,0,0,0,0,0,0,0,0,0,0,0,0,0,0,0,0,0,0,0,"정품_248,400|중고_240,400|해외리퍼비시_241,960","정품_248,400|중고_240,400|해외리퍼비시_241,960","정품_248,400|중고_240,400|해외리퍼비시_241,960"
106689230,SONY WF-1000XM6,0,0,0,0,0,0,0,0,0,0,0,0,0,0,0,0,0,0,0,0,0,0,0,0,0,0,0,0,0,"정품_431,000||해외구매_339,630|해외리퍼비시_265,420","정품_431,000||해외구매_339,630|해외리퍼비시_263,960","정품_431,000||해외구매_339,630|해외리퍼비시_318,020"
65432375,SONY WF-C510,0,0,0,0,0,0,0,0,0,0,0,0,0,0,0,0,0,0,0,0,0,0,0,0,0,0,0,0,0,"정품_78,200|해외구매_72,000","정품_78,200|해외구매_72,000","정품_78,200|해외구매_72,000"
83297033,SONY WF-C710N,0,0,0,0,0,0,0,0,0,0,0,0,0,0,0,0,0,0,0,0,0,0,0,0,0,0,0,0,0,"정품_125,000|해외구매_97,230|중고_113,750","정품_125,000|해외구매_98,100|중고_113,750","정품_125,000|해외구매_98,100|중고_113,750"
122677167,SONY WH-1000X THE COLLEXION,0,0,0,0,0,0,0,0,0,0,0,0,0,0,0,0,0,0,0,0,0,0,0,0,0,0,0,0,0,"정품_868,000|해외구매_1,065,500","정품_868,000|해외구매_1,065,500","정품_868,000|해외구매_1,065,500"
12003638,SONY WH-1000XM4,0,0,0,0,0,0,0,0,0,0,0,0,0,0,0,0,0,0,0,0,0,0,0,0,0,0,0,0,0,"정품_362,010|해외구매_251,980|중고_321,030|해외리퍼비시_197,990","정품_362,010|해외구매_251,980|중고_321,030|해외리퍼비시_224,490","정품_362,010|해외구매_251,440|중고_321,030|해외리퍼비시_224,490"
17229284,SONY WH-1000XM5,0,0,0,0,0,0,0,0,0,0,0,0,0,0,0,0,0,0,0,0,0,0,0,0,0,0,0,0,0,"정품_398,990|해외구매_288,550|중고_324,960|해외리퍼비시_275,320","정품_398,990|해외구매_282,050|중고_324,960|해외리퍼비시_272,690","정품_380,000|해외구매_282,050|해외리퍼비시_272,680"
67576193,SONY WH-1000XM5 스모키 핑크 에디션,0,0,0,0,0,0,0,0,0,0,0,0,0,0,0,0,0,0,0,0,0,0,0,0,0,0,0,0,0,"정품_348,800|","정품_348,800|","정품_348,800|"
92622830,SONY WH-1000XM6,0,0,0,0,0,0,0,0,0,0,0,0,0,0,0,0,0,0,0,0,0,0,0,0,0,0,0,0,0,"블랙_488,000|플래티넘 실버_482,670|미드나잇 블루_488,000|올리브 그레이_529,000|샌드 핑크_482,670|||","블랙_488,000|플래티넘 실버_482,670|미드나잇 블루_488,000|올리브 그레이_529,000|샌드 핑크_482,670|||","블랙_480,000|플래티넘 실버_480,000|미드나잇 블루_480,000|올리브 그레이_529,000|샌드 핑크_488,670||||"
19161290,SONY WH-CH520,0,0,0,0,0,0,0,0,0,0,0,0,0,0,0,0,0,0,0,0,0,0,0,0,0,0,0,0,0,"정품_67,000|해외구매_56,540|중고_55,000","정품_67,000|해외구매_56,490|중고_55,000","정품_67,000|해외구매_55,620|중고_59,810"
19160999,SONY WH-CH720N,0,0,0,0,0,0,0,0,0,0,0,0,0,0,0,0,0,0,0,0,0,0,0,0,0,0,0,0,0,"정품_147,860|해외구매_113,970|중고_140,100|해외리퍼비시_83,990","정품_147,860|해외구매_113,920|중고_140,100|해외리퍼비시_108,360","정품_147,860|해외구매_113,810|중고_129,630|해외리퍼비시_108,470"
32065679,SONY WI-C100,0,0,0,0,0,0,0,0,0,0,0,0,0,0,0,0,0,0,0,0,0,0,0,0,0,0,0,0,0,"해외구매_39,900","해외구매_39,900","해외구매_39,900"
17218223,SONY 링크버즈 S WF-LS900N,0,0,0,0,0,0,0,0,0,0,0,0,0,0,0,0,0,0,0,0,0,0,0,0,0,0,0,0,0,0,"정품_178,990|해외구매_190,730","정품_166,470|해외구매_198,720"
71160086,SONY 링크버즈 오픈 WF-L910,0,0,0,0,0,0,0,0,0,0,0,0,0,0,0,0,0,0,0,0,0,0,0,0,0,0,0,0,0,"정품_219,000|해외구매_152,210|중고_175,200","정품_219,000|해외구매_152,580|중고_175,200","정품_219,000|해외구매_152,580|중고_175,200"
104616605,SONY 링크버즈 클립 WF-LC900,0,0,0,0,0,0,0,0,0,0,0,0,0,0,0,0,0,0,0,0,0,0,0,0,0,0,0,0,0,"정품_259,000|해외구매_189,540","정품_259,000|해외구매_184,960","정품_259,000|해외구매_187,710"
71505791,SONY 링크버즈 핏 WF-LS910N,0,0,0,0,0,0,0,0,0,0,0,0,0,0,0,0,0,0,0,0,0,0,0,0,0,0,0,0,0,"정품_189,000|해외구매_180,000","정품_189,000|해외구매_180,000","정품_189,000|해외구매_180,000"
5491300,SV-180V,0,0,0,0,0,0,0,0,0,0,0,0,0,0,0,0,0,0,0,0,0,0,0,0,0,0,0,0,0,"4,360","4,360","4,310"
15732818,Saramonic SR-BH600,0,0,0,0,0,0,0,0,0,0,0,0,0,0,0,0,0,0,0,0,0,0,0,0,0,0,0,0,0,"정품_110,700","정품_110,700","정품_110,700"
122696344,Seefer Q71,0,0,0,0,0,0,0,0,0,0,0,0,0,0,0,0,0,0,0,0,0,0,0,0,0,0,0,0,0,"중고_15,510","중고_14,230","중고_15,510"
123731682,Sendy Audio Egret,0,0,0,0,0,0,0,0,0,0,0,0,0,0,0,0,0,0,0,0,0,0,0,0,0,0,0,0,0,"정품_1,230,000","정품_1,230,000","정품_1,230,000"
4731286,Smartek STBT-2100,0,0,0,0,0,0,0,0,0,0,0,0,0,0,0,0,0,0,0,0,0,0,0,0,0,0,0,0,0,"정품_29,390","정품_29,390","정품_29,390"
16609232,Smartek STBT-ANC10,0,0,0,0,0,0,0,0,0,0,0,0,0,0,0,0,0,0,0,0,0,0,0,0,0,0,0,0,0,"38,700","38,700","38,700"
9831609,Smartek STBT-BCE01,0,0,0,0,0,0,0,0,0,0,0,0,0,0,0,0,0,0,0,0,0,0,0,0,0,0,0,0,0,"정품_36,920|중고_20,750","정품_36,920|중고_20,750","정품_36,920|중고_20,750"
28607981,Smartek STBT-BCE02,0,0,0,0,0,0,0,0,0,0,0,0,0,0,0,0,0,0,0,0,0,0,0,0,0,0,0,0,0,"22,320","22,320",0
27474350,Smartek STBT-D100,0,0,0,0,0,0,0,0,0,0,0,0,0,0,0,0,0,0,0,0,0,0,0,0,0,0,0,0,0,"19,900","19,900","19,900"
12927665,Smartek STBT-E800,0,0,0,0,0,0,0,0,0,0,0,0,0,0,0,0,0,0,0,0,0,0,0,0,0,0,0,0,0,"12,280","12,280","12,280"
27787853,Smartek STBT-EC150,0,0,0,0,0,0,0,0,0,0,0,0,0,0,0,0,0,0,0,0,0,0,0,0,0,0,0,0,0,"정품_18,890","정품_18,890","정품_18,890"
4386114,Smartek STBT-N1,0,0,0,0,0,0,0,0,0,0,0,0,0,0,0,0,0,0,0,0,0,0,0,0,0,0,0,0,0,"정품_29,850","정품_29,850","정품_29,850"
24132695,Smartek STBT-RE01,0,0,0,0,0,0,0,0,0,0,0,0,0,0,0,0,0,0,0,0,0,0,0,0,0,0,0,0,0,"13,300","13,300","13,300"
12008834,Smartek STBT-TW2000,0,0,0,0,0,0,0,0,0,0,0,0,0,0,0,0,0,0,0,0,0,0,0,0,0,0,0,0,0,"19,300","19,300","19,300"
13545107,Smartek STE-C100,0,0,0,0,0,0,0,0,0,0,0,0,0,0,0,0,0,0,0,0,0,0,0,0,0,0,0,0,0,"정품_6,100|","정품_6,100|","정품_6,100|"
18060923,Smartek STE-C50,0,0,0,0,0,0,0,0,0,0,0,0,0,0,0,0,0,0,0,0,0,0,0,0,0,0,0,0,0,"4,700","4,700","4,700"
7929172,SonicGearLab 소닉기어 뉴 에어폰3,0,0,0,0,0,0,0,0,0,0,0,0,0,0,0,0,0,0,0,0,0,0,0,0,0,0,0,0,0,"18,450","18,450","18,450"
15488471,SooPii KE05,0,0,0,0,0,0,0,0,0,0,0,0,0,0,0,0,0,0,0,0,0,0,0,0,0,0,0,0,0,"3,900","3,900","3,430"
17182997,SooPii KE05GD,0,0,0,0,0,0,0,0,0,0,0,0,0,0,0,0,0,0,0,0,0,0,0,0,0,0,0,0,0,"4,360","4,360","4,360"
15863531,SooPii KE06,0,0,0,0,0,0,0,0,0,0,0,0,0,0,0,0,0,0,0,0,0,0,0,0,0,0,0,0,0,"4,050","4,050","3,960"
75470195,SoundPEATS Air 5 Lite,0,0,0,0,0,0,0,0,0,0,0,0,0,0,0,0,0,0,0,0,0,0,0,0,0,0,0,0,0,"정품_62,000|해외구매_69,560",0,0
77278421,SoundPEATS CC Pearlclip Pro,0,0,0,0,0,0,0,0,0,0,0,0,0,0,0,0,0,0,0,0,0,0,0,0,0,0,0,0,0,"정품_46,000|해외구매_62,100","정품_46,000|해외구매_62,100","정품_46,000|해외구매_62,100"
97357622,SoundPEATS H3,0,0,0,0,0,0,0,0,0,0,0,0,0,0,0,0,0,0,0,0,0,0,0,0,0,0,0,0,0,"해외구매_135,540","해외구매_135,540","해외구매_135,530"
19779527,T+A Solitaire P,0,0,0,0,0,0,0,0,0,0,0,0,0,0,0,0,0,0,0,0,0,0,0,0,0,0,0,0,0,"정품_9,737,000",0,0
20371454,T+A Solitaire T,0,0,0,0,0,0,0,0,0,0,0,0,0,0,0,0,0,0,0,0,0,0,0,0,0,0,0,0,0,"정품_1,990,000|해외구매_3,009,160","정품_1,990,000|해외구매_3,009,160","정품_1,990,000|해외구매_3,009,160"
90115256,TANGZU 상관완아 2 WANER 2,0,0,0,0,0,0,0,0,0,0,0,0,0,0,0,0,0,0,0,0,0,0,0,0,0,0,0,0,0,"정품_32,890|","정품_32,890|","정품_31,890|"
18545315,TANGZU 상관완아 WANER SG,0,0,0,0,0,0,0,0,0,0,0,0,0,0,0,0,0,0,0,0,0,0,0,0,0,0,0,0,0,"마이크X, 정품_27,900|마이크O, 정품_31,900||마이크X, 해외구매_30,800|마이크O, 해외구매_28,800","마이크X, 정품_27,900|마이크O, 정품_31,900||마이크X, 해외구매_30,740|마이크O, 해외구매_28,800","마이크X, 정품_27,900|마이크X, 해외구매_30,500|마이크O, 해외구매_28,800"
1629207,TG삼보 TGE-V10 TG-V10,0,0,0,0,0,0,0,0,0,0,0,0,0,0,0,0,0,0,0,0,0,0,0,0,0,0,0,0,0,"정품_2,980","정품_2,980","정품_2,980"
101188346,TKDS Disney M2 이어폰,0,0,0,0,0,0,0,0,0,0,0,0,0,0,0,0,0,0,0,0,0,0,0,0,0,0,0,0,0,"정품_2,790","정품_2,790","정품_2,790"
101188508,TKDS 마블 블랙팬서 이어폰,0,0,0,0,0,0,0,0,0,0,0,0,0,0,0,0,0,0,0,0,0,0,0,0,0,0,0,0,0,"정품_2,380","정품_2,380","정품_2,380"
14933354,TRN MT1 3.5mm,0,0,0,0,0,0,0,0,0,0,0,0,0,0,0,0,0,0,0,0,0,0,0,0,0,0,0,0,0,"마이크X, 정품_9,600|마이크O, 정품_21,380|마이크X, 해외구매_16,020",0,0
18841151,TRN MT1 PRO,0,0,0,0,0,0,0,0,0,0,0,0,0,0,0,0,0,0,0,0,0,0,0,0,0,0,0,0,0,"마이크X, 정품_18,150|마이크O, 정품_19,800","마이크X, 정품_18,430|마이크O, 정품_19,800","마이크X, 정품_18,430|마이크O, 정품_19,800"
57499796,TRUTHEAR NOVA,0,0,0,0,0,0,0,0,0,0,0,0,0,0,0,0,0,0,0,0,0,0,0,0,0,0,0,0,0,"해외구매_307,290",0,0
20399108,TRUTHEAR X Crinacle ZERO:RED,0,0,0,0,0,0,0,0,0,0,0,0,0,0,0,0,0,0,0,0,0,0,0,0,0,0,0,0,0,"해외구매_89,750","해외구매_89,750","해외구매_89,750"
122657133,TimeEar TEA-99,0,0,0,0,0,0,0,0,0,0,0,0,0,0,0,0,0,0,0,0,0,0,0,0,0,0,0,0,0,"정품_51,690","정품_51,690","정품_51,690"
93445934,USAMS EP-42,0,0,0,0,0,0,0,0,0,0,0,0,0,0,0,0,0,0,0,0,0,0,0,0,0,0,0,0,0,"정품_5,960","정품_5,960","정품_5,960"
32125397,USAMS EP-43,0,0,0,0,0,0,0,0,0,0,0,0,0,0,0,0,0,0,0,0,0,0,0,0,0,0,0,0,0,"정품_14,660","정품_14,660","정품_14,660"
97411331,VICXXO 에어팟 프로3 레빅스킨 케이스,0,0,0,0,0,0,0,0,0,0,0,0,0,0,0,0,0,0,0,0,0,0,0,0,0,0,0,0,0,0,0,"정품_11,900"
5113136,VJJB N1,0,0,0,0,0,0,0,0,0,0,0,0,0,0,0,0,0,0,0,0,0,0,0,0,0,0,0,0,0,"정품_15,210","정품_15,210","정품_18,900"
20596958,XTRA gni-305,0,0,0,0,0,0,0,0,0,0,0,0,0,0,0,0,0,0,0,0,0,0,0,0,0,0,0,0,0,0,"55,460","55,400"
36202535,XTRA gni-512,0,0,0,0,0,0,0,0,0,0,0,0,0,0,0,0,0,0,0,0,0,0,0,0,0,0,0,0,0,"16,170","16,170","16,170"
19766081,XTRA gni-514,0,0,0,0,0,0,0,0,0,0,0,0,0,0,0,0,0,0,0,0,0,0,0,0,0,0,0,0,0,"28,080","28,080","28,080"
3555536,YISON CX-330,0,0,0,0,0,0,0,0,0,0,0,0,0,0,0,0,0,0,0,0,0,0,0,0,0,0,0,0,0,"정품_6,020","정품_6,020","정품_6,020"
2983710,YISON CX-390,0,0,0,0,0,0,0,0,0,0,0,0,0,0,0,0,0,0,0,0,0,0,0,0,0,0,0,0,0,0,"정품_7,900","정품_7,900"
3688319,YISON 매직 펜슬,0,0,0,0,0,0,0,0,0,0,0,0,0,0,0,0,0,0,0,0,0,0,0,0,0,0,0,0,0,"정품_6,730","정품_6,730","정품_6,730"
122691132,ZOOVIT 플레이고 YXG-20,0,0,0,0,0,0,0,0,0,0,0,0,0,0,0,0,0,0,0,0,0,0,0,0,0,0,0,0,0,"정품_21,600","정품_21,600","정품_21,600"
104753264,iFi audio Go Pod Air,0,0,0,0,0,0,0,0,0,0,0,0,0,0,0,0,0,0,0,0,0,0,0,0,0,0,0,0,0,"정품_320,160","정품_320,160","정품_320,160"
78989594,nwm ONE,0,0,0,0,0,0,0,0,0,0,0,0,0,0,0,0,0,0,0,0,0,0,0,0,0,0,0,0,0,"해외구매_325,080","해외구매_325,080","해외구매_325,080"
4498540,강원전자 NETmate 초슬림 스테레오 Y 케이블,0,0,0,0,0,0,0,0,0,0,0,0,0,0,0,0,0,0,0,0,0,0,0,0,0,0,0,0,0,0,"3,720","3,720"
62642411,그레이코 ANKER Soundcore 에어로핏 컬러 케이스,0,0,0,0,0,0,0,0,0,0,0,0,0,0,0,0,0,0,0,0,0,0,0,0,0,0,0,0,0,"7,900","7,900","7,900"
92969186,그레이코 샥즈 오픈닷 원 E310 컬러 케이스,0,0,0,0,0,0,0,0,0,0,0,0,0,0,0,0,0,0,0,0,0,0,0,0,0,0,0,0,0,"정품_3,900","정품_3,900","정품_3,900"
93018116,그레이코 샥즈 오픈닷 원 E310 투명 케이스,0,0,0,0,0,0,0,0,0,0,0,0,0,0,0,0,0,0,0,0,0,0,0,0,0,0,0,0,0,"정품_3,900","정품_3,900","정품_3,900"
92191016,그레이코 샥즈 오픈핏 에어 T511 컬러 케이스,0,0,0,0,0,0,0,0,0,0,0,0,0,0,0,0,0,0,0,0,0,0,0,0,0,0,0,0,0,"정품_4,900","정품_4,900","정품_4,900"
21632405,그린솔루션 펭카 버즈 PB1004,0,0,0,0,0,0,0,0,0,0,0,0,0,0,0,0,0,0,0,0,0,0,0,0,0,0,0,0,0,"정품_22,050|","정품_22,050|","정품_22,050|"
11647517,글로리어스 TRIDENT 헤드셋 거치대,0,0,0,0,0,0,0,0,0,0,0,0,0,0,0,0,0,0,0,0,0,0,0,0,0,0,0,0,0,"해외구매_31,380","해외구매_31,380","해외구매_31,380"
123731602,노블오디오 IRIS,0,0,0,0,0,0,0,0,0,0,0,0,0,0,0,0,0,0,0,0,0,0,0,0,0,0,0,0,0,"정품_1,240,000","정품_1,240,000","정품_1,240,000"
93318392,누리브 책상 고정 헤드셋 걸이,0,0,0,0,0,0,0,0,0,0,0,0,0,0,0,0,0,0,0,0,0,0,0,0,0,0,0,0,0,"정품_5,400","정품_5,400","정품_5,400"
96852689,누아트 갤럭시 버즈3 마그네틱 스탠드 락 범퍼 케이스,0,0,0,0,0,0,0,0,0,0,0,0,0,0,0,0,0,0,0,0,0,0,0,0,0,0,0,0,0,0,"정품_12,900","정품_12,900"
62176403,누아트 갤럭시 버즈3 투명 하드케이스,0,0,0,0,0,0,0,0,0,0,0,0,0,0,0,0,0,0,0,0,0,0,0,0,0,0,0,0,0,"6,900","6,900","6,900"
63467495,누아트 갤럭시 버즈3 프레임 락 범퍼 케이스,0,0,0,0,0,0,0,0,0,0,0,0,0,0,0,0,0,0,0,0,0,0,0,0,0,0,0,0,0,"7,900","7,900","7,900"
28422686,누아트 에어팟 맥스 실리콘 케이스,0,0,0,0,0,0,0,0,0,0,0,0,0,0,0,0,0,0,0,0,0,0,0,0,0,0,0,0,0,"5,900","5,900","5,900"
74549921,누아트 에어팟 프로2 이어팁,0,0,0,0,0,0,0,0,0,0,0,0,0,0,0,0,0,0,0,0,0,0,0,0,0,0,0,0,0,0,0,"S, 2쌍_5,080|M, 2쌍_5,080"
98240291,누아트 에어팟 프로3 모던 가죽 케이스,0,0,0,0,0,0,0,0,0,0,0,0,0,0,0,0,0,0,0,0,0,0,0,0,0,0,0,0,0,"정품_10,900",0,0
99559358,누아트 에어팟 프로3 컬러엣지 락 범퍼 케이스,0,0,0,0,0,0,0,0,0,0,0,0,0,0,0,0,0,0,0,0,0,0,0,0,0,0,0,0,0,"정품_10,650",0,0
70255586,누아트 에어팟4 스무디 실리콘 케이스,0,0,0,0,0,0,0,0,0,0,0,0,0,0,0,0,0,0,0,0,0,0,0,0,0,0,0,0,0,0,0,"8,890"
68363108,다이슨 온트랙,0,0,0,0,0,0,0,0,0,0,0,0,0,0,0,0,0,0,0,0,0,0,0,0,0,0,0,0,0,"정품_329,000|해외구매_531,500","정품_329,000|해외구매_531,500","정품_342,020|해외구매_531,500"
5106423,담소 DS-7777,0,0,0,0,0,0,0,0,0,0,0,0,0,0,0,0,0,0,0,0,0,0,0,0,0,0,0,0,0,"정품_3,500","정품_3,500","정품_3,500"
5106548,담소 DS-7942,0,0,0,0,0,0,0,0,0,0,0,0,0,0,0,0,0,0,0,0,0,0,0,0,0,0,0,0,0,"정품_3,500","정품_3,500","정품_3,500"
5103389,담소 DS-9090,0,0,0,0,0,0,0,0,0,0,0,0,0,0,0,0,0,0,0,0,0,0,0,0,0,0,0,0,0,"정품_3,500","정품_3,500","정품_3,500"
15238979,더나은 짐승 EDITION S,0,0,0,0,0,0,0,0,0,0,0,0,0,0,0,0,0,0,0,0,0,0,0,0,0,0,0,0,0,"6,070","6,070","6,070"
94264469,더베이슨 NE-EP03C,0,0,0,0,0,0,0,0,0,0,0,0,0,0,0,0,0,0,0,0,0,0,0,0,0,0,0,0,0,"정품_7,900","정품_7,900","정품_7,900"
122696044,도트 미니마우스 무선 블루투스 이어폰,0,0,0,0,0,0,0,0,0,0,0,0,0,0,0,0,0,0,0,0,0,0,0,0,0,0,0,0,0,"중고_5,570","중고_5,570","중고_5,570"
14410070,듀얼 헤드폰 거치대 걸이,0,0,0,0,0,0,0,0,0,0,0,0,0,0,0,0,0,0,0,0,0,0,0,0,0,0,0,0,0,"8,270","8,270","8,270"
28271558,드비알레 GEMINI 2,0,0,0,0,0,0,0,0,0,0,0,0,0,0,0,0,0,0,0,0,0,0,0,0,0,0,0,0,0,"정품_620,000|해외구매_685,990","정품_620,000|해외구매_685,990","정품_620,000|해외구매_685,990"
122703930,디알고 BCK03,0,0,0,0,0,0,0,0,0,0,0,0,0,0,0,0,0,0,0,0,0,0,0,0,0,0,0,0,0,"정품_27,800","정품_27,800","정품_27,800"
18670346,디알고 BH020C,0,0,0,0,0,0,0,0,0,0,0,0,0,0,0,0,0,0,0,0,0,0,0,0,0,0,0,0,0,"17,780","17,780","17,780"
13138856,디알고 BH028C,0,0,0,0,0,0,0,0,0,0,0,0,0,0,0,0,0,0,0,0,0,0,0,0,0,0,0,0,0,"19,800","19,800","19,800"
21723998,디알고 BH028K,0,0,0,0,0,0,0,0,0,0,0,0,0,0,0,0,0,0,0,0,0,0,0,0,0,0,0,0,0,"27,690","27,690","27,690"
13141010,디알고 BH030,0,0,0,0,0,0,0,0,0,0,0,0,0,0,0,0,0,0,0,0,0,0,0,0,0,0,0,0,0,"19,780","19,780","19,780"
33483884,디알고 BH038C,0,0,0,0,0,0,0,0,0,0,0,0,0,0,0,0,0,0,0,0,0,0,0,0,0,0,0,0,0,"25,450","25,450","25,450"
17882825,디알고 BH06CK,0,0,0,0,0,0,0,0,0,0,0,0,0,0,0,0,0,0,0,0,0,0,0,0,0,0,0,0,0,"27,570","27,570","27,570"
99911483,디알고 BH10Q,0,0,0,0,0,0,0,0,0,0,0,0,0,0,0,0,0,0,0,0,0,0,0,0,0,0,0,0,0,"정품_22,670","정품_22,670","정품_22,670"
15044618,디알고 게이밍 RGB 이어폰 GT03,0,0,0,0,0,0,0,0,0,0,0,0,0,0,0,0,0,0,0,0,0,0,0,0,0,0,0,0,0,"33,500|","33,500|","33,500|"
21551039,디엠케이코리아 어반사운드 US-EPC1,0,0,0,0,0,0,0,0,0,0,0,0,0,0,0,0,0,0,0,0,0,0,0,0,0,0,0,0,0,"5,000|","5,000","5,000"
21118001,디월트 Jobsite Pro DXMA1902091A,0,0,0,0,0,0,0,0,0,0,0,0,0,0,0,0,0,0,0,0,0,0,0,0,0,0,0,0,0,"정품_70,970|해외구매_50,010","정품_70,910|해외구매_50,010","정품_70,850|해외구매_50,010"
100691903,디월트 Jobsite Pro X2 DXMA1902097,0,0,0,0,0,0,0,0,0,0,0,0,0,0,0,0,0,0,0,0,0,0,0,0,0,0,0,0,0,"정품_173,180|해외구매_196,690","정품_173,120|해외구매_196,690","정품_170,100|해외구매_196,690"
123730605,디젤 60458 USB- C타입,0,0,0,0,0,0,0,0,0,0,0,0,0,0,0,0,0,0,0,0,0,0,0,0,0,0,0,0,0,"해외구매_152,200","해외구매_152,200","해외구매_152,200"
91769606,디큐브 무브웨이브,0,0,0,0,0,0,0,0,0,0,0,0,0,0,0,0,0,0,0,0,0,0,0,0,0,0,0,0,0,"정품_16,870","정품_16,860","정품_16,830"
122691669,디타오디오 PRELUDE,0,0,0,0,0,0,0,0,0,0,0,0,0,0,0,0,0,0,0,0,0,0,0,0,0,0,0,0,0,"정품_255,000","정품_255,000","정품_255,000"
10949628,라온 BTH-3000,0,0,0,0,0,0,0,0,0,0,0,0,0,0,0,0,0,0,0,0,0,0,0,0,0,0,0,0,0,"18,850","18,850","18,850"
30130622,라온 BTH-5000ANC,0,0,0,0,0,0,0,0,0,0,0,0,0,0,0,0,0,0,0,0,0,0,0,0,0,0,0,0,0,"38,710",0,0
16225382,라온 ITB-BTE70,0,0,0,0,0,0,0,0,0,0,0,0,0,0,0,0,0,0,0,0,0,0,0,0,0,0,0,0,0,"정품_22,448","정품_22,448","정품_22,448"
27759167,라온 ITB-BTE80,0,0,0,0,0,0,0,0,0,0,0,0,0,0,0,0,0,0,0,0,0,0,0,0,0,0,0,0,0,"18,960","18,960","18,960"
5969302,라이트컴 COMS BB082,0,0,0,0,0,0,0,0,0,0,0,0,0,0,0,0,0,0,0,0,0,0,0,0,0,0,0,0,0,0,"정품_9,410","정품_9,410"
5467985,라이트컴 COMS BB371,0,0,0,0,0,0,0,0,0,0,0,0,0,0,0,0,0,0,0,0,0,0,0,0,0,0,0,0,0,0,정품_500,정품_500
13312937,라이트컴 COMS BB493,0,0,0,0,0,0,0,0,0,0,0,0,0,0,0,0,0,0,0,0,0,0,0,0,0,0,0,0,0,"42,810","42,810","42,810"
90890483,라이트컴 COMS BD213,0,0,0,0,0,0,0,0,0,0,0,0,0,0,0,0,0,0,0,0,0,0,0,0,0,0,0,0,0,"정품_11,470","정품_11,470","정품_11,470"
5955213,라이트컴 COMS BS981-1,0,0,0,0,0,0,0,0,0,0,0,0,0,0,0,0,0,0,0,0,0,0,0,0,0,0,0,0,0,"정품_9,570","정품_9,570","정품_9,570"
3249920,라이트컴 COMS BU923,0,0,0,0,0,0,0,0,0,0,0,0,0,0,0,0,0,0,0,0,0,0,0,0,0,0,0,0,0,0,"정품_7,300","정품_7,300"
91767884,라이트컴 COMS FU145,0,0,0,0,0,0,0,0,0,0,0,0,0,0,0,0,0,0,0,0,0,0,0,0,0,0,0,0,0,"정품_25,500","정품_25,500","정품_25,500"
10583049,라이트컴 COMS ID654,0,0,0,0,0,0,0,0,0,0,0,0,0,0,0,0,0,0,0,0,0,0,0,0,0,0,0,0,0,"4,550","4,550","4,550"
101190257,라이트컴 COMS IF197,0,0,0,0,0,0,0,0,0,0,0,0,0,0,0,0,0,0,0,0,0,0,0,0,0,0,0,0,0,"정품_4,310","정품_4,310","정품_4,310"
3663452,라이트컴 COMS ITB656,0,0,0,0,0,0,0,0,0,0,0,0,0,0,0,0,0,0,0,0,0,0,0,0,0,0,0,0,0,"정품_15,610","정품_15,610","정품_15,610"
7060777,라이트컴 COMS SM502,0,0,0,0,0,0,0,0,0,0,0,0,0,0,0,0,0,0,0,0,0,0,0,0,0,0,0,0,0,"9,880","9,880","9,880"
19556081,라이트컴 COMS SR2371,0,0,0,0,0,0,0,0,0,0,0,0,0,0,0,0,0,0,0,0,0,0,0,0,0,0,0,0,0,"5,300","5,300","5,300"
19555937,라이트컴 COMS SR2374,0,0,0,0,0,0,0,0,0,0,0,0,0,0,0,0,0,0,0,0,0,0,0,0,0,0,0,0,0,"8,900","8,900","8,900"
17959571,라이트컴 COMS TB333,0,0,0,0,0,0,0,0,0,0,0,0,0,0,0,0,0,0,0,0,0,0,0,0,0,0,0,0,0,"4,330",0,0
30094592,라이트컴 COMS YN452,0,0,0,0,0,0,0,0,0,0,0,0,0,0,0,0,0,0,0,0,0,0,0,0,0,0,0,0,0,"16,100","17,000","17,000"
30094604,라이트컴 COMS YN453,0,0,0,0,0,0,0,0,0,0,0,0,0,0,0,0,0,0,0,0,0,0,0,0,0,0,0,0,0,"16,420","16,420","15,810"
30094619,라이트컴 COMS YN454,0,0,0,0,0,0,0,0,0,0,0,0,0,0,0,0,0,0,0,0,0,0,0,0,0,0,0,0,0,"13,700","17,000","17,000"
7006690,라이트컴 COMS 에어팟 충전 거치대,0,0,0,0,0,0,0,0,0,0,0,0,0,0,0,0,0,0,0,0,0,0,0,0,0,0,0,0,0,"6,590","6,590","6,590"
29764154,라인업시스템 LANSTAR 20 in 1 청소키트 LS-CL201,0,0,0,0,0,0,0,0,0,0,0,0,0,0,0,0,0,0,0,0,0,0,0,0,0,0,0,0,0,"8,400","8,400","8,400"
60238001,람쏘 LS-SL70,0,0,0,0,0,0,0,0,0,0,0,0,0,0,0,0,0,0,0,0,0,0,0,0,0,0,0,0,0,"정품_65,400","정품_65,400","정품_65,400"
122697430,레노버 RS107,0,0,0,0,0,0,0,0,0,0,0,0,0,0,0,0,0,0,0,0,0,0,0,0,0,0,0,0,0,"해외구매_50,930","해외구매_50,930","해외구매_50,930"
122697348,렉스세븐 8채널 C타입 고음질 유선이어폰,0,0,0,0,0,0,0,0,0,0,0,0,0,0,0,0,0,0,0,0,0,0,0,0,0,0,0,0,0,"정품_8,900","정품_8,900","정품_8,900"
122694755,로랜텍 파스텔 커널형 버즈 RSM-R520,0,0,0,0,0,0,0,0,0,0,0,0,0,0,0,0,0,0,0,0,0,0,0,0,0,0,0,0,0,"정품_26,220","정품_26,220","정품_26,170"
100269743,로마네 브런치브라더 코튼 에어팟 파우치,0,0,0,0,0,0,0,0,0,0,0,0,0,0,0,0,0,0,0,0,0,0,0,0,0,0,0,0,0,"정품_9,900","정품_9,900","정품_9,900"
72968090,로제트 RX-1600,0,0,0,0,0,0,0,0,0,0,0,0,0,0,0,0,0,0,0,0,0,0,0,0,0,0,0,0,0,"정품_22,850|","정품_22,850|","정품_22,850|"
71159885,로제트 RX-1610,0,0,0,0,0,0,0,0,0,0,0,0,0,0,0,0,0,0,0,0,0,0,0,0,0,0,0,0,0,"정품_26,200","정품_26,200","정품_26,200"
27553037,로제트 RX-1820,0,0,0,0,0,0,0,0,0,0,0,0,0,0,0,0,0,0,0,0,0,0,0,0,0,0,0,0,0,"정품_27,200","정품_27,200","정품_27,200"
11553068,로제트 RX-900,0,0,0,0,0,0,0,0,0,0,0,0,0,0,0,0,0,0,0,0,0,0,0,0,0,0,0,0,0,"9,000","9,000","9,000"
79407476,로제트 RX-915,0,0,0,0,0,0,0,0,0,0,0,0,0,0,0,0,0,0,0,0,0,0,0,0,0,0,0,0,0,"정품_7,200","정품_7,200","정품_7,200"
32125988,로제트 RX-930,0,0,0,0,0,0,0,0,0,0,0,0,0,0,0,0,0,0,0,0,0,0,0,0,0,0,0,0,0,"7,000|","7,000|","7,000|"
108390551,롯데하이마트 플럭스 PLX-WEP02SWBK,0,0,0,0,0,0,0,0,0,0,0,0,0,0,0,0,0,0,0,0,0,0,0,0,0,0,0,0,0,"정품_66,290","정품_66,290","정품_64,140"
6340389,루비 RE-690,0,0,0,0,0,0,0,0,0,0,0,0,0,0,0,0,0,0,0,0,0,0,0,0,0,0,0,0,0,"3,500","3,500","3,500"
98484326,리썬즈몰 밥튠 8D,0,0,0,0,0,0,0,0,0,0,0,0,0,0,0,0,0,0,0,0,0,0,0,0,0,0,0,0,0,"정품_196,800|중고_57,240","정품_196,800|중고_57,240","정품_196,800|중고_57,240"
51549605,마샬 마이너 4,0,0,0,0,0,0,0,0,0,0,0,0,0,0,0,0,0,0,0,0,0,0,0,0,0,0,0,0,0,"정품_160,550|해외구매_168,190","정품_160,550|해외구매_168,190","정품_160,550|해외구매_168,190"
13606163,마샬 메이저 4,0,0,0,0,0,0,0,0,0,0,0,0,0,0,0,0,0,0,0,0,0,0,0,0,0,0,0,0,0,"정품_180,490|해외구매_75,430","정품_180,490|해외구매_75,430","정품_171,000|해외구매_75,430"
56061392,마샬 메이저 5,0,0,0,0,0,0,0,0,0,0,0,0,0,0,0,0,0,0,0,0,0,0,0,0,0,0,0,0,0,"정품_160,000|해외구매_128,600","정품_160,000|해외구매_128,600","정품_160,000|해외구매_128,600"
28470398,마샬 모티프 2 ANC,0,0,0,0,0,0,0,0,0,0,0,0,0,0,0,0,0,0,0,0,0,0,0,0,0,0,0,0,0,"정품_269,000|해외구매_272,610","정품_269,000|해외구매_272,610",0
7340734,마이크로닉스 MANIC PHS1 7.1CH 헤드셋 거치대,0,0,0,0,0,0,0,0,0,0,0,0,0,0,0,0,0,0,0,0,0,0,0,0,0,0,0,0,0,"29,700","29,700","29,700"
122684754,맨큐 X22,0,0,0,0,0,0,0,0,0,0,0,0,0,0,0,0,0,0,0,0,0,0,0,0,0,0,0,0,0,"정품_41,800","정품_41,800","정품_41,800"
64272551,머레이 BT-70,0,0,0,0,0,0,0,0,0,0,0,0,0,0,0,0,0,0,0,0,0,0,0,0,0,0,0,0,0,"19,900","19,900","19,900"
94523735,머레이 BT-90,0,0,0,0,0,0,0,0,0,0,0,0,0,0,0,0,0,0,0,0,0,0,0,0,0,0,0,0,0,"정품_14,710","정품_14,710","정품_14,710"
39768650,머레이 LED 포켓팟 BT-50,0,0,0,0,0,0,0,0,0,0,0,0,0,0,0,0,0,0,0,0,0,0,0,0,0,0,0,0,0,"21,000","21,000","21,000"
78978986,머큐리코퍼레이션 구스페리 갤럭시 버즈3 범퍼 락 하드 케이스,0,0,0,0,0,0,0,0,0,0,0,0,0,0,0,0,0,0,0,0,0,0,0,0,0,0,0,0,0,"정품_6,900","정품_6,900","정품_6,900"
74549819,머큐리코퍼레이션 구스페리 스테레오 오픈형 3.5mm 유선이어폰,0,0,0,0,0,0,0,0,0,0,0,0,0,0,0,0,0,0,0,0,0,0,0,0,0,0,0,0,0,0,0,"정품_5,040"
27886793,메이드제이 S-CE03,0,0,0,0,0,0,0,0,0,0,0,0,0,0,0,0,0,0,0,0,0,0,0,0,0,0,0,0,0,"5,980","5,980","5,980"
6916771,몬스타 몬스타기어 서머너 BE1,0,0,0,0,0,0,0,0,0,0,0,0,0,0,0,0,0,0,0,0,0,0,0,0,0,0,0,0,0,"10,800","10,800","10,800"
101955899,몬스터 MQO37,0,0,0,0,0,0,0,0,0,0,0,0,0,0,0,0,0,0,0,0,0,0,0,0,0,0,0,0,0,0,"정품_21,380","정품_21,380"
2103938,미니로 MO-1000,0,0,0,0,0,0,0,0,0,0,0,0,0,0,0,0,0,0,0,0,0,0,0,0,0,0,0,0,0,"정품_3,000","정품_3,000","정품_3,000"
69695294,미디플러스 HM80,0,0,0,0,0,0,0,0,0,0,0,0,0,0,0,0,0,0,0,0,0,0,0,0,0,0,0,0,0,"정품_69,000","정품_69,000",0
91042862,미아크코리아 갤럭시 버즈2 프로 캐리어 케이스,0,0,0,0,0,0,0,0,0,0,0,0,0,0,0,0,0,0,0,0,0,0,0,0,0,0,0,0,0,"정품_19,300",0,0
2684244,바이럴 VE-20,0,0,0,0,0,0,0,0,0,0,0,0,0,0,0,0,0,0,0,0,0,0,0,0,0,0,0,0,0,"정품_6,150","정품_6,150","정품_6,150"
1769770,바이럴 VSE-200,0,0,0,0,0,0,0,0,0,0,0,0,0,0,0,0,0,0,0,0,0,0,0,0,0,0,0,0,0,"정품_2,660","정품_2,660","정품_2,660"
2983801,바이럴 VSE-800,0,0,0,0,0,0,0,0,0,0,0,0,0,0,0,0,0,0,0,0,0,0,0,0,0,0,0,0,0,"정품_6,100","정품_6,100","정품_6,100"
3263668,바이럴 VSE-900,0,0,0,0,0,0,0,0,0,0,0,0,0,0,0,0,0,0,0,0,0,0,0,0,0,0,0,0,0,"정품_15,230","정품_15,230","정품_16,390"
122680046,뱅앤올룹슨 Beo Grace,0,0,0,0,0,0,0,0,0,0,0,0,0,0,0,0,0,0,0,0,0,0,0,0,0,0,0,0,0,0,0,"정품_1,694,400"
16911584,뱅앤올룹슨 Beoplay EX,0,0,0,0,0,0,0,0,0,0,0,0,0,0,0,0,0,0,0,0,0,0,0,0,0,0,0,0,0,0,0,"정품_384,790|해외구매_542,700"
73693229,뱅앤올룹슨 Beoplay Eleven,0,0,0,0,0,0,0,0,0,0,0,0,0,0,0,0,0,0,0,0,0,0,0,0,0,0,0,0,0,"정품_600,300|해외구매_687,790","정품_600,300|해외구매_689,890","정품_600,300|해외구매_686,210"
67372943,뱅앤올룹슨 Beoplay H100,0,0,0,0,0,0,0,0,0,0,0,0,0,0,0,0,0,0,0,0,0,0,0,0,0,0,0,0,0,"정품_2,500,000|해외구매_2,315,500","정품_2,500,000|해외구매_2,302,290","정품_2,500,000|해외구매_2,297,340"
12146378,뱅앤올룹슨 Beoplay H95,0,0,0,0,0,0,0,0,0,0,0,0,0,0,0,0,0,0,0,0,0,0,0,0,0,0,0,0,0,"정품_1,242,000|해외구매_1,238,840","정품_1,242,000|해외구매_1,238,840","정품_1,242,000|해외구매_1,238,840"
13758290,뱅앤올룹슨 Beoplay HX,0,0,0,0,0,0,0,0,0,0,0,0,0,0,0,0,0,0,0,0,0,0,0,0,0,0,0,0,0,"정품_684,410|해외구매_649,000","정품_684,410|해외구매_649,000","정품_684,410|해외구매_649,000"
104373956,베온 Dolce L19C,0,0,0,0,0,0,0,0,0,0,0,0,0,0,0,0,0,0,0,0,0,0,0,0,0,0,0,0,0,"7,170","7,170","7,170"
101184932,베이스어스 BP1 Pro,0,0,0,0,0,0,0,0,0,0,0,0,0,0,0,0,0,0,0,0,0,0,0,0,0,0,0,0,0,"정품_29,830|해외구매_51,000","정품_29,880||해외구매_51,000","정품_29,880|해외구매_51,000"
20306513,베이스어스 Bowie D05,0,0,0,0,0,0,0,0,0,0,0,0,0,0,0,0,0,0,0,0,0,0,0,0,0,0,0,0,0,"정품_24,200|해외구매_34,160","정품_24,200|해외구매_34,160","정품_24,200|해외구매_34,160"
55384679,베이스어스 Bowie MA10S,0,0,0,0,0,0,0,0,0,0,0,0,0,0,0,0,0,0,0,0,0,0,0,0,0,0,0,0,0,"정품_27,290","정품_27,290","정품_27,290"
76513511,베이스어스 Bowie MC1,0,0,0,0,0,0,0,0,0,0,0,0,0,0,0,0,0,0,0,0,0,0,0,0,0,0,0,0,0,"정품_42,970|중고_37,380","정품_42,970|중고_37,380","정품_42,970|중고_37,380"
101075093,베이스어스 Bowie MC1 PRO,0,0,0,0,0,0,0,0,0,0,0,0,0,0,0,0,0,0,0,0,0,0,0,0,0,0,0,0,0,"정품_62,900|해외구매_86,500","정품_62,900|해외구매_86,500","정품_62,890|해외구매_86,500"
122727151,베이스어스 Bowie MC2 Air,0,0,0,0,0,0,0,0,0,0,0,0,0,0,0,0,0,0,0,0,0,0,0,0,0,0,0,0,0,"정품_134,590|","정품_134,590|","정품_134,590|"
47832737,베이스어스 Eli Sport 1 PM2OA,0,0,0,0,0,0,0,0,0,0,0,0,0,0,0,0,0,0,0,0,0,0,0,0,0,0,0,0,0,"정품_36,400|해외구매_167,790","정품_36,400|해외구매_167,790","정품_36,400|해외구매_167,790"
73948772,베이어다이나믹 DT1770 PRO MK 2,0,0,0,0,0,0,0,0,0,0,0,0,0,0,0,0,0,0,0,0,0,0,0,0,0,0,0,0,0,"정품_894,000|해외구매_1,072,740","정품_894,000|해외구매_1,072,740","정품_894,000|해외구매_1,072,740"
73948847,베이어다이나믹 DT1990 PRO MK 2,0,0,0,0,0,0,0,0,0,0,0,0,0,0,0,0,0,0,0,0,0,0,0,0,0,0,0,0,0,"정품_894,000|해외구매_1,126,730","정품_894,000|해외구매_1,126,730","정품_894,000|해외구매_1,095,990"
16941764,베이어다이나믹 DT700 PRO X,0,0,0,0,0,0,0,0,0,0,0,0,0,0,0,0,0,0,0,0,0,0,0,0,0,0,0,0,0,"정품_425,000|해외구매_488,850","정품_425,000|해외구매_487,330","정품_425,000|해외구매_487,330"
73948619,베이어다이나믹 DT770 PRO X LIMITED EDITION,0,0,0,0,0,0,0,0,0,0,0,0,0,0,0,0,0,0,0,0,0,0,0,0,0,0,0,0,0,"정품_335,000|해외구매_332,450","정품_335,000|해외구매_332,450","정품_335,000|해외구매_332,450"
2342915,베이어다이나믹 DT770 Pro 80Ω,0,0,0,0,0,0,0,0,0,0,0,0,0,0,0,0,0,0,0,0,0,0,0,0,0,0,0,0,0,"정품_279,000|해외구매_236,000","정품_279,000|해외구매_236,000","정품_279,000|해외구매_236,000"
122696714,베이어다이나믹 DT797 PV,0,0,0,0,0,0,0,0,0,0,0,0,0,0,0,0,0,0,0,0,0,0,0,0,0,0,0,0,0,"정품_699,000","정품_699,000","정품_699,000"
16942031,베이어다이나믹 DT900 PRO X,0,0,0,0,0,0,0,0,0,0,0,0,0,0,0,0,0,0,0,0,0,0,0,0,0,0,0,0,0,"정품_425,000|해외구매_385,000","정품_425,000|해외구매_385,000","정품_425,000|해외구매_385,000"
98182562,베이어다이나믹 DT990 Pro,0,0,0,0,0,0,0,0,0,0,0,0,0,0,0,0,0,0,0,0,0,0,0,0,0,0,0,0,0,"80Ω, 정품_302,000|250Ω, 정품_302,000|80Ω, 해외구매_203,480|250Ω, 해외구매_289,000",0,0
14661941,벨루젠 VZ-CBE50,0,0,0,0,0,0,0,0,0,0,0,0,0,0,0,0,0,0,0,0,0,0,0,0,0,0,0,0,0,"18,150","18,150","18,150"
100383602,벨킨 사운드폼 G3H0003,0,0,0,0,0,0,0,0,0,0,0,0,0,0,0,0,0,0,0,0,0,0,0,0,0,0,0,0,0,"정품_29,900","정품_29,900",0
96258269,볼티움 아쿠아본X VTU-X900,0,0,0,0,0,0,0,0,0,0,0,0,0,0,0,0,0,0,0,0,0,0,0,0,0,0,0,0,0,"정품_146,300|","정품_146,300|","정품_146,300|"
20597147,블라우풍트 BLP-BE331,0,0,0,0,0,0,0,0,0,0,0,0,0,0,0,0,0,0,0,0,0,0,0,0,0,0,0,0,0,0,0,"블랙_28,800||화이트_28,800|레드_48,900|중고_22,470|퍼플_28,800|||"
78100352,블라우풍트 BLP-BH551,0,0,0,0,0,0,0,0,0,0,0,0,0,0,0,0,0,0,0,0,0,0,0,0,0,0,0,0,0,"정품_23,800|중고_17,760","정품_23,800|중고_17,760","정품_23,800|중고_17,760"
39249137,블라우풍트 BLP-OE383,0,0,0,0,0,0,0,0,0,0,0,0,0,0,0,0,0,0,0,0,0,0,0,0,0,0,0,0,0,"정품_58,410|중고_46,720","정품_58,410","정품_58,410|중고_50,810"
100001507,블라우풍트 BLP-OE671,0,0,0,0,0,0,0,0,0,0,0,0,0,0,0,0,0,0,0,0,0,0,0,0,0,0,0,0,0,"정품_42,400|","정품_42,400","정품_47,490"
92236874,블라우풍트 BLP-WE231,0,0,0,0,0,0,0,0,0,0,0,0,0,0,0,0,0,0,0,0,0,0,0,0,0,0,0,0,0,0,0,"정품_12,900"
6339249,블루선 엑스트라 지니 301,0,0,0,0,0,0,0,0,0,0,0,0,0,0,0,0,0,0,0,0,0,0,0,0,0,0,0,0,0,"27,120","27,060","27,030"
18359675,비즈모아코리아 BZ-SA80,0,0,0,0,0,0,0,0,0,0,0,0,0,0,0,0,0,0,0,0,0,0,0,0,0,0,0,0,0,"5,300","5,300","5,300"
1845598,비트 패턴브레이커 스칸디나비아 스타일 PB-i100,0,0,0,0,0,0,0,0,0,0,0,0,0,0,0,0,0,0,0,0,0,0,0,0,0,0,0,0,0,"정품_4,180","정품_4,180","정품_4,180"
106726670,빅쏘 갤럭시 버즈4 시리즈 케이스 레빅스킨,0,0,0,0,0,0,0,0,0,0,0,0,0,0,0,0,0,0,0,0,0,0,0,0,0,0,0,0,0,0,0,"정품_10,900"
13544066,사라반도체 SRTWS-G05,0,0,0,0,0,0,0,0,0,0,0,0,0,0,0,0,0,0,0,0,0,0,0,0,0,0,0,0,0,"15,700","15,700","15,700"
15359006,삼성전자 EO-IA500,0,0,0,0,0,0,0,0,0,0,0,0,0,0,0,0,0,0,0,0,0,0,0,0,0,0,0,0,0,"18,530","18,530","18,530"
3813968,삼성전자 G시리즈 SES-G20,0,0,0,0,0,0,0,0,0,0,0,0,0,0,0,0,0,0,0,0,0,0,0,0,0,0,0,0,0,"정품_12,000","정품_12,000","정품_12,000"
16729304,삼성전자 SES-T60,0,0,0,0,0,0,0,0,0,0,0,0,0,0,0,0,0,0,0,0,0,0,0,0,0,0,0,0,0,"14,750","14,750","14,750"
5084244,삼성전자 갤럭시 S8 번들 이어폰 EO-IG955 Tuned by AKG,0,0,0,0,0,0,0,0,0,0,0,0,0,0,0,0,0,0,0,0,0,0,0,0,0,0,0,0,0,"벌크_10,470","벌크_10,470","벌크_10,200"
28531961,삼성전자 갤럭시 버즈 FE SM-R400,0,0,0,0,0,0,0,0,0,0,0,0,0,0,0,0,0,0,0,0,0,0,0,0,0,0,0,0,0,"정품_160,880|해외구매_112,720|해외리퍼비시_138,440","정품_160,820|해외구매_112,700|해외리퍼비시_138,440","정품_160,700|해외구매_112,640|해외리퍼비시_138,440"
11915881,삼성전자 갤럭시 버즈 라이브 SM-R180,0,0,0,0,0,0,0,0,0,0,0,0,0,0,0,0,0,0,0,0,0,0,0,0,0,0,0,0,0,"정품_499,990","정품_499,990","정품_499,990|해외구매_554,700"
103414031,삼성전자 갤럭시 버즈 코어 SM-R410,0,0,0,0,0,0,0,0,0,0,0,0,0,0,0,0,0,0,0,0,0,0,0,0,0,0,0,0,0,"해외구매_53,343","해외구매_53,343","해외구매_51,750"
13010462,삼성전자 갤럭시 버즈 프로 SM-R190,0,0,0,0,0,0,0,0,0,0,0,0,0,0,0,0,0,0,0,0,0,0,0,0,0,0,0,0,0,"정품_229,800|해외리퍼비시_138,160","정품_229,800|해외리퍼비시_138,160","정품_229,800|해외리퍼비시_138,160"
122656416,삼성전자 갤럭시 버즈 플러스 SM-R175,0,0,0,0,0,0,0,0,0,0,0,0,0,0,0,0,0,0,0,0,0,0,0,0,0,0,0,0,0,"중고_42,940|해외구매_386,430","중고_42,940|해외구매_386,430","중고_42,940|해외구매_386,430"
14986085,삼성전자 갤럭시 버즈2 SM-R177,0,0,0,0,0,0,0,0,0,0,0,0,0,0,0,0,0,0,0,0,0,0,0,0,0,0,0,0,0,"정품_177,010|해외구매_128,750","정품_177,000|해외구매_128,750","정품_177,000|해외구매_128,750"
19362617,삼성전자 갤럭시 버즈2 이어버드 단품,0,0,0,0,0,0,0,0,0,0,0,0,0,0,0,0,0,0,0,0,0,0,0,0,0,0,0,0,0,"오른쪽, 벌크_58,500|왼쪽, 벌크_78,600|왼쪽, 중고_37,900|오른쪽, 중고_45,000",0,0
17641574,삼성전자 갤럭시 버즈2 프로 SM-R510,0,0,0,0,0,0,0,0,0,0,0,0,0,0,0,0,0,0,0,0,0,0,0,0,0,0,0,0,0,"정품_229,000|해외구매_231,750","정품_229,000|해외구매_231,750","정품_229,000|해외구매_231,750"
96987275,삼성전자 갤럭시 버즈3 FE SM-R420,0,0,0,0,0,0,0,0,0,0,0,0,0,0,0,0,0,0,0,0,0,0,0,0,0,0,0,0,0,"정품_126,880|해외구매_108,566","정품_126,880|해외구매_108,566","정품_129,900|해외구매_108,566"
59541506,삼성전자 갤럭시 버즈3 SM-R530N,0,0,0,0,0,0,0,0,0,0,0,0,0,0,0,0,0,0,0,0,0,0,0,0,0,0,0,0,0,"정품_168,180|해외구매_161,000","정품_168,180|해외구매_161,000","정품_168,170|해외구매_161,000"
78978638,삼성전자 갤럭시 버즈3 이어버드 단품,0,0,0,0,0,0,0,0,0,0,0,0,0,0,0,0,0,0,0,0,0,0,0,0,0,0,0,0,0,"오른쪽, 벌크_63,900|왼쪽, 벌크_64,770","오른쪽, 벌크_60,900|왼쪽, 벌크_64,770","오른쪽, 벌크_60,730|왼쪽, 벌크_64,740"
86580647,삼성전자 갤럭시 버즈3 충전 케이스,0,0,0,0,0,0,0,0,0,0,0,0,0,0,0,0,0,0,0,0,0,0,0,0,0,0,0,0,0,"벌크_56,930","벌크_56,930","벌크_56,930"
59537216,삼성전자 갤럭시 버즈3 프로 SM-R630N,0,0,0,0,0,0,0,0,0,0,0,0,0,0,0,0,0,0,0,0,0,0,0,0,0,0,0,0,0,"정품_232,740|해외구매_179,770|중고_180,420","정품_232,740|해외구매_179,770|중고_180,420","정품_237,900|해외구매_179,770|중고_180,420"
106702613,삼성전자 갤럭시 버즈4 SM-R540,0,0,0,0,0,0,0,0,0,0,0,0,0,0,0,0,0,0,0,0,0,0,0,0,0,0,0,0,0,"정품_219,890|해외구매_179,935","정품_219,890|해외구매_179,935","정품_229,640|해외구매_179,935"
106702589,삼성전자 갤럭시 버즈4 프로 SM-R640,0,0,0,0,0,0,0,0,0,0,0,0,0,0,0,0,0,0,0,0,0,0,0,0,0,0,0,0,0,"정품_335,900|해외구매_221,966","정품_335,900|해외구매_221,966","정품_323,100|해외구매_221,966"
27787379,삼신E&B 캔디 BE-12E,0,0,0,0,0,0,0,0,0,0,0,0,0,0,0,0,0,0,0,0,0,0,0,0,0,0,0,0,0,0,0,"14,000|"
123668290,삼신E&B 캔디 BE-15,0,0,0,0,0,0,0,0,0,0,0,0,0,0,0,0,0,0,0,0,0,0,0,0,0,0,0,0,0,"정품_29,000|","정품_29,000|","정품_29,000|"
89732048,삼신E&B 캔디 BE-22,0,0,0,0,0,0,0,0,0,0,0,0,0,0,0,0,0,0,0,0,0,0,0,0,0,0,0,0,0,"정품_118,600","정품_118,600","정품_108,000"
78099938,삼신E&B 캔디 BE-33,0,0,0,0,0,0,0,0,0,0,0,0,0,0,0,0,0,0,0,0,0,0,0,0,0,0,0,0,0,"정품_174,110|","정품_174,110|","정품_166,500|"
100618214,삼지아이티 피스넷 러닝본,0,0,0,0,0,0,0,0,0,0,0,0,0,0,0,0,0,0,0,0,0,0,0,0,0,0,0,0,0,"정품_79,900","정품_79,900",0
64296605,삼지아이티 피스넷 워터본,0,0,0,0,0,0,0,0,0,0,0,0,0,0,0,0,0,0,0,0,0,0,0,0,0,0,0,0,0,"99,900","99,900","99,900"
21463538,상도아이앤티 ANYZONE ANY-E1,0,0,0,0,0,0,0,0,0,0,0,0,0,0,0,0,0,0,0,0,0,0,0,0,0,0,0,0,0,"정품_3,030","정품_3,030","정품_3,030"
75537788,상도아이앤티 ANYZONE ANY-E3 ProAir,0,0,0,0,0,0,0,0,0,0,0,0,0,0,0,0,0,0,0,0,0,0,0,0,0,0,0,0,0,0,0,"정품_15,790"
88132856,샤오미 레드미 버즈 6 플레이 M2420E1,0,0,0,0,0,0,0,0,0,0,0,0,0,0,0,0,0,0,0,0,0,0,0,0,0,0,0,0,0,"정품_11,800|해외구매_22,970|중고_10,730","정품_11,800|해외구매_22,970|중고_10,730","정품_11,800|해외구매_22,970|중고_10,730"
103809611,샤오미 레드미 버즈 8 라이트,0,0,0,0,0,0,0,0,0,0,0,0,0,0,0,0,0,0,0,0,0,0,0,0,0,0,0,0,0,"정품_27,600","정품_27,600|중고_21,400","정품_27,600|중고_21,400"
108398921,샤오미 레드미 버즈 8 프로,0,0,0,0,0,0,0,0,0,0,0,0,0,0,0,0,0,0,0,0,0,0,0,0,0,0,0,0,0,"정품_87,500","정품_87,500","정품_87,500"
91494017,샤오미 레드미 버즈6 액티브 M2344E1,0,0,0,0,0,0,0,0,0,0,0,0,0,0,0,0,0,0,0,0,0,0,0,0,0,0,0,0,0,"정품_19,800|해외구매_32,120","정품_19,800|해외구매_32,120","정품_19,800|해외구매_32,120"
9311460,샤오미 에어닷 TWSEJ02LM,0,0,0,0,0,0,0,0,0,0,0,0,0,0,0,0,0,0,0,0,0,0,0,0,0,0,0,0,0,"정품_6,790","정품_6,790","정품_6,790"
122696194,샤오미 오픈웨어 스테레오 프로 M2503E1,0,0,0,0,0,0,0,0,0,0,0,0,0,0,0,0,0,0,0,0,0,0,0,0,0,0,0,0,0,"정품_194,800","정품_194,800","정품_194,800"
122723175,샥즈 오픈닷 2 E320,0,0,0,0,0,0,0,0,0,0,0,0,0,0,0,0,0,0,0,0,0,0,0,0,0,0,0,0,0,"정품_287,040|해외구매_198,486","정품_287,040|해외구매_198,486","정품_287,040|해외구매_198,486"
122726142,샥즈 오픈닷 에어 E210,0,0,0,0,0,0,0,0,0,0,0,0,0,0,0,0,0,0,0,0,0,0,0,0,0,0,0,0,0,"정품_183,080|해외구매_139,200","정품_183,080|해외구매_139,200","정품_183,080|해외구매_139,200"
92149661,샥즈 오픈닷 원 E310,0,0,0,0,0,0,0,0,0,0,0,0,0,0,0,0,0,0,0,0,0,0,0,0,0,0,0,0,0,"정품_206,720|해외구매_146,000","정품_206,720|해외구매_146,000","정품_206,720|해외구매_145,985"
16100378,샥즈 오픈런 S803,0,0,0,0,0,0,0,0,0,0,0,0,0,0,0,0,0,0,0,0,0,0,0,0,0,0,0,0,0,"정품_168,000|해외구매_129,720","정품_168,000|해외구매_129,720","정품_163,680|해외구매_129,720"
68691662,샥즈 오픈런 USB-C S805,0,0,0,0,0,0,0,0,0,0,0,0,0,0,0,0,0,0,0,0,0,0,0,0,0,0,0,0,0,"정품_170,050","정품_170,050","정품_170,050"
68691731,샥즈 오픈런 USB-C 미니 S806,0,0,0,0,0,0,0,0,0,0,0,0,0,0,0,0,0,0,0,0,0,0,0,0,0,0,0,0,0,"정품_169,000","정품_169,000","정품_169,000"
18129398,샥즈 오픈런 미니 S804MINI,0,0,0,0,0,0,0,0,0,0,0,0,0,0,0,0,0,0,0,0,0,0,0,0,0,0,0,0,0,"정품_211,070|해외구매_166,900","정품_211,070|해외구매_166,900","정품_211,070|해외구매_166,500"
123993740,샥즈 오픈런 에어 2 S610,0,0,0,0,0,0,0,0,0,0,0,0,0,0,0,0,0,0,0,0,0,0,0,0,0,0,0,0,0,"204,250","204,250","204,250"
123993789,샥즈 오픈런 에어 2 미니 S611,0,0,0,0,0,0,0,0,0,0,0,0,0,0,0,0,0,0,0,0,0,0,0,0,0,0,0,0,0,"204,250","204,250","204,250"
65303006,샥즈 오픈런 프로 2 S820,0,0,0,0,0,0,0,0,0,0,0,0,0,0,0,0,0,0,0,0,0,0,0,0,0,0,0,0,0,"정품_229,950|해외구매_151,900","정품_229,940|해외구매_151,900","정품_229,930|해외구매_151,900"
65303081,샥즈 오픈런 프로 2 미니 S821MINI,0,0,0,0,0,0,0,0,0,0,0,0,0,0,0,0,0,0,0,0,0,0,0,0,0,0,0,0,0,"정품_224,750|해외구매_159,560","정품_225,600|해외구매_159,560","정품_225,600|해외구매_159,560"
16595240,샥즈 오픈런 프로 S810,0,0,0,0,0,0,0,0,0,0,0,0,0,0,0,0,0,0,0,0,0,0,0,0,0,0,0,0,0,"정품_224,400|해외구매_135,000","정품_229,000|해외구매_135,000","정품_206,660|해외구매_135,000"
16101425,샥즈 오픈무브 S661,0,0,0,0,0,0,0,0,0,0,0,0,0,0,0,0,0,0,0,0,0,0,0,0,0,0,0,0,0,"정품_104,720|해외구매_70,900","정품_104,720|해외구매_70,900","정품_104,720|해외구매_70,900"
54958685,샥즈 오픈스윔 프로 S710,0,0,0,0,0,0,0,0,0,0,0,0,0,0,0,0,0,0,0,0,0,0,0,0,0,0,0,0,0,"정품_289,370|해외구매_174,990","정품_289,370|해외구매_174,990","정품_289,360|해외구매_174,990"
88207430,샥즈 오픈컴 2 C타입 C120,0,0,0,0,0,0,0,0,0,0,0,0,0,0,0,0,0,0,0,0,0,0,0,0,0,0,0,0,0,"정품_202,000","정품_199,000","정품_199,000"
29393150,샥즈 오픈컴 2 UC C110UC,0,0,0,0,0,0,0,0,0,0,0,0,0,0,0,0,0,0,0,0,0,0,0,0,0,0,0,0,0,"USB동글, 정품_418,200|USB-C동글, 정품_265,050","USB동글, 정품_418,200|USB-C동글, 정품_265,050","USB동글, 정품_418,200|USB-C동글, 정품_265,050"
77378609,샥즈 오픈핏 2 T920,0,0,0,0,0,0,0,0,0,0,0,0,0,0,0,0,0,0,0,0,0,0,0,0,0,0,0,0,0,"정품_228,000|해외구매_139,000","정품_206,100|해외구매_139,000","정품_210,680|해외구매_139,000"
92149979,샥즈 오픈핏 2+ T921,0,0,0,0,0,0,0,0,0,0,0,0,0,0,0,0,0,0,0,0,0,0,0,0,0,0,0,0,0,"정품_259,000|해외구매_150,920","정품_259,000|해외구매_150,920","정품_254,320|해외구매_150,920"
21419264,샥즈 오픈핏 T910,0,0,0,0,0,0,0,0,0,0,0,0,0,0,0,0,0,0,0,0,0,0,0,0,0,0,0,0,0,"정품_268,990|해외구매_119,000","정품_268,990|해외구매_119,000","정품_268,990|해외구매_119,000"
123993563,샥즈 오픈핏 에어 2 T520,0,0,0,0,0,0,0,0,0,0,0,0,0,0,0,0,0,0,0,0,0,0,0,0,0,0,0,0,0,"204,250","204,250","204,250"
54957167,샥즈 오픈핏 에어 T511,0,0,0,0,0,0,0,0,0,0,0,0,0,0,0,0,0,0,0,0,0,0,0,0,0,0,0,0,0,"정품_135,390|해외구매_92,000","정품_135,390|해외구매_92,000","정품_135,390|해외구매_92,000"
109596077,샥즈 오픈핏 프로 T010,0,0,0,0,0,0,0,0,0,0,0,0,0,0,0,0,0,0,0,0,0,0,0,0,0,0,0,0,0,"정품_350,450|해외구매_318,270","정품_350,450|해외구매_318,270","정품_350,550|해외구매_318,270"
5818984,서진네트웍스 유니콘 TW-900DUAL,0,0,0,0,0,0,0,0,0,0,0,0,0,0,0,0,0,0,0,0,0,0,0,0,0,0,0,0,0,"정품_12,600","정품_12,600","정품_13,200"
90504578,서진네트웍스 유니콘 XM-Q7,0,0,0,0,0,0,0,0,0,0,0,0,0,0,0,0,0,0,0,0,0,0,0,0,0,0,0,0,0,"정품_22,290","정품_22,290","정품_20,680"
30131075,서진네트웍스 지니큐 ZQ-G10,0,0,0,0,0,0,0,0,0,0,0,0,0,0,0,0,0,0,0,0,0,0,0,0,0,0,0,0,0,"11,860","11,860","11,860"
30131042,서진네트웍스 지니큐 ZQ-G10L,0,0,0,0,0,0,0,0,0,0,0,0,0,0,0,0,0,0,0,0,0,0,0,0,0,0,0,0,0,"18,800","19,800","19,800"
73891622,서진네트웍스 지니큐 ZQ-SFit5,0,0,0,0,0,0,0,0,0,0,0,0,0,0,0,0,0,0,0,0,0,0,0,0,0,0,0,0,0,"정품_18,000","정품_18,000","정품_16,630"
27994148,세중에스비 에바다 SONY WF-1000XM5 이니셜 투명 젤리케이스,0,0,0,0,0,0,0,0,0,0,0,0,0,0,0,0,0,0,0,0,0,0,0,0,0,0,0,0,0,"5,500","5,500",0
5478624,셀레브레이트 C9,0,0,0,0,0,0,0,0,0,0,0,0,0,0,0,0,0,0,0,0,0,0,0,0,0,0,0,0,0,"정품_6,040","정품_6,040","정품_6,040"
2732298,소야 CD-770,0,0,0,0,0,0,0,0,0,0,0,0,0,0,0,0,0,0,0,0,0,0,0,0,0,0,0,0,0,0,"13,990","14,000"
122697741,소울붐 M169,0,0,0,0,0,0,0,0,0,0,0,0,0,0,0,0,0,0,0,0,0,0,0,0,0,0,0,0,0,"정품_20,800","정품_20,800","정품_20,800"
19956029,소프트이어스 스튜디오 4,0,0,0,0,0,0,0,0,0,0,0,0,0,0,0,0,0,0,0,0,0,0,0,0,0,0,0,0,0,"정품_675,000|해외구매_675,000","정품_675,000|해외구매_675,000","정품_675,000|해외구매_675,000"
86492555,수월우 X 붕괴 스타레일 로빈,0,0,0,0,0,0,0,0,0,0,0,0,0,0,0,0,0,0,0,0,0,0,0,0,0,0,0,0,0,"해외구매_124,320","해외구매_125,500","해외구매_123,330"
99559331,수월우 란 2,0,0,0,0,0,0,0,0,0,0,0,0,0,0,0,0,0,0,0,0,0,0,0,0,0,0,0,0,0,"REF버전, 해외구매_58,540|POP버전, 해외구매_58,540","REF버전, 해외구매_58,540|POP버전, 해외구매_58,540","REF버전, 해외구매_58,540|POP버전, 해외구매_58,540"
36203159,수월우 메이,0,0,0,0,0,0,0,0,0,0,0,0,0,0,0,0,0,0,0,0,0,0,0,0,0,0,0,0,0,"해외구매_105,690","해외구매_105,690","해외구매_105,690"
79552664,수월우 메테오,0,0,0,0,0,0,0,0,0,0,0,0,0,0,0,0,0,0,0,0,0,0,0,0,0,0,0,0,0,"해외구매_479,000","해외구매_479,000","해외구매_600,000"
16893509,수월우 베리에이션,0,0,0,0,0,0,0,0,0,0,0,0,0,0,0,0,0,0,0,0,0,0,0,0,0,0,0,0,0,"정품_798,000|해외구매_589,500","정품_798,000|해외구매_589,500","정품_798,000|해외구매_589,500"
25256186,수월우 블레싱 3,0,0,0,0,0,0,0,0,0,0,0,0,0,0,0,0,0,0,0,0,0,0,0,0,0,0,0,0,0,"정품_489,000|해외구매_346,920","정품_489,000|해외구매_346,920","정품_489,000|해외구매_346,920"
31643771,수월우 아리아 2,0,0,0,0,0,0,0,0,0,0,0,0,0,0,0,0,0,0,0,0,0,0,0,0,0,0,0,0,0,"해외구매_87,220","해외구매_87,220","해외구매_87,220"
86398325,수월우 엣지,0,0,0,0,0,0,0,0,0,0,0,0,0,0,0,0,0,0,0,0,0,0,0,0,0,0,0,0,0,"해외구매_76,500","해외구매_76,500","해외구매_76,500"
27815981,수월우 츄 2,0,0,0,0,0,0,0,0,0,0,0,0,0,0,0,0,0,0,0,0,0,0,0,0,0,0,0,0,0,"해외구매_31,400","해외구매_31,400","해외구매_31,400"
96426449,수월우 필,0,0,0,0,0,0,0,0,0,0,0,0,0,0,0,0,0,0,0,0,0,0,0,0,0,0,0,0,0,"해외구매_41,310","해외구매_41,310",0
12566756,슈어 AONIC215-UNI,0,0,0,0,0,0,0,0,0,0,0,0,0,0,0,0,0,0,0,0,0,0,0,0,0,0,0,0,0,"157,440","157,440","146,700"
31034660,슈어 EAC64CL,0,0,0,0,0,0,0,0,0,0,0,0,0,0,0,0,0,0,0,0,0,0,0,0,0,0,0,0,0,"정품_72,200","정품_72,200","정품_72,200"
1334884,슈어 SE215,0,0,0,0,0,0,0,0,0,0,0,0,0,0,0,0,0,0,0,0,0,0,0,0,0,0,0,0,0,"정품_157,430||해외구매_148,210","정품_157,430||해외구매_148,210","정품_160,220||해외구매_148,210"
1846520,슈어 SE215 SPE,0,0,0,0,0,0,0,0,0,0,0,0,0,0,0,0,0,0,0,0,0,0,0,0,0,0,0,0,0,"정품_157,430|해외구매_167,580|중고_159,910","정품_157,430|해외구매_167,580|중고_159,910","정품_157,440|해외구매_167,070|중고_159,910"
2178958,슈어 SE846,0,0,0,0,0,0,0,0,0,0,0,0,0,0,0,0,0,0,0,0,0,0,0,0,0,0,0,0,0,"정품_1,341,000|해외구매_1,674,750","정품_1,341,000|해외구매_1,674,750","정품_1,341,000|해외구매_1,674,750"
18253622,슈어 SE846 GEN2,0,0,0,0,0,0,0,0,0,0,0,0,0,0,0,0,0,0,0,0,0,0,0,0,0,0,0,0,0,"정품_1,468,350","정품_1,468,340","정품_1,468,330"
2502024,슈어 SRH1540,0,0,0,0,0,0,0,0,0,0,0,0,0,0,0,0,0,0,0,0,0,0,0,0,0,0,0,0,0,"정품_841,030|해외구매_620,960","정품_841,030|해외구매_620,960","정품_841,030|해외구매_620,960"
16477679,슈어 SRH440A,0,0,0,0,0,0,0,0,0,0,0,0,0,0,0,0,0,0,0,0,0,0,0,0,0,0,0,0,0,"정품_153,000|해외구매_152,790","정품_153,000|해외구매_152,790","정품_153,000|해외구매_152,790"
16409846,슈어 SRH840A,0,0,0,0,0,0,0,0,0,0,0,0,0,0,0,0,0,0,0,0,0,0,0,0,0,0,0,0,0,"정품_224,920|해외구매_178,000","정품_224,920|해외구매_178,000","정품_224,910|해외구매_178,000"
123695753,슈피겐 갤럭시 버즈4 시리즈 GP-FPR640HICUK 마그넷 스탠드 케이스,0,0,0,0,0,0,0,0,0,0,0,0,0,0,0,0,0,0,0,0,0,0,0,0,0,0,0,0,0,"정품_26,890","정품_26,890","정품_26,890"
123695745,슈피겐 갤럭시 버즈4 시리즈 GP-FPR640PGFBK 패브릭 케이스,0,0,0,0,0,0,0,0,0,0,0,0,0,0,0,0,0,0,0,0,0,0,0,0,0,0,0,0,0,"정품_18,010","정품_18,010","정품_18,010"
106726487,슈피겐 갤럭시 버즈4 시리즈 락핏 케이스,0,0,0,0,0,0,0,0,0,0,0,0,0,0,0,0,0,0,0,0,0,0,0,0,0,0,0,0,0,"정품_42,900","정품_42,900","정품_42,900"
70098014,스틸시리즈 Arctis Gamebuds,0,0,0,0,0,0,0,0,0,0,0,0,0,0,0,0,0,0,0,0,0,0,0,0,0,0,0,0,0,"정품_169,700|해외구매_208,200|병행수입_169,520|","정품_169,700|해외구매_208,200|병행수입_169,450|","정품_169,700|해외구매_208,200|병행수입_169,330|"
73886861,스틸시리즈 Arctis Gamebuds X,0,0,0,0,0,0,0,0,0,0,0,0,0,0,0,0,0,0,0,0,0,0,0,0,0,0,0,0,0,"정품_198,000|해외구매_221,040","정품_198,000|해외구매_221,040","정품_196,480|해외구매_220,520"
17945354,신지모루 에어팟 프로2 투명 케이스,0,0,0,0,0,0,0,0,0,0,0,0,0,0,0,0,0,0,0,0,0,0,0,0,0,0,0,0,0,"5,380","5,380","7,500"
97475870,신지모루 에어팟 프로3 투명 케이스,0,0,0,0,0,0,0,0,0,0,0,0,0,0,0,0,0,0,0,0,0,0,0,0,0,0,0,0,0,"정품_7,500","정품_7,500","정품_7,500"
122717075,씨오디오 HAKUYA,0,0,0,0,0,0,0,0,0,0,0,0,0,0,0,0,0,0,0,0,0,0,0,0,0,0,0,0,0,"정품_3,299,000","정품_3,299,000","정품_3,299,000"
21439358,씨오디오 YUME ULTRA,0,0,0,0,0,0,0,0,0,0,0,0,0,0,0,0,0,0,0,0,0,0,0,0,0,0,0,0,0,"정품_229,000","정품_229,000","정품_229,000"
13222532,아남전자 AMT-R1,0,0,0,0,0,0,0,0,0,0,0,0,0,0,0,0,0,0,0,0,0,0,0,0,0,0,0,0,0,"36,000","36,000","36,000"
12552164,아남전자 AN-700S,0,0,0,0,0,0,0,0,0,0,0,0,0,0,0,0,0,0,0,0,0,0,0,0,0,0,0,0,0,"4,820","4,820","4,820"
20305121,아남전자 AN-C003,0,0,0,0,0,0,0,0,0,0,0,0,0,0,0,0,0,0,0,0,0,0,0,0,0,0,0,0,0,"6,300","6,300","6,300"
20305235,아남전자 AN-C004,0,0,0,0,0,0,0,0,0,0,0,0,0,0,0,0,0,0,0,0,0,0,0,0,0,0,0,0,0,"10,700","10,700","10,700"
59761001,아남전자 AN-C2,0,0,0,0,0,0,0,0,0,0,0,0,0,0,0,0,0,0,0,0,0,0,0,0,0,0,0,0,0,"7,450","7,450","7,440"
13088735,아남전자 BT BONE PRO,0,0,0,0,0,0,0,0,0,0,0,0,0,0,0,0,0,0,0,0,0,0,0,0,0,0,0,0,0,"정품_52,430","정품_52,430","정품_52,430"
8790188,아남전자 BT-AIR,0,0,0,0,0,0,0,0,0,0,0,0,0,0,0,0,0,0,0,0,0,0,0,0,0,0,0,0,0,"27,000","27,000","27,000"
10159419,아남전자 BT-AIR WING,0,0,0,0,0,0,0,0,0,0,0,0,0,0,0,0,0,0,0,0,0,0,0,0,0,0,0,0,0,"32,900","32,900","32,900"
17950463,아남전자 BT-AIRSTW6,0,0,0,0,0,0,0,0,0,0,0,0,0,0,0,0,0,0,0,0,0,0,0,0,0,0,0,0,0,"23,490","23,490","23,490"
34372136,아남전자 BTAIR-Cring,0,0,0,0,0,0,0,0,0,0,0,0,0,0,0,0,0,0,0,0,0,0,0,0,0,0,0,0,0,"32,370|","32,370|","32,370|"
40020710,아남전자 BTAIR-airable,0,0,0,0,0,0,0,0,0,0,0,0,0,0,0,0,0,0,0,0,0,0,0,0,0,0,0,0,0,0,"16,830","16,300"
30216575,아남전자 BTAIR-clean,0,0,0,0,0,0,0,0,0,0,0,0,0,0,0,0,0,0,0,0,0,0,0,0,0,0,0,0,0,"정품_24,900","정품_24,900","정품_24,900"
19976504,아남전자 NO.11,0,0,0,0,0,0,0,0,0,0,0,0,0,0,0,0,0,0,0,0,0,0,0,0,0,0,0,0,0,"15,720","15,720","15,720"
26422919,아남전자 NO.55,0,0,0,0,0,0,0,0,0,0,0,0,0,0,0,0,0,0,0,0,0,0,0,0,0,0,0,0,0,0,0,"5,640"
71069480,아우라플로 갤럭시 버즈3 햇반 백미 케이스 GP-FPR630AUGWK,0,0,0,0,0,0,0,0,0,0,0,0,0,0,0,0,0,0,0,0,0,0,0,0,0,0,0,0,0,0,"36,490","36,490"
11338317,아이리버 BHC-120,0,0,0,0,0,0,0,0,0,0,0,0,0,0,0,0,0,0,0,0,0,0,0,0,0,0,0,0,0,"정품_8,560","정품_8,560","정품_8,560"
9251181,아이리버 BHC-130,0,0,0,0,0,0,0,0,0,0,0,0,0,0,0,0,0,0,0,0,0,0,0,0,0,0,0,0,0,"10,000","10,000","10,000"
12953882,아이리버 BHC-180,0,0,0,0,0,0,0,0,0,0,0,0,0,0,0,0,0,0,0,0,0,0,0,0,0,0,0,0,0,"정품_9,900|2개, 정품_18,910|중고_5,400","정품_9,900|2개, 정품_18,910|중고_5,400","정품_9,900|2개, 정품_18,910|중고_5,400"
9274548,아이리버 BHC-190,0,0,0,0,0,0,0,0,0,0,0,0,0,0,0,0,0,0,0,0,0,0,0,0,0,0,0,0,0,"5,730","5,730","7,730"
8178820,아이리버 BHC-200,0,0,0,0,0,0,0,0,0,0,0,0,0,0,0,0,0,0,0,0,0,0,0,0,0,0,0,0,0,"6,180","6,180","6,180"
10217352,아이리버 BS-BT101,0,0,0,0,0,0,0,0,0,0,0,0,0,0,0,0,0,0,0,0,0,0,0,0,0,0,0,0,0,"정품_38,070|중고_23,120","정품_38,070|중고_23,120","정품_36,000|중고_23,120"
12556394,아이리버 BS-BT303,0,0,0,0,0,0,0,0,0,0,0,0,0,0,0,0,0,0,0,0,0,0,0,0,0,0,0,0,0,"29,000","29,000","26,000"
15152690,아이리버 BVC-100C,0,0,0,0,0,0,0,0,0,0,0,0,0,0,0,0,0,0,0,0,0,0,0,0,0,0,0,0,0,"정품_8,300|","정품_8,300","정품_8,300"
97306634,아이리버 BVC-210,0,0,0,0,0,0,0,0,0,0,0,0,0,0,0,0,0,0,0,0,0,0,0,0,0,0,0,0,0,"정품_8,900|중고_7,740","정품_8,900|중고_7,740","정품_8,900|중고_7,750"
122689636,아이리버 BVC-APM360,0,0,0,0,0,0,0,0,0,0,0,0,0,0,0,0,0,0,0,0,0,0,0,0,0,0,0,0,0,"정품_28,900","정품_28,870","정품_28,870"
28054091,아이리버 Eiger Opera OpenTalk X4 Freedom,0,0,0,0,0,0,0,0,0,0,0,0,0,0,0,0,0,0,0,0,0,0,0,0,0,0,0,0,0,0,"52,430","52,430"
27726962,아이리버 Eiger Opera Sports X3 RUN,0,0,0,0,0,0,0,0,0,0,0,0,0,0,0,0,0,0,0,0,0,0,0,0,0,0,0,0,0,"정품_57,440|중고_45,950","정품_57,430|중고_45,940","정품_57,420|중고_45,930"
18178424,아이리버 Eiger-X7,0,0,0,0,0,0,0,0,0,0,0,0,0,0,0,0,0,0,0,0,0,0,0,0,0,0,0,0,0,"정품_73,500|중고_49,700","정품_73,500|중고_49,700","정품_73,500|중고_49,700"
94637315,아이리버 FACT ITW-S7,0,0,0,0,0,0,0,0,0,0,0,0,0,0,0,0,0,0,0,0,0,0,0,0,0,0,0,0,0,"정품_29,890","정품_29,890","정품_29,890|중고_27,200"
78716159,아이리버 FEEL IHBT-TP70,0,0,0,0,0,0,0,0,0,0,0,0,0,0,0,0,0,0,0,0,0,0,0,0,0,0,0,0,0,"정품_36,660|","정품_36,650|","정품_36,640|"
97227146,아이리버 Go Free Air30,0,0,0,0,0,0,0,0,0,0,0,0,0,0,0,0,0,0,0,0,0,0,0,0,0,0,0,0,0,"정품_37,800","정품_37,800","정품_37,800"
30101075,아이리버 IB-CLIP7,0,0,0,0,0,0,0,0,0,0,0,0,0,0,0,0,0,0,0,0,0,0,0,0,0,0,0,0,0,0,"정품_34,650|","정품_34,650|"
16225037,아이리버 IB-D1010BT,0,0,0,0,0,0,0,0,0,0,0,0,0,0,0,0,0,0,0,0,0,0,0,0,0,0,0,0,0,"32,100|","33,800|","33,800|"
101721410,아이리버 IB-GX1,0,0,0,0,0,0,0,0,0,0,0,0,0,0,0,0,0,0,0,0,0,0,0,0,0,0,0,0,0,"정품_49,900|","정품_49,900","정품_49,900"
101630195,아이리버 IB-IX3,0,0,0,0,0,0,0,0,0,0,0,0,0,0,0,0,0,0,0,0,0,0,0,0,0,0,0,0,0,"정품_33,800|중고_25,870","정품_33,800|중고_25,870","정품_33,800|중고_27,930"
122688556,아이리버 IB-IX7,0,0,0,0,0,0,0,0,0,0,0,0,0,0,0,0,0,0,0,0,0,0,0,0,0,0,0,0,0,"정품_34,900","정품_34,900","정품_34,900"
79860692,아이리버 IB-N1,0,0,0,0,0,0,0,0,0,0,0,0,0,0,0,0,0,0,0,0,0,0,0,0,0,0,0,0,0,"정품_17,800","정품_17,800","정품_17,800"
92893745,아이리버 IB-N3,0,0,0,0,0,0,0,0,0,0,0,0,0,0,0,0,0,0,0,0,0,0,0,0,0,0,0,0,0,"정품_39,800","정품_39,800","정품_39,800"
19035926,아이리버 IB-OK101BT,0,0,0,0,0,0,0,0,0,0,0,0,0,0,0,0,0,0,0,0,0,0,0,0,0,0,0,0,0,"22,260","22,260","22,260"
73769933,아이리버 IB-SE10,0,0,0,0,0,0,0,0,0,0,0,0,0,0,0,0,0,0,0,0,0,0,0,0,0,0,0,0,0,"34,800","34,800","34,800"
90505298,아이리버 IB-SH20,0,0,0,0,0,0,0,0,0,0,0,0,0,0,0,0,0,0,0,0,0,0,0,0,0,0,0,0,0,"정품_19,790","정품_19,790","정품_19,790"
123763091,아이리버 IB-SP01,0,0,0,0,0,0,0,0,0,0,0,0,0,0,0,0,0,0,0,0,0,0,0,0,0,0,0,0,0,"15,700","17,900","17,900"
101070455,아이리버 IB-T4030BT,0,0,0,0,0,0,0,0,0,0,0,0,0,0,0,0,0,0,0,0,0,0,0,0,0,0,0,0,0,"정품_23,900",0,0
18497981,아이리버 IB-T5010BT,0,0,0,0,0,0,0,0,0,0,0,0,0,0,0,0,0,0,0,0,0,0,0,0,0,0,0,0,0,"28,900","28,900","28,900"
19889255,아이리버 IB-TW100,0,0,0,0,0,0,0,0,0,0,0,0,0,0,0,0,0,0,0,0,0,0,0,0,0,0,0,0,0,0,"34,900|","34,900|"
59080169,아이리버 IB-TWS02,0,0,0,0,0,0,0,0,0,0,0,0,0,0,0,0,0,0,0,0,0,0,0,0,0,0,0,0,0,"19,900","19,900","19,900"
122696482,아이리버 IB-TX4,0,0,0,0,0,0,0,0,0,0,0,0,0,0,0,0,0,0,0,0,0,0,0,0,0,0,0,0,0,"정품_24,900","정품_24,900","정품_24,900"
122710841,아이리버 IB-ZX5,0,0,0,0,0,0,0,0,0,0,0,0,0,0,0,0,0,0,0,0,0,0,0,0,0,0,0,0,0,"정품_34,800","정품_34,800","정품_34,800|"
28805138,아이리버 IBE-G07,0,0,0,0,0,0,0,0,0,0,0,0,0,0,0,0,0,0,0,0,0,0,0,0,0,0,0,0,0,"31,570","31,570","31,570"
94264553,아이리버 IBO-CLIPON3,0,0,0,0,0,0,0,0,0,0,0,0,0,0,0,0,0,0,0,0,0,0,0,0,0,0,0,0,0,"정품_38,340","정품_38,340","정품_38,340"
122682160,아이리버 IBO-OPENBEAT3,0,0,0,0,0,0,0,0,0,0,0,0,0,0,0,0,0,0,0,0,0,0,0,0,0,0,0,0,0,0,"정품_41,900",0
8559638,아이리버 ICP-30i,0,0,0,0,0,0,0,0,0,0,0,0,0,0,0,0,0,0,0,0,0,0,0,0,0,0,0,0,0,"10,060","10,060","10,060"
19565090,아이리버 ICP-C90i,0,0,0,0,0,0,0,0,0,0,0,0,0,0,0,0,0,0,0,0,0,0,0,0,0,0,0,0,0,"10,900","10,900","10,900"
95205104,아이리버 ICP-G510,0,0,0,0,0,0,0,0,0,0,0,0,0,0,0,0,0,0,0,0,0,0,0,0,0,0,0,0,0,"정품_10,000|","정품_10,000|","정품_10,000|"
122693391,아이리버 ICP-G709,0,0,0,0,0,0,0,0,0,0,0,0,0,0,0,0,0,0,0,0,0,0,0,0,0,0,0,0,0,"정품_10,900","정품_10,900","정품_10,900"
3062826,아이리버 ICP-X70i,0,0,0,0,0,0,0,0,0,0,0,0,0,0,0,0,0,0,0,0,0,0,0,0,0,0,0,0,0,"정품_6,890","정품_6,890","정품_6,900"
8035549,아이리버 IDP-05i,0,0,0,0,0,0,0,0,0,0,0,0,0,0,0,0,0,0,0,0,0,0,0,0,0,0,0,0,0,"정품_8,820|","정품_8,820|","정품_8,820|"
28369268,아이리버 IDP-CL707,0,0,0,0,0,0,0,0,0,0,0,0,0,0,0,0,0,0,0,0,0,0,0,0,0,0,0,0,0,"정품_17,900","정품_17,900","정품_17,900"
32069000,아이리버 IEH-10C,0,0,0,0,0,0,0,0,0,0,0,0,0,0,0,0,0,0,0,0,0,0,0,0,0,0,0,0,0,"14,900","14,900","14,900"
7998838,아이리버 IGE-101,0,0,0,0,0,0,0,0,0,0,0,0,0,0,0,0,0,0,0,0,0,0,0,0,0,0,0,0,0,"14,900","14,900","14,900"
19564940,아이리버 IGE-202C,0,0,0,0,0,0,0,0,0,0,0,0,0,0,0,0,0,0,0,0,0,0,0,0,0,0,0,0,0,"25,050","25,050","25,050"
33386075,아이리버 IGE-8D20C,0,0,0,0,0,0,0,0,0,0,0,0,0,0,0,0,0,0,0,0,0,0,0,0,0,0,0,0,0,"33,250","33,250","33,250"
93320414,아이리버 IGE-M1C,0,0,0,0,0,0,0,0,0,0,0,0,0,0,0,0,0,0,0,0,0,0,0,0,0,0,0,0,0,"정품_33,900","정품_33,900","정품_33,900"
17203379,아이리버 IHBT-T90,0,0,0,0,0,0,0,0,0,0,0,0,0,0,0,0,0,0,0,0,0,0,0,0,0,0,0,0,0,"정품_46,900|중고_23,320","정품_46,950|중고_23,320","정품_46,950|중고_23,320"
25297322,아이리버 IHBT-US30,0,0,0,0,0,0,0,0,0,0,0,0,0,0,0,0,0,0,0,0,0,0,0,0,0,0,0,0,0,"정품_21,550","정품_21,550","정품_21,550"
59081714,아이리버 IHT-E1,0,0,0,0,0,0,0,0,0,0,0,0,0,0,0,0,0,0,0,0,0,0,0,0,0,0,0,0,0,"22,500|",0,"22,500|"
92108228,아이리버 IOW-A96,0,0,0,0,0,0,0,0,0,0,0,0,0,0,0,0,0,0,0,0,0,0,0,0,0,0,0,0,0,"정품_39,800|","정품_39,800|","정품_39,800|"
101721890,아이리버 IOW-L90,0,0,0,0,0,0,0,0,0,0,0,0,0,0,0,0,0,0,0,0,0,0,0,0,0,0,0,0,0,"정품_32,780|중고_23,930","정품_32,770|중고_29,820","정품_32,760|중고_29,810"
101074844,아이리버 ITW-ANC4,0,0,0,0,0,0,0,0,0,0,0,0,0,0,0,0,0,0,0,0,0,0,0,0,0,0,0,0,0,0,"정품_44,900","정품_44,900"
13267721,아이리버 ITW-G4,0,0,0,0,0,0,0,0,0,0,0,0,0,0,0,0,0,0,0,0,0,0,0,0,0,0,0,0,0,"29,900|","29,900|","29,900|"
19454417,아이리버 ITW-J6,0,0,0,0,0,0,0,0,0,0,0,0,0,0,0,0,0,0,0,0,0,0,0,0,0,0,0,0,0,"정품_19,900","정품_19,900","정품_19,900"
29341325,아이리버 PopPop ITW-C1,0,0,0,0,0,0,0,0,0,0,0,0,0,0,0,0,0,0,0,0,0,0,0,0,0,0,0,0,0,"정품_34,800|","정품_34,750|","정품_34,750"
91347482,아이리버 마카롱 MC50,0,0,0,0,0,0,0,0,0,0,0,0,0,0,0,0,0,0,0,0,0,0,0,0,0,0,0,0,0,"정품_34,900|","정품_34,900|","정품_34,900|"
10380558,아이리버 블랭크 BHC-30M,0,0,0,0,0,0,0,0,0,0,0,0,0,0,0,0,0,0,0,0,0,0,0,0,0,0,0,0,0,"9,600|","9,600|","9,600|"
6767317,아이리버 블랭크 BHC-60M,0,0,0,0,0,0,0,0,0,0,0,0,0,0,0,0,0,0,0,0,0,0,0,0,0,0,0,0,0,"11,950","11,950","11,950"
4699828,아이리버 블랭크 IGH-100,0,0,0,0,0,0,0,0,0,0,0,0,0,0,0,0,0,0,0,0,0,0,0,0,0,0,0,0,0,"정품_29,900|중고_23,920","정품_29,900|중고_23,920","정품_26,900|중고_23,920"
16210853,아이온코리아 BOSSWIZ BOS-KT100,0,0,0,0,0,0,0,0,0,0,0,0,0,0,0,0,0,0,0,0,0,0,0,0,0,0,0,0,0,"정품_36,460","정품_36,460","정품_37,800"
12586151,아이코모스 ICOMOS EPC-02,0,0,0,0,0,0,0,0,0,0,0,0,0,0,0,0,0,0,0,0,0,0,0,0,0,0,0,0,0,"10,900","10,900","10,900"
43527722,아이콘스 카카오프렌즈 춘식이 미니 와이어리스 이어폰 RCBE-001,0,0,0,0,0,0,0,0,0,0,0,0,0,0,0,0,0,0,0,0,0,0,0,0,0,0,0,0,0,"17,830","17,830","17,830"
20765603,아즈라 세드나이어핏 맥스 ASMR 스탠다드,0,0,0,0,0,0,0,0,0,0,0,0,0,0,0,0,0,0,0,0,0,0,0,0,0,0,0,0,0,"SS, 2쌍_19,800|S, 2쌍_19,800|MS, 2쌍_19,800|M, 2쌍_19,800|ML, 2쌍_19,800||||","SS, 2쌍_19,800|S, 2쌍_19,800|MS, 2쌍_19,800|M, 2쌍_19,800|ML, 2쌍_19,800||||","SS, 2쌍_19,800|S, 2쌍_19,800|MS, 2쌍_19,800|M, 2쌍_19,800|ML, 2쌍_19,800||||"
19672583,아즈라 세드나이어핏 맥스 TWS용 이어팁,0,0,0,0,0,0,0,0,0,0,0,0,0,0,0,0,0,0,0,0,0,0,0,0,0,0,0,0,0,"2쌍, SSS_19,800|2쌍, SS_19,800|2쌍, S_19,800|2쌍, MS_19,800|2쌍, M_19,800|||||","2쌍, SSS_19,800|2쌍, SS_19,800|2쌍, S_19,800|2쌍, MS_19,800|2쌍, M_19,800|||||","2쌍, SSS_19,800|2쌍, SS_19,800|2쌍, S_19,800|2쌍, MS_19,800|2쌍, M_19,800|||||"
19608644,아즈라 세드나이어핏 맥스 스탠다드 이어팁,0,0,0,0,0,0,0,0,0,0,0,0,0,0,0,0,0,0,0,0,0,0,0,0,0,0,0,0,0,"2쌍, SS_19,800|2쌍, S_19,800|2쌍, MS_19,800|2쌍, M_19,800|2쌍, ML_19,800||||","2쌍, SS_19,800|2쌍, S_19,800|2쌍, MS_19,800|2쌍, M_19,800|2쌍, ML_19,800||||","2쌍, SS_19,800|2쌍, S_19,800|2쌍, MS_19,800|2쌍, M_19,800|2쌍, ML_19,800||||"
17951609,아즈라 세드나이어핏 비비드 에디션 스타터팩,0,0,0,0,0,0,0,0,0,0,0,0,0,0,0,0,0,0,0,0,0,0,0,0,0,0,0,0,0,"6쌍_17,900","6쌍_17,900","6쌍_17,900"
52069064,아즈라 세드나이어핏 셀라스텍 2,0,0,0,0,0,0,0,0,0,0,0,0,0,0,0,0,0,0,0,0,0,0,0,0,0,0,0,0,0,"SS, 2쌍_22,000|S, 2쌍_22,000|MS, 2쌍_22,000|M, 2쌍_22,000|ML, 2쌍_22,000|||||","SS, 2쌍_22,000|S, 2쌍_22,000|MS, 2쌍_22,000|M, 2쌍_22,000|ML, 2쌍_22,000|||||",0
19317128,아즈라 아젤 에디션 G 2세대,0,0,0,0,0,0,0,0,0,0,0,0,0,0,0,0,0,0,0,0,0,0,0,0,0,0,0,0,0,"정품_244,860|","정품_244,860|","정품_244,860|"
78389927,아즈라 아젤 에디션 G 3세대,0,0,0,0,0,0,0,0,0,0,0,0,0,0,0,0,0,0,0,0,0,0,0,0,0,0,0,0,0,"정품_99,000|중고_68,970","정품_99,000|중고_99,000","정품_99,000|중고_99,000"
122682965,아즈라 트리니티,0,0,0,0,0,0,0,0,0,0,0,0,0,0,0,0,0,0,0,0,0,0,0,0,0,0,0,0,0,"3.5mm, 정품_26,600||USB-C, 해외구매_42,490","3.5mm, 정품_26,600||USB-C, 해외구매_42,490","3.5mm, 정품_26,600||USB-C, 해외구매_42,490"
76792430,아즈라 트리뷰트 AZT-300,0,0,0,0,0,0,0,0,0,0,0,0,0,0,0,0,0,0,0,0,0,0,0,0,0,0,0,0,0,"정품_20,900","정품_20,900","정품_20,900"
59826260,아크로아이앤티 아크로 NE1100,0,0,0,0,0,0,0,0,0,0,0,0,0,0,0,0,0,0,0,0,0,0,0,0,0,0,0,0,0,0,0,"31,900"
33438572,아크로아이앤티 아크로 버즈 에어,0,0,0,0,0,0,0,0,0,0,0,0,0,0,0,0,0,0,0,0,0,0,0,0,0,0,0,0,0,"25,900|","25,900|","25,900|"
19405775,아크로아이앤티 아크로 프로버즈,0,0,0,0,0,0,0,0,0,0,0,0,0,0,0,0,0,0,0,0,0,0,0,0,0,0,0,0,0,"26,820","26,820","26,800"
106735370,알머스 갤럭시 버즈4 시리즈 GP-FPR640AME 레트로 CRT 모니터 케이스,0,0,0,0,0,0,0,0,0,0,0,0,0,0,0,0,0,0,0,0,0,0,0,0,0,0,0,0,0,"정품_25,110","정품_25,110","정품_24,750"
106735466,알머스 갤럭시 버즈4 시리즈 GP-FPR640AMG 꽃 전통 문양 케이스,0,0,0,0,0,0,0,0,0,0,0,0,0,0,0,0,0,0,0,0,0,0,0,0,0,0,0,0,0,"정품_28,070","정품_28,010","정품_27,800"
106735538,알머스 갤럭시 버즈4 시리즈 GP-FPR640AMG 호랑이 전통 문양 케이스,0,0,0,0,0,0,0,0,0,0,0,0,0,0,0,0,0,0,0,0,0,0,0,0,0,0,0,0,0,"정품_27,390","정품_27,390","정품_27,390"
123695684,알머스 갤럭시 버즈4 시리즈 GP-FPR640AMKAK 약과 케이스,0,0,0,0,0,0,0,0,0,0,0,0,0,0,0,0,0,0,0,0,0,0,0,0,0,0,0,0,0,"정품_29,020","정품_29,020","정품_29,020"
123695670,알머스 갤럭시 버즈4 시리즈 GP-FPR640AMLYK 양은 냄비 케이스,0,0,0,0,0,0,0,0,0,0,0,0,0,0,0,0,0,0,0,0,0,0,0,0,0,0,0,0,0,"정품_29,020","정품_29,020","정품_29,020"
9274878,애프터샥 AEROPEX AS800,0,0,0,0,0,0,0,0,0,0,0,0,0,0,0,0,0,0,0,0,0,0,0,0,0,0,0,0,0,"정품_168,990","정품_168,990","정품_168,990"
28608806,액티몬 C타입 유선 이어폰 MON EAR SOUND,0,0,0,0,0,0,0,0,0,0,0,0,0,0,0,0,0,0,0,0,0,0,0,0,0,0,0,0,0,"3,440","3,440","3,440"
20142512,액티몬 TWS100,0,0,0,0,0,0,0,0,0,0,0,0,0,0,0,0,0,0,0,0,0,0,0,0,0,0,0,0,0,"8,910","8,910","8,710"
8011819,앱코 BEATONIC E01,0,0,0,0,0,0,0,0,0,0,0,0,0,0,0,0,0,0,0,0,0,0,0,0,0,0,0,0,0,"15,430","15,430","15,430"
8013643,앱코 BEATONIC E02,0,0,0,0,0,0,0,0,0,0,0,0,0,0,0,0,0,0,0,0,0,0,0,0,0,0,0,0,0,"19,900","19,900","19,900"
11715458,앱코 BEATONIC E06,0,0,0,0,0,0,0,0,0,0,0,0,0,0,0,0,0,0,0,0,0,0,0,0,0,0,0,0,0,"20,000","20,000","20,000"
11259747,앱코 BEATONIC E07,0,0,0,0,0,0,0,0,0,0,0,0,0,0,0,0,0,0,0,0,0,0,0,0,0,0,0,0,0,"29,900","29,900","29,900"
11984009,앱코 BEATONIC E08,0,0,0,0,0,0,0,0,0,0,0,0,0,0,0,0,0,0,0,0,0,0,0,0,0,0,0,0,0,"39,900","39,900","39,900"
11871532,앱코 BEATONIC E09,0,0,0,0,0,0,0,0,0,0,0,0,0,0,0,0,0,0,0,0,0,0,0,0,0,0,0,0,0,"49,120","49,120","49,120"
11706122,앱코 BEATONIC EC10 ANC,0,0,0,0,0,0,0,0,0,0,0,0,0,0,0,0,0,0,0,0,0,0,0,0,0,0,0,0,0,"정품_98,000|중고_26,200","정품_98,000|중고_26,200","정품_98,000|중고_26,200"
11091807,앱코 BEATONIC EF01,0,0,0,0,0,0,0,0,0,0,0,0,0,0,0,0,0,0,0,0,0,0,0,0,0,0,0,0,0,"29,900","29,900","29,900"
11213496,앱코 BEATONIC EZ02,0,0,0,0,0,0,0,0,0,0,0,0,0,0,0,0,0,0,0,0,0,0,0,0,0,0,0,0,0,"49,250","49,250","49,250"
11214027,앱코 BEATONIC EZ03,0,0,0,0,0,0,0,0,0,0,0,0,0,0,0,0,0,0,0,0,0,0,0,0,0,0,0,0,0,"95,000","95,000","95,000"
12195893,앱코 BEATONIC EZ04,0,0,0,0,0,0,0,0,0,0,0,0,0,0,0,0,0,0,0,0,0,0,0,0,0,0,0,0,0,"14,310","14,310","14,310"
10522692,앱코 BEATONIC SOAP,0,0,0,0,0,0,0,0,0,0,0,0,0,0,0,0,0,0,0,0,0,0,0,0,0,0,0,0,0,"정품_50,010|","정품_50,010|","정품_50,010|"
10520484,앱코 BEATONIC 트루엔진 2,0,0,0,0,0,0,0,0,0,0,0,0,0,0,0,0,0,0,0,0,0,0,0,0,0,0,0,0,0,"49,900","49,900","49,900"
11870713,앱코 EH200 BT,0,0,0,0,0,0,0,0,0,0,0,0,0,0,0,0,0,0,0,0,0,0,0,0,0,0,0,0,0,"정품_32,340","정품_32,340","정품_32,340"
52062014,앱코 EH300,0,0,0,0,0,0,0,0,0,0,0,0,0,0,0,0,0,0,0,0,0,0,0,0,0,0,0,0,0,"정품_26,500","정품_26,500","정품_26,500"
9812796,앱코 HACKER HR500 헤드셋 거치대,0,0,0,0,0,0,0,0,0,0,0,0,0,0,0,0,0,0,0,0,0,0,0,0,0,0,0,0,0,"99,880","99,880","99,880"
11620031,앱코 HACKER HR600 RGB 헤드셋 거치대,0,0,0,0,0,0,0,0,0,0,0,0,0,0,0,0,0,0,0,0,0,0,0,0,0,0,0,0,0,"41,700","41,700","41,700"
7976086,앱코 HACKER 헤드셋 거치대,0,0,0,0,0,0,0,0,0,0,0,0,0,0,0,0,0,0,0,0,0,0,0,0,0,0,0,0,0,"3,540","3,540","3,540"
16395425,앱코 TRIDER,0,0,0,0,0,0,0,0,0,0,0,0,0,0,0,0,0,0,0,0,0,0,0,0,0,0,0,0,0,"73,000","73,000","73,000"
7637596,앱코 Tcom B-type,0,0,0,0,0,0,0,0,0,0,0,0,0,0,0,0,0,0,0,0,0,0,0,0,0,0,0,0,0,"86,000","86,000","86,000"
11858932,앱코 Tcom 올인원,0,0,0,0,0,0,0,0,0,0,0,0,0,0,0,0,0,0,0,0,0,0,0,0,0,0,0,0,0,"65,000","65,000","65,000"
89731580,앱코 스포티 미니 S10-M,0,0,0,0,0,0,0,0,0,0,0,0,0,0,0,0,0,0,0,0,0,0,0,0,0,0,0,0,0,"정품_67,000","정품_67,000","정품_67,000"
122689970,앵키하우스 앵키하우스 에프오디오 스프링,0,0,0,0,0,0,0,0,0,0,0,0,0,0,0,0,0,0,0,0,0,0,0,0,0,0,0,0,0,"중고_660,220","중고_660,220","중고_660,220"
3468103,야마하 HPH-50,0,0,0,0,0,0,0,0,0,0,0,0,0,0,0,0,0,0,0,0,0,0,0,0,0,0,0,0,0,"정품_35,370|해외구매_32,000","정품_35,370|해외구매_31,500","정품_35,270|해외구매_36,400"
16975070,야마하 HPH-MT8,0,0,0,0,0,0,0,0,0,0,0,0,0,0,0,0,0,0,0,0,0,0,0,0,0,0,0,0,0,"정품_220,210|해외구매_236,430","정품_220,210|해외구매_236,430","정품_220,210|해외구매_236,430"
122691363,어반어스 UB-BOE1300,0,0,0,0,0,0,0,0,0,0,0,0,0,0,0,0,0,0,0,0,0,0,0,0,0,0,0,0,0,"정품_14,900","정품_14,900","정품_14,900"
122694863,어반어스 루프 커널형 UB-TWS1400,0,0,0,0,0,0,0,0,0,0,0,0,0,0,0,0,0,0,0,0,0,0,0,0,0,0,0,0,0,"정품_8,800","정품_8,800","정품_8,800"
28889354,얼리버드 원터치 블루투스 무선 이어폰 TWS-S30,0,0,0,0,0,0,0,0,0,0,0,0,0,0,0,0,0,0,0,0,0,0,0,0,0,0,0,0,0,"6,610","6,610","6,610"
123590233,에디파이어 A6,0,0,0,0,0,0,0,0,0,0,0,0,0,0,0,0,0,0,0,0,0,0,0,0,0,0,0,0,0,"해외구매_42,380","해외구매_42,380","해외구매_42,380"
78984941,에디파이어 Comfo C R1,0,0,0,0,0,0,0,0,0,0,0,0,0,0,0,0,0,0,0,0,0,0,0,0,0,0,0,0,0,"정품_54,000|중고_58,650|","정품_54,000|중고_58,650|","정품_54,000|중고_58,650|"
78177674,에디파이어 ES850NB,0,0,0,0,0,0,0,0,0,0,0,0,0,0,0,0,0,0,0,0,0,0,0,0,0,0,0,0,0,"정품_99,000|해외구매_92,070","정품_99,000|해외구매_92,070","정품_99,000|해외구매_92,070"
96311348,에디파이어 NeoBuds Pro 3,0,0,0,0,0,0,0,0,0,0,0,0,0,0,0,0,0,0,0,0,0,0,0,0,0,0,0,0,0,"정품_189,000|해외구매_124,140","정품_189,000|해외구매_124,140","정품_189,000|해외구매_124,140"
108421529,에디파이어 STAX SPIRIT S5,0,0,0,0,0,0,0,0,0,0,0,0,0,0,0,0,0,0,0,0,0,0,0,0,0,0,0,0,0,"정품_574,000|","정품_574,000|","정품_569,000|"
95057402,에디파이어 W800BT Pro,0,0,0,0,0,0,0,0,0,0,0,0,0,0,0,0,0,0,0,0,0,0,0,0,0,0,0,0,0,"정품_59,000|해외구매_63,350",0,0
27760811,에디파이어 W820NB Plus,0,0,0,0,0,0,0,0,0,0,0,0,0,0,0,0,0,0,0,0,0,0,0,0,0,0,0,0,0,"해외구매_61,420","해외구매_61,420","해외구매_61,420"
93017033,에디파이어 W830NB,0,0,0,0,0,0,0,0,0,0,0,0,0,0,0,0,0,0,0,0,0,0,0,0,0,0,0,0,0,"정품_99,000|해외구매_59,610","정품_99,000|해외구매_59,610","정품_99,000|해외구매_68,350"
123590095,에디파이어 Zero Air,0,0,0,0,0,0,0,0,0,0,0,0,0,0,0,0,0,0,0,0,0,0,0,0,0,0,0,0,0,"해외구매_22,500","해외구매_22,500","해외구매_22,500"
97706693,에스엠원 에어팟4 아머 보호 케이스,0,0,0,0,0,0,0,0,0,0,0,0,0,0,0,0,0,0,0,0,0,0,0,0,0,0,0,0,0,"정품_7,620","정품_7,620","정품_7,620"
7733827,에이스텍 ACE-X1,0,0,0,0,0,0,0,0,0,0,0,0,0,0,0,0,0,0,0,0,0,0,0,0,0,0,0,0,0,"19,900","19,900","19,900"
9996627,에이스텍 ACE-X2,0,0,0,0,0,0,0,0,0,0,0,0,0,0,0,0,0,0,0,0,0,0,0,0,0,0,0,0,0,"19,900","19,900","19,900"
11669864,에이투 AW111,0,0,0,0,0,0,0,0,0,0,0,0,0,0,0,0,0,0,0,0,0,0,0,0,0,0,0,0,0,0,"29,900|","26,900|"
122691620,에이투 GE130,0,0,0,0,0,0,0,0,0,0,0,0,0,0,0,0,0,0,0,0,0,0,0,0,0,0,0,0,0,"정품_24,900","정품_24,900","정품_24,900"
100618403,에이투 GE5,0,0,0,0,0,0,0,0,0,0,0,0,0,0,0,0,0,0,0,0,0,0,0,0,0,0,0,0,0,"정품_59,800","정품_59,800","정품_53,820"
78531938,에이투 톤스피어 E30T,0,0,0,0,0,0,0,0,0,0,0,0,0,0,0,0,0,0,0,0,0,0,0,0,0,0,0,0,0,"정품_89,900","정품_89,900","정품_80,910"
95201216,엠지텍 지링크,0,0,0,0,0,0,0,0,0,0,0,0,0,0,0,0,0,0,0,0,0,0,0,0,0,0,0,0,0,"정품_131,120","정품_131,110","정품_131,110"
11854399,엠피보스 MS-CLO11,0,0,0,0,0,0,0,0,0,0,0,0,0,0,0,0,0,0,0,0,0,0,0,0,0,0,0,0,0,"12,610","12,610","12,610"
34740953,엠피보스 MS-OPENAIR800,0,0,0,0,0,0,0,0,0,0,0,0,0,0,0,0,0,0,0,0,0,0,0,0,0,0,0,0,0,"18,900","18,890","18,880"
19091870,엠피보스 MS-RMBT80,0,0,0,0,0,0,0,0,0,0,0,0,0,0,0,0,0,0,0,0,0,0,0,0,0,0,0,0,0,"정품_25,000","정품_25,000","정품_25,000"
5186770,엠피보스 MS-XBT1,0,0,0,0,0,0,0,0,0,0,0,0,0,0,0,0,0,0,0,0,0,0,0,0,0,0,0,0,0,"정품_20,090","정품_20,090","정품_19,430"
2097781,오디오테크니카 ATH-AD500X,0,0,0,0,0,0,0,0,0,0,0,0,0,0,0,0,0,0,0,0,0,0,0,0,0,0,0,0,0,"해외구매_90,080","해외구매_90,080",0
16093286,오디오테크니카 ATH-CKD3C,0,0,0,0,0,0,0,0,0,0,0,0,0,0,0,0,0,0,0,0,0,0,0,0,0,0,0,0,0,"정품_35,000|해외구매_35,680","정품_35,000|해외구매_35,480","정품_35,000|해외구매_35,400"
63141164,오디오테크니카 ATH-CKS30TW+,0,0,0,0,0,0,0,0,0,0,0,0,0,0,0,0,0,0,0,0,0,0,0,0,0,0,0,0,0,"정품_129,000|해외구매_100,760","정품_129,000|해외구매_103,780","정품_129,000|해외구매_102,840"
20775785,오디오테크니카 ATH-CKS330C,0,0,0,0,0,0,0,0,0,0,0,0,0,0,0,0,0,0,0,0,0,0,0,0,0,0,0,0,0,"정품_44,900|해외구매_48,680","정품_44,900|해외구매_48,680","정품_44,900|해외구매_48,580"
76791869,오디오테크니카 ATH-CKS330NC,0,0,0,0,0,0,0,0,0,0,0,0,0,0,0,0,0,0,0,0,0,0,0,0,0,0,0,0,0,"정품_57,660|해외구매_62,230","정품_57,660|해외구매_62,230","정품_57,660|해외구매_62,230"
100448558,오디오테크니카 ATH-HL7BT,0,0,0,0,0,0,0,0,0,0,0,0,0,0,0,0,0,0,0,0,0,0,0,0,0,0,0,0,0,"해외구매_140,120","해외구매_141,740","해외구매_144,970"
2561901,오디오테크니카 ATH-M20X,0,0,0,0,0,0,0,0,0,0,0,0,0,0,0,0,0,0,0,0,0,0,0,0,0,0,0,0,0,"정품_62,730|해외구매_65,640","정품_62,800|해외구매_65,640","정품_62,630|해외구매_65,640"
16597502,오디오테크니카 ATH-M20xBT,0,0,0,0,0,0,0,0,0,0,0,0,0,0,0,0,0,0,0,0,0,0,0,0,0,0,0,0,0,"정품_89,000|해외구매_120,670","정품_89,000|해외구매_120,030","정품_89,000|해외구매_120,020"
2563500,오디오테크니카 ATH-M40X,0,0,0,0,0,0,0,0,0,0,0,0,0,0,0,0,0,0,0,0,0,0,0,0,0,0,0,0,0,"정품_133,560|해외구매_148,860","정품_133,560|해외구매_148,810","정품_133,550|해외구매_148,840"
2563515,오디오테크니카 ATH-M50x,0,0,0,0,0,0,0,0,0,0,0,0,0,0,0,0,0,0,0,0,0,0,0,0,0,0,0,0,0,"정품_183,080|해외구매_111,910","정품_183,080|해외구매_111,910","정품_183,080|해외구매_111,910"
100618475,오디오테크니카 ATH-M50x ENSO,0,0,0,0,0,0,0,0,0,0,0,0,0,0,0,0,0,0,0,0,0,0,0,0,0,0,0,0,0,"정품_249,000","정품_249,000","정품_249,000"
15582173,오디오테크니카 ATH-M50xBT2,0,0,0,0,0,0,0,0,0,0,0,0,0,0,0,0,0,0,0,0,0,0,0,0,0,0,0,0,0,"정품_223,300|해외구매_219,170","정품_223,300|해외구매_217,250","정품_223,180|해외구매_217,240"
10686663,오디오테크니카 ATH-M50xWH,0,0,0,0,0,0,0,0,0,0,0,0,0,0,0,0,0,0,0,0,0,0,0,0,0,0,0,0,0,"정품_219,880|해외구매_215,460","정품_219,880|해외구매_215,220","정품_229,000|해외구매_215,210"
75464609,오디오테크니카 ATH-R50x,0,0,0,0,0,0,0,0,0,0,0,0,0,0,0,0,0,0,0,0,0,0,0,0,0,0,0,0,0,"정품_249,000|해외구매_234,990","정품_249,000|해외구매_234,990","정품_249,000|해외구매_234,990"
3376790,오디오테크니카 ATH-R70x,0,0,0,0,0,0,0,0,0,0,0,0,0,0,0,0,0,0,0,0,0,0,0,0,0,0,0,0,0,"정품_429,000|해외구매_356,990","정품_429,000|해외구매_355,080","정품_429,000|해외구매_355,120"
75464651,오디오테크니카 ATH-R70xa,0,0,0,0,0,0,0,0,0,0,0,0,0,0,0,0,0,0,0,0,0,0,0,0,0,0,0,0,0,"정품_417,570|해외구매_425,280","정품_417,570|해외구매_425,280","정품_417,570|해외구매_425,280"
56152748,오디오테크니카 ATH-S120C,0,0,0,0,0,0,0,0,0,0,0,0,0,0,0,0,0,0,0,0,0,0,0,0,0,0,0,0,0,"정품_39,000|해외구매_35,400","정품_39,000|해외구매_35,400","정품_39,000|해외구매_35,310"
15298310,오디오테크니카 ATH-S220BT,0,0,0,0,0,0,0,0,0,0,0,0,0,0,0,0,0,0,0,0,0,0,0,0,0,0,0,0,0,"정품_67,400|해외구매_59,990","정품_67,400|해외구매_59,490","정품_67,400|해외구매_59,490"
58011590,오디오테크니카 ATH-S300BT,0,0,0,0,0,0,0,0,0,0,0,0,0,0,0,0,0,0,0,0,0,0,0,0,0,0,0,0,0,"정품_129,000|해외구매_143,760","정품_129,000|해외구매_142,930","정품_129,000|해외구매_142,620"
41615006,오디오테크니카 ATH-SQ1TW2,0,0,0,0,0,0,0,0,0,0,0,0,0,0,0,0,0,0,0,0,0,0,0,0,0,0,0,0,0,"정품_79,000|해외구매_80,560","정품_79,000|해외구매_80,560","정품_79,000|해외구매_81,950"
46743992,오디오테크니카 ATH-TWX7,0,0,0,0,0,0,0,0,0,0,0,0,0,0,0,0,0,0,0,0,0,0,0,0,0,0,0,0,0,"정품_170,820|중고_144,270|해외구매_224,000","정품_170,820|중고_158,170|해외구매_224,000","정품_170,820|중고_158,170|해외구매_224,000"
98547329,오디오테크니카 ATH-TWX9MK2,0,0,0,0,0,0,0,0,0,0,0,0,0,0,0,0,0,0,0,0,0,0,0,0,0,0,0,0,0,0,0,"정품_330,280"
122693157,오지렌 귀걸이형 블루투스 이어폰,0,0,0,0,0,0,0,0,0,0,0,0,0,0,0,0,0,0,0,0,0,0,0,0,0,0,0,0,0,"중고_11,120","중고_11,120","중고_11,120"
122690097,오피스 넥셋 이어셋 모듈러잭 KJ-E7,0,0,0,0,0,0,0,0,0,0,0,0,0,0,0,0,0,0,0,0,0,0,0,0,0,0,0,0,0,"중고_28,780","중고_28,780","중고_28,780"
10498422,온앤오프 버디폰 익스플로러 폴더블 SE,0,0,0,0,0,0,0,0,0,0,0,0,0,0,0,0,0,0,0,0,0,0,0,0,0,0,0,0,0,"18,450","18,450","18,450"
27630788,우리투비 MS-501,0,0,0,0,0,0,0,0,0,0,0,0,0,0,0,0,0,0,0,0,0,0,0,0,0,0,0,0,0,"29,800","29,800","29,800"
20106833,우성음향 EXS X21C,0,0,0,0,0,0,0,0,0,0,0,0,0,0,0,0,0,0,0,0,0,0,0,0,0,0,0,0,0,"정품_9,210","정품_9,850","정품_8,710"
6032234,우영커뮤니케이션 애니클리어 CR-2X 헤드셋 거치대,0,0,0,0,0,0,0,0,0,0,0,0,0,0,0,0,0,0,0,0,0,0,0,0,0,0,0,0,0,"15,500","15,500","13,990"
1865017,우일 HL-50S,0,0,0,0,0,0,0,0,0,0,0,0,0,0,0,0,0,0,0,0,0,0,0,0,0,0,0,0,0,"정품_5,500","정품_5,500","정품_5,500"
2828128,우일종합유통 RL-60,0,0,0,0,0,0,0,0,0,0,0,0,0,0,0,0,0,0,0,0,0,0,0,0,0,0,0,0,0,"3,000","3,000","3,000"
2684178,원테크플러스 MIXS MX-001,0,0,0,0,0,0,0,0,0,0,0,0,0,0,0,0,0,0,0,0,0,0,0,0,0,0,0,0,0,0,0,"정품_4,900"
14923802,원테크플러스 투비뉴 TO-BS21,0,0,0,0,0,0,0,0,0,0,0,0,0,0,0,0,0,0,0,0,0,0,0,0,0,0,0,0,0,"38,720","38,720","38,720"
122678459,유코텍 C1,0,0,0,0,0,0,0,0,0,0,0,0,0,0,0,0,0,0,0,0,0,0,0,0,0,0,0,0,0,"정품_39,900","정품_39,900","정품_39,900"
122707444,유코텍 E1,0,0,0,0,0,0,0,0,0,0,0,0,0,0,0,0,0,0,0,0,0,0,0,0,0,0,0,0,0,"정품_139,000","정품_139,000","정품_139,000"
91040741,유코텍 ES903MK2,0,0,0,0,0,0,0,0,0,0,0,0,0,0,0,0,0,0,0,0,0,0,0,0,0,0,0,0,0,"정품_32,900|+NURI DAC, 정품_45,900","정품_32,900|+NURI DAC, 정품_45,900","정품_32,900|+NURI DAC, 정품_45,900"
20731976,이어락 G9 MK3,0,0,0,0,0,0,0,0,0,0,0,0,0,0,0,0,0,0,0,0,0,0,0,0,0,0,0,0,0,"정품_57,000","정품_57,000","정품_57,000"
122711390,이어펀 AirPro4,0,0,0,0,0,0,0,0,0,0,0,0,0,0,0,0,0,0,0,0,0,0,0,0,0,0,0,0,0,"정품_99,000||해외구매_84,890","정품_99,000||해외구매_84,810","정품_99,000||해외구매_84,060"
101075282,이어펀 Tune Pro,0,0,0,0,0,0,0,0,0,0,0,0,0,0,0,0,0,0,0,0,0,0,0,0,0,0,0,0,0,"정품_69,500|해외구매_66,950","정품_69,500|해외구매_66,190","정품_69,500|해외구매_66,950"
63481484,이어펀 Wave Pro,0,0,0,0,0,0,0,0,0,0,0,0,0,0,0,0,0,0,0,0,0,0,0,0,0,0,0,0,0,"해외구매_71,130",0,0
103182398,이지넷유비쿼터스 NEXTU 이어비트 B1 IP68 방수 방진 오픈형 골전도 블루투스 이어폰,0,0,0,0,0,0,0,0,0,0,0,0,0,0,0,0,0,0,0,0,0,0,0,0,0,0,0,0,0,"정품_47,800","정품_47,800","정품_47,800"
63468230,이지넷유비쿼터스 NEXTU 이어스프린트 BT60-EAR,0,0,0,0,0,0,0,0,0,0,0,0,0,0,0,0,0,0,0,0,0,0,0,0,0,0,0,0,0,"정품_26,100","정품_26,100","정품_26,100"
81716531,이츠라이프 C타입 유선 이어폰,0,0,0,0,0,0,0,0,0,0,0,0,0,0,0,0,0,0,0,0,0,0,0,0,0,0,0,0,0,"벌크_2,300","벌크_2,300","벌크_2,300"
1777932,인켈 HES-222,0,0,0,0,0,0,0,0,0,0,0,0,0,0,0,0,0,0,0,0,0,0,0,0,0,0,0,0,0,"정품_1,800",0,0
11717969,인켈 IK-KB500,0,0,0,0,0,0,0,0,0,0,0,0,0,0,0,0,0,0,0,0,0,0,0,0,0,0,0,0,0,"9,800","9,800","9,800"
19815311,잇서 사운드 프로,0,0,0,0,0,0,0,0,0,0,0,0,0,0,0,0,0,0,0,0,0,0,0,0,0,0,0,0,0,"정품_15,930","정품_15,930","정품_15,930"
31465013,잘만 ZM-HPS510 ANC,0,0,0,0,0,0,0,0,0,0,0,0,0,0,0,0,0,0,0,0,0,0,0,0,0,0,0,0,0,"정품_35,740","정품_35,740","정품_35,740"
122686403,제닉스 TITAN GE5,0,0,0,0,0,0,0,0,0,0,0,0,0,0,0,0,0,0,0,0,0,0,0,0,0,0,0,0,0,"정품_50,900","정품_50,900","정품_50,310"
123845772,제이논 에어핏,0,0,0,0,0,0,0,0,0,0,0,0,0,0,0,0,0,0,0,0,0,0,0,0,0,0,0,0,0,"정품_59,110","정품_59,110","정품_59,110"
28468121,제이엔 유선 이어폰 JNE-1,0,0,0,0,0,0,0,0,0,0,0,0,0,0,0,0,0,0,0,0,0,0,0,0,0,0,0,0,0,0,"정품_2,470","정품_2,460"
13587128,젠하이저 CX 80S,0,0,0,0,0,0,0,0,0,0,0,0,0,0,0,0,0,0,0,0,0,0,0,0,0,0,0,0,0,"정품_35,910",0,0
11374677,젠하이저 HD 200 Pro,0,0,0,0,0,0,0,0,0,0,0,0,0,0,0,0,0,0,0,0,0,0,0,0,0,0,0,0,0,0,0,"정품_149,000|해외구매_77,420"
12170,젠하이저 HD 25,0,0,0,0,0,0,0,0,0,0,0,0,0,0,0,0,0,0,0,0,0,0,0,0,0,0,0,0,0,"정품_290,000|해외구매_239,940","정품_290,000|해외구매_239,940",0
8781998,젠하이저 HD 400S,0,0,0,0,0,0,0,0,0,0,0,0,0,0,0,0,0,0,0,0,0,0,0,0,0,0,0,0,0,"정품_79,000|해외구매_47,620","정품_79,000|해외구매_47,620","정품_79,000|해외구매_47,620"
122711253,젠하이저 HD 480 PRO,0,0,0,0,0,0,0,0,0,0,0,0,0,0,0,0,0,0,0,0,0,0,0,0,0,0,0,0,0,"정품_730,000|해외구매_622,210","정품_730,000|해외구매_622,210","정품_730,000|해외구매_617,940"
122712113,젠하이저 HD 480 PRO PLUS,0,0,0,0,0,0,0,0,0,0,0,0,0,0,0,0,0,0,0,0,0,0,0,0,0,0,0,0,0,"정품_800,000","정품_800,000","정품_800,000"
39767978,젠하이저 HD 490 PRO,0,0,0,0,0,0,0,0,0,0,0,0,0,0,0,0,0,0,0,0,0,0,0,0,0,0,0,0,0,"정품_730,000|해외구매_643,630","정품_730,000|해외구매_642,170","정품_730,000|해외구매_628,830"
39767981,젠하이저 HD 490 PRO PLUS,0,0,0,0,0,0,0,0,0,0,0,0,0,0,0,0,0,0,0,0,0,0,0,0,0,0,0,0,0,0,0,"정품_880,000|해외구매_751,150"
86100683,젠하이저 HD 505 Cooper Edition,0,0,0,0,0,0,0,0,0,0,0,0,0,0,0,0,0,0,0,0,0,0,0,0,0,0,0,0,0,"정품_209,130|해외구매_345,400","정품_209,130|해외구매_345,400","정품_209,130|해외구매_345,400"
86100908,젠하이저 HD 550,0,0,0,0,0,0,0,0,0,0,0,0,0,0,0,0,0,0,0,0,0,0,0,0,0,0,0,0,0,"정품_249,000","정품_249,000","정품_249,000"
12573776,젠하이저 HD 560S,0,0,0,0,0,0,0,0,0,0,0,0,0,0,0,0,0,0,0,0,0,0,0,0,0,0,0,0,0,"정품_195,010|해외구매_226,670|중고_192,120","정품_195,010|해외구매_226,670|중고_192,120","정품_187,910|해외구매_229,000|중고_192,120"
4592412,젠하이저 HD 599,0,0,0,0,0,0,0,0,0,0,0,0,0,0,0,0,0,0,0,0,0,0,0,0,0,0,0,0,0,"정품_152,420|해외구매_360,600","정품_152,420|해외구매_360,600","정품_138,710|해외구매_360,600|중고_123,760"
12192,젠하이저 HD 600,0,0,0,0,0,0,0,0,0,0,0,0,0,0,0,0,0,0,0,0,0,0,0,0,0,0,0,0,0,"정품_349,000||해외구매_516,000","정품_349,000||해외구매_504,100","정품_321,500||해외구매_504,100"
58010621,젠하이저 HD 620S,0,0,0,0,0,0,0,0,0,0,0,0,0,0,0,0,0,0,0,0,0,0,0,0,0,0,0,0,0,"정품_299,000|해외구매_577,740|중고_227,240","정품_299,000|해외구매_577,740|중고_247,120","정품_299,000|해외구매_577,740|중고_247,120"
19786772,젠하이저 HD 650,0,0,0,0,0,0,0,0,0,0,0,0,0,0,0,0,0,0,0,0,0,0,0,0,0,0,0,0,0,"정품_376,930","정품_354,480","정품_320,560"
18980885,젠하이저 HD 660S2,0,0,0,0,0,0,0,0,0,0,0,0,0,0,0,0,0,0,0,0,0,0,0,0,0,0,0,0,0,"정품_525,000|해외구매_864,400|중고_471,850","정품_525,000|해외구매_864,400|중고_471,850","정품_493,540|해외구매_859,080|중고_423,030"
3893819,젠하이저 HD 800S,0,0,0,0,0,0,0,0,0,0,0,0,0,0,0,0,0,0,0,0,0,0,0,0,0,0,0,0,0,"정품_2,001,650|해외구매_2,017,560","정품_2,001,650|해외구매_2,017,560","정품_1,934,400|해외구매_2,017,560"
5801699,젠하이저 HD 820,0,0,0,0,0,0,0,0,0,0,0,0,0,0,0,0,0,0,0,0,0,0,0,0,0,0,0,0,0,"정품_2,190,000|해외구매_2,540,000|중고_1,524,000","정품_2,190,000|해외구매_2,540,000|중고_1,657,350","정품_2,190,000|해외구매_2,540,000|중고_1,657,350"
99322775,젠하이저 HDB 630,0,0,0,0,0,0,0,0,0,0,0,0,0,0,0,0,0,0,0,0,0,0,0,0,0,0,0,0,0,"정품_679,000|해외구매_870,610","정품_719,000|해외구매_870,610","정품_719,000|해외구매_870,610"
14418743,젠하이저 IE 100 PRO,0,0,0,0,0,0,0,0,0,0,0,0,0,0,0,0,0,0,0,0,0,0,0,0,0,0,0,0,0,"정품_183,000|해외구매_112,150","정품_183,000|해외구매_112,150","정품_188,000|해외구매_112,150"
18686864,젠하이저 IE 200,0,0,0,0,0,0,0,0,0,0,0,0,0,0,0,0,0,0,0,0,0,0,0,0,0,0,0,0,0,"정품_148,990|해외구매_140,420","정품_148,990|해외구매_140,390","정품_149,000|해외구매_136,210"
13424426,젠하이저 IE 300,0,0,0,0,0,0,0,0,0,0,0,0,0,0,0,0,0,0,0,0,0,0,0,0,0,0,0,0,0,"정품_189,000|해외구매_244,460","정품_189,000|해외구매_244,460","정품_189,000|해외구매_244,460"
16532969,젠하이저 IE 600,0,0,0,0,0,0,0,0,0,0,0,0,0,0,0,0,0,0,0,0,0,0,0,0,0,0,0,0,0,"정품_632,920|해외구매_879,060","정품_632,920|해외구매_879,060","정품_588,000|해외구매_879,060"
16905332,젠하이저 IE 900,0,0,0,0,0,0,0,0,0,0,0,0,0,0,0,0,0,0,0,0,0,0,0,0,0,0,0,0,0,"정품_1,367,400|중고_1,060,570|해외구매_1,826,330","정품_1,367,400|중고_1,060,570|해외구매_1,826,330","정품_1,367,400|중고_1,060,570|해외구매_1,826,330"
17703695,젠하이저 모멘텀 4 와이어리스 M4AEBT,0,0,0,0,0,0,0,0,0,0,0,0,0,0,0,0,0,0,0,0,0,0,0,0,0,0,0,0,0,"정품_304,950|+BTD600, 정품_448,900|해외구매_270,500|중고_223,870","정품_304,950|+BTD600, 정품_448,900|해외구매_270,500|중고_223,870","정품_292,510|+BTD600, 정품_448,900|해외구매_270,500|중고_223,870"
122707391,젠하이저 모멘텀 5 와이어리스 M5AEBT,0,0,0,0,0,0,0,0,0,0,0,0,0,0,0,0,0,0,0,0,0,0,0,0,0,0,0,0,0,"정품_599,000|해외구매_853,900","정품_599,000|해외구매_853,900","정품_599,000|해외구매_853,900"
94085210,젠하이저 모멘텀 트루 와이어리스 3 MTW3,0,0,0,0,0,0,0,0,0,0,0,0,0,0,0,0,0,0,0,0,0,0,0,0,0,0,0,0,0,0,0,"중고_88,170|해외구매_364,800"
36205724,젠하이저 모멘텀 트루 와이어리스 4 MTW4,0,0,0,0,0,0,0,0,0,0,0,0,0,0,0,0,0,0,0,0,0,0,0,0,0,0,0,0,0,"정품_289,880||해외구매_432,080","정품_289,880|해외구매_432,080","정품_289,880|해외구매_432,080"
70619759,젠하이저 엑센텀 ACAEBT,0,0,0,0,0,0,0,0,0,0,0,0,0,0,0,0,0,0,0,0,0,0,0,0,0,0,0,0,0,"+BTD600, 정품_223,400|정품_139,000|해외구매_189,000|중고_91,290","+BTD600, 정품_223,400|정품_139,000|해외구매_189,000|중고_91,290","+BTD600, 정품_223,400|정품_138,700|해외구매_189,000|중고_91,290"
96481385,젠하이저 엑센텀 스페셜 에디션,0,0,0,0,0,0,0,0,0,0,0,0,0,0,0,0,0,0,0,0,0,0,0,0,0,0,0,0,0,"정품_189,000",0,0
92761823,젠하이저 엑센텀 오픈 OTW1,0,0,0,0,0,0,0,0,0,0,0,0,0,0,0,0,0,0,0,0,0,0,0,0,0,0,0,0,0,"정품_106,880","정품_106,880","정품_96,360"
57292517,젠하이저 엑센텀 트루 와이어리스 ATW1,0,0,0,0,0,0,0,0,0,0,0,0,0,0,0,0,0,0,0,0,0,0,0,0,0,0,0,0,0,"정품_182,480||해외구매_262,760",0,0
48475406,젠하이저 엑센텀 플러스 ACPAEBT,0,0,0,0,0,0,0,0,0,0,0,0,0,0,0,0,0,0,0,0,0,0,0,0,0,0,0,0,0,"정품_214,780|해외구매_258,990","정품_214,780|해외구매_258,990","정품_203,220|해외구매_258,990"
122697404,조모오디오 세레니티,0,0,0,0,0,0,0,0,0,0,0,0,0,0,0,0,0,0,0,0,0,0,0,0,0,0,0,0,0,"정품_2,790,000","정품_2,790,000","정품_2,790,000"
78978929,주닉스 ZNS-B9,0,0,0,0,0,0,0,0,0,0,0,0,0,0,0,0,0,0,0,0,0,0,0,0,0,0,0,0,0,정품_950,정품_910,정품_950
122692592,준준베베 아이나인팟2 프로 3세대,0,0,0,0,0,0,0,0,0,0,0,0,0,0,0,0,0,0,0,0,0,0,0,0,0,0,0,0,0,"중고_25,150","중고_25,150","중고_25,150"
48646757,지군코리아 ZYON ZE-S20C,0,0,0,0,0,0,0,0,0,0,0,0,0,0,0,0,0,0,0,0,0,0,0,0,0,0,0,0,0,"블랙_7,800|화이트_7,790","블랙_7,800|화이트_7,790","블랙_7,800|화이트_7,790"
60145034,지군코리아 ZYON ZE-S50C,0,0,0,0,0,0,0,0,0,0,0,0,0,0,0,0,0,0,0,0,0,0,0,0,0,0,0,0,0,"9,800|","9,800|","9,800|"
122692392,지노바 NeckLine Pro,0,0,0,0,0,0,0,0,0,0,0,0,0,0,0,0,0,0,0,0,0,0,0,0,0,0,0,0,0,"정품_38,900","정품_38,900","정품_38,900"
16926209,지성아이엔씨 플라이토 스테레오 AUX 유선 이어폰,0,0,0,0,0,0,0,0,0,0,0,0,0,0,0,0,0,0,0,0,0,0,0,0,0,0,0,0,0,"3,970","3,970","3,970"
17864153,지스타코리아 TEMPLER BT-E70,0,0,0,0,0,0,0,0,0,0,0,0,0,0,0,0,0,0,0,0,0,0,0,0,0,0,0,0,0,"정품_7,160","정품_7,160","정품_7,160"
91496096,지스타코리아 TEMPLER BT-W500,0,0,0,0,0,0,0,0,0,0,0,0,0,0,0,0,0,0,0,0,0,0,0,0,0,0,0,0,0,"정품_7,110","정품_7,110","정품_7,110"
91351424,지스타코리아 TEMPLER MXBT-TWS3,0,0,0,0,0,0,0,0,0,0,0,0,0,0,0,0,0,0,0,0,0,0,0,0,0,0,0,0,0,"정품_14,270","정품_14,270","정품_14,270"
30094133,지스타코리아 TEMPLER TEM-EP120,0,0,0,0,0,0,0,0,0,0,0,0,0,0,0,0,0,0,0,0,0,0,0,0,0,0,0,0,0,"4,080","4,080","4,080"
28055732,지스타코리아 TEMPLER 프로 6 TEM-TWS-i12,0,0,0,0,0,0,0,0,0,0,0,0,0,0,0,0,0,0,0,0,0,0,0,0,0,0,0,0,0,"정품_6,810|","정품_6,810","정품_6,810|"
98918693,청연MnS naVee NV196-CHD2G,0,0,0,0,0,0,0,0,0,0,0,0,0,0,0,0,0,0,0,0,0,0,0,0,0,0,0,0,0,"정품_20,610","정품_20,610","정품_20,610"
33334004,청연MnS naVee NV2-OWE1,0,0,0,0,0,0,0,0,0,0,0,0,0,0,0,0,0,0,0,0,0,0,0,0,0,0,0,0,0,"26,010","26,010","26,010"
58011434,청연MnS naVee NV3-OWE2,0,0,0,0,0,0,0,0,0,0,0,0,0,0,0,0,0,0,0,0,0,0,0,0,0,0,0,0,0,"정품_17,910","정품_17,910","정품_17,910"
34394396,청연MnS naVee NV60-BC300,0,0,0,0,0,0,0,0,0,0,0,0,0,0,0,0,0,0,0,0,0,0,0,0,0,0,0,0,0,"37,040","37,040","37,040"
13398980,청연MnS naVee NV87-CSR77,0,0,0,0,0,0,0,0,0,0,0,0,0,0,0,0,0,0,0,0,0,0,0,0,0,0,0,0,0,"25,400","25,400","25,400"
100736297,청연MnS naVee NV88-NTW1,0,0,0,0,0,0,0,0,0,0,0,0,0,0,0,0,0,0,0,0,0,0,0,0,0,0,0,0,0,"정품_38,800|중고_32,980","정품_38,800|중고_32,980","정품_38,800|중고_32,980"
106726592,칸탐 갤럭시 버즈4 시리즈 범퍼 락 케이스,0,0,0,0,0,0,0,0,0,0,0,0,0,0,0,0,0,0,0,0,0,0,0,0,0,0,0,0,0,"정품_11,900","정품_11,900","정품_11,900"
96256430,캠브리지오디오 Melomania A100,0,0,0,0,0,0,0,0,0,0,0,0,0,0,0,0,0,0,0,0,0,0,0,0,0,0,0,0,0,"정품_234,000||해외구매_255,990","정품_234,000||해외구매_255,990","정품_234,000||해외구매_255,990"
99322733,캠브리지오디오 Melomania P100SE,0,0,0,0,0,0,0,0,0,0,0,0,0,0,0,0,0,0,0,0,0,0,0,0,0,0,0,0,0,"정품_349,000","정품_349,000","정품_349,000"
43545344,컴길 빌보드 BL-AH001,0,0,0,0,0,0,0,0,0,0,0,0,0,0,0,0,0,0,0,0,0,0,0,0,0,0,0,0,0,"43,070","43,070","43,070"
40019327,컴길 빌보드 BL-ANC002,0,0,0,0,0,0,0,0,0,0,0,0,0,0,0,0,0,0,0,0,0,0,0,0,0,0,0,0,0,"36,580","36,580","36,580"
41019245,컴길 빌보드 BL-BH001,0,0,0,0,0,0,0,0,0,0,0,0,0,0,0,0,0,0,0,0,0,0,0,0,0,0,0,0,0,"29,000","29,000","29,000"
43523228,컴길 빌보드 BL-TWS002,0,0,0,0,0,0,0,0,0,0,0,0,0,0,0,0,0,0,0,0,0,0,0,0,0,0,0,0,0,"정품_29,000|","정품_29,000|","정품_29,000|"
40019135,컴길 빌보드 BL-TWS003,0,0,0,0,0,0,0,0,0,0,0,0,0,0,0,0,0,0,0,0,0,0,0,0,0,0,0,0,0,"44,100","44,100","44,100"
18510908,코시 EP2112BTW,0,0,0,0,0,0,0,0,0,0,0,0,0,0,0,0,0,0,0,0,0,0,0,0,0,0,0,0,0,"35,120","35,120","35,120"
17940662,코시 EP2156BT,0,0,0,0,0,0,0,0,0,0,0,0,0,0,0,0,0,0,0,0,0,0,0,0,0,0,0,0,0,"24,300","24,290","24,290"
36202646,코시 EP2223iP,0,0,0,0,0,0,0,0,0,0,0,0,0,0,0,0,0,0,0,0,0,0,0,0,0,0,0,0,0,"14,400","14,400","14,360"
92893805,코시 EP2283C,0,0,0,0,0,0,0,0,0,0,0,0,0,0,0,0,0,0,0,0,0,0,0,0,0,0,0,0,0,"정품_11,500","정품_11,500","정품_11,500"
7919923,코시 EP3375BT,0,0,0,0,0,0,0,0,0,0,0,0,0,0,0,0,0,0,0,0,0,0,0,0,0,0,0,0,0,"정품_21,310",0,0
1859575,코시 HP1112,0,0,0,0,0,0,0,0,0,0,0,0,0,0,0,0,0,0,0,0,0,0,0,0,0,0,0,0,0,"정품_10,900",0,0
92893784,코시 네티 EP4148C,0,0,0,0,0,0,0,0,0,0,0,0,0,0,0,0,0,0,0,0,0,0,0,0,0,0,0,0,0,"정품_10,900","정품_10,900","정품_10,900"
11490444,코시 버킷 EP2044C,0,0,0,0,0,0,0,0,0,0,0,0,0,0,0,0,0,0,0,0,0,0,0,0,0,0,0,0,0,"8,520","8,520","8,520"
11490993,코시 베스타 EP2027C,0,0,0,0,0,0,0,0,0,0,0,0,0,0,0,0,0,0,0,0,0,0,0,0,0,0,0,0,0,"11,700","11,700","11,700"
18452849,코시 본투 EP2158BTB,0,0,0,0,0,0,0,0,0,0,0,0,0,0,0,0,0,0,0,0,0,0,0,0,0,0,0,0,0,"19,200","19,200","19,200"
9760323,코시 브리즈 EP3435,0,0,0,0,0,0,0,0,0,0,0,0,0,0,0,0,0,0,0,0,0,0,0,0,0,0,0,0,0,"3,700","3,700","3,700"
90648920,코시 세라믹 이어폰 EP2247C,0,0,0,0,0,0,0,0,0,0,0,0,0,0,0,0,0,0,0,0,0,0,0,0,0,0,0,0,0,"정품_15,830","정품_15,830","정품_15,830"
78389957,코시 오픈핏 EP4137C,0,0,0,0,0,0,0,0,0,0,0,0,0,0,0,0,0,0,0,0,0,0,0,0,0,0,0,0,0,"정품_9,980","정품_9,980","정품_9,980"
122697472,코시 오픈핏 EP4163BTR,0,0,0,0,0,0,0,0,0,0,0,0,0,0,0,0,0,0,0,0,0,0,0,0,0,0,0,0,0,"정품_15,200","정품_15,200","정품_15,200"
91562324,코시 카나 EP2269BTW,0,0,0,0,0,0,0,0,0,0,0,0,0,0,0,0,0,0,0,0,0,0,0,0,0,0,0,0,0,"정품_24,750","정품_24,750","정품_24,750"
11475138,코시 카일 EP2039C,0,0,0,0,0,0,0,0,0,0,0,0,0,0,0,0,0,0,0,0,0,0,0,0,0,0,0,0,0,"14,490","14,490","14,490"
18460631,코시 크루 EP2180C,0,0,0,0,0,0,0,0,0,0,0,0,0,0,0,0,0,0,0,0,0,0,0,0,0,0,0,0,0,"11,360","11,360","11,360"
13671344,코시 타입C 어반 EP3431C-F,0,0,0,0,0,0,0,0,0,0,0,0,0,0,0,0,0,0,0,0,0,0,0,0,0,0,0,0,0,"11,230","11,230","11,230"
18460598,코시 토미 EP2179C,0,0,0,0,0,0,0,0,0,0,0,0,0,0,0,0,0,0,0,0,0,0,0,0,0,0,0,0,0,"12,290","12,290","11,390"
99324854,코시 폴카 EP2290C,0,0,0,0,0,0,0,0,0,0,0,0,0,0,0,0,0,0,0,0,0,0,0,0,0,0,0,0,0,"정품_11,970","정품_11,970","정품_11,970"
11552258,코시 프로빈 EP3475C,0,0,0,0,0,0,0,0,0,0,0,0,0,0,0,0,0,0,0,0,0,0,0,0,0,0,0,0,0,"11,180","11,180","11,180"
29755412,코시 헤이 HS2218BT,0,0,0,0,0,0,0,0,0,0,0,0,0,0,0,0,0,0,0,0,0,0,0,0,0,0,0,0,0,"27,900","27,900","27,900"
122717373,코조이 D1,0,0,0,0,0,0,0,0,0,0,0,0,0,0,0,0,0,0,0,0,0,0,0,0,0,0,0,0,0,"정품_59,800","정품_59,800","정품_59,800"
122694793,쿠팡 홈플래닛 EP01KN-WH,0,0,0,0,0,0,0,0,0,0,0,0,0,0,0,0,0,0,0,0,0,0,0,0,0,0,0,0,0,"중고_3,640","중고_3,640","중고_3,640"
21518051,쿠팡 홈플래닛 블루투스 방수 헤드셋 SX-990,0,0,0,0,0,0,0,0,0,0,0,0,0,0,0,0,0,0,0,0,0,0,0,0,0,0,0,0,0,"정품_31,800|",0,0
79116860,퀵핀 C타입 유선 이어폰,0,0,0,0,0,0,0,0,0,0,0,0,0,0,0,0,0,0,0,0,0,0,0,0,0,0,0,0,0,"정품_3,300|","정품_3,300|","정품_3,300|"
19823351,키밍 KM2978-193,0,0,0,0,0,0,0,0,0,0,0,0,0,0,0,0,0,0,0,0,0,0,0,0,0,0,0,0,0,"3,940","3,940","3,940"
91189874,키밍 컨트롤러 헤드셋 거치대 KM5497-409,0,0,0,0,0,0,0,0,0,0,0,0,0,0,0,0,0,0,0,0,0,0,0,0,0,0,0,0,0,"정품_7,590","정품_7,590","정품_7,590"
19132397,키위이어스 CADENZA,0,0,0,0,0,0,0,0,0,0,0,0,0,0,0,0,0,0,0,0,0,0,0,0,0,0,0,0,0,"정품_58,010|해외구매_52,670","정품_58,010|해외구매_52,670","정품_58,010|해외구매_52,840"
122691375,키키슛 파이니스트랩 키키 스타일 스퀘어 파우치 이어폰,0,0,0,0,0,0,0,0,0,0,0,0,0,0,0,0,0,0,0,0,0,0,0,0,0,0,0,0,0,"정품_7,630","정품_7,630","정품_7,630"
122692546,타이디홈 C타입 수면용 러닝용 유선 이어폰,0,0,0,0,0,0,0,0,0,0,0,0,0,0,0,0,0,0,0,0,0,0,0,0,0,0,0,0,0,"정품_5,360|","정품_5,360|","정품_5,360|"
122696117,타이디홈 깔끔 심플 유선 헤드셋,0,0,0,0,0,0,0,0,0,0,0,0,0,0,0,0,0,0,0,0,0,0,0,0,0,0,0,0,0,"정품_8,700","정품_8,700","정품_8,700"
122691680,타이디홈 힙한 유선 헤드셋,0,0,0,0,0,0,0,0,0,0,0,0,0,0,0,0,0,0,0,0,0,0,0,0,0,0,0,0,0,"정품_12,920","정품_12,920","정품_12,920"
122689606,탑피아 심플 유선 이어폰,0,0,0,0,0,0,0,0,0,0,0,0,0,0,0,0,0,0,0,0,0,0,0,0,0,0,0,0,0,"중고_2,220","중고_2,220","중고_2,220"
122690496,톰슨 TBE-401,0,0,0,0,0,0,0,0,0,0,0,0,0,0,0,0,0,0,0,0,0,0,0,0,0,0,0,0,0,"중고_39,920","중고_39,920","중고_39,920"
122689001,톰슨 TBE-701,0,0,0,0,0,0,0,0,0,0,0,0,0,0,0,0,0,0,0,0,0,0,0,0,0,0,0,0,0,"정품_58,900|","정품_58,900|","정품_58,900|"
7646041,트리 하우디 싱글 GTS24960,0,0,0,0,0,0,0,0,0,0,0,0,0,0,0,0,0,0,0,0,0,0,0,0,0,0,0,0,0,"3,790","3,790","3,790"
453446,파나소닉 RP-HJE200,0,0,0,0,0,0,0,0,0,0,0,0,0,0,0,0,0,0,0,0,0,0,0,0,0,0,0,0,0,"정품_5,210","정품_5,210","정품_5,210"
911067,파나소닉 RP-HS46,0,0,0,0,0,0,0,0,0,0,0,0,0,0,0,0,0,0,0,0,0,0,0,0,0,0,0,0,0,"정품_7,990|","정품_7,990|","정품_7,990|"
11427,파나소닉 RP-HT010,0,0,0,0,0,0,0,0,0,0,0,0,0,0,0,0,0,0,0,0,0,0,0,0,0,0,0,0,0,"정품_6,080","정품_6,080","정품_6,260"
6085594,파나소닉 RP-HZ47,0,0,0,0,0,0,0,0,0,0,0,0,0,0,0,0,0,0,0,0,0,0,0,0,0,0,0,0,0,"병행수입_23,960|정품_9,880||해외구매_16,830","병행수입_23,960|정품_9,870||해외구매_16,830","병행수입_23,770|정품_9,870||해외구매_16,830"
1767835,파나소닉 RP-TCM120,0,0,0,0,0,0,0,0,0,0,0,0,0,0,0,0,0,0,0,0,0,0,0,0,0,0,0,0,0,"14,880","14,880","14,880"
74415257,파나소닉 테크닉스 EAH-AZ100,0,0,0,0,0,0,0,0,0,0,0,0,0,0,0,0,0,0,0,0,0,0,0,0,0,0,0,0,0,"해외구매_327,610","해외구매_327,620","해외구매_325,740"
123731521,파나소닉 테크닉스 EAH-AZ100 the Rolling Stones Edition,0,0,0,0,0,0,0,0,0,0,0,0,0,0,0,0,0,0,0,0,0,0,0,0,0,0,0,0,0,"해외구매_698,980","해외구매_698,980","해외구매_698,980"
20519156,파나소닉 테크닉스 EAH-AZ80,0,0,0,0,0,0,0,0,0,0,0,0,0,0,0,0,0,0,0,0,0,0,0,0,0,0,0,0,0,"해외구매_225,000","해외구매_225,000","해외구매_225,460"
6796846,파이널 E1000,0,0,0,0,0,0,0,0,0,0,0,0,0,0,0,0,0,0,0,0,0,0,0,0,0,0,0,0,0,"정품_33,250|해외구매_29,600","정품_33,250|해외구매_29,600","정품_33,250|해외구매_29,600"
5184061,파이널 E2000,0,0,0,0,0,0,0,0,0,0,0,0,0,0,0,0,0,0,0,0,0,0,0,0,0,0,0,0,0,"정품_63,000||해외구매_39,310","정품_63,000||해외구매_39,310","정품_63,000||해외구매_39,310"
6286067,파이널 E4000,0,0,0,0,0,0,0,0,0,0,0,0,0,0,0,0,0,0,0,0,0,0,0,0,0,0,0,0,0,"정품_226,550","정품_226,550","정품_226,550"
10523562,파이널 E500,0,0,0,0,0,0,0,0,0,0,0,0,0,0,0,0,0,0,0,0,0,0,0,0,0,0,0,0,0,"정품_28,000|해외구매_33,070",0,"정품_28,000|해외구매_33,070"
59826647,파이널 MAKE4,0,0,0,0,0,0,0,0,0,0,0,0,0,0,0,0,0,0,0,0,0,0,0,0,0,0,0,0,0,"해외구매_134,390","해외구매_134,390",0
106735043,파이널 UX1000,0,0,0,0,0,0,0,0,0,0,0,0,0,0,0,0,0,0,0,0,0,0,0,0,0,0,0,0,0,"정품_78,390|","정품_78,390|","정품_78,220|"
28609022,파이널 VR2000,0,0,0,0,0,0,0,0,0,0,0,0,0,0,0,0,0,0,0,0,0,0,0,0,0,0,0,0,0,"정품_84,070|해외구매_68,680","정품_84,070|해외구매_68,620","정품_84,070|해외구매_69,110"
13055135,파이널 VR3000,0,0,0,0,0,0,0,0,0,0,0,0,0,0,0,0,0,0,0,0,0,0,0,0,0,0,0,0,0,"정품_96,930|해외구매_88,770","정품_96,930|해외구매_88,770","정품_96,930|해외구매_88,580"
43529903,파이널 VR500,0,0,0,0,0,0,0,0,0,0,0,0,0,0,0,0,0,0,0,0,0,0,0,0,0,0,0,0,0,"정품_49,000|해외구매_46,330","정품_49,000|해외구매_44,340","정품_49,000|해외구매_44,340"
122684082,파이널 ZE300,0,0,0,0,0,0,0,0,0,0,0,0,0,0,0,0,0,0,0,0,0,0,0,0,0,0,0,0,0,"정품_67,610|","정품_67,610|","정품_67,610|"
94518827,파이널 ZE500 for ASMR,0,0,0,0,0,0,0,0,0,0,0,0,0,0,0,0,0,0,0,0,0,0,0,0,0,0,0,0,0,"정품_139,690|해외구매_87,240","정품_139,690|해외구매_87,240","정품_139,690|해외구매_89,910"
57499589,파이널 ag COTSUBU ASMR MK2,0,0,0,0,0,0,0,0,0,0,0,0,0,0,0,0,0,0,0,0,0,0,0,0,0,0,0,0,0,"정품_123,000|해외구매_60,670","정품_123,000|해외구매_60,670","정품_123,000|해외구매_60,530"
91636349,파이널 ag COTSUBU MK2+,0,0,0,0,0,0,0,0,0,0,0,0,0,0,0,0,0,0,0,0,0,0,0,0,0,0,0,0,0,"정품_83,880|해외구매_117,670","정품_83,880|해외구매_116,680","정품_83,880|해외구매_116,680"
122696697,파이니스트랩 하이 베어 케이스 이어폰,0,0,0,0,0,0,0,0,0,0,0,0,0,0,0,0,0,0,0,0,0,0,0,0,0,0,0,0,0,"정품_3,790","정품_3,790","정품_3,790"
15075545,판다인터내셔널 사운드판다 SPE-G9 Light,0,0,0,0,0,0,0,0,0,0,0,0,0,0,0,0,0,0,0,0,0,0,0,0,0,0,0,0,0,"정품_23,870|해외구매_16,800","정품_23,870|해외구매_16,800","정품_23,870|해외구매_16,800"
20703623,펀클래스 DIVINUS 벨벳팁,0,0,0,0,0,0,0,0,0,0,0,0,0,0,0,0,0,0,0,0,0,0,0,0,0,0,0,0,0,"S, 1쌍_11,900|MS, 1쌍_11,900|M, 1쌍_11,900|ML, 1쌍_11,900|L, 1쌍_11,900|||||",0,0
78176507,펀클래스 DIVINUS 벨벳팁 와이드보어,0,0,0,0,0,0,0,0,0,0,0,0,0,0,0,0,0,0,0,0,0,0,0,0,0,0,0,0,0,"S, 1쌍_11,900|MS, 1쌍_11,890|M, 1쌍_11,900|ML, 1쌍_11,900|L, 1쌍_11,900|||||","S, 1쌍_11,900|MS, 1쌍_11,890|M, 1쌍_11,900|ML, 1쌍_11,900|L, 1쌍_11,900|||||","S, 1쌍_11,900|MS, 1쌍_11,890|M, 1쌍_11,900|ML, 1쌍_11,900|L, 1쌍_11,900|||||"
122656281,포시오디오 IM4,0,0,0,0,0,0,0,0,0,0,0,0,0,0,0,0,0,0,0,0,0,0,0,0,0,0,0,0,0,"정품_138,990","정품_138,990","정품_138,990"
13166817,포칼 BATHYS,0,0,0,0,0,0,0,0,0,0,0,0,0,0,0,0,0,0,0,0,0,0,0,0,0,0,0,0,0,"정품_760,000|해외구매_1,050,600","정품_760,000|해외구매_1,050,600","정품_760,000|해외구매_1,050,600"
28926206,포칼 BATHYS DUNE,0,0,0,0,0,0,0,0,0,0,0,0,0,0,0,0,0,0,0,0,0,0,0,0,0,0,0,0,0,"정품_760,000|해외구매_1,153,990","정품_760,000|해외구매_1,154,000","정품_760,000|해외구매_1,154,000"
29333399,포팩트 4FACT C1,0,0,0,0,0,0,0,0,0,0,0,0,0,0,0,0,0,0,0,0,0,0,0,0,0,0,0,0,0,"정품_47,500","정품_47,500","정품_47,500"
122624883,포팩트 4FACT M1,0,0,0,0,0,0,0,0,0,0,0,0,0,0,0,0,0,0,0,0,0,0,0,0,0,0,0,0,0,"정품_39,500","정품_39,500","정품_39,500"
123031733,포팩트 4FACT Q1,0,0,0,0,0,0,0,0,0,0,0,0,0,0,0,0,0,0,0,0,0,0,0,0,0,0,0,0,0,"정품_69,500","정품_69,500","정품_69,500"
29334044,포팩트 4FACT R1,0,0,0,0,0,0,0,0,0,0,0,0,0,0,0,0,0,0,0,0,0,0,0,0,0,0,0,0,0,"49,500","49,500","49,500"
14148371,포팩트 4FACT T1,0,0,0,0,0,0,0,0,0,0,0,0,0,0,0,0,0,0,0,0,0,0,0,0,0,0,0,0,0,"블랙_52,000|화이트_52,000","블랙_52,000|화이트_52,000","블랙_52,000|화이트_52,000"
27754682,포팩트 4FACT Z1,0,0,0,0,0,0,0,0,0,0,0,0,0,0,0,0,0,0,0,0,0,0,0,0,0,0,0,0,0,0,"64,320","64,320"
122697310,폰위드 3세대 IS12,0,0,0,0,0,0,0,0,0,0,0,0,0,0,0,0,0,0,0,0,0,0,0,0,0,0,0,0,0,"중고_15,270","중고_15,270","중고_15,270"
122694573,폰위드 N2 스테레오 유선 이어폰,0,0,0,0,0,0,0,0,0,0,0,0,0,0,0,0,0,0,0,0,0,0,0,0,0,0,0,0,0,"정품_6,250","정품_6,250","정품_6,250"
95344259,프리라이프 미니 수면 이어폰 SK19,0,0,0,0,0,0,0,0,0,0,0,0,0,0,0,0,0,0,0,0,0,0,0,0,0,0,0,0,0,"정품_16,980|해외구매_10,970","정품_16,980|해외구매_10,970","정품_16,980|해외구매_10,970"
92965835,플레오맥스 PBE-E05,0,0,0,0,0,0,0,0,0,0,0,0,0,0,0,0,0,0,0,0,0,0,0,0,0,0,0,0,0,"정품_28,900",0,0
13042184,플레오맥스 PBH-500,0,0,0,0,0,0,0,0,0,0,0,0,0,0,0,0,0,0,0,0,0,0,0,0,0,0,0,0,0,"15,380","15,380","15,380"
18067994,플레오맥스 PBH-ANC600,0,0,0,0,0,0,0,0,0,0,0,0,0,0,0,0,0,0,0,0,0,0,0,0,0,0,0,0,0,"24,900","24,900","24,900"
35769911,플레오맥스 PM-BUZ17,0,0,0,0,0,0,0,0,0,0,0,0,0,0,0,0,0,0,0,0,0,0,0,0,0,0,0,0,0,"정품_18,700|","정품_18,700|","정품_18,700|"
14999204,플레오맥스 PM-C1000,0,0,0,0,0,0,0,0,0,0,0,0,0,0,0,0,0,0,0,0,0,0,0,0,0,0,0,0,0,"7,500","7,500","7,500"
19681514,플레오맥스 PM-C500,0,0,0,0,0,0,0,0,0,0,0,0,0,0,0,0,0,0,0,0,0,0,0,0,0,0,0,0,0,"정품_11,000","정품_11,000","정품_11,000"
27695927,플레오맥스 PM-TW300,0,0,0,0,0,0,0,0,0,0,0,0,0,0,0,0,0,0,0,0,0,0,0,0,0,0,0,0,0,"19,000","19,000","19,000"
122717529,피닉스 SBT-R500,0,0,0,0,0,0,0,0,0,0,0,0,0,0,0,0,0,0,0,0,0,0,0,0,0,0,0,0,0,"14,620","14,620","14,620"
67372442,피닉스 버즈위드 BUD-1000,0,0,0,0,0,0,0,0,0,0,0,0,0,0,0,0,0,0,0,0,0,0,0,0,0,0,0,0,0,"23,850","24,590","24,530"
7139689,피센 A001,0,0,0,0,0,0,0,0,0,0,0,0,0,0,0,0,0,0,0,0,0,0,0,0,0,0,0,0,0,"16,390","16,390","16,390"
40579973,피아톤 900 LEGACY+,0,0,0,0,0,0,0,0,0,0,0,0,0,0,0,0,0,0,0,0,0,0,0,0,0,0,0,0,0,0,"정품_49,900","정품_49,900"
19975382,피아톤 보노비츠 라이트 BN300,0,0,0,0,0,0,0,0,0,0,0,0,0,0,0,0,0,0,0,0,0,0,0,0,0,0,0,0,0,"정품_38,540","정품_38,540",0
17357735,피에스이 벤처스 PENTON AIR,0,0,0,0,0,0,0,0,0,0,0,0,0,0,0,0,0,0,0,0,0,0,0,0,0,0,0,0,0,"23,260","24,290",0
95933165,필립스 Ringo TAH2000,0,0,0,0,0,0,0,0,0,0,0,0,0,0,0,0,0,0,0,0,0,0,0,0,0,0,0,0,0,"정품_29,900|해외구매_37,990","정품_29,900|해외구매_37,990","정품_29,900|해외구매_37,990"
2575070,필립스 SHP9500,0,0,0,0,0,0,0,0,0,0,0,0,0,0,0,0,0,0,0,0,0,0,0,0,0,0,0,0,0,"정품_69,800|해외구매_71,070","정품_69,800|해외구매_71,070","정품_69,800|해외구매_70,200"
18854915,필립스 SHP9600,0,0,0,0,0,0,0,0,0,0,0,0,0,0,0,0,0,0,0,0,0,0,0,0,0,0,0,0,0,0,"해외구매_101,370","해외구매_98,100"
76463441,필립스 TAA6709,0,0,0,0,0,0,0,0,0,0,0,0,0,0,0,0,0,0,0,0,0,0,0,0,0,0,0,0,0,"정품_59,000|중고_47,200","정품_59,000|중고_47,200","정품_59,000|중고_47,200"
92107502,필립스 TAA7607,0,0,0,0,0,0,0,0,0,0,0,0,0,0,0,0,0,0,0,0,0,0,0,0,0,0,0,0,0,"정품_99,400|해외구매_317,380","정품_99,400|해외구매_317,380","정품_99,400|해외구매_317,380"
31347140,필립스 TAE1018,0,0,0,0,0,0,0,0,0,0,0,0,0,0,0,0,0,0,0,0,0,0,0,0,0,0,0,0,0,"정품_15,900","정품_15,900",0
76791287,필립스 TAH2209,0,0,0,0,0,0,0,0,0,0,0,0,0,0,0,0,0,0,0,0,0,0,0,0,0,0,0,0,0,"정품_28,900","정품_28,900","정품_28,900"
67682033,필립스 TAH5209,0,0,0,0,0,0,0,0,0,0,0,0,0,0,0,0,0,0,0,0,0,0,0,0,0,0,0,0,0,"29,800","29,800","29,800"
34739042,필립스 TAH7508,0,0,0,0,0,0,0,0,0,0,0,0,0,0,0,0,0,0,0,0,0,0,0,0,0,0,0,0,0,"정품_98,740|해외구매_58,880|중고_47,420","정품_98,740|해외구매_58,880|중고_47,420","정품_98,740|해외구매_58,880|중고_47,420"
98488196,필립스 TAH8000,0,0,0,0,0,0,0,0,0,0,0,0,0,0,0,0,0,0,0,0,0,0,0,0,0,0,0,0,0,"정품_84,000","정품_84,000","정품_80,100"
91770746,필립스 TAK4200,0,0,0,0,0,0,0,0,0,0,0,0,0,0,0,0,0,0,0,0,0,0,0,0,0,0,0,0,0,"정품_37,900|해외구매_49,890","정품_37,900|해외구매_49,890","정품_37,900|해외구매_49,890"
90272231,필립스 TAQ2000,0,0,0,0,0,0,0,0,0,0,0,0,0,0,0,0,0,0,0,0,0,0,0,0,0,0,0,0,0,"정품_29,900|중고_22,870","정품_29,900|중고_22,870","정품_29,900|중고_21,030"
124056440,필립스 TAQ4000,0,0,0,0,0,0,0,0,0,0,0,0,0,0,0,0,0,0,0,0,0,0,0,0,0,0,0,0,0,"69,000","69,000","69,000"
49645283,필립스 TAT1108,0,0,0,0,0,0,0,0,0,0,0,0,0,0,0,0,0,0,0,0,0,0,0,0,0,0,0,0,0,"정품_28,880","정품_28,870","정품_28,610"
73694369,필립스 TAT1109,0,0,0,0,0,0,0,0,0,0,0,0,0,0,0,0,0,0,0,0,0,0,0,0,0,0,0,0,0,"정품_18,900|중고_16,010","정품_18,900|중고_18,100","정품_16,900|중고_16,100"
49646393,필립스 TAT1138,0,0,0,0,0,0,0,0,0,0,0,0,0,0,0,0,0,0,0,0,0,0,0,0,0,0,0,0,0,"정품_19,900|","정품_19,900|","정품_19,900|"
108390980,필립스 TAT1139,0,0,0,0,0,0,0,0,0,0,0,0,0,0,0,0,0,0,0,0,0,0,0,0,0,0,0,0,0,"정품_19,900|중고_13,230","정품_19,900","정품_19,900"
122689826,필립스 TAT1300,0,0,0,0,0,0,0,0,0,0,0,0,0,0,0,0,0,0,0,0,0,0,0,0,0,0,0,0,0,"정품_19,800","정품_19,800","정품_19,800"
95205752,필립스 TAT2000,0,0,0,0,0,0,0,0,0,0,0,0,0,0,0,0,0,0,0,0,0,0,0,0,0,0,0,0,0,"정품_28,900","정품_28,900","정품_28,900"
31346414,필립스 TAT3508,0,0,0,0,0,0,0,0,0,0,0,0,0,0,0,0,0,0,0,0,0,0,0,0,0,0,0,0,0,"정품_39,000||해외구매_140,940","정품_39,000||해외구매_140,940","정품_39,000||해외구매_140,940"
78099188,필립스 TAT3559,0,0,0,0,0,0,0,0,0,0,0,0,0,0,0,0,0,0,0,0,0,0,0,0,0,0,0,0,0,"정품_29,900","정품_29,900","정품_29,900"
5275813,필립스 피델리오 X2HR,0,0,0,0,0,0,0,0,0,0,0,0,0,0,0,0,0,0,0,0,0,0,0,0,0,0,0,0,0,"정품_129,000|해외구매_185,000","정품_129,000|해외구매_185,000","정품_129,000|해외구매_185,000"
122697504,하이브핏 클립팟 오픈형 OH-BS01,0,0,0,0,0,0,0,0,0,0,0,0,0,0,0,0,0,0,0,0,0,0,0,0,0,0,0,0,0,"정품_21,170","정품_21,170","정품_21,170"
94522235,하이하이주식회사 유스픽 갤럭시 버즈3 반투명 스퀘어링 케이스,0,0,0,0,0,0,0,0,0,0,0,0,0,0,0,0,0,0,0,0,0,0,0,0,0,0,0,0,0,"정품_4,590","정품_4,590","정품_4,590"
94569101,하이하이주식회사 유스픽 갤럭시 버즈3 연결형 스퀘어링 클리어 케이스,0,0,0,0,0,0,0,0,0,0,0,0,0,0,0,0,0,0,0,0,0,0,0,0,0,0,0,0,0,"정품_5,850","정품_5,850","정품_5,850"
100268723,허그유 B3,0,0,0,0,0,0,0,0,0,0,0,0,0,0,0,0,0,0,0,0,0,0,0,0,0,0,0,0,0,"정품_15,190","정품_15,190","정품_15,190"
122695484,헤이즈 홈플래닛 스토닉스,0,0,0,0,0,0,0,0,0,0,0,0,0,0,0,0,0,0,0,0,0,0,0,0,0,0,0,0,0,"중고_11,610","중고_11,610","중고_11,610"
101725307,히키스 A-MARU,0,0,0,0,0,0,0,0,0,0,0,0,0,0,0,0,0,0,0,0,0,0,0,0,0,0,0,0,0,정품_820,정품_820,정품_820
