Id,Name,2026-08-01 12:26:58,2026-08-02 12:26:39,2026-08-03 12:28:39,2026-08-04 11:57:02,2026-08-05 11:53:17,2026-08-06 11:57:05,2026-08-07 11:54:22,2026-08-08 10:58:32,2026-08-09 11:05:04,2026-08-10 11:09:38,2026-08-11 11:05:03,2026-08-12 11:21:34,2026-08-13 11:23:37,2026-08-14 11:21:49,2026-08-15 10:29:15,2026-08-16 10:41:19,2026-08-17 10:39:16,2026-08-18 10:28:32,2026-08-19 10:36:22,2026-08-20 10:29:30,2026-08-21 10:40:33,2026-08-22 10:28:34,2026-08-23 10:43:06,2026-08-24 10:41:16,2026-08-25 10:36:27,2026-08-26 10:41:08,2026-08-27 17:32:27,2026-08-28 19:46:11,2026-08-29 15:33:35,2026-08-30 13:46:02,2026-08-31 13:49:57
10363848,ACPI DDR3-1600,0,0,0,0,0,0,0,0,0,0,0,0,0,0,0,0,0,0,0,0,0,0,0,0,0,0,0,0,0,"8GB_2,875원/1GB_23,000","8GB_2,636원/1GB_21,090"
17020214,ADATA DDR4-3200 CL22 중고,0,0,0,0,0,0,0,0,0,0,0,0,0,0,0,0,0,0,0,0,0,0,0,0,0,0,0,0,0,"16GB_9,938원/1GB_159,000","16GB_9,938원/1GB_159,000"
94450340,ADATA DDR4-3200 CL22 파인인포,0,0,0,0,0,0,0,0,0,0,0,0,0,0,0,0,0,0,0,0,0,0,0,0,0,0,0,0,0,"32GB_12,968원/1GB_414,960|_16GB_11,681원/1GB_186,900|_8GB_11,100원/1GB_88,800","32GB_12,968원/1GB_414,960|_16GB_11,681원/1GB_186,900|_8GB_11,100원/1GB_88,800"
15598841,ADATA DDR5-5200 CL38 LANCER 블랙 패키지,0,0,0,0,0,0,0,0,0,0,0,0,0,0,0,0,0,0,0,0,0,0,0,0,0,0,0,0,0,"32GB(16Gx2)_24,736원/1GB_791,560","32GB(16Gx2)_24,736원/1GB_791,560"
104374652,ADATA DDR5-5600 CL46 ARMAX 서린,0,0,0,0,0,0,0,0,0,0,0,0,0,0,0,0,0,0,0,0,0,0,0,0,0,0,0,0,0,"16GB_21,429원/1GB_342,870","16GB_21,429원/1GB_342,870"
103415363,ADATA DDR5-5600 CL46 ARMAX 파인인포,0,0,0,0,0,0,0,0,0,0,0,0,0,0,0,0,0,0,0,0,0,0,0,0,0,0,0,0,0,"16GB_21,193원/1GB_339,090","16GB_21,193원/1GB_339,090"
76071389,ADATA DDR5-5600 CL46 ECC/REG,0,0,0,0,0,0,0,0,0,0,0,0,0,0,0,0,0,0,0,0,0,0,0,0,0,0,0,0,0,"32GB_67,223원/1GB_2,151,120","32GB_67,223원/1GB_2,151,120"
122616740,ADATA DDR5-5600 CL46 ECC/REG 서린,0,0,0,0,0,0,0,0,0,0,0,0,0,0,0,0,0,0,0,0,0,0,0,0,0,0,0,0,0,"64GB_63,937원/1GB_4,091,980","64GB_63,937원/1GB_4,091,980"
105818030,ADATA DDR5-5600 CL46 ECC/REG 파인인포,0,0,0,0,0,0,0,0,0,0,0,0,0,0,0,0,0,0,0,0,0,0,0,0,0,0,0,0,0,"_16GB_62,999원/1GB_1,007,990|32GB_66,525원/1GB_2,128,800|_64GB_63,176원/1GB_4,043,260","_16GB_62,999원/1GB_1,007,990|32GB_66,525원/1GB_2,128,800|_64GB_63,176원/1GB_4,043,260"
105818036,ADATA DDR5-5600 CL46 ECC/REG 파인인포,0,0,0,0,0,0,0,0,0,0,0,0,0,0,0,0,0,0,0,0,0,0,0,0,0,0,0,0,0,"_16GB_62,999원/1GB_1,007,990|32GB_66,525원/1GB_2,128,800|_64GB_63,176원/1GB_4,043,260","_16GB_62,999원/1GB_1,007,990|32GB_66,525원/1GB_2,128,800|_64GB_63,176원/1GB_4,043,260"
81036614,ADATA DDR5-5600 CL46 LANCER BLADE 블랙 서린,0,0,0,0,0,0,0,0,0,0,0,0,0,0,0,0,0,0,0,0,0,0,0,0,0,0,0,0,0,"_16GB_21,763원/1GB_348,210|_32GB_21,094원/1GB_675,000","_16GB_21,266원/1GB_340,260|_32GB_21,016원/1GB_672,500"
95205869,ADATA DDR5-5600 CL46 LANCER BLADE 블랙 파인인포,0,0,0,0,0,0,0,0,0,0,0,0,0,0,0,0,0,0,0,0,0,0,0,0,0,0,0,0,0,"_32GB_21,172원/1GB_677,490|_16GB_20,500원/1GB_328,000","_32GB_20,764원/1GB_664,440|_16GB_20,500원/1GB_328,000"
81036776,ADATA DDR5-5600 CL46 LANCER BLADE 화이트 서린,0,0,0,0,0,0,0,0,0,0,0,0,0,0,0,0,0,0,0,0,0,0,0,0,0,0,0,0,0,"_16GB_21,587원/1GB_345,390|_32GB_20,868원/1GB_667,790","_16GB_21,580원/1GB_345,280|_32GB_20,634원/1GB_660,290"
95205893,ADATA DDR5-5600 CL46 LANCER BLADE 화이트 파인인포,0,0,0,0,0,0,0,0,0,0,0,0,0,0,0,0,0,0,0,0,0,0,0,0,0,0,0,0,0,"_32GB_21,085원/1GB_674,720|_16GB_20,500원/1GB_328,000","_32GB_20,795원/1GB_665,440|_16GB_20,500원/1GB_328,000"
68918912,ADATA DDR5-5600 CL46-45-45 서린,0,0,0,0,0,0,0,0,0,0,0,0,0,0,0,0,0,0,0,0,0,0,0,0,0,0,0,0,0,"_32GB_22,651원/1GB_724,840|_16GB_22,324원/1GB_357,190",0
68918885,ADATA DDR5-5600 CL46-45-45 서린,0,0,0,0,0,0,0,0,0,0,0,0,0,0,0,0,0,0,0,0,0,0,0,0,0,0,0,0,0,0,"_32GB_22,651원/1GB_724,830|_16GB_22,324원/1GB_357,190"
29822102,ADATA DDR5-5600 CL46-45-45 코잇,0,0,0,0,0,0,0,0,0,0,0,0,0,0,0,0,0,0,0,0,0,0,0,0,0,0,0,0,0,"_32GB_21,016원/1GB_672,500|_16GB_21,406원/1GB_342,500","_32GB_21,016원/1GB_672,500|_16GB_21,406원/1GB_342,500"
79397219,ADATA DDR5-5600 CL46-45-45 파인인포,0,0,0,0,0,0,0,0,0,0,0,0,0,0,0,0,0,0,0,0,0,0,0,0,0,0,0,0,0,"32GB_20,906원/1GB_669,000|_16GB_20,288원/1GB_324,610|_64GB_200,945원/1GB_1,607,560|8GB_20,881원/1GB_167,050","32GB_20,517원/1GB_656,550|_16GB_20,288원/1GB_324,610|_64GB_200,945원/1GB_1,607,560|8GB_20,881원/1GB_167,050"
104374655,ADATA DDR5-6000 CL30 ARMAX RGB 패키지 서린,0,0,0,0,0,0,0,0,0,0,0,0,0,0,0,0,0,0,0,0,0,0,0,0,0,0,0,0,0,"32GB(16Gx2)_24,063원/1GB_770,000","32GB(16Gx2)_24,063원/1GB_770,000"
103415291,ADATA DDR5-6000 CL30 ARMAX RGB 패키지 파인인포,0,0,0,0,0,0,0,0,0,0,0,0,0,0,0,0,0,0,0,0,0,0,0,0,0,0,0,0,0,"32GB(16Gx2)_23,688원/1GB_758,000","32GB(16Gx2)_23,688원/1GB_758,000"
109483625,ADATA DDR5-6000 CL30 ARMAX 패키지 파인인포,0,0,0,0,0,0,0,0,0,0,0,0,0,0,0,0,0,0,0,0,0,0,0,0,0,0,0,0,0,"32GB(16Gx2)_23,700원/1GB_758,400","32GB(16Gx2)_23,700원/1GB_758,400"
68788067,ADATA DDR5-6000 CL30 LANCER BLADE RGB 블랙 패키지 서린,0,0,0,0,0,0,0,0,0,0,0,0,0,0,0,0,0,0,0,0,0,0,0,0,0,0,0,0,0,"_48GB(24Gx2)_22,447원/1GB_1,077,470|_32GB(16Gx2)_24,684원/1GB_789,890","_48GB(24Gx2)_22,447원/1GB_1,077,470|_32GB(16Gx2)_23,944원/1GB_766,210"
93179111,ADATA DDR5-6000 CL30 LANCER BLADE RGB 블랙 패키지 파인인포,0,0,0,0,0,0,0,0,0,0,0,0,0,0,0,0,0,0,0,0,0,0,0,0,0,0,0,0,0,"_48GB(24Gx2)_21,391원/1GB_1,026,760|_32GB(16Gx2)_24,433원/1GB_781,850","_48GB(24Gx2)_21,391원/1GB_1,026,760|_32GB(16Gx2)_24,345원/1GB_779,050"
68788100,ADATA DDR5-6000 CL30 LANCER BLADE RGB 화이트 패키지 서린,0,0,0,0,0,0,0,0,0,0,0,0,0,0,0,0,0,0,0,0,0,0,0,0,0,0,0,0,0,"_48GB(24Gx2)_22,048원/1GB_1,058,290|_32GB(16Gx2)_24,375원/1GB_779,990","_48GB(24Gx2)_22,048원/1GB_1,058,300|_32GB(16Gx2)_24,375원/1GB_780,000"
27785618,ADATA DDR5-6000 CL30 LANCER BLADE RGB 화이트 패키지 코잇,0,0,0,0,0,0,0,0,0,0,0,0,0,0,0,0,0,0,0,0,0,0,0,0,0,0,0,0,0,"32GB(16Gx2)_24,453원/1GB_782,500","32GB(16Gx2)_24,453원/1GB_782,500"
93179012,ADATA DDR5-6000 CL30 LANCER BLADE RGB 화이트 패키지 파인인포,0,0,0,0,0,0,0,0,0,0,0,0,0,0,0,0,0,0,0,0,0,0,0,0,0,0,0,0,0,"_48GB(24Gx2)_21,391원/1GB_1,026,760|_32GB(16Gx2)_24,309원/1GB_777,890","_48GB(24Gx2)_21,391원/1GB_1,026,760|_32GB(16Gx2)_23,775원/1GB_760,810"
102621410,ADATA DDR5-6000 CL30 LANCER BLADE 블랙 파인인포,0,0,0,0,0,0,0,0,0,0,0,0,0,0,0,0,0,0,0,0,0,0,0,0,0,0,0,0,0,"32GB_25,188원/1GB_806,030","32GB_25,188원/1GB_806,030"
68787806,ADATA DDR5-6000 CL30 LANCER BLADE 블랙 패키지 서린,0,0,0,0,0,0,0,0,0,0,0,0,0,0,0,0,0,0,0,0,0,0,0,0,0,0,0,0,0,"32GB(16Gx2)_23,011원/1GB_736,350","32GB(16Gx2)_23,011원/1GB_736,350"
93178988,ADATA DDR5-6000 CL30 LANCER BLADE 블랙 패키지 파인인포,0,0,0,0,0,0,0,0,0,0,0,0,0,0,0,0,0,0,0,0,0,0,0,0,0,0,0,0,0,"32GB(16Gx2)_22,969원/1GB_735,000","32GB(16Gx2)_22,969원/1GB_735,000"
68787977,ADATA DDR5-6000 CL30 LANCER BLADE 화이트 패키지 서린,0,0,0,0,0,0,0,0,0,0,0,0,0,0,0,0,0,0,0,0,0,0,0,0,0,0,0,0,0,"32GB(16Gx2)_23,906원/1GB_765,000","32GB(16Gx2)_23,608원/1GB_755,450"
93178919,ADATA DDR5-6000 CL30 LANCER BLADE 화이트 패키지 파인인포,0,0,0,0,0,0,0,0,0,0,0,0,0,0,0,0,0,0,0,0,0,0,0,0,0,0,0,0,0,"32GB(16Gx2)_22,969원/1GB_735,000","32GB(16Gx2)_22,969원/1GB_735,000"
68914628,ADATA DDR5-6000 CL30 LANCER RGB 블랙 패키지 서린,0,0,0,0,0,0,0,0,0,0,0,0,0,0,0,0,0,0,0,0,0,0,0,0,0,0,0,0,0,"32GB(16Gx2)_24,375원/1GB_780,000","32GB(16Gx2)_23,886원/1GB_764,350"
93629063,ADATA DDR5-6000 CL30 LANCER RGB 블랙 패키지 파인인포,0,0,0,0,0,0,0,0,0,0,0,0,0,0,0,0,0,0,0,0,0,0,0,0,0,0,0,0,0,"32GB(16Gx2)_23,250원/1GB_744,000","32GB(16Gx2)_23,250원/1GB_744,000"
68915270,ADATA DDR5-6000 CL30 LANCER RGB 화이트 패키지 서린,0,0,0,0,0,0,0,0,0,0,0,0,0,0,0,0,0,0,0,0,0,0,0,0,0,0,0,0,0,"32GB(16Gx2)_24,187원/1GB_773,990","32GB(16Gx2)_24,375원/1GB_780,000"
93629033,ADATA DDR5-6000 CL30 LANCER RGB 화이트 패키지 파인인포,0,0,0,0,0,0,0,0,0,0,0,0,0,0,0,0,0,0,0,0,0,0,0,0,0,0,0,0,0,"32GB(16Gx2)_24,844원/1GB_795,000","32GB(16Gx2)_24,345원/1GB_779,050"
68914400,ADATA DDR5-6000 CL30 LANCER 블랙 패키지 서린,0,0,0,0,0,0,0,0,0,0,0,0,0,0,0,0,0,0,0,0,0,0,0,0,0,0,0,0,0,"32GB(16Gx2)_23,604원/1GB_755,330","32GB(16Gx2)_23,604원/1GB_755,330"
81036917,ADATA DDR5-6000 CL34 LANCER BLADE RGB 블랙 패키지 서린,0,0,0,0,0,0,0,0,0,0,0,0,0,0,0,0,0,0,0,0,0,0,0,0,0,0,0,0,0,"32GB(16Gx2)_23,203원/1GB_742,500","32GB(16Gx2)_23,203원/1GB_742,500"
95205638,ADATA DDR5-6000 CL34 LANCER BLADE 블랙 패키지 파인인포,0,0,0,0,0,0,0,0,0,0,0,0,0,0,0,0,0,0,0,0,0,0,0,0,0,0,0,0,0,"32GB(16Gx2)_22,750원/1GB_728,000","32GB(16Gx2)_22,750원/1GB_728,000"
81037256,ADATA DDR5-6000 CL36 LANCER BLADE RGB 블랙 패키지 서린,0,0,0,0,0,0,0,0,0,0,0,0,0,0,0,0,0,0,0,0,0,0,0,0,0,0,0,0,0,"32GB(16Gx2)_22,891원/1GB_732,500","32GB(16Gx2)_22,891원/1GB_732,500"
100695821,ADATA DDR5-6000 CL36 LANCER BLADE RGB 블랙 패키지 파인인포,0,0,0,0,0,0,0,0,0,0,0,0,0,0,0,0,0,0,0,0,0,0,0,0,0,0,0,0,0,"32GB(16Gx2)_22,526원/1GB_720,830","32GB(16Gx2)_22,526원/1GB_720,830"
81037301,ADATA DDR5-6000 CL36 LANCER BLADE RGB 화이트 패키지 서린,0,0,0,0,0,0,0,0,0,0,0,0,0,0,0,0,0,0,0,0,0,0,0,0,0,0,0,0,0,"32GB(16Gx2)_22,813원/1GB_730,000","32GB(16Gx2)_22,813원/1GB_730,000"
100695824,ADATA DDR5-6000 CL36 LANCER BLADE RGB 화이트 패키지 파인인포,0,0,0,0,0,0,0,0,0,0,0,0,0,0,0,0,0,0,0,0,0,0,0,0,0,0,0,0,0,"32GB(16Gx2)_22,526원/1GB_720,830","32GB(16Gx2)_22,526원/1GB_720,830"
95205599,ADATA DDR5-6000 CL36 LANCER BLADE 블랙 패키지 파인인포,0,0,0,0,0,0,0,0,0,0,0,0,0,0,0,0,0,0,0,0,0,0,0,0,0,0,0,0,0,"32GB(16Gx2)_22,987원/1GB_735,580","32GB(16Gx2)_22,987원/1GB_735,580"
81037184,ADATA DDR5-6000 CL36 LANCER BLADE 화이트 패키지 서린,0,0,0,0,0,0,0,0,0,0,0,0,0,0,0,0,0,0,0,0,0,0,0,0,0,0,0,0,0,"32GB(16Gx2)_23,359원/1GB_747,500","32GB(16Gx2)_23,359원/1GB_747,500"
95205719,ADATA DDR5-6000 CL36 LANCER BLADE 화이트 패키지 파인인포,0,0,0,0,0,0,0,0,0,0,0,0,0,0,0,0,0,0,0,0,0,0,0,0,0,0,0,0,0,"32GB(16Gx2)_22,525원/1GB_720,790","32GB(16Gx2)_22,525원/1GB_720,790"
75938450,ADATA DDR5-6400 CL32 LANCER BLADE RGB 블랙 패키지 서린,0,0,0,0,0,0,0,0,0,0,0,0,0,0,0,0,0,0,0,0,0,0,0,0,0,0,0,0,0,"_48GB(24Gx2)_22,177원/1GB_1,064,500|_32GB(16Gx2)_26,875원/1GB_860,000","_48GB(24Gx2)_22,177원/1GB_1,064,500|_32GB(16Gx2)_26,875원/1GB_860,000"
75938468,ADATA DDR5-6400 CL32 LANCER BLADE RGB 화이트 패키지 서린,0,0,0,0,0,0,0,0,0,0,0,0,0,0,0,0,0,0,0,0,0,0,0,0,0,0,0,0,0,"48GB(24Gx2)_22,177원/1GB_1,064,500","48GB(24Gx2)_22,177원/1GB_1,064,500"
68915114,ADATA DDR5-6400 CL32 LANCER RGB 블랙 패키지 서린,0,0,0,0,0,0,0,0,0,0,0,0,0,0,0,0,0,0,0,0,0,0,0,0,0,0,0,0,0,"_64GB(32Gx2)_26,875원/1GB_1,720,000|_32GB(16Gx2)_27,188원/1GB_870,000",0
68915141,ADATA DDR5-6400 CL32 LANCER RGB 블랙 패키지 서린,0,0,0,0,0,0,0,0,0,0,0,0,0,0,0,0,0,0,0,0,0,0,0,0,0,0,0,0,0,0,"_64GB(32Gx2)_26,875원/1GB_1,720,000|_32GB(16Gx2)_27,188원/1GB_870,000"
68915306,ADATA DDR5-6400 CL32 LANCER RGB 화이트 패키지 서린,0,0,0,0,0,0,0,0,0,0,0,0,0,0,0,0,0,0,0,0,0,0,0,0,0,0,0,0,0,"_64GB(32Gx2)_26,781원/1GB_1,713,980|_32GB(16Gx2)_53,750원/1GB_1,720,000","_64GB(32Gx2)_26,781원/1GB_1,713,980|_32GB(16Gx2)_53,750원/1GB_1,720,000"
122709317,ADATA DDR5-6400 CL52 CUDIMM 파인인포,0,0,0,0,0,0,0,0,0,0,0,0,0,0,0,0,0,0,0,0,0,0,0,0,0,0,0,0,0,"16GB_22,214원/1GB_355,420","16GB_21,931원/1GB_350,890"
11196249,ADATA 노트북 DDR4-3200 CL22,0,0,0,0,0,0,0,0,0,0,0,0,0,0,0,0,0,0,0,0,0,0,0,0,0,0,0,0,0,"_16GB_11,284원/1GB_180,550|_8GB_11,698원/1GB_93,580","_16GB_11,284원/1GB_180,550|_8GB_11,698원/1GB_93,580"
94450292,ADATA 노트북 DDR4-3200 CL22 파인인포,0,0,0,0,0,0,0,0,0,0,0,0,0,0,0,0,0,0,0,0,0,0,0,0,0,0,0,0,0,"_16GB_12,747원/1GB_203,950|_8GB_11,336원/1GB_90,690","_16GB_12,747원/1GB_203,950|_8GB_11,336원/1GB_90,690"
68918960,ADATA 노트북 DDR5-5600 CL46 서린,0,0,0,0,0,0,0,0,0,0,0,0,0,0,0,0,0,0,0,0,0,0,0,0,0,0,0,0,0,"_32GB_20,938원/1GB_670,000|_16GB_23,906원/1GB_382,500","_32GB_20,938원/1GB_670,000|_16GB_23,906원/1GB_382,500"
79397126,ADATA 노트북 DDR5-5600 CL46 파인인포,0,0,0,0,0,0,0,0,0,0,0,0,0,0,0,0,0,0,0,0,0,0,0,0,0,0,0,0,0,"_32GB_19,990원/1GB_639,670|_8GB_23,745원/1GB_189,960","_32GB_19,990원/1GB_639,670|_8GB_23,745원/1GB_189,960"
97124171,AFOX DDR4-3200 CL22 대원씨티에스,0,0,0,0,0,0,0,0,0,0,0,0,0,0,0,0,0,0,0,0,0,0,0,0,0,0,0,0,0,"_16GB_9,725원/1GB_155,600|_8GB_10,118원/1GB_80,940","_16GB_9,725원/1GB_155,600|_8GB_10,118원/1GB_80,940"
101628665,AGI DDR4-3200 CL22 UD138 서린,0,0,0,0,0,0,0,0,0,0,0,0,0,0,0,0,0,0,0,0,0,0,0,0,0,0,0,0,0,"_16GB_12,281원/1GB_196,500|_8GB_11,875원/1GB_95,000","_16GB_12,281원/1GB_196,500|_8GB_11,875원/1GB_95,000"
101628743,AGI DDR4-3600 CL18 TURBOJET UD848 RGB BLACK 서린,0,0,0,0,0,0,0,0,0,0,0,0,0,0,0,0,0,0,0,0,0,0,0,0,0,0,0,0,0,"32GB(16Gx2)_12,311원/1GB_393,940","32GB(16Gx2)_12,311원/1GB_393,940"
101185058,AGI DDR5-5600 CL46 UD238 HEATSINK 서린,0,0,0,0,0,0,0,0,0,0,0,0,0,0,0,0,0,0,0,0,0,0,0,0,0,0,0,0,0,"16GB_22,656원/1GB_362,500","16GB_22,656원/1GB_362,500"
99737048,AGI DDR5-5600 CL46 UD238 서린,0,0,0,0,0,0,0,0,0,0,0,0,0,0,0,0,0,0,0,0,0,0,0,0,0,0,0,0,0,"_32GB_20,469원/1GB_655,000|_16GB_20,974원/1GB_335,580","_32GB_19,844원/1GB_635,000|_16GB_19,844원/1GB_317,510"
101078582,AGI DDR5-6000 CL30 TURBOJET UD858 RGB 블랙 패키지 서린,0,0,0,0,0,0,0,0,0,0,0,0,0,0,0,0,0,0,0,0,0,0,0,0,0,0,0,0,0,"_32GB(16Gx2)_23,937원/1GB_765,970|_48GB(24Gx2)_21,630원/1GB_1,038,240","_32GB(16Gx2)_24,031원/1GB_769,000|_48GB(24Gx2)_21,443원/1GB_1,029,250"
106694363,AGI DDR5-6000 CL30 TURBOJET UD858 RGB 블루그린 패키지 서린,0,0,0,0,0,0,0,0,0,0,0,0,0,0,0,0,0,0,0,0,0,0,0,0,0,0,0,0,0,"32GB(16Gx2)_23,000원/1GB_736,000","32GB(16Gx2)_22,867원/1GB_731,740"
101078618,AGI DDR5-6000 CL30 TURBOJET UD858 RGB 화이트 패키지 서린,0,0,0,0,0,0,0,0,0,0,0,0,0,0,0,0,0,0,0,0,0,0,0,0,0,0,0,0,0,"32GB(16Gx2)_23,936원/1GB_765,950","32GB(16Gx2)_23,799원/1GB_761,570"
101078510,AGI DDR5-6000 CL30 TURBOJET UD858 블랙 패키지 서린,0,0,0,0,0,0,0,0,0,0,0,0,0,0,0,0,0,0,0,0,0,0,0,0,0,0,0,0,0,"32GB(16Gx2)_24,656원/1GB_788,980","32GB(16Gx2)_24,413원/1GB_781,210"
108418964,AGI DDR5-6000 CL36 TURBOJET UD858 RGB 블랙 패키지 서린,0,0,0,0,0,0,0,0,0,0,0,0,0,0,0,0,0,0,0,0,0,0,0,0,0,0,0,0,0,"32GB(16Gx2)_21,740원/1GB_695,680","32GB(16Gx2)_21,552원/1GB_689,650"
108419015,AGI DDR5-6000 CL36 TURBOJET UD858 RGB 화이트 패키지 서린,0,0,0,0,0,0,0,0,0,0,0,0,0,0,0,0,0,0,0,0,0,0,0,0,0,0,0,0,0,"32GB(16Gx2)_21,740원/1GB_695,680","32GB(16Gx2)_21,552원/1GB_689,660"
101725856,AGI 노트북 DDR4-3200 CL22 SD138 서린,0,0,0,0,0,0,0,0,0,0,0,0,0,0,0,0,0,0,0,0,0,0,0,0,0,0,0,0,0,"_16GB_9,742원/1GB_155,870|_8GB_9,750원/1GB_78,000","_16GB_9,742원/1GB_155,870|_8GB_9,750원/1GB_78,000"
101721581,AGI 노트북 DDR5-5600 CL46 SD238 서린,0,0,0,0,0,0,0,0,0,0,0,0,0,0,0,0,0,0,0,0,0,0,0,0,0,0,0,0,0,"16GB_21,125원/1GB_338,000","16GB_21,125원/1GB_338,000"
15414239,ANACOMDA DDR4-3200 CL22 디앤디컴,0,0,0,0,0,0,0,0,0,0,0,0,0,0,0,0,0,0,0,0,0,0,0,0,0,0,0,0,0,"16GB_11,033원/1GB_176,530","16GB_11,033원/1GB_176,530"
124012173,ANACOMDA DDR4-3200 CL22 얼티메이크,0,0,0,0,0,0,0,0,0,0,0,0,0,0,0,0,0,0,0,0,0,0,0,0,0,0,0,0,0,"16GB_10,285원/1GB_164,560","16GB_10,285원/1GB_164,560"
123729898,ANACOMDA DDR5-5200 CL42 디앤디컴,0,0,0,0,0,0,0,0,0,0,0,0,0,0,0,0,0,0,0,0,0,0,0,0,0,0,0,0,0,16GB_가격비교예정,16GB_가격비교예정
91496405,ANACOMDA DDR5-5600 CL46 디앤디컴,0,0,0,0,0,0,0,0,0,0,0,0,0,0,0,0,0,0,0,0,0,0,0,0,0,0,0,0,0,"16GB_21,435원/1GB_342,960","16GB_21,094원/1GB_337,510"
105966707,ANACOMDA DDR5-6000 CL38 KING SNAKE 블랙 얼티메이크,0,0,0,0,0,0,0,0,0,0,0,0,0,0,0,0,0,0,0,0,0,0,0,0,0,0,0,0,0,"32GB(16Gx2)_20,849원/1GB_667,160","32GB(16Gx2)_20,849원/1GB_667,160"
105966770,ANACOMDA DDR5-6000 CL38 KING SNAKE 화이트 얼티메이크,0,0,0,0,0,0,0,0,0,0,0,0,0,0,0,0,0,0,0,0,0,0,0,0,0,0,0,0,0,"32GB(16Gx2)_20,849원/1GB_667,160","32GB(16Gx2)_20,849원/1GB_667,160"
2430601,AVEXIR DDR3-1600 CL10 Blitz 1.1 Original 패키지 대양케이스,0,0,0,0,0,0,0,0,0,0,0,0,0,0,0,0,0,0,0,0,0,0,0,0,0,0,0,0,0,"16GB(8Gx2)_9,375원/1GB_150,000","16GB(8Gx2)_9,375원/1GB_150,000"
109483274,Apacer DDR4-3200 CL22,0,0,0,0,0,0,0,0,0,0,0,0,0,0,0,0,0,0,0,0,0,0,0,0,0,0,0,0,0,"_16GB_12,000원/1GB_192,000|_8GB_9,988원/1GB_79,900","_16GB_12,000원/1GB_192,000|_8GB_9,988원/1GB_79,900"
109483250,Apacer DDR4-3200 CL22,0,0,0,0,0,0,0,0,0,0,0,0,0,0,0,0,0,0,0,0,0,0,0,0,0,0,0,0,0,"_16GB_12,000원/1GB_192,000|_8GB_9,988원/1GB_79,900","_16GB_12,000원/1GB_192,000|_8GB_9,988원/1GB_79,900"
99886835,Apacer DDR5-5200 CL40 NOX BLACK 패키지,0,0,0,0,0,0,0,0,0,0,0,0,0,0,0,0,0,0,0,0,0,0,0,0,0,0,0,0,0,"32GB(16Gx2)_19,375원/1GB_620,000","32GB(16Gx2)_19,206원/1GB_614,590"
99749048,Apacer DDR5-5200 CL40 NOX RGB BLACK 패키지,0,0,0,0,0,0,0,0,0,0,0,0,0,0,0,0,0,0,0,0,0,0,0,0,0,0,0,0,0,"32GB(16Gx2)_19,844원/1GB_635,000","32GB(16Gx2)_19,672원/1GB_629,500"
99749258,Apacer DDR5-5200 CL40 NOX RGB SILVER 패키지,0,0,0,0,0,0,0,0,0,0,0,0,0,0,0,0,0,0,0,0,0,0,0,0,0,0,0,0,0,"32GB(16Gx2)_19,843원/1GB_634,990","32GB(16Gx2)_19,672원/1GB_629,500"
99887309,Apacer DDR5-5200 CL40 NOX WHITE 패키지,0,0,0,0,0,0,0,0,0,0,0,0,0,0,0,0,0,0,0,0,0,0,0,0,0,0,0,0,0,"32GB(16Gx2)_19,375원/1GB_620,000","32GB(16Gx2)_19,206원/1GB_614,590"
99893666,Apacer DDR5-5600 CL46,0,0,0,0,0,0,0,0,0,0,0,0,0,0,0,0,0,0,0,0,0,0,0,0,0,0,0,0,0,"_32GB_21,563원/1GB_690,000|_16GB_21,000원/1GB_336,000","_32GB_21,563원/1GB_690,000|_16GB_20,943원/1GB_335,080"
99887354,Apacer DDR5-6000 CL38 NOX BLACK 패키지,0,0,0,0,0,0,0,0,0,0,0,0,0,0,0,0,0,0,0,0,0,0,0,0,0,0,0,0,0,"_64GB(32Gx2)_21,133원/1GB_1,352,500|_32GB(16Gx2)_19,968원/1GB_638,990","_64GB(32Gx2)_21,133원/1GB_1,352,500|_32GB(16Gx2)_19,772원/1GB_632,690"
99749546,Apacer DDR5-6000 CL38 NOX RGB BLACK 패키지,0,0,0,0,0,0,0,0,0,0,0,0,0,0,0,0,0,0,0,0,0,0,0,0,0,0,0,0,0,"_32GB(16Gx2)_21,578원/1GB_690,500|_64GB(32Gx2)_21,312원/1GB_1,363,990","_32GB(16Gx2)_21,578원/1GB_690,500|_64GB(32Gx2)_21,313원/1GB_1,364,000"
99749564,Apacer DDR5-6000 CL38 NOX RGB SILVER 패키지,0,0,0,0,0,0,0,0,0,0,0,0,0,0,0,0,0,0,0,0,0,0,0,0,0,0,0,0,0,"_64GB(32Gx2)_21,719원/1GB_1,390,000|_32GB(16Gx2)_22,468원/1GB_718,960","_64GB(32Gx2)_21,653원/1GB_1,385,760|_32GB(16Gx2)_22,268원/1GB_712,580"
99887405,Apacer DDR5-6000 CL38 NOX WHITE 패키지,0,0,0,0,0,0,0,0,0,0,0,0,0,0,0,0,0,0,0,0,0,0,0,0,0,0,0,0,0,"_32GB(16Gx2)_19,969원/1GB_639,000|_64GB(32Gx2)_21,133원/1GB_1,352,500","_32GB(16Gx2)_19,772원/1GB_632,690|_64GB(32Gx2)_21,133원/1GB_1,352,500"
101667029,Apacer 노트북 DDR5-5600 CL46,0,0,0,0,0,0,0,0,0,0,0,0,0,0,0,0,0,0,0,0,0,0,0,0,0,0,0,0,0,"_16GB_20,704원/1GB_331,260|_32GB_20,938원/1GB_670,000","_16GB_20,704원/1GB_331,260|_32GB_20,938원/1GB_670,000"
14091533,ArchMemory DDR4-2666 ECC for Synology,0,0,0,0,0,0,0,0,0,0,0,0,0,0,0,0,0,0,0,0,0,0,0,0,0,0,0,0,0,"16GB_36,250원/1GB_580,000","16GB_36,250원/1GB_580,000"
95423780,BIWIN DDR4-3200 CL22,0,0,0,0,0,0,0,0,0,0,0,0,0,0,0,0,0,0,0,0,0,0,0,0,0,0,0,0,0,"16GB_9,938원/1GB_159,000","16GB_9,938원/1GB_159,000"
101079236,BIWIN DDR5-4800 CL40,0,0,0,0,0,0,0,0,0,0,0,0,0,0,0,0,0,0,0,0,0,0,0,0,0,0,0,0,0,"_32GB_12,269원/1GB_392,600|_16GB_20,318원/1GB_325,080","_32GB_12,269원/1GB_392,600|_16GB_20,053원/1GB_320,850"
95423924,BIWIN DDR5-5600 CL46,0,0,0,0,0,0,0,0,0,0,0,0,0,0,0,0,0,0,0,0,0,0,0,0,0,0,0,0,0,"_32GB_28,913원/1GB_925,200|_16GB_28,688원/1GB_459,000","_32GB_28,913원/1GB_925,200|_16GB_28,688원/1GB_459,000"
95424089,BIWIN DDR5-6000 CL28 DW100 RGB 블랙 패키지,0,0,0,0,0,0,0,0,0,0,0,0,0,0,0,0,0,0,0,0,0,0,0,0,0,0,0,0,0,"48GB(24Gx2)_24,125원/1GB_1,158,000","48GB(24Gx2)_24,125원/1GB_1,158,000"
95424116,BIWIN DDR5-6000 CL28 DW100 RGB 화이트 패키지,0,0,0,0,0,0,0,0,0,0,0,0,0,0,0,0,0,0,0,0,0,0,0,0,0,0,0,0,0,"48GB(24Gx2)_24,167원/1GB_1,160,000","48GB(24Gx2)_24,167원/1GB_1,160,000"
95423984,BIWIN DDR5-6000 CL28 HX100 블랙 패키지,0,0,0,0,0,0,0,0,0,0,0,0,0,0,0,0,0,0,0,0,0,0,0,0,0,0,0,0,0,"48GB(24Gx2)_24,792원/1GB_1,190,000","48GB(24Gx2)_24,792원/1GB_1,190,000"
95424023,BIWIN DDR5-6000 CL28 HX100 실버 패키지,0,0,0,0,0,0,0,0,0,0,0,0,0,0,0,0,0,0,0,0,0,0,0,0,0,0,0,0,0,"48GB(24Gx2)_24,792원/1GB_1,190,000","48GB(24Gx2)_24,792원/1GB_1,190,000"
95424074,BIWIN DDR5-6000 CL30 DW100 RGB 블랙 패키지,0,0,0,0,0,0,0,0,0,0,0,0,0,0,0,0,0,0,0,0,0,0,0,0,0,0,0,0,0,"_64GB(32Gx2)_30,469원/1GB_1,950,000|_32GB(16Gx2)_33,125원/1GB_1,060,000","_64GB(32Gx2)_30,469원/1GB_1,950,000|_32GB(16Gx2)_33,125원/1GB_1,060,000"
95424092,BIWIN DDR5-6000 CL30 DW100 RGB 화이트 패키지,0,0,0,0,0,0,0,0,0,0,0,0,0,0,0,0,0,0,0,0,0,0,0,0,0,0,0,0,0,"64GB(32Gx2)_30,469원/1GB_1,950,000","64GB(32Gx2)_30,469원/1GB_1,950,000"
95423948,BIWIN DDR5-6000 CL30 HX100 블랙 패키지,0,0,0,0,0,0,0,0,0,0,0,0,0,0,0,0,0,0,0,0,0,0,0,0,0,0,0,0,0,"_64GB(32Gx2)_29,531원/1GB_1,890,000|_32GB(16Gx2)_32,500원/1GB_1,040,000","_64GB(32Gx2)_29,531원/1GB_1,890,000|_32GB(16Gx2)_32,500원/1GB_1,040,000"
95424008,BIWIN DDR5-6000 CL30 HX100 실버 패키지,0,0,0,0,0,0,0,0,0,0,0,0,0,0,0,0,0,0,0,0,0,0,0,0,0,0,0,0,0,"_64GB(32Gx2)_29,531원/1GB_1,890,000|_32GB(16Gx2)_32,500원/1GB_1,040,000","_64GB(32Gx2)_29,531원/1GB_1,890,000|_32GB(16Gx2)_32,500원/1GB_1,040,000"
123807465,BIWIN 노트북 DDR5-4800 CL40,0,0,0,0,0,0,0,0,0,0,0,0,0,0,0,0,0,0,0,0,0,0,0,0,0,0,0,0,0,"_32GB_가격비교예정|_16GB_19,525원/1GB_312,400","_32GB_가격비교예정|_16GB_19,525원/1GB_312,400"
6259453,CORSAIR DDR4-2666 CL16 VENGEANCE PRO RGB BLACK 패키지,0,0,0,0,0,0,0,0,0,0,0,0,0,0,0,0,0,0,0,0,0,0,0,0,0,0,0,0,0,"64GB(8Gx8)_10,672원/1GB_683,000","64GB(8Gx8)_10,672원/1GB_683,000"
5528713,CORSAIR DDR4-3000 CL16 Dominator Platinum 패키지,0,0,0,0,0,0,0,0,0,0,0,0,0,0,0,0,0,0,0,0,0,0,0,0,0,0,0,0,0,"128GB(16Gx8)_9,197원/1GB_1,177,200","128GB(16Gx8)_9,197원/1GB_1,177,200"
13244855,CORSAIR DDR4-3200 CL16 VENGEANCE RGB PRO SL WHITE 패키지,0,0,0,0,0,0,0,0,0,0,0,0,0,0,0,0,0,0,0,0,0,0,0,0,0,0,0,0,0,"16GB(8Gx2)_13,441원/1GB_215,060","16GB(8Gx2)_13,441원/1GB_215,060"
16239491,CORSAIR DDR5-5200 CL40 Dominator Platinum RGB 패키지,0,0,0,0,0,0,0,0,0,0,0,0,0,0,0,0,0,0,0,0,0,0,0,0,0,0,0,0,0,"64GB(32Gx2)_24,219원/1GB_1,550,000","64GB(32Gx2)_24,219원/1GB_1,550,000"
27788273,CORSAIR DDR5-5600 CL40 VENGEANCE RGB BLACK 패키지,0,0,0,0,0,0,0,0,0,0,0,0,0,0,0,0,0,0,0,0,0,0,0,0,0,0,0,0,0,"128GB(32Gx4)_23,527원/1GB_3,011,430","128GB(32Gx4)_23,527원/1GB_3,011,430"
105969257,CORSAIR DDR5-5600 CL48 VENGEANCE SODIMM,0,0,0,0,0,0,0,0,0,0,0,0,0,0,0,0,0,0,0,0,0,0,0,0,0,0,0,0,0,"16GB_22,343원/1GB_357,480","16GB_22,343원/1GB_357,480"
89534852,CORSAIR DDR5-6000 CL30 Dominator Titanium GRAY 패키지,0,0,0,0,0,0,0,0,0,0,0,0,0,0,0,0,0,0,0,0,0,0,0,0,0,0,0,0,0,"64GB(32Gx2)_31,485원/1GB_2,015,010","64GB(32Gx2)_31,485원/1GB_2,015,010"
72471092,CORSAIR DDR5-6000 CL30 VENGEANCE RGB DP WHITE 패키지,0,0,0,0,0,0,0,0,0,0,0,0,0,0,0,0,0,0,0,0,0,0,0,0,0,0,0,0,0,"32GB(16Gx2)_27,818원/1GB_890,190","32GB(16Gx2)_27,818원/1GB_890,190"
27666047,CORSAIR DDR5-6000 CL30 VENGEANCE RGB WHITE 패키지,0,0,0,0,0,0,0,0,0,0,0,0,0,0,0,0,0,0,0,0,0,0,0,0,0,0,0,0,0,"32GB(16Gx2)_27,993원/1GB_895,780","32GB(16Gx2)_27,993원/1GB_895,780"
59829371,CORSAIR DDR5-6000 CL30 VENGEANCE RGB 패키지,0,0,0,0,0,0,0,0,0,0,0,0,0,0,0,0,0,0,0,0,0,0,0,0,0,0,0,0,0,"_64GB(32Gx2)_29,453원/1GB_1,884,980|_32GB(16Gx2)_27,079원/1GB_866,530","_64GB(32Gx2)_29,453원/1GB_1,884,980|_32GB(16Gx2)_27,079원/1GB_866,530"
59829503,CORSAIR DDR5-6000 CL30 VENGEANCE 패키지,0,0,0,0,0,0,0,0,0,0,0,0,0,0,0,0,0,0,0,0,0,0,0,0,0,0,0,0,0,"_64GB(32Gx2)_29,531원/1GB_1,890,000|_32GB(16Gx2)_29,093원/1GB_930,990","_64GB(32Gx2)_29,531원/1GB_1,890,000|_32GB(16Gx2)_29,093원/1GB_930,990"
100693760,CORSAIR DDR5-6000 CL30 VENGEANCE 패키지 해외구매,0,0,0,0,0,0,0,0,0,0,0,0,0,0,0,0,0,0,0,0,0,0,0,0,0,0,0,0,0,"64GB(32Gx2)_21,994원/1GB_1,407,600","64GB(32Gx2)_21,994원/1GB_1,407,600"
106045133,CORSAIR DDR5-6000 CL36 VENGEANCE,0,0,0,0,0,0,0,0,0,0,0,0,0,0,0,0,0,0,0,0,0,0,0,0,0,0,0,0,0,"16GB_21,750원/1GB_348,000","16GB_21,750원/1GB_348,000"
106046342,CORSAIR DDR5-6000 CL36 VENGEANCE RGB,0,0,0,0,0,0,0,0,0,0,0,0,0,0,0,0,0,0,0,0,0,0,0,0,0,0,0,0,0,"16GB_24,113원/1GB_385,800","16GB_24,113원/1GB_385,800"
17544278,CORSAIR DDR5-6000 CL36 VENGEANCE RGB BLACK 패키지,0,0,0,0,0,0,0,0,0,0,0,0,0,0,0,0,0,0,0,0,0,0,0,0,0,0,0,0,0,"32GB(16Gx2)_23,838원/1GB_762,830","32GB(16Gx2)_23,838원/1GB_762,820"
105969236,CORSAIR DDR5-6000 CL36 VENGEANCE RGB RS 패키지,0,0,0,0,0,0,0,0,0,0,0,0,0,0,0,0,0,0,0,0,0,0,0,0,0,0,0,0,0,"32GB(16Gx2)_23,481원/1GB_751,390","32GB(16Gx2)_23,481원/1GB_751,390"
105969242,CORSAIR DDR5-6000 CL36 VENGEANCE WHITE 패키지,0,0,0,0,0,0,0,0,0,0,0,0,0,0,0,0,0,0,0,0,0,0,0,0,0,0,0,0,0,"32GB(16Gx2)_23,063원/1GB_738,000","32GB(16Gx2)_23,063원/1GB_738,000"
105969251,CORSAIR DDR5-6000 CL36 VENGEANCE 패키지,0,0,0,0,0,0,0,0,0,0,0,0,0,0,0,0,0,0,0,0,0,0,0,0,0,0,0,0,0,"32GB(16Gx2)_23,213원/1GB_742,800","32GB(16Gx2)_23,213원/1GB_742,800"
100692866,CORSAIR DDR5-6400 CL32 VENGEANCE BLACK 패키지,0,0,0,0,0,0,0,0,0,0,0,0,0,0,0,0,0,0,0,0,0,0,0,0,0,0,0,0,0,"64GB(32Gx2)_20,282원/1GB_1,298,030","64GB(32Gx2)_20,282원/1GB_1,298,030"
27779540,CORSAIR DDR5-6400 CL32 VENGEANCE RGB BLACK 패키지,0,0,0,0,0,0,0,0,0,0,0,0,0,0,0,0,0,0,0,0,0,0,0,0,0,0,0,0,0,"64GB(32Gx2)_27,656원/1GB_1,770,000","64GB(32Gx2)_27,656원/1GB_1,770,000"
103482146,CORSAIR DDR5-8400 CL40 VENGEANCE RGB BLACK 패키지,0,0,0,0,0,0,0,0,0,0,0,0,0,0,0,0,0,0,0,0,0,0,0,0,0,0,0,0,0,"48GB(24Gx2)_28,124원/1GB_1,349,950","48GB(24Gx2)_28,124원/1GB_1,349,950"
44178593,CORSAIR 노트북 DDR5-5600 CL48 VENGEANCE,0,0,0,0,0,0,0,0,0,0,0,0,0,0,0,0,0,0,0,0,0,0,0,0,0,0,0,0,0,"16GB_22,500원/1GB_360,000","16GB_22,204원/1GB_355,260"
2030384,CYNEX DDR3-1600 엠트란 매직,0,0,0,0,0,0,0,0,0,0,0,0,0,0,0,0,0,0,0,0,0,0,0,0,0,0,0,0,0,"_8GB_4,500원/1GB_36,000|_4GB_2,750원/1GB_11,000","_8GB_4,500원/1GB_36,000|_4GB_2,750원/1GB_11,000"
99746936,DLI MEMORY DDR4-3200 CL22,0,0,0,0,0,0,0,0,0,0,0,0,0,0,0,0,0,0,0,0,0,0,0,0,0,0,0,0,0,"_16GB_9,999원/1GB_159,990|_8GB_9,441원/1GB_75,530","_16GB_9,928원/1GB_158,840|_8GB_9,439원/1GB_75,510"
636450,Dreamware DDR2-800 FB For APPLE,0,0,0,0,0,0,0,0,0,0,0,0,0,0,0,0,0,0,0,0,0,0,0,0,0,0,0,0,0,"1GB_90,000원/1GB_90,000","1GB_90,000원/1GB_90,000"
876470,Dreamware DDR3-1066 ECC Mac Pro,0,0,0,0,0,0,0,0,0,0,0,0,0,0,0,0,0,0,0,0,0,0,0,0,0,0,0,0,0,"_4GB_55,000원/1GB_220,000|_2GB_50,000원/1GB_100,000","_4GB_55,000원/1GB_220,000|_2GB_50,000원/1GB_100,000"
1177359,Dreamware DDR3-1333 ECC Mac Pro,0,0,0,0,0,0,0,0,0,0,0,0,0,0,0,0,0,0,0,0,0,0,0,0,0,0,0,0,0,"_4GB_50,000원/1GB_200,000|_2GB_50,000원/1GB_100,000","_4GB_50,000원/1GB_200,000|_2GB_50,000원/1GB_100,000"
2672598,Dreamware DDR3-1866 ECC Mac Pro,0,0,0,0,0,0,0,0,0,0,0,0,0,0,0,0,0,0,0,0,0,0,0,0,0,0,0,0,0,"_16GB_27,411원/1GB_438,581|_8GB_29,073원/1GB_232,581|4GB_29,239원/1GB_116,955","_16GB_27,411원/1GB_438,581|_8GB_29,073원/1GB_232,581|4GB_29,239원/1GB_116,955"
1183663,EKMEMORY DDR3-1333 인디핑크,0,0,0,0,0,0,0,0,0,0,0,0,0,0,0,0,0,0,0,0,0,0,0,0,0,0,0,0,0,"4GB_9,825원/1GB_39,300","4GB_9,825원/1GB_39,300"
1885748,EKMEMORY DDR3-1600,0,0,0,0,0,0,0,0,0,0,0,0,0,0,0,0,0,0,0,0,0,0,0,0,0,0,0,0,0,"_8GB_4,750원/1GB_38,000|_4GB_3,750원/1GB_15,000","_8GB_4,750원/1GB_38,000|_4GB_3,750원/1GB_15,000"
4152022,ESSENCORE KLEVV DDR3-1600 CL9 URBANE 패키지,0,0,0,0,0,0,0,0,0,0,0,0,0,0,0,0,0,0,0,0,0,0,0,0,0,0,0,0,0,"16GB(8Gx2)_13,125원/1GB_210,000","16GB(8Gx2)_13,125원/1GB_210,000"
4152056,ESSENCORE KLEVV DDR3-1866 CL9 URBANE 패키지,0,0,0,0,0,0,0,0,0,0,0,0,0,0,0,0,0,0,0,0,0,0,0,0,0,0,0,0,0,"16GB(8Gx2)_13,750원/1GB_220,000","16GB(8Gx2)_13,750원/1GB_220,000"
3409631,ESSENCORE KLEVV DDR3-2666 CL12 URBANE 패키지,0,0,0,0,0,0,0,0,0,0,0,0,0,0,0,0,0,0,0,0,0,0,0,0,0,0,0,0,0,"8GB(4Gx2)_8,523원/1GB_68,180","8GB(4Gx2)_8,514원/1GB_68,110"
9390900,ESSENCORE KLEVV DDR4-2666 CL19 파인인포,0,0,0,0,0,0,0,0,0,0,0,0,0,0,0,0,0,0,0,0,0,0,0,0,0,0,0,0,0,"_16GB_11,313원/1GB_181,000|_4GB_11,500원/1GB_46,000",0
9390978,ESSENCORE KLEVV DDR4-2666 CL19 파인인포,0,0,0,0,0,0,0,0,0,0,0,0,0,0,0,0,0,0,0,0,0,0,0,0,0,0,0,0,0,0,"_16GB_11,313원/1GB_181,000|_4GB_11,500원/1GB_46,000"
27867110,ESSENCORE KLEVV DDR4-3200 CL16 BOLT X 서린,0,0,0,0,0,0,0,0,0,0,0,0,0,0,0,0,0,0,0,0,0,0,0,0,0,0,0,0,0,"8GB_14,875원/1GB_119,000","8GB_14,875원/1GB_119,000"
123133867,ESSENCORE KLEVV DDR4-3200 CL22 중고,0,0,0,0,0,0,0,0,0,0,0,0,0,0,0,0,0,0,0,0,0,0,0,0,0,0,0,0,0,"_32GB_9,219원/1GB_295,000|_8GB_10,625원/1GB_85,000","_32GB_9,219원/1GB_295,000|_8GB_10,625원/1GB_85,000"
11787091,ESSENCORE KLEVV DDR4-3200 CL22 파인인포,0,0,0,0,0,0,0,0,0,0,0,0,0,0,0,0,0,0,0,0,0,0,0,0,0,0,0,0,0,"32GB_12,893원/1GB_412,590|_16GB_10,993원/1GB_175,880|_8GB_10,740원/1GB_85,920","32GB_12,893원/1GB_412,590|_16GB_10,993원/1GB_175,880|_8GB_10,740원/1GB_85,920"
58107197,ESSENCORE KLEVV DDR5-5600 CL30 FIT V WHITE 서린,0,0,0,0,0,0,0,0,0,0,0,0,0,0,0,0,0,0,0,0,0,0,0,0,0,0,0,0,0,"16GB_22,300원/1GB_356,800","16GB_22,300원/1GB_356,800"
92152220,ESSENCORE KLEVV DDR5-5600 CL30 FIT V 서린,0,0,0,0,0,0,0,0,0,0,0,0,0,0,0,0,0,0,0,0,0,0,0,0,0,0,0,0,0,"16GB_22,437원/1GB_358,990","16GB_22,437원/1GB_358,990"
94638185,ESSENCORE KLEVV DDR5-5600 CL46 AMD 파인인포,0,0,0,0,0,0,0,0,0,0,0,0,0,0,0,0,0,0,0,0,0,0,0,0,0,0,0,0,0,"_16GB_19,394원/1GB_310,300|_8GB_21,649원/1GB_173,190","_16GB_19,394원/1GB_310,300|_8GB_21,570원/1GB_172,560"
71216363,ESSENCORE KLEVV DDR5-5600 CL46 NEO 파인인포,0,0,0,0,0,0,0,0,0,0,0,0,0,0,0,0,0,0,0,0,0,0,0,0,0,0,0,0,0,"_16GB_20,313원/1GB_325,000|_8GB_22,188원/1GB_177,500","_16GB_20,313원/1GB_325,000|_8GB_22,188원/1GB_177,500"
18965774,ESSENCORE KLEVV DDR5-5600 CL46 파인인포,0,0,0,0,0,0,0,0,0,0,0,0,0,0,0,0,0,0,0,0,0,0,0,0,0,0,0,0,0,"_32GB_20,006원/1GB_640,190|_16GB_20,337원/1GB_325,390","_32GB_20,003원/1GB_640,080|_16GB_20,330원/1GB_325,280"
91188350,ESSENCORE KLEVV DDR5-6000 CL28 BOLT V WHITE 패키지 서린,0,0,0,0,0,0,0,0,0,0,0,0,0,0,0,0,0,0,0,0,0,0,0,0,0,0,0,0,0,"32GB(16Gx2)_23,671원/1GB_757,460","32GB(16Gx2)_25,047원/1GB_801,490"
91188470,ESSENCORE KLEVV DDR5-6000 CL28 CRAS V RGB WHITE 패키지 서린,0,0,0,0,0,0,0,0,0,0,0,0,0,0,0,0,0,0,0,0,0,0,0,0,0,0,0,0,0,"32GB(16Gx2)_27,375원/1GB_876,000","32GB(16Gx2)_27,375원/1GB_876,000"
91188443,ESSENCORE KLEVV DDR5-6000 CL28 CRAS V RGB 패키지 서린,0,0,0,0,0,0,0,0,0,0,0,0,0,0,0,0,0,0,0,0,0,0,0,0,0,0,0,0,0,"32GB(16Gx2)_26,978원/1GB_863,300","32GB(16Gx2)_26,978원/1GB_863,300"
123437610,ESSENCORE KLEVV DDR5-6000 CL28 FIT V BLACK AMD 패키지 서린,0,0,0,0,0,0,0,0,0,0,0,0,0,0,0,0,0,0,0,0,0,0,0,0,0,0,0,0,0,"32GB(16Gx2)_23,091원/1GB_738,900","32GB(16Gx2)_23,091원/1GB_738,900"
123437617,ESSENCORE KLEVV DDR5-6000 CL28 FIT V WHITE AMD 패키지 서린,0,0,0,0,0,0,0,0,0,0,0,0,0,0,0,0,0,0,0,0,0,0,0,0,0,0,0,0,0,"32GB(16Gx2)_23,091원/1GB_738,900","32GB(16Gx2)_23,091원/1GB_738,900"
100692755,ESSENCORE KLEVV DDR5-6000 CL28 URBANE V RGB 블랙 패키지 서린,0,0,0,0,0,0,0,0,0,0,0,0,0,0,0,0,0,0,0,0,0,0,0,0,0,0,0,0,0,"32GB(16Gx2)_26,531원/1GB_848,980","32GB(16Gx2)_26,531원/1GB_849,000"
100692737,ESSENCORE KLEVV DDR5-6000 CL28 URBANE V RGB 화이트 패키지 서린,0,0,0,0,0,0,0,0,0,0,0,0,0,0,0,0,0,0,0,0,0,0,0,0,0,0,0,0,0,"32GB(16Gx2)_26,531원/1GB_849,000","32GB(16Gx2)_26,531원/1GB_849,000"
79000574,ESSENCORE KLEVV DDR5-6000 CL30 BOLT V AMD 패키지 서린,0,0,0,0,0,0,0,0,0,0,0,0,0,0,0,0,0,0,0,0,0,0,0,0,0,0,0,0,0,"32GB(16Gx2)_24,216원/1GB_774,900","32GB(16Gx2)_24,216원/1GB_774,900"
123538748,ESSENCORE KLEVV DDR5-6000 CL30 BOLT V WHITE AMD 패키지 서린,0,0,0,0,0,0,0,0,0,0,0,0,0,0,0,0,0,0,0,0,0,0,0,0,0,0,0,0,0,"32GB(16Gx2)_23,728원/1GB_759,300","32GB(16Gx2)_23,728원/1GB_759,300"
92152256,ESSENCORE KLEVV DDR5-6000 CL30 BOLT V WHITE 패키지 서린,0,0,0,0,0,0,0,0,0,0,0,0,0,0,0,0,0,0,0,0,0,0,0,0,0,0,0,0,0,"_64GB(32Gx2)_24,328원/1GB_1,556,970|_32GB(16Gx2)_23,593원/1GB_754,960","_64GB(32Gx2)_24,375원/1GB_1,560,000|_32GB(16Gx2)_24,344원/1GB_779,000"
94568963,ESSENCORE KLEVV DDR5-6000 CL30 BOLT V 패키지 서린,0,0,0,0,0,0,0,0,0,0,0,0,0,0,0,0,0,0,0,0,0,0,0,0,0,0,0,0,0,"_64GB(32Gx2)_24,359원/1GB_1,559,000|_32GB(16Gx2)_24,874원/1GB_795,960","_64GB(32Gx2)_24,359원/1GB_1,559,000|_32GB(16Gx2)_24,731원/1GB_791,390"
79010636,ESSENCORE KLEVV DDR5-6000 CL30 CRAS V RGB WHITE AMD 패키지 서린,0,0,0,0,0,0,0,0,0,0,0,0,0,0,0,0,0,0,0,0,0,0,0,0,0,0,0,0,0,"32GB(16Gx2)_25,809원/1GB_825,900","32GB(16Gx2)_25,809원/1GB_825,900"
32076077,ESSENCORE KLEVV DDR5-6000 CL30 CRAS V RGB WHITE 패키지 서린,0,0,0,0,0,0,0,0,0,0,0,0,0,0,0,0,0,0,0,0,0,0,0,0,0,0,0,0,0,"_64GB(32Gx2)_25,093원/1GB_1,605,960|48GB(24Gx2)_23,895원/1GB_1,146,970|_32GB(16Gx2)_25,828원/1GB_826,500","_64GB(32Gx2)_25,093원/1GB_1,605,960|48GB(24Gx2)_23,958원/1GB_1,150,000|_32GB(16Gx2)_25,828원/1GB_826,500"
123804950,ESSENCORE KLEVV DDR5-6000 CL30 CRAS V RGB WHITE 패키지 중고,0,0,0,0,0,0,0,0,0,0,0,0,0,0,0,0,0,0,0,0,0,0,0,0,0,0,0,0,0,"32GB(16Gx2)_24,979원/1GB_799,320","32GB(16Gx2)_25,038원/1GB_801,200"
30002663,ESSENCORE KLEVV DDR5-6000 CL30 CRAS V RGB 패키지 서린,0,0,0,0,0,0,0,0,0,0,0,0,0,0,0,0,0,0,0,0,0,0,0,0,0,0,0,0,0,"_64GB(32Gx2)_25,453원/1GB_1,628,970|48GB(24Gx2)_23,895원/1GB_1,146,970|_32GB(16Gx2)_25,824원/1GB_826,360","_64GB(32Gx2)_25,453원/1GB_1,628,970|48GB(24Gx2)_23,958원/1GB_1,150,000|_32GB(16Gx2)_25,824원/1GB_826,360"
122663226,ESSENCORE KLEVV DDR5-6000 CL30 FIT V AMD 패키지 서린,0,0,0,0,0,0,0,0,0,0,0,0,0,0,0,0,0,0,0,0,0,0,0,0,0,0,0,0,0,"16GB(8Gx2)_11,716원/1GB_374,900","16GB(8Gx2)_11,645원/1GB_372,640"
122663232,ESSENCORE KLEVV DDR5-6000 CL30 FIT V WHITE AMD 패키지 서린,0,0,0,0,0,0,0,0,0,0,0,0,0,0,0,0,0,0,0,0,0,0,0,0,0,0,0,0,0,"16GB(8Gx2)_11,718원/1GB_374,980","16GB(8Gx2)_11,645원/1GB_372,640"
91188716,ESSENCORE KLEVV DDR5-6000 CL30 FIT V WHITE 패키지 서린,0,0,0,0,0,0,0,0,0,0,0,0,0,0,0,0,0,0,0,0,0,0,0,0,0,0,0,0,0,"32GB(16Gx2)_23,031원/1GB_736,980","32GB(16Gx2)_23,094원/1GB_739,000"
91188656,ESSENCORE KLEVV DDR5-6000 CL30 FIT V 패키지 서린,0,0,0,0,0,0,0,0,0,0,0,0,0,0,0,0,0,0,0,0,0,0,0,0,0,0,0,0,0,"32GB(16Gx2)_23,031원/1GB_736,980","32GB(16Gx2)_23,094원/1GB_739,000"
100692833,ESSENCORE KLEVV DDR5-6000 CL30 URBANE V RGB 블랙 패키지 서린,0,0,0,0,0,0,0,0,0,0,0,0,0,0,0,0,0,0,0,0,0,0,0,0,0,0,0,0,0,"32GB(16Gx2)_25,294원/1GB_809,400","32GB(16Gx2)_25,294원/1GB_809,400"
72587681,ESSENCORE KLEVV DDR5-6000 CL30 URBANE V RGB 패키지 서린,0,0,0,0,0,0,0,0,0,0,0,0,0,0,0,0,0,0,0,0,0,0,0,0,0,0,0,0,0,"_48GB(24Gx2)_22,708원/1GB_1,090,000|_32GB(16Gx2)_25,843원/1GB_826,970","_48GB(24Gx2)_22,533원/1GB_1,081,600|_32GB(16Gx2)_25,591원/1GB_818,900"
123963065,ESSENCORE KLEVV DDR5-6000 CL32 CRAS V RGB WHITE 패키지 서린,0,0,0,0,0,0,0,0,0,0,0,0,0,0,0,0,0,0,0,0,0,0,0,0,0,0,0,0,0,"128GB(64Gx2)_28,906원/1GB_3,700,000","128GB(64Gx2)_28,906원/1GB_3,700,000"
123963052,ESSENCORE KLEVV DDR5-6000 CL32 CRAS V RGB 패키지 서린,0,0,0,0,0,0,0,0,0,0,0,0,0,0,0,0,0,0,0,0,0,0,0,0,0,0,0,0,0,"128GB(64Gx2)_28,781원/1GB_3,684,020","128GB(64Gx2)_28,617원/1GB_3,663,000"
93805103,ESSENCORE KLEVV DDR5-6400 CL30 BOLT V WHITE 패키지 서린,0,0,0,0,0,0,0,0,0,0,0,0,0,0,0,0,0,0,0,0,0,0,0,0,0,0,0,0,0,"32GB(16Gx2)_27,356원/1GB_875,400","32GB(16Gx2)_27,356원/1GB_875,400"
93805016,ESSENCORE KLEVV DDR5-6400 CL30 BOLT V 패키지 서린,0,0,0,0,0,0,0,0,0,0,0,0,0,0,0,0,0,0,0,0,0,0,0,0,0,0,0,0,0,"32GB(16Gx2)_27,469원/1GB_879,000","32GB(16Gx2)_27,469원/1GB_879,000"
123538770,ESSENCORE KLEVV DDR5-6400 CL32 BOLT V WHITE AMD 패키지 서린,0,0,0,0,0,0,0,0,0,0,0,0,0,0,0,0,0,0,0,0,0,0,0,0,0,0,0,0,0,"32GB(16Gx2)_23,728원/1GB_759,310","32GB(16Gx2)_23,728원/1GB_759,310"
79017092,ESSENCORE KLEVV DDR5-6400 CL32 CRAS V RGB WHITE AMD 패키지 서린,0,0,0,0,0,0,0,0,0,0,0,0,0,0,0,0,0,0,0,0,0,0,0,0,0,0,0,0,0,"32GB(16Gx2)_25,906원/1GB_828,990","32GB(16Gx2)_25,906원/1GB_829,000"
37989125,ESSENCORE KLEVV DDR5-6400 CL32 CRAS V RGB WHITE 패키지 서린,0,0,0,0,0,0,0,0,0,0,0,0,0,0,0,0,0,0,0,0,0,0,0,0,0,0,0,0,0,"_64GB(32Gx2)_25,781원/1GB_1,650,000|48GB(24Gx2)_23,852원/1GB_1,144,900|_32GB(16Gx2)_25,906원/1GB_829,000","_64GB(32Gx2)_25,781원/1GB_1,650,000|48GB(24Gx2)_22,656원/1GB_1,087,500|_32GB(16Gx2)_25,906원/1GB_829,000"
27886454,ESSENCORE KLEVV DDR5-6400 CL32 CRAS V RGB 패키지 서린,0,0,0,0,0,0,0,0,0,0,0,0,0,0,0,0,0,0,0,0,0,0,0,0,0,0,0,0,0,"_48GB(24Gx2)_23,958원/1GB_1,149,980|_32GB(16Gx2)_26,500원/1GB_848,000","_48GB(24Gx2)_23,958원/1GB_1,150,000|_32GB(16Gx2)_26,500원/1GB_848,000"
78849305,ESSENCORE KLEVV DDR5-6400 CL32 URBANE V RGB 패키지 서린,0,0,0,0,0,0,0,0,0,0,0,0,0,0,0,0,0,0,0,0,0,0,0,0,0,0,0,0,0,"_32GB(16Gx2)_25,809원/1GB_825,890|_48GB(24Gx2)_20,937원/1GB_1,004,990","_32GB(16Gx2)_25,644원/1GB_820,600|_48GB(24Gx2)_22,167원/1GB_1,064,000"
74340050,ESSENCORE KLEVV DDR5-6400 CL52 CUDIMM 파인인포,0,0,0,0,0,0,0,0,0,0,0,0,0,0,0,0,0,0,0,0,0,0,0,0,0,0,0,0,0,"16GB_22,078원/1GB_353,250","16GB_22,078원/1GB_353,250"
64376690,ESSENCORE KLEVV DDR5-7200 CL34 CRAS V RGB ROG 패키지 서린,0,0,0,0,0,0,0,0,0,0,0,0,0,0,0,0,0,0,0,0,0,0,0,0,0,0,0,0,0,"32GB(16Gx2)_24,656원/1GB_789,000","32GB(16Gx2)_24,656원/1GB_789,000"
37989224,ESSENCORE KLEVV DDR5-7200 CL34 CRAS V RGB White 패키지 서린,0,0,0,0,0,0,0,0,0,0,0,0,0,0,0,0,0,0,0,0,0,0,0,0,0,0,0,0,0,"_48GB(24Gx2)_20,625원/1GB_990,000|_32GB(16Gx2)_27,356원/1GB_875,400","_48GB(24Gx2)_20,625원/1GB_990,000|_32GB(16Gx2)_27,356원/1GB_875,400"
27886676,ESSENCORE KLEVV DDR5-7200 CL34 CRAS V RGB 패키지 서린,0,0,0,0,0,0,0,0,0,0,0,0,0,0,0,0,0,0,0,0,0,0,0,0,0,0,0,0,0,"32GB(16Gx2)_26,981원/1GB_863,400","32GB(16Gx2)_26,981원/1GB_863,400"
19240181,ESSENCORE KLEVV 노트북 DDR4-2666 CL19 중고,0,0,0,0,0,0,0,0,0,0,0,0,0,0,0,0,0,0,0,0,0,0,0,0,0,0,0,0,0,"4GB_11,500원/1GB_46,000","4GB_11,500원/1GB_46,000"
11787154,ESSENCORE KLEVV 노트북 DDR4-3200 CL22 파인인포,0,0,0,0,0,0,0,0,0,0,0,0,0,0,0,0,0,0,0,0,0,0,0,0,0,0,0,0,0,"32GB_12,893원/1GB_412,580|_16GB_12,422원/1GB_198,750|_8GB_11,336원/1GB_90,690",0
11787178,ESSENCORE KLEVV 노트북 DDR4-3200 CL22 파인인포,0,0,0,0,0,0,0,0,0,0,0,0,0,0,0,0,0,0,0,0,0,0,0,0,0,0,0,0,0,0,"_32GB_12,893원/1GB_412,580|_16GB_12,421원/1GB_198,740|8GB_11,336원/1GB_90,690"
28208825,ESSENCORE KLEVV 노트북 DDR5-5600 CL46 파인인포,0,0,0,0,0,0,0,0,0,0,0,0,0,0,0,0,0,0,0,0,0,0,0,0,0,0,0,0,0,"_32GB_20,003원/1GB_640,080|_16GB_21,250원/1GB_340,000","_32GB_20,003원/1GB_640,080|_16GB_21,250원/1GB_340,000"
106729376,FRIO DDR5-5600 CL46,0,0,0,0,0,0,0,0,0,0,0,0,0,0,0,0,0,0,0,0,0,0,0,0,0,0,0,0,0,"16GB_19,459원/1GB_311,340","16GB_19,459원/1GB_311,340"
6002268,G.SKILL DDR4-2666 CL19 AEGIS,0,0,0,0,0,0,0,0,0,0,0,0,0,0,0,0,0,0,0,0,0,0,0,0,0,0,0,0,0,"_16GB_9,999원/1GB_159,980|_8GB_10,373원/1GB_82,980","_16GB_10,000원/1GB_160,000|_8GB_10,375원/1GB_83,000"
9593742,G.SKILL DDR4-3200 CL16 AEGIS,0,0,0,0,0,0,0,0,0,0,0,0,0,0,0,0,0,0,0,0,0,0,0,0,0,0,0,0,0,"_16GB_10,500원/1GB_168,000|_8GB_10,625원/1GB_85,000","_16GB_10,500원/1GB_168,000|_8GB_10,313원/1GB_82,500"
4571593,G.SKILL DDR4-3200 CL16 RIPJAWS V VK,0,0,0,0,0,0,0,0,0,0,0,0,0,0,0,0,0,0,0,0,0,0,0,0,0,0,0,0,0,"16GB_10,811원/1GB_172,980","16GB_10,813원/1GB_173,000"
10019547,G.SKILL DDR4-3200 CL16 TRIDENT Z RGB 패키지,0,0,0,0,0,0,0,0,0,0,0,0,0,0,0,0,0,0,0,0,0,0,0,0,0,0,0,0,0,"_32GB(16Gx2)_11,813원/1GB_378,000|_16GB(8Gx2)_12,424원/1GB_198,780","_32GB(16Gx2)_11,813원/1GB_378,000|_16GB(8Gx2)_12,424원/1GB_198,780"
3439724,G.SKILL DDR4-3200 CL16 TRIDENT Z 패키지,0,0,0,0,0,0,0,0,0,0,0,0,0,0,0,0,0,0,0,0,0,0,0,0,0,0,0,0,0,"16GB(8Gx2)_12,308원/1GB_196,930","16GB(8Gx2)_12,309원/1GB_196,940"
4589107,G.SKILL DDR4-3200 CL16 TRIDENT ZKW 패키지,0,0,0,0,0,0,0,0,0,0,0,0,0,0,0,0,0,0,0,0,0,0,0,0,0,0,0,0,0,"16GB(8Gx2)_12,311원/1GB_196,980","16GB(8Gx2)_12,313원/1GB_197,000"
9480405,G.SKILL DDR4-3600 CL16 TRIDENT Z NEO C 패키지,0,0,0,0,0,0,0,0,0,0,0,0,0,0,0,0,0,0,0,0,0,0,0,0,0,0,0,0,0,"_32GB(16Gx2)_12,688원/1GB_406,000|_16GB(8Gx2)_13,373원/1GB_213,960","_32GB(16Gx2)_12,688원/1GB_406,000|_16GB(8Gx2)_13,373원/1GB_213,960"
11044452,G.SKILL DDR4-3600 CL18 TRIDENT Z NEO 패키지,0,0,0,0,0,0,0,0,0,0,0,0,0,0,0,0,0,0,0,0,0,0,0,0,0,0,0,0,0,"64GB(32Gx2)_12,031원/1GB_770,000","64GB(32Gx2)_12,031원/1GB_770,000"
11431083,G.SKILL DDR4-3600 CL18 TRIDENT Z RGB 패키지,0,0,0,0,0,0,0,0,0,0,0,0,0,0,0,0,0,0,0,0,0,0,0,0,0,0,0,0,0,"_32GB(16Gx2)_12,000원/1GB_384,000|_16GB(8Gx2)_12,936원/1GB_206,980","_32GB(16Gx2)_12,000원/1GB_384,000|_16GB(8Gx2)_12,937원/1GB_206,990"
18643175,G.SKILL DDR4-3600 CL18 TRIDENT Z RGB 패키지 (해외구매),0,0,0,0,0,0,0,0,0,0,0,0,0,0,0,0,0,0,0,0,0,0,0,0,0,0,0,0,0,"16GB(8Gx2)_15,216원/1GB_243,460","16GB(8Gx2)_15,216원/1GB_243,460"
7030186,G.SKILL DDR4-3600 CL18 TRIDENT Z ROYAL 실버 패키지,0,0,0,0,0,0,0,0,0,0,0,0,0,0,0,0,0,0,0,0,0,0,0,0,0,0,0,0,0,"16GB(8Gx2)_48,916원/1GB_782,650","16GB(8Gx2)_48,916원/1GB_782,650"
54102995,G.SKILL DDR5-5200 CL40 FLARE X5 J 패키지,0,0,0,0,0,0,0,0,0,0,0,0,0,0,0,0,0,0,0,0,0,0,0,0,0,0,0,0,0,"96GB(48Gx2)_23,853원/1GB_2,289,900","96GB(48Gx2)_23,579원/1GB_2,263,590"
56151416,G.SKILL DDR5-5200 CL40 RIPJAWS M5 RGB 블랙 패키지,0,0,0,0,0,0,0,0,0,0,0,0,0,0,0,0,0,0,0,0,0,0,0,0,0,0,0,0,0,"_64GB(32Gx2)_24,723원/1GB_1,582,290|_32GB(16Gx2)_20,906원/1GB_669,000","_64GB(32Gx2)_24,559원/1GB_1,571,760|_32GB(16Gx2)_21,724원/1GB_695,160"
56151521,G.SKILL DDR5-5200 CL40 RIPJAWS M5 RGB 화이트 패키지,0,0,0,0,0,0,0,0,0,0,0,0,0,0,0,0,0,0,0,0,0,0,0,0,0,0,0,0,0,"_64GB(32Gx2)_24,489원/1GB_1,567,300|_32GB(16Gx2)_20,313원/1GB_650,000","_64GB(32Gx2)_24,177원/1GB_1,547,300|_32GB(16Gx2)_20,313원/1GB_650,000"
54103163,G.SKILL DDR5-5200 CL40 RIPJAWS S5 J 블랙 패키지,0,0,0,0,0,0,0,0,0,0,0,0,0,0,0,0,0,0,0,0,0,0,0,0,0,0,0,0,0,"_96GB(48Gx2)_23,854원/1GB_2,289,990|_64GB(32Gx2)_24,062원/1GB_1,539,980|32GB(16Gx2)_21,841원/1GB_698,900","_96GB(48Gx2)_23,579원/1GB_2,263,590|_64GB(32Gx2)_23,778원/1GB_1,521,810|32GB(16Gx2)_21,636원/1GB_692,340"
54103232,G.SKILL DDR5-5200 CL40 RIPJAWS S5 J 화이트 패키지,0,0,0,0,0,0,0,0,0,0,0,0,0,0,0,0,0,0,0,0,0,0,0,0,0,0,0,0,0,"_96GB(48Gx2)_23,880원/1GB_2,292,500|_32GB(16Gx2)_20,593원/1GB_658,990","_96GB(48Gx2)_23,880원/1GB_2,292,500|_32GB(16Gx2)_19,968원/1GB_638,990"
109682708,G.SKILL DDR5-5600 CL28 G5 ECC/REG 패키지,0,0,0,0,0,0,0,0,0,0,0,0,0,0,0,0,0,0,0,0,0,0,0,0,0,0,0,0,0,"128GB(32Gx4)_67,188원/1GB_8,600,000","128GB(32Gx4)_66,403원/1GB_8,499,630"
109682669,G.SKILL DDR5-5600 CL28 G5 NEO ECC/REG 패키지,0,0,0,0,0,0,0,0,0,0,0,0,0,0,0,0,0,0,0,0,0,0,0,0,0,0,0,0,0,"128GB(32Gx4)_60,156원/1GB_7,699,980","128GB(32Gx4)_59,454원/1GB_7,610,130"
28241219,G.SKILL DDR5-5600 CL36 AEGIS 5,0,0,0,0,0,0,0,0,0,0,0,0,0,0,0,0,0,0,0,0,0,0,0,0,0,0,0,0,0,"_32GB_25,593원/1GB_818,980|_16GB_21,499원/1GB_343,990","_32GB_25,363원/1GB_811,630|_16GB_21,361원/1GB_341,770"
102553307,G.SKILL DDR5-5600 CL36 FLARE X5 AMD 블랙,0,0,0,0,0,0,0,0,0,0,0,0,0,0,0,0,0,0,0,0,0,0,0,0,0,0,0,0,0,"8GB_28,123원/1GB_224,980","8GB_27,975원/1GB_223,800"
56151749,G.SKILL DDR5-5600 CL40 RIPJAWS M5 RGB 블랙 패키지,0,0,0,0,0,0,0,0,0,0,0,0,0,0,0,0,0,0,0,0,0,0,0,0,0,0,0,0,0,"96GB(48Gx2)_26,978원/1GB_2,589,900","96GB(48Gx2)_26,668원/1GB_2,560,080"
56151770,G.SKILL DDR5-5600 CL40 RIPJAWS M5 RGB 화이트 패키지,0,0,0,0,0,0,0,0,0,0,0,0,0,0,0,0,0,0,0,0,0,0,0,0,0,0,0,0,0,"96GB(48Gx2)_26,969원/1GB_2,589,000","96GB(48Gx2)_26,668원/1GB_2,560,080"
40551086,G.SKILL DDR5-5600 CL40 RIPJAWS S5 J 블랙 패키지,0,0,0,0,0,0,0,0,0,0,0,0,0,0,0,0,0,0,0,0,0,0,0,0,0,0,0,0,0,"96GB(48Gx2)_25,937원/1GB_2,489,990","96GB(48Gx2)_25,638원/1GB_2,461,260"
122720444,G.SKILL DDR5-5600 CL46 G5 ECC/REG,0,0,0,0,0,0,0,0,0,0,0,0,0,0,0,0,0,0,0,0,0,0,0,0,0,0,0,0,0,"_32GB_286,248원/1GB_2,289,980|_48GB_291,248원/1GB_2,329,980|","_32GB_275,213원/1GB_2,201,700|_48GB_280,044원/1GB_2,240,350|"
80151290,G.SKILL DDR5-6000 CL26 TRIDENT Z5 NEO RGB H 패키지,0,0,0,0,0,0,0,0,0,0,0,0,0,0,0,0,0,0,0,0,0,0,0,0,0,0,0,0,0,"32GB(16Gx2)_40,313원/1GB_1,290,000","32GB(16Gx2)_40,313원/1GB_1,290,000"
80151371,G.SKILL DDR5-6000 CL26 TRIDENT Z5 NEO RGB H 화이트 패키지,0,0,0,0,0,0,0,0,0,0,0,0,0,0,0,0,0,0,0,0,0,0,0,0,0,0,0,0,0,"32GB(16Gx2)_40,312원/1GB_1,289,980","32GB(16Gx2)_39,913원/1GB_1,277,200"
122727537,G.SKILL DDR5-6000 CL26 TRIDENT Z5 NeoX RGB for AMD ULL 글로시블랙 패키지,0,0,0,0,0,0,0,0,0,0,0,0,0,0,0,0,0,0,0,0,0,0,0,0,0,0,0,0,0,"32GB(16Gx2)_68,431원/1GB_2,189,800","32GB(16Gx2)_68,438원/1GB_2,190,000"
122727539,G.SKILL DDR5-6000 CL26 TRIDENT Z5 NeoX RGB for AMD ULL 매트블랙 패키지,0,0,0,0,0,0,0,0,0,0,0,0,0,0,0,0,0,0,0,0,0,0,0,0,0,0,0,0,0,"32GB(16Gx2)_68,431원/1GB_2,189,800","32GB(16Gx2)_68,438원/1GB_2,190,000"
122727540,G.SKILL DDR5-6000 CL26 TRIDENT Z5 NeoX RGB for AMD ULL 매트화이트 패키지,0,0,0,0,0,0,0,0,0,0,0,0,0,0,0,0,0,0,0,0,0,0,0,0,0,0,0,0,0,"32GB(16Gx2)_67,884원/1GB_2,172,290","32GB(16Gx2)_67,884원/1GB_2,172,300"
72913436,G.SKILL DDR5-6000 CL28 FLARE X5 J 패키지,0,0,0,0,0,0,0,0,0,0,0,0,0,0,0,0,0,0,0,0,0,0,0,0,0,0,0,0,0,"32GB(16Gx2)_30,968원/1GB_990,990","32GB(16Gx2)_30,899원/1GB_988,760"
72913478,G.SKILL DDR5-6000 CL28 FLARE X5 J 화이트 패키지,0,0,0,0,0,0,0,0,0,0,0,0,0,0,0,0,0,0,0,0,0,0,0,0,0,0,0,0,0,"_64GB(32Gx2)_32,656원/1GB_2,090,000|_32GB(16Gx2)_30,969원/1GB_991,000","_64GB(32Gx2)_32,280원/1GB_2,065,920|_32GB(16Gx2)_30,899원/1GB_988,760"
75724346,G.SKILL DDR5-6000 CL28 RIPJAWS M5 NEO RGB 블랙 패키지,0,0,0,0,0,0,0,0,0,0,0,0,0,0,0,0,0,0,0,0,0,0,0,0,0,0,0,0,0,"_32GB(16Gx2)_34,056원/1GB_1,089,800|_64GB(32Gx2)_26,250원/1GB_1,680,000","_32GB(16Gx2)_33,726원/1GB_1,079,240|_64GB(32Gx2)_26,250원/1GB_1,680,000"
72913541,G.SKILL DDR5-6000 CL28 RIPJAWS M5 NEO RGB 화이트 패키지,0,0,0,0,0,0,0,0,0,0,0,0,0,0,0,0,0,0,0,0,0,0,0,0,0,0,0,0,0,"32GB(16Gx2)_24,656원/1GB_789,000","32GB(16Gx2)_24,656원/1GB_789,000"
93385487,G.SKILL DDR5-6000 CL28 TRIDENT Z5 NEO RGB J 패키지,0,0,0,0,0,0,0,0,0,0,0,0,0,0,0,0,0,0,0,0,0,0,0,0,0,0,0,0,0,"32GB(16Gx2)_37,188원/1GB_1,190,000","32GB(16Gx2)_36,819원/1GB_1,178,220"
67980524,G.SKILL DDR5-6000 CL28 TRIDENT Z5 NEO RGB J 화이트 패키지,0,0,0,0,0,0,0,0,0,0,0,0,0,0,0,0,0,0,0,0,0,0,0,0,0,0,0,0,0,"32GB(16Gx2)_26,844원/1GB_859,000","32GB(16Gx2)_26,844원/1GB_859,000"
122727531,G.SKILL DDR5-6000 CL28 TRIDENT Z5 NeoX RGB for AMD ULL 글로시블랙 패키지,0,0,0,0,0,0,0,0,0,0,0,0,0,0,0,0,0,0,0,0,0,0,0,0,0,0,0,0,0,"32GB(16Gx2)_62,187원/1GB_1,989,980","32GB(16Gx2)_62,188원/1GB_1,990,000"
122727533,G.SKILL DDR5-6000 CL28 TRIDENT Z5 NeoX RGB for AMD ULL 매트블랙 패키지,0,0,0,0,0,0,0,0,0,0,0,0,0,0,0,0,0,0,0,0,0,0,0,0,0,0,0,0,0,"32GB(16Gx2)_62,187원/1GB_1,989,980","32GB(16Gx2)_62,188원/1GB_1,990,000"
122727534,G.SKILL DDR5-6000 CL28 TRIDENT Z5 NeoX RGB for AMD ULL 매트화이트 패키지,0,0,0,0,0,0,0,0,0,0,0,0,0,0,0,0,0,0,0,0,0,0,0,0,0,0,0,0,0,"32GB(16Gx2)_62,187원/1GB_1,989,980","32GB(16Gx2)_62,188원/1GB_1,990,000"
102553352,G.SKILL DDR5-6000 CL30 FLARE X5 AMD 블랙,0,0,0,0,0,0,0,0,0,0,0,0,0,0,0,0,0,0,0,0,0,0,0,0,0,0,0,0,0,"8GB_29,123원/1GB_232,980","8GB_29,123원/1GB_232,980"
40022765,G.SKILL DDR5-6000 CL30 FLARE X5 J 패키지,0,0,0,0,0,0,0,0,0,0,0,0,0,0,0,0,0,0,0,0,0,0,0,0,0,0,0,0,0,"_64GB(32Gx2)_32,609원/1GB_2,087,000|_32GB(16Gx2)_32,593원/1GB_1,042,990","_64GB(32Gx2)_32,609원/1GB_2,087,000|_32GB(16Gx2)_32,496원/1GB_1,039,860"
75724439,G.SKILL DDR5-6000 CL30 RIPJAWS M5 NEO RGB 블랙 패키지,0,0,0,0,0,0,0,0,0,0,0,0,0,0,0,0,0,0,0,0,0,0,0,0,0,0,0,0,0,"_32GB(16Gx2)_33,172원/1GB_1,061,490|_64GB(32Gx2)_34,219원/1GB_2,190,000","_32GB(16Gx2)_33,172원/1GB_1,061,500|_64GB(32Gx2)_34,219원/1GB_2,190,000"
75724553,G.SKILL DDR5-6000 CL30 RIPJAWS M5 NEO RGB 화이트 패키지,0,0,0,0,0,0,0,0,0,0,0,0,0,0,0,0,0,0,0,0,0,0,0,0,0,0,0,0,0,"_32GB(16Gx2)_33,172원/1GB_1,061,490|_64GB(32Gx2)_34,258원/1GB_2,192,500","_32GB(16Gx2)_33,172원/1GB_1,061,500|_64GB(32Gx2)_34,258원/1GB_2,192,500"
56151878,G.SKILL DDR5-6000 CL30 RIPJAWS M5 RGB 블랙 패키지,0,0,0,0,0,0,0,0,0,0,0,0,0,0,0,0,0,0,0,0,0,0,0,0,0,0,0,0,0,"_64GB(32Gx2)_25,575원/1GB_1,636,800|_32GB(16Gx2)_33,365원/1GB_1,067,690","_64GB(32Gx2)_25,575원/1GB_1,636,800|_32GB(16Gx2)_33,366원/1GB_1,067,700"
56151998,G.SKILL DDR5-6000 CL30 RIPJAWS M5 RGB 화이트 패키지,0,0,0,0,0,0,0,0,0,0,0,0,0,0,0,0,0,0,0,0,0,0,0,0,0,0,0,0,0,"32GB(16Gx2)_30,938원/1GB_990,000","32GB(16Gx2)_33,125원/1GB_1,060,000"
16875872,G.SKILL DDR5-6000 CL30 RIPJAWS S5 J 블랙 패키지,0,0,0,0,0,0,0,0,0,0,0,0,0,0,0,0,0,0,0,0,0,0,0,0,0,0,0,0,0,"_64GB(32Gx2)_31,820원/1GB_2,036,450|_32GB(16Gx2)_30,966원/1GB_990,900","_64GB(32Gx2)_31,820원/1GB_2,036,460|_32GB(16Gx2)_30,898원/1GB_988,750"
17000741,G.SKILL DDR5-6000 CL30 RIPJAWS S5 J 화이트 패키지,0,0,0,0,0,0,0,0,0,0,0,0,0,0,0,0,0,0,0,0,0,0,0,0,0,0,0,0,0,"_64GB(32Gx2)_32,655원/1GB_2,089,900|_32GB(16Gx2)_81,641원/1GB_2,612,500","_64GB(32Gx2)_32,656원/1GB_2,090,000|_32GB(16Gx2)_75,926원/1GB_2,429,620"
17139398,G.SKILL DDR5-6000 CL30 TRIDENT Z5 J 실버 패키지,0,0,0,0,0,0,0,0,0,0,0,0,0,0,0,0,0,0,0,0,0,0,0,0,0,0,0,0,0,"32GB(16Gx2)_30,093원/1GB_962,980","32GB(16Gx2)_29,968원/1GB_958,960"
17139326,G.SKILL DDR5-6000 CL30 TRIDENT Z5 J 패키지,0,0,0,0,0,0,0,0,0,0,0,0,0,0,0,0,0,0,0,0,0,0,0,0,0,0,0,0,0,"_64GB(32Gx2)_25,000원/1GB_1,600,000|_32GB(16Gx2)_30,281원/1GB_968,980",0
17139356,G.SKILL DDR5-6000 CL30 TRIDENT Z5 J 패키지,0,0,0,0,0,0,0,0,0,0,0,0,0,0,0,0,0,0,0,0,0,0,0,0,0,0,0,0,0,0,"_64GB(32Gx2)_25,000원/1GB_1,600,000|_32GB(16Gx2)_29,968원/1GB_958,960"
17932031,G.SKILL DDR5-6000 CL30 TRIDENT Z5 NEO J 패키지,0,0,0,0,0,0,0,0,0,0,0,0,0,0,0,0,0,0,0,0,0,0,0,0,0,0,0,0,0,"_64GB(32Gx2)_32,655원/1GB_2,089,900|_32GB(16Gx2)_32,964원/1GB_1,054,850","_64GB(32Gx2)_32,656원/1GB_2,090,000|_32GB(16Gx2)_32,795원/1GB_1,049,430"
17931836,G.SKILL DDR5-6000 CL30 TRIDENT Z5 NEO RGB J 패키지,0,0,0,0,0,0,0,0,0,0,0,0,0,0,0,0,0,0,0,0,0,0,0,0,0,0,0,0,0,"_64GB(32Gx2)_33,733원/1GB_2,158,910|_32GB(16Gx2)_33,656원/1GB_1,077,000","_64GB(32Gx2)_33,733원/1GB_2,158,910|_32GB(16Gx2)_33,393원/1GB_1,068,590"
40579721,G.SKILL DDR5-6000 CL30 TRIDENT Z5 NEO RGB J 화이트 패키지,0,0,0,0,0,0,0,0,0,0,0,0,0,0,0,0,0,0,0,0,0,0,0,0,0,0,0,0,0,"32GB(16Gx2)_33,906원/1GB_1,085,000","32GB(16Gx2)_33,726원/1GB_1,079,240"
122727495,G.SKILL DDR5-6000 CL30 TRIDENT Z5 NeoX RGB for AMD ULL 글로시블랙 패키지,0,0,0,0,0,0,0,0,0,0,0,0,0,0,0,0,0,0,0,0,0,0,0,0,0,0,0,0,0,"32GB(16Gx2)_36,937원/1GB_1,181,980","32GB(16Gx2)_36,938원/1GB_1,182,000"
122727504,G.SKILL DDR5-6000 CL30 TRIDENT Z5 NeoX RGB for AMD ULL 매트블랙 패키지,0,0,0,0,0,0,0,0,0,0,0,0,0,0,0,0,0,0,0,0,0,0,0,0,0,0,0,0,0,"32GB(16Gx2)_36,937원/1GB_1,181,990","32GB(16Gx2)_36,938원/1GB_1,182,000"
122727512,G.SKILL DDR5-6000 CL30 TRIDENT Z5 NeoX RGB for AMD ULL 매트화이트 패키지,0,0,0,0,0,0,0,0,0,0,0,0,0,0,0,0,0,0,0,0,0,0,0,0,0,0,0,0,0,"32GB(16Gx2)_36,249원/1GB_1,159,980","32GB(16Gx2)_36,250원/1GB_1,160,000"
16873946,G.SKILL DDR5-6000 CL30 TRIDENT Z5 RGB J 패키지,0,0,0,0,0,0,0,0,0,0,0,0,0,0,0,0,0,0,0,0,0,0,0,0,0,0,0,0,0,"_64GB(32Gx2)_33,733원/1GB_2,158,910|_32GB(16Gx2)_30,624원/1GB_979,960","_64GB(32Gx2)_33,733원/1GB_2,158,910|_32GB(16Gx2)_30,624원/1GB_979,970"
17931401,G.SKILL DDR5-6000 CL32 FLARE X5 J 패키지,0,0,0,0,0,0,0,0,0,0,0,0,0,0,0,0,0,0,0,0,0,0,0,0,0,0,0,0,0,"32GB(16Gx2)_31,219원/1GB_999,000","32GB(16Gx2)_31,219원/1GB_999,000"
18610958,G.SKILL DDR5-6000 CL32 TRIDENT Z5 NEO RGB J 패키지,0,0,0,0,0,0,0,0,0,0,0,0,0,0,0,0,0,0,0,0,0,0,0,0,0,0,0,0,0,"64GB(32Gx2)_31,091원/1GB_1,989,800","64GB(32Gx2)_30,736원/1GB_1,967,090"
93385544,G.SKILL DDR5-6000 CL32 TRIDENT Z5 NEO RGB J 화이트 패키지,0,0,0,0,0,0,0,0,0,0,0,0,0,0,0,0,0,0,0,0,0,0,0,0,0,0,0,0,0,"64GB(32Gx2)_31,094원/1GB_1,990,000","64GB(32Gx2)_30,736원/1GB_1,967,090"
51541061,G.SKILL DDR5-6000 CL32 TRIDENT Z5 RGB J 화이트 패키지,0,0,0,0,0,0,0,0,0,0,0,0,0,0,0,0,0,0,0,0,0,0,0,0,0,0,0,0,0,"32GB(16Gx2)_28,437원/1GB_909,970","32GB(16Gx2)_30,300원/1GB_969,610"
93803003,G.SKILL DDR5-6000 CL34 FLARE X5 J 패키지,0,0,0,0,0,0,0,0,0,0,0,0,0,0,0,0,0,0,0,0,0,0,0,0,0,0,0,0,0,"128GB(64Gx2)_46,092원/1GB_5,899,800","128GB(64Gx2)_45,556원/1GB_5,831,140"
93803096,G.SKILL DDR5-6000 CL34 RIPJAWS S5 J 블랙 패키지,0,0,0,0,0,0,0,0,0,0,0,0,0,0,0,0,0,0,0,0,0,0,0,0,0,0,0,0,0,"128GB(64Gx2)_45,313원/1GB_5,800,000","128GB(64Gx2)_44,784원/1GB_5,732,300"
93803243,G.SKILL DDR5-6000 CL34 TRIDENT Z5 NEO RGB J 패키지,0,0,0,0,0,0,0,0,0,0,0,0,0,0,0,0,0,0,0,0,0,0,0,0,0,0,0,0,0,"128GB(64Gx2)_46,484원/1GB_5,949,980","128GB(64Gx2)_45,946원/1GB_5,881,080"
93803210,G.SKILL DDR5-6000 CL34 TRIDENT Z5 RGB J 패키지,0,0,0,0,0,0,0,0,0,0,0,0,0,0,0,0,0,0,0,0,0,0,0,0,0,0,0,0,0,"128GB(64Gx2)_46,484원/1GB_5,949,980","128GB(64Gx2)_45,946원/1GB_5,881,080"
72913406,G.SKILL DDR5-6000 CL36 AEGIS 5,0,0,0,0,0,0,0,0,0,0,0,0,0,0,0,0,0,0,0,0,0,0,0,0,0,0,0,0,0,"_32GB_26,187원/1GB_837,990|_16GB_21,811원/1GB_348,980","_32GB_25,963원/1GB_830,810|_16GB_21,674원/1GB_346,780"
93803030,G.SKILL DDR5-6000 CL36 FLARE X5 J 패키지,0,0,0,0,0,0,0,0,0,0,0,0,0,0,0,0,0,0,0,0,0,0,0,0,0,0,0,0,0,"32GB(16Gx2)_25,906원/1GB_829,000|_256GB(64Gx4)_42,969원/1GB_11,000,000|_64GB(32Gx2)_26,250원/1GB_1,679,980","32GB(16Gx2)_25,906원/1GB_829,000|_256GB(64Gx4)_42,467원/1GB_10,871,620|_64GB(32Gx2)_25,937원/1GB_1,659,960"
72913568,G.SKILL DDR5-6000 CL36 FLARE X5 J 화이트 패키지,0,0,0,0,0,0,0,0,0,0,0,0,0,0,0,0,0,0,0,0,0,0,0,0,0,0,0,0,0,"64GB(32Gx2)_26,064원/1GB_1,668,110","64GB(32Gx2)_25,937원/1GB_1,659,960"
78983834,G.SKILL DDR5-6000 CL36 RIPJAWS M5 NEO RGB 블랙 패키지,0,0,0,0,0,0,0,0,0,0,0,0,0,0,0,0,0,0,0,0,0,0,0,0,0,0,0,0,0,"_64GB(32Gx2)_26,406원/1GB_1,689,980|_32GB(16Gx2)_26,531원/1GB_848,980","_64GB(32Gx2)_26,103원/1GB_1,670,590|_32GB(16Gx2)_26,531원/1GB_849,000"
72913613,G.SKILL DDR5-6000 CL36 RIPJAWS M5 NEO RGB 화이트 패키지,0,0,0,0,0,0,0,0,0,0,0,0,0,0,0,0,0,0,0,0,0,0,0,0,0,0,0,0,0,"_64GB(32Gx2)_26,406원/1GB_1,689,980|_32GB(16Gx2)_27,718원/1GB_886,980","_64GB(32Gx2)_26,103원/1GB_1,670,590|_32GB(16Gx2)_27,506원/1GB_880,200"
71218634,G.SKILL DDR5-6000 CL36 RIPJAWS M5 RGB 블랙 패키지,0,0,0,0,0,0,0,0,0,0,0,0,0,0,0,0,0,0,0,0,0,0,0,0,0,0,0,0,0,"32GB(16Gx2)_26,500원/1GB_847,990","32GB(16Gx2)_26,276원/1GB_840,820"
71218667,G.SKILL DDR5-6000 CL36 RIPJAWS M5 RGB 화이트 패키지,0,0,0,0,0,0,0,0,0,0,0,0,0,0,0,0,0,0,0,0,0,0,0,0,0,0,0,0,0,"32GB(16Gx2)_26,468원/1GB_846,990","32GB(16Gx2)_26,276원/1GB_840,820"
102553379,G.SKILL DDR5-6000 CL36 RIPJAWS S5 블랙,0,0,0,0,0,0,0,0,0,0,0,0,0,0,0,0,0,0,0,0,0,0,0,0,0,0,0,0,0,"16GB_23,424원/1GB_374,790","16GB_23,425원/1GB_374,800"
16192574,G.SKILL DDR5-6000 CL36 TRIDENT Z5 J 실버 패키지,0,0,0,0,0,0,0,0,0,0,0,0,0,0,0,0,0,0,0,0,0,0,0,0,0,0,0,0,0,"32GB(16Gx2)_26,091원/1GB_834,900","32GB(16Gx2)_25,943원/1GB_830,170"
16192424,G.SKILL DDR5-6000 CL36 TRIDENT Z5 J 패키지,0,0,0,0,0,0,0,0,0,0,0,0,0,0,0,0,0,0,0,0,0,0,0,0,0,0,0,0,0,"32GB(16Gx2)_26,093원/1GB_834,990","32GB(16Gx2)_25,943원/1GB_830,170"
17932061,G.SKILL DDR5-6000 CL36 TRIDENT Z5 NEO J 패키지,0,0,0,0,0,0,0,0,0,0,0,0,0,0,0,0,0,0,0,0,0,0,0,0,0,0,0,0,0,"32GB(16Gx2)_25,672원/1GB_821,500","32GB(16Gx2)_25,438원/1GB_814,000"
17931893,G.SKILL DDR5-6000 CL36 TRIDENT Z5 NEO RGB J 패키지,0,0,0,0,0,0,0,0,0,0,0,0,0,0,0,0,0,0,0,0,0,0,0,0,0,0,0,0,0,"256GB(64Gx4)_43,242원/1GB_11,070,000|_64GB(32Gx2)_27,747원/1GB_1,775,830|_32GB(16Gx2)_28,093원/1GB_898,980","256GB(64Gx4)_42,853원/1GB_10,970,460|_64GB(32Gx2)_26,766원/1GB_1,713,030|_32GB(16Gx2)_27,806원/1GB_889,780"
72913682,G.SKILL DDR5-6000 CL36 TRIDENT Z5 NEO RGB J 화이트 패키지,0,0,0,0,0,0,0,0,0,0,0,0,0,0,0,0,0,0,0,0,0,0,0,0,0,0,0,0,0,"_64GB(32Gx2)_27,968원/1GB_1,789,980|_32GB(16Gx2)_28,093원/1GB_898,980","_64GB(32Gx2)_27,647원/1GB_1,769,420|_32GB(16Gx2)_27,806원/1GB_889,780"
122727449,G.SKILL DDR5-6000 CL36 TRIDENT Z5 NeoX RGB for AMD ULL 글로시블랙 패키지,0,0,0,0,0,0,0,0,0,0,0,0,0,0,0,0,0,0,0,0,0,0,0,0,0,0,0,0,0,"32GB(16Gx2)_30,812원/1GB_985,990","32GB(16Gx2)_30,813원/1GB_986,000"
122727471,G.SKILL DDR5-6000 CL36 TRIDENT Z5 NeoX RGB for AMD ULL 매트블랙 패키지,0,0,0,0,0,0,0,0,0,0,0,0,0,0,0,0,0,0,0,0,0,0,0,0,0,0,0,0,0,"32GB(16Gx2)_30,812원/1GB_985,990","32GB(16Gx2)_30,813원/1GB_986,000"
122727477,G.SKILL DDR5-6000 CL36 TRIDENT Z5 NeoX RGB for AMD ULL 매트화이트 패키지,0,0,0,0,0,0,0,0,0,0,0,0,0,0,0,0,0,0,0,0,0,0,0,0,0,0,0,0,0,"32GB(16Gx2)_30,812원/1GB_985,990","32GB(16Gx2)_30,813원/1GB_986,000"
16193702,G.SKILL DDR5-6000 CL36 TRIDENT Z5 RGB J 실버 패키지,0,0,0,0,0,0,0,0,0,0,0,0,0,0,0,0,0,0,0,0,0,0,0,0,0,0,0,0,0,"32GB(16Gx2)_23,515원/1GB_752,490","32GB(16Gx2)_23,515원/1GB_752,490"
16193474,G.SKILL DDR5-6000 CL36 TRIDENT Z5 RGB J 패키지,0,0,0,0,0,0,0,0,0,0,0,0,0,0,0,0,0,0,0,0,0,0,0,0,0,0,0,0,0,"32GB(16Gx2)_26,684원/1GB_853,900","32GB(16Gx2)_26,575원/1GB_850,410"
15980393,G.SKILL DDR5-6000 CL36 TRIDENT Z5 RGB 패키지,0,0,0,0,0,0,0,0,0,0,0,0,0,0,0,0,0,0,0,0,0,0,0,0,0,0,0,0,0,"32GB(16Gx2)_26,844원/1GB_859,000","32GB(16Gx2)_26,844원/1GB_859,000"
21639443,G.SKILL DDR5-6000 CL36 TRIDENT Z5 RGB 화이트 패키지,0,0,0,0,0,0,0,0,0,0,0,0,0,0,0,0,0,0,0,0,0,0,0,0,0,0,0,0,0,"32GB(16Gx2)_25,429원/1GB_813,740","32GB(16Gx2)_24,804원/1GB_793,740"
67847150,G.SKILL DDR5-6400 CL30 TRIDENT Z5 NEO RGB J 화이트 패키지,0,0,0,0,0,0,0,0,0,0,0,0,0,0,0,0,0,0,0,0,0,0,0,0,0,0,0,0,0,"32GB(16Gx2)_28,903원/1GB_924,900","32GB(16Gx2)_28,737원/1GB_919,590"
67847408,G.SKILL DDR5-6400 CL30 TRIDENT Z5 ROYAL NEO 실버 패키지,0,0,0,0,0,0,0,0,0,0,0,0,0,0,0,0,0,0,0,0,0,0,0,0,0,0,0,0,0,"32GB(16Gx2)_31,219원/1GB_999,000","32GB(16Gx2)_31,219원/1GB_999,000"
98572421,G.SKILL DDR5-6400 CL32 G5 ECC/REG 패키지,0,0,0,0,0,0,0,0,0,0,0,0,0,0,0,0,0,0,0,0,0,0,0,0,0,0,0,0,0,"_192GB(48Gx4)_54,167원/1GB_10,400,000|_128GB(32Gx4)_68,750원/1GB_8,800,000","_192GB(48Gx4)_53,535원/1GB_10,278,630|_128GB(32Gx4)_67,948원/1GB_8,697,290"
56152055,G.SKILL DDR5-6400 CL32 RIPJAWS M5 RGB 블랙 패키지,0,0,0,0,0,0,0,0,0,0,0,0,0,0,0,0,0,0,0,0,0,0,0,0,0,0,0,0,0,"_64GB(32Gx2)_34,203원/1GB_2,189,000|_32GB(16Gx2)_30,968원/1GB_990,990","_64GB(32Gx2)_33,824원/1GB_2,164,760|_32GB(16Gx2)_30,899원/1GB_988,760"
56152124,G.SKILL DDR5-6400 CL32 RIPJAWS M5 RGB 화이트 패키지,0,0,0,0,0,0,0,0,0,0,0,0,0,0,0,0,0,0,0,0,0,0,0,0,0,0,0,0,0,"_64GB(32Gx2)_34,217원/1GB_2,189,900|_32GB(16Gx2)_30,968원/1GB_990,990","_64GB(32Gx2)_33,824원/1GB_2,164,760|_32GB(16Gx2)_30,899원/1GB_988,760"
98613491,G.SKILL DDR5-6400 CL32 T5 NEO ECC/REG 패키지,0,0,0,0,0,0,0,0,0,0,0,0,0,0,0,0,0,0,0,0,0,0,0,0,0,0,0,0,0,"_192GB(48Gx4)_54,167원/1GB_10,400,000|_128GB(32Gx4)_77,344원/1GB_9,899,980","_192GB(48Gx4)_53,535원/1GB_10,278,630|_128GB(32Gx4)_76,466원/1GB_9,787,640"
18036602,G.SKILL DDR5-6400 CL32 TRIDENT Z5 RGB J 패키지,0,0,0,0,0,0,0,0,0,0,0,0,0,0,0,0,0,0,0,0,0,0,0,0,0,0,0,0,0,"_64GB(32Gx2)_34,219원/1GB_2,190,000|_32GB(16Gx2)_28,094원/1GB_899,000","_64GB(32Gx2)_34,219원/1GB_2,190,000|_32GB(16Gx2)_28,094원/1GB_899,000"
21639455,G.SKILL DDR5-6400 CL32 TRIDENT Z5 RGB 화이트 패키지,0,0,0,0,0,0,0,0,0,0,0,0,0,0,0,0,0,0,0,0,0,0,0,0,0,0,0,0,0,"_64GB(32Gx2)_27,969원/1GB_1,790,000|_32GB(16Gx2)_28,094원/1GB_899,000","_64GB(32Gx2)_27,969원/1GB_1,790,000|_32GB(16Gx2)_28,094원/1GB_899,000"
98613434,G.SKILL DDR5-6400 CL36 T5 NEO ECC/REG 패키지,0,0,0,0,0,0,0,0,0,0,0,0,0,0,0,0,0,0,0,0,0,0,0,0,0,0,0,0,0,"256GB(64Gx4)_62,109원/1GB_15,900,000","256GB(64Gx4)_61,397원/1GB_15,717,620"
122720502,G.SKILL DDR5-6400 CL52 G5 ECC/REG,0,0,0,0,0,0,0,0,0,0,0,0,0,0,0,0,0,0,0,0,0,0,0,0,0,0,0,0,0,"_32GB_311,248원/1GB_2,489,980||_64GB_537,475원/1GB_4,299,800","_32GB_311,250원/1GB_2,490,000||_64GB_537,500원/1GB_4,300,000"
18036605,G.SKILL DDR5-6800 CL34 TRIDENT Z5 RGB J 실버 패키지,0,0,0,0,0,0,0,0,0,0,0,0,0,0,0,0,0,0,0,0,0,0,0,0,0,0,0,0,0,"32GB(16Gx2)_27,968원/1GB_894,980","32GB(16Gx2)_27,806원/1GB_889,780"
18036608,G.SKILL DDR5-6800 CL34 TRIDENT Z5 RGB J 패키지,0,0,0,0,0,0,0,0,0,0,0,0,0,0,0,0,0,0,0,0,0,0,0,0,0,0,0,0,0,"32GB(16Gx2)_28,093원/1GB_898,980","32GB(16Gx2)_27,806원/1GB_889,780"
18036644,G.SKILL DDR5-7200 CL34 TRIDENT Z5 RGB J 실버 패키지,0,0,0,0,0,0,0,0,0,0,0,0,0,0,0,0,0,0,0,0,0,0,0,0,0,0,0,0,0,"32GB(16Gx2)_28,718원/1GB_918,980","32GB(16Gx2)_28,438원/1GB_910,000"
20019989,G.SKILL DDR5-7200 CL36 TRIDENT Z5 RGB J 실버 패키지,0,0,0,0,0,0,0,0,0,0,0,0,0,0,0,0,0,0,0,0,0,0,0,0,0,0,0,0,0,"48GB(24Gx2)_23,939원/1GB_1,149,090","48GB(24Gx2)_23,726원/1GB_1,138,840"
18036659,G.SKILL DDR5-7600 CL36 TRIDENT Z5 RGB J 실버 패키지,0,0,0,0,0,0,0,0,0,0,0,0,0,0,0,0,0,0,0,0,0,0,0,0,0,0,0,0,0,"32GB(16Gx2)_29,140원/1GB_932,490","32GB(16Gx2)_29,036원/1GB_929,160"
18036662,G.SKILL DDR5-7600 CL36 TRIDENT Z5 RGB J 패키지,0,0,0,0,0,0,0,0,0,0,0,0,0,0,0,0,0,0,0,0,0,0,0,0,0,0,0,0,0,"32GB(16Gx2)_29,140원/1GB_932,490","32GB(16Gx2)_29,036원/1GB_929,160"
7954927,G.SKILL 노트북 DDR4-2666 CL19 RIPJAWS,0,0,0,0,0,0,0,0,0,0,0,0,0,0,0,0,0,0,0,0,0,0,0,0,0,0,0,0,0,"_16GB_10,313원/1GB_165,000|_8GB_10,375원/1GB_83,000","_16GB_10,313원/1GB_165,000|_8GB_10,375원/1GB_83,000"
12247244,G.SKILL 노트북 DDR4-3200 CL22 RIPJAWS,0,0,0,0,0,0,0,0,0,0,0,0,0,0,0,0,0,0,0,0,0,0,0,0,0,0,0,0,0,"32GB_13,181원/1GB_421,800|_16GB_10,312원/1GB_164,990|_8GB_10,368원/1GB_82,940",0
12247271,G.SKILL 노트북 DDR4-3200 CL22 RIPJAWS,0,0,0,0,0,0,0,0,0,0,0,0,0,0,0,0,0,0,0,0,0,0,0,0,0,0,0,0,0,0,"32GB_12,469원/1GB_399,010|_16GB_9,713원/1GB_155,410|_8GB_10,369원/1GB_82,950"
31050695,G.SKILL 노트북 DDR5-4800 CL40 RIPJAWS,0,0,0,0,0,0,0,0,0,0,0,0,0,0,0,0,0,0,0,0,0,0,0,0,0,0,0,0,0,"_32GB_21,216원/1GB_678,900|_16GB_23,844원/1GB_381,500","_32GB_21,020원/1GB_672,640|_16GB_23,844원/1GB_381,500"
7076107,GLOWAY DDR4-3000 TYPE-B 패키지,0,0,0,0,0,0,0,0,0,0,0,0,0,0,0,0,0,0,0,0,0,0,0,0,0,0,0,0,0,"16GB(8Gx2)_9,421원/1GB_150,740","16GB(8Gx2)_9,417원/1GB_150,670"
105182120,GUDGA DDR4-3200 CL22,0,0,0,0,0,0,0,0,0,0,0,0,0,0,0,0,0,0,0,0,0,0,0,0,0,0,0,0,0,"_16GB_9,865원/1GB_157,840|_32GB_13,906원/1GB_445,000","_16GB_9,865원/1GB_157,840|_32GB_13,906원/1GB_445,000"
104949188,GUDGA DDR5-5600 CL46,0,0,0,0,0,0,0,0,0,0,0,0,0,0,0,0,0,0,0,0,0,0,0,0,0,0,0,0,0,"_16GB_25,438원/1GB_407,000|_8GB_18,500원/1GB_148,000","_16GB_25,438원/1GB_407,000|_8GB_18,500원/1GB_148,000"
106045574,GUDGA DDR5-5600 CL46,0,0,0,0,0,0,0,0,0,0,0,0,0,0,0,0,0,0,0,0,0,0,0,0,0,0,0,0,0,"_16GB_25,438원/1GB_407,000|_8GB_18,500원/1GB_148,000","_16GB_25,438원/1GB_407,000|_8GB_18,500원/1GB_148,000"
5528834,GeIL DDR4-2400 CL17 PRISTINE,0,0,0,0,0,0,0,0,0,0,0,0,0,0,0,0,0,0,0,0,0,0,0,0,0,0,0,0,0,"8GB_11,123원/1GB_88,980","8GB_11,125원/1GB_89,000"
6168351,GeIL DDR4-2666 CL19 PRISTINE,0,0,0,0,0,0,0,0,0,0,0,0,0,0,0,0,0,0,0,0,0,0,0,0,0,0,0,0,0,"_16GB_9,438원/1GB_151,010|_8GB_10,498원/1GB_83,980","_16GB_9,439원/1GB_151,020|_8GB_10,500원/1GB_84,000"
6171958,GeIL DDR4-2666 CL19 SUPER LUCE RGB Sync 블랙,0,0,0,0,0,0,0,0,0,0,0,0,0,0,0,0,0,0,0,0,0,0,0,0,0,0,0,0,0,"8GB_10,500원/1GB_84,000","8GB_10,500원/1GB_84,000"
10859073,GeIL DDR4-3200 CL22 PRISTINE,0,0,0,0,0,0,0,0,0,0,0,0,0,0,0,0,0,0,0,0,0,0,0,0,0,0,0,0,0,"_16GB_12,330원/1GB_197,280|_8GB_13,560원/1GB_108,480","_16GB_12,329원/1GB_197,270|_8GB_13,560원/1GB_108,480"
14613242,GeIL DDR4-3600 CL18-22-22 SUPER LUCE RGB Sync 블랙 패키지,0,0,0,0,0,0,0,0,0,0,0,0,0,0,0,0,0,0,0,0,0,0,0,0,0,0,0,0,0,"16GB(8Gx2)_15,493원/1GB_247,880","16GB(8Gx2)_15,493원/1GB_247,880"
21695018,GeIL DDR5-4800 CL40 PRISTINE V,0,0,0,0,0,0,0,0,0,0,0,0,0,0,0,0,0,0,0,0,0,0,0,0,0,0,0,0,0,"16GB_20,306원/1GB_324,890","16GB_20,306원/1GB_324,900"
21695117,GeIL DDR5-5200 CL42 PRISTINE V,0,0,0,0,0,0,0,0,0,0,0,0,0,0,0,0,0,0,0,0,0,0,0,0,0,0,0,0,0,"16GB_333,630","16GB_331,840"
63144134,GeIL DDR5-5600 CL38 ORION V RGB White 패키지,0,0,0,0,0,0,0,0,0,0,0,0,0,0,0,0,0,0,0,0,0,0,0,0,0,0,0,0,0,"32GB(16Gx2)_21,219원/1GB_679,000","32GB(16Gx2)_21,219원/1GB_679,000"
22169387,GeIL DDR5-5600 CL38 ORION V RGB 패키지,0,0,0,0,0,0,0,0,0,0,0,0,0,0,0,0,0,0,0,0,0,0,0,0,0,0,0,0,0,"32GB(16Gx2)_20,000원/1GB_640,000","32GB(16Gx2)_20,000원/1GB_640,000"
21695174,GeIL DDR5-5600 CL46 PRISTINE V,0,0,0,0,0,0,0,0,0,0,0,0,0,0,0,0,0,0,0,0,0,0,0,0,0,0,0,0,0,"16GB_21,056원/1GB_336,900","16GB_20,943원/1GB_335,080"
93446816,GeIL DDR5-6000 CL30 GEMINI RGB Gray 패키지,0,0,0,0,0,0,0,0,0,0,0,0,0,0,0,0,0,0,0,0,0,0,0,0,0,0,0,0,0,"32GB(16Gx2)_22,500원/1GB_720,000","32GB(16Gx2)_22,500원/1GB_720,000"
122725556,GeIL DDR5-6000 CL36 GEMINI RGB Gray 패키지,0,0,0,0,0,0,0,0,0,0,0,0,0,0,0,0,0,0,0,0,0,0,0,0,0,0,0,0,0,"32GB(16Gx2)_21,869원/1GB_699,800","32GB(16Gx2)_21,875원/1GB_700,000"
122725544,GeIL DDR5-6000 CL36 GEMINI RGB White 패키지,0,0,0,0,0,0,0,0,0,0,0,0,0,0,0,0,0,0,0,0,0,0,0,0,0,0,0,0,0,"32GB(16Gx2)_21,874원/1GB_699,980","32GB(16Gx2)_21,875원/1GB_700,000"
103599704,GeIL DDR5-6000 CL36 ORION V RGB WHITE 패키지,0,0,0,0,0,0,0,0,0,0,0,0,0,0,0,0,0,0,0,0,0,0,0,0,0,0,0,0,0,"32GB(16Gx2)_21,875원/1GB_699,990","32GB(16Gx2)_21,669원/1GB_693,410"
103416014,GeIL DDR5-6000 CL36 ORION V RGB 패키지,0,0,0,0,0,0,0,0,0,0,0,0,0,0,0,0,0,0,0,0,0,0,0,0,0,0,0,0,0,"32GB(16Gx2)_21,843원/1GB_698,980","32GB(16Gx2)_21,669원/1GB_693,410"
97124183,GeIL DDR5-6000 CL38 GEMINI RGB Gray 패키지,0,0,0,0,0,0,0,0,0,0,0,0,0,0,0,0,0,0,0,0,0,0,0,0,0,0,0,0,0,"32GB(16Gx2)_21,869원/1GB_699,800","32GB(16Gx2)_22,378원/1GB_716,100"
97124186,GeIL DDR5-6000 CL38 GEMINI RGB White 패키지,0,0,0,0,0,0,0,0,0,0,0,0,0,0,0,0,0,0,0,0,0,0,0,0,0,0,0,0,0,"32GB(16Gx2)_21,869원/1GB_699,800","32GB(16Gx2)_21,563원/1GB_690,000"
64378892,GeIL DDR5-6000 CL38 ORION V RGB White 패키지,0,0,0,0,0,0,0,0,0,0,0,0,0,0,0,0,0,0,0,0,0,0,0,0,0,0,0,0,0,"32GB(16Gx2)_21,562원/1GB_689,980","32GB(16Gx2)_21,563원/1GB_690,000"
19539860,GeIL DDR5-6000 CL38 POLARIS RGB Gray 패키지,0,0,0,0,0,0,0,0,0,0,0,0,0,0,0,0,0,0,0,0,0,0,0,0,0,0,0,0,0,"32GB(16Gx2)_21,008원/1GB_672,250","32GB(16Gx2)_21,008원/1GB_672,260"
11682743,GeIL 노트북 DDR4-3200 CL22,0,0,0,0,0,0,0,0,0,0,0,0,0,0,0,0,0,0,0,0,0,0,0,0,0,0,0,0,0,"_16GB_11,186원/1GB_178,980|_8GB_10,043원/1GB_80,340","_16GB_11,188원/1GB_179,000|_8GB_10,044원/1GB_80,350"
97365275,GeIL 노트북 DDR5-5600 CL46,0,0,0,0,0,0,0,0,0,0,0,0,0,0,0,0,0,0,0,0,0,0,0,0,0,0,0,0,0,"16GB_22,434원/1GB_358,950","16GB_22,356원/1GB_357,690"
28775711,HIKSEMI DDR4-3200 CL18 HIKER,0,0,0,0,0,0,0,0,0,0,0,0,0,0,0,0,0,0,0,0,0,0,0,0,0,0,0,0,0,"_16GB_8,624원/1GB_137,990|_8GB_9,249원/1GB_73,990","_16GB_8,624원/1GB_137,990|_8GB_9,249원/1GB_73,990"
97841867,HIKSEMI DDR4-3200 CL18 HIKER 중고,0,0,0,0,0,0,0,0,0,0,0,0,0,0,0,0,0,0,0,0,0,0,0,0,0,0,0,0,0,"16GB_8,125원/1GB_130,000","16GB_8,125원/1GB_130,000"
96426677,HIKSEMI DDR5-5600 CL46 HIKER,0,0,0,0,0,0,0,0,0,0,0,0,0,0,0,0,0,0,0,0,0,0,0,0,0,0,0,0,0,"16GB_20,313원/1GB_325,000","16GB_20,313원/1GB_325,000"
100691795,HIKSEMI DDR5-6000 CL38 FUTURE RGB BLACK 패키지,0,0,0,0,0,0,0,0,0,0,0,0,0,0,0,0,0,0,0,0,0,0,0,0,0,0,0,0,0,"32GB(16Gx2)_23,743원/1GB_759,790","32GB(16Gx2)_25,000원/1GB_800,000"
100691819,HIKSEMI DDR5-6000 CL38 FUTURE RGB WHITE 패키지,0,0,0,0,0,0,0,0,0,0,0,0,0,0,0,0,0,0,0,0,0,0,0,0,0,0,0,0,0,"32GB(16Gx2)_25,000원/1GB_800,000","32GB(16Gx2)_25,000원/1GB_800,000"
13254080,HP DDR3-1333 중고,0,0,0,0,0,0,0,0,0,0,0,0,0,0,0,0,0,0,0,0,0,0,0,0,0,0,0,0,0,"4GB_3,450원/1GB_13,800","4GB_3,450원/1GB_13,800"
123993288,Lexar 노트북 DDR5-5600,0,0,0,0,0,0,0,0,0,0,0,0,0,0,0,0,0,0,0,0,0,0,0,0,0,0,0,0,0,32GB_가격비교예정|_16GB_가격비교예정|_8GB_가격비교예정,32GB_가격비교예정|_16GB_가격비교예정|_8GB_가격비교예정
123993320,Lexar 노트북 DDR5-5600,0,0,0,0,0,0,0,0,0,0,0,0,0,0,0,0,0,0,0,0,0,0,0,0,0,0,0,0,0,0,32GB_가격비교예정|_16GB_가격비교예정|_8GB_가격비교예정
13723196,OLOy DDR4-3600 CL18 BLADE RGB Black 패키지,0,0,0,0,0,0,0,0,0,0,0,0,0,0,0,0,0,0,0,0,0,0,0,0,0,0,0,0,0,"32GB(16Gx2)_12,625원/1GB_404,000","32GB(16Gx2)_12,625원/1GB_404,000"
122637031,OLOy DDR5-5600 CL36 BLADE RGB MIRROR 패키지 올로코리아,0,0,0,0,0,0,0,0,0,0,0,0,0,0,0,0,0,0,0,0,0,0,0,0,0,0,0,0,0,"32GB(16Gx2)_42,806원/1GB_684,890","32GB(16Gx2)_42,777원/1GB_684,430"
100700621,OLOy DDR5-5600 CL40 BLADE RGB BLACK 패키지 올로코리아,0,0,0,0,0,0,0,0,0,0,0,0,0,0,0,0,0,0,0,0,0,0,0,0,0,0,0,0,0,"32GB(16Gx2)_21,255원/1GB_680,170","32GB(16Gx2)_21,255원/1GB_680,170"
17770829,OLOy DDR5-6000 CL32 BLADE RGB MIRROR 패키지 올로코리아,0,0,0,0,0,0,0,0,0,0,0,0,0,0,0,0,0,0,0,0,0,0,0,0,0,0,0,0,0,"32GB(16Gx2)_22,099원/1GB_707,160","32GB(16Gx2)_22,099원/1GB_707,160"
104938637,OLOy DDR5-6000 CL36 BLADE BLACK 패키지 올로코리아,0,0,0,0,0,0,0,0,0,0,0,0,0,0,0,0,0,0,0,0,0,0,0,0,0,0,0,0,0,"32GB(16Gx2)_28,837원/1GB_922,770","32GB(16Gx2)_28,216원/1GB_902,920"
104938703,OLOy DDR5-6800 CL32 BLADE BLACK 패키지 올로코리아,0,0,0,0,0,0,0,0,0,0,0,0,0,0,0,0,0,0,0,0,0,0,0,0,0,0,0,0,0,"32GB(16Gx2)_21,031원/1GB_672,980","32GB(16Gx2)_21,031원/1GB_672,980"
18920459,OLOy DDR5-7600 CL36 BLADE RGB MIRROR 패키지 올로코리아,0,0,0,0,0,0,0,0,0,0,0,0,0,0,0,0,0,0,0,0,0,0,0,0,0,0,0,0,0,"32GB(16Gx2)_27,238원/1GB_871,620","32GB(16Gx2)_27,005원/1GB_864,150"
107983655,OSCOO DDR5-5600 CL46 아스크텍,0,0,0,0,0,0,0,0,0,0,0,0,0,0,0,0,0,0,0,0,0,0,0,0,0,0,0,0,0,"_16GB_20,625원/1GB_330,000|_8GB_21,050원/1GB_168,400","_16GB_20,625원/1GB_330,000|_8GB_21,050원/1GB_168,400"
107983472,OSCOO DDR5-5600 CL46 아스크텍,0,0,0,0,0,0,0,0,0,0,0,0,0,0,0,0,0,0,0,0,0,0,0,0,0,0,0,0,0,"_16GB_20,625원/1GB_330,000|_8GB_21,050원/1GB_168,400","_16GB_20,625원/1GB_330,000|_8GB_21,050원/1GB_168,400"
8607236,PATRIOT DDR4-2666 CL19 SIGNATURE,0,0,0,0,0,0,0,0,0,0,0,0,0,0,0,0,0,0,0,0,0,0,0,0,0,0,0,0,0,"_16GB_10,625원/1GB_170,000|_4GB_10,750원/1GB_43,000","_16GB_10,625원/1GB_170,000|_4GB_10,000원/1GB_40,000"
11445204,PATRIOT DDR4-3200 CL22 SIGNATURE,0,0,0,0,0,0,0,0,0,0,0,0,0,0,0,0,0,0,0,0,0,0,0,0,0,0,0,0,0,"32GB_13,250원/1GB_424,000|_16GB_10,426원/1GB_166,810|_8GB_10,685원/1GB_85,480","32GB_13,250원/1GB_424,000|_16GB_10,423원/1GB_166,760|_8GB_10,685원/1GB_85,480"
71501129,PATRIOT DDR5-5600 CL36 VIPER Elite 5 RGB,0,0,0,0,0,0,0,0,0,0,0,0,0,0,0,0,0,0,0,0,0,0,0,0,0,0,0,0,0,"32GB_21,091원/1GB_674,910","32GB_21,091원/1GB_674,910"
30341243,PATRIOT DDR5-5600 CL36 VIPER VENOM 패키지,0,0,0,0,0,0,0,0,0,0,0,0,0,0,0,0,0,0,0,0,0,0,0,0,0,0,0,0,0,"32GB(16Gx2)_19,375원/1GB_620,000",0
57709760,PATRIOT DDR5-5600 CL46 EVO,0,0,0,0,0,0,0,0,0,0,0,0,0,0,0,0,0,0,0,0,0,0,0,0,0,0,0,0,0,"8GB_21,089원/1GB_168,710","8GB_21,089원/1GB_168,710"
99946529,PATRIOT DDR5-5600 CL46 SIGNATURE PREMIUM 블랙,0,0,0,0,0,0,0,0,0,0,0,0,0,0,0,0,0,0,0,0,0,0,0,0,0,0,0,0,0,"8GB_22,724원/1GB_181,790","8GB_22,724원/1GB_181,790"
95056655,PATRIOT DDR5-6000 CL28 VIPER Elite 5 ULTRA RGB 패키지,0,0,0,0,0,0,0,0,0,0,0,0,0,0,0,0,0,0,0,0,0,0,0,0,0,0,0,0,0,"32GB(16Gx2)_24,706원/1GB_790,600","32GB(16Gx2)_24,706원/1GB_790,600"
95057237,PATRIOT DDR5-6000 CL28 VIPER Elite 5 ULTRA 패키지,0,0,0,0,0,0,0,0,0,0,0,0,0,0,0,0,0,0,0,0,0,0,0,0,0,0,0,0,0,"32GB(16Gx2)_24,066원/1GB_770,100","32GB(16Gx2)_24,066원/1GB_770,100"
99946718,PATRIOT DDR5-6000 CL30 SIGNATURE PREMIUM EVO 블랙,0,0,0,0,0,0,0,0,0,0,0,0,0,0,0,0,0,0,0,0,0,0,0,0,0,0,0,0,0,"16GB_19,906원/1GB_318,500","16GB_19,906원/1GB_318,500"
99946733,PATRIOT DDR5-6000 CL30 SIGNATURE PREMIUM EVO 화이트,0,0,0,0,0,0,0,0,0,0,0,0,0,0,0,0,0,0,0,0,0,0,0,0,0,0,0,0,0,"16GB_20,333원/1GB_325,330","16GB_20,287원/1GB_324,590"
75465935,PATRIOT DDR5-6000 CL30 VIPER Elite 5,0,0,0,0,0,0,0,0,0,0,0,0,0,0,0,0,0,0,0,0,0,0,0,0,0,0,0,0,0,"16GB_20,388원/1GB_326,210","16GB_20,776원/1GB_332,410"
71501804,PATRIOT DDR5-6000 CL30 VIPER Elite 5 RGB,0,0,0,0,0,0,0,0,0,0,0,0,0,0,0,0,0,0,0,0,0,0,0,0,0,0,0,0,0,"16GB_27,743원/1GB_443,880","16GB_27,743원/1GB_443,880"
77785742,PATRIOT DDR5-6000 CL30 VIPER Elite 5 RGB 패키지,0,0,0,0,0,0,0,0,0,0,0,0,0,0,0,0,0,0,0,0,0,0,0,0,0,0,0,0,0,"32GB(16Gx2)_21,699원/1GB_694,370","32GB(16Gx2)_21,699원/1GB_694,370"
75466037,PATRIOT DDR5-6000 CL30 VIPER Elite 5 패키지,0,0,0,0,0,0,0,0,0,0,0,0,0,0,0,0,0,0,0,0,0,0,0,0,0,0,0,0,0,"32GB(16Gx2)_20,313원/1GB_650,000","32GB(16Gx2)_20,313원/1GB_650,000"
56144432,PATRIOT DDR5-6000 CL30 VIPER VENOM RGB 패키지,0,0,0,0,0,0,0,0,0,0,0,0,0,0,0,0,0,0,0,0,0,0,0,0,0,0,0,0,0,"32GB(16Gx2)_21,758원/1GB_696,270","32GB(16Gx2)_21,758원/1GB_696,270"
56144513,PATRIOT DDR5-6000 CL30 VIPER VENOM 패키지,0,0,0,0,0,0,0,0,0,0,0,0,0,0,0,0,0,0,0,0,0,0,0,0,0,0,0,0,0,"32GB(16Gx2)_20,624원/1GB_659,980","32GB(16Gx2)_20,624원/1GB_659,980"
123721481,PATRIOT DDR5-6000 CL36 SIGNATURE PREMIUM EVO 블랙,0,0,0,0,0,0,0,0,0,0,0,0,0,0,0,0,0,0,0,0,0,0,0,0,0,0,0,0,0,"16GB_19,485원/1GB_311,760","16GB_19,485원/1GB_311,760"
123721482,PATRIOT DDR5-6000 CL36 SIGNATURE PREMIUM EVO 화이트,0,0,0,0,0,0,0,0,0,0,0,0,0,0,0,0,0,0,0,0,0,0,0,0,0,0,0,0,0,"16GB_19,485원/1GB_311,760","16GB_19,485원/1GB_311,760"
30350996,PATRIOT DDR5-6000 CL36 VIPER VENOM RGB 패키지,0,0,0,0,0,0,0,0,0,0,0,0,0,0,0,0,0,0,0,0,0,0,0,0,0,0,0,0,0,"32GB(16Gx2)_22,030원/1GB_704,950","32GB(16Gx2)_22,026원/1GB_704,830"
30341372,PATRIOT DDR5-6000 CL36 VIPER VENOM 패키지,0,0,0,0,0,0,0,0,0,0,0,0,0,0,0,0,0,0,0,0,0,0,0,0,0,0,0,0,0,"32GB(16Gx2)_21,563원/1GB_690,000","32GB(16Gx2)_21,563원/1GB_690,000"
30499826,PATRIOT DDR5-6000 CL42 VIPER Elite 5 RGB,0,0,0,0,0,0,0,0,0,0,0,0,0,0,0,0,0,0,0,0,0,0,0,0,0,0,0,0,0,"32GB_21,247원/1GB_679,910","32GB_21,247원/1GB_679,910"
30351029,PATRIOT DDR5-6200 CL40 VIPER VENOM RGB 패키지,0,0,0,0,0,0,0,0,0,0,0,0,0,0,0,0,0,0,0,0,0,0,0,0,0,0,0,0,0,"32GB(16Gx2)_22,030원/1GB_704,950","32GB(16Gx2)_22,030원/1GB_704,950"
30341402,PATRIOT DDR5-6200 CL40 VIPER VENOM 패키지,0,0,0,0,0,0,0,0,0,0,0,0,0,0,0,0,0,0,0,0,0,0,0,0,0,0,0,0,0,"32GB(16Gx2)_21,417원/1GB_685,330","32GB(16Gx2)_21,417원/1GB_685,330"
30500108,PATRIOT DDR5-6200 CL42 VIPER Elite 5 RGB 패키지,0,0,0,0,0,0,0,0,0,0,0,0,0,0,0,0,0,0,0,0,0,0,0,0,0,0,0,0,0,"32GB(16Gx2)_21,497원/1GB_687,910","32GB(16Gx2)_21,497원/1GB_687,910"
75466202,PATRIOT DDR5-6400 CL32 VIPER Elite 5 패키지,0,0,0,0,0,0,0,0,0,0,0,0,0,0,0,0,0,0,0,0,0,0,0,0,0,0,0,0,0,"32GB(16Gx2)_21,392원/1GB_684,550","32GB(16Gx2)_21,392원/1GB_684,550"
30351056,PATRIOT DDR5-6400 CL32 VIPER VENOM RGB 패키지,0,0,0,0,0,0,0,0,0,0,0,0,0,0,0,0,0,0,0,0,0,0,0,0,0,0,0,0,0,"32GB(16Gx2)_22,323원/1GB_714,340","32GB(16Gx2)_22,323원/1GB_714,340"
30341450,PATRIOT DDR5-6400 CL32 VIPER VENOM 패키지,0,0,0,0,0,0,0,0,0,0,0,0,0,0,0,0,0,0,0,0,0,0,0,0,0,0,0,0,0,"_64GB(32Gx2)_20,313원/1GB_1,300,000|_32GB(16Gx2)_21,392원/1GB_684,550","_64GB(32Gx2)_20,313원/1GB_1,300,000|_32GB(16Gx2)_21,392원/1GB_684,550"
30351077,PATRIOT DDR5-6600 CL34 VIPER VENOM RGB 패키지,0,0,0,0,0,0,0,0,0,0,0,0,0,0,0,0,0,0,0,0,0,0,0,0,0,0,0,0,0,"32GB(16Gx2)_26,213원/1GB_838,810","32GB(16Gx2)_26,213원/1GB_838,810"
30341480,PATRIOT DDR5-6600 CL34 VIPER VENOM 패키지,0,0,0,0,0,0,0,0,0,0,0,0,0,0,0,0,0,0,0,0,0,0,0,0,0,0,0,0,0,"32GB(16Gx2)_26,247원/1GB_839,910","32GB(16Gx2)_26,247원/1GB_839,910"
30612317,PATRIOT DDR5-6600 CL36 VIPER Elite 5 RGB 패키지,0,0,0,0,0,0,0,0,0,0,0,0,0,0,0,0,0,0,0,0,0,0,0,0,0,0,0,0,0,"32GB(16Gx2)_26,976원/1GB_863,240","32GB(16Gx2)_26,976원/1GB_863,240"
30351110,PATRIOT DDR5-6800 CL34 VIPER VENOM RGB 패키지,0,0,0,0,0,0,0,0,0,0,0,0,0,0,0,0,0,0,0,0,0,0,0,0,0,0,0,0,0,"32GB(16Gx2)_26,816원/1GB_858,100","32GB(16Gx2)_26,816원/1GB_858,100"
30341495,PATRIOT DDR5-6800 CL34 VIPER VENOM 패키지,0,0,0,0,0,0,0,0,0,0,0,0,0,0,0,0,0,0,0,0,0,0,0,0,0,0,0,0,0,"32GB(16Gx2)_26,298원/1GB_841,540","32GB(16Gx2)_26,298원/1GB_841,540"
71501885,PATRIOT DDR5-7000 CL32 VIPER Elite 5 RGB 패키지,0,0,0,0,0,0,0,0,0,0,0,0,0,0,0,0,0,0,0,0,0,0,0,0,0,0,0,0,0,"32GB(16Gx2)_30,599원/1GB_979,180","32GB(16Gx2)_30,599원/1GB_979,180"
30351131,PATRIOT DDR5-7000 CL32 VIPER VENOM RGB 패키지,0,0,0,0,0,0,0,0,0,0,0,0,0,0,0,0,0,0,0,0,0,0,0,0,0,0,0,0,0,"32GB(16Gx2)_30,129원/1GB_964,140","32GB(16Gx2)_30,129원/1GB_964,140"
30341504,PATRIOT DDR5-7000 CL32 VIPER VENOM 패키지,0,0,0,0,0,0,0,0,0,0,0,0,0,0,0,0,0,0,0,0,0,0,0,0,0,0,0,0,0,"32GB(16Gx2)_29,527원/1GB_944,870","32GB(16Gx2)_29,527원/1GB_944,870"
30500216,PATRIOT DDR5-7000 CL38 VIPER Elite 5 RGB 패키지,0,0,0,0,0,0,0,0,0,0,0,0,0,0,0,0,0,0,0,0,0,0,0,0,0,0,0,0,0,"32GB(16Gx2)_31,231원/1GB_999,380","32GB(16Gx2)_31,227원/1GB_999,260"
30351218,PATRIOT DDR5-7200 CL34 VIPER VENOM RGB 패키지,0,0,0,0,0,0,0,0,0,0,0,0,0,0,0,0,0,0,0,0,0,0,0,0,0,0,0,0,0,"32GB(16Gx2)_30,431원/1GB_973,790","32GB(16Gx2)_30,431원/1GB_973,790"
30341510,PATRIOT DDR5-7200 CL34 VIPER VENOM 패키지,0,0,0,0,0,0,0,0,0,0,0,0,0,0,0,0,0,0,0,0,0,0,0,0,0,0,0,0,0,"32GB(16Gx2)_29,828원/1GB_954,510","32GB(16Gx2)_29,828원/1GB_954,510"
30351236,PATRIOT DDR5-7400 CL36 VIPER VENOM RGB 패키지,0,0,0,0,0,0,0,0,0,0,0,0,0,0,0,0,0,0,0,0,0,0,0,0,0,0,0,0,0,"32GB(16Gx2)_30,733원/1GB_983,440","32GB(16Gx2)_30,733원/1GB_983,440"
30341525,PATRIOT DDR5-7400 CL36 VIPER VENOM 패키지,0,0,0,0,0,0,0,0,0,0,0,0,0,0,0,0,0,0,0,0,0,0,0,0,0,0,0,0,0,"32GB(16Gx2)_30,130원/1GB_964,150","32GB(16Gx2)_30,130원/1GB_964,150"
95057837,PATRIOT DDR5-8000 CL38 VIPER Xtreme5 RGB 패키지,0,0,0,0,0,0,0,0,0,0,0,0,0,0,0,0,0,0,0,0,0,0,0,0,0,0,0,0,0,"32GB(16Gx2)_25,523원/1GB_816,750","32GB(16Gx2)_25,523원/1GB_816,750"
8160427,PATRIOT 노트북 DDR4-2666 CL19 SIGNATURE,0,0,0,0,0,0,0,0,0,0,0,0,0,0,0,0,0,0,0,0,0,0,0,0,0,0,0,0,0,"16GB_9,375원/1GB_150,000","16GB_9,375원/1GB_150,000"
11445393,PATRIOT 노트북 DDR4-3200 CL22 SIGNATURE,0,0,0,0,0,0,0,0,0,0,0,0,0,0,0,0,0,0,0,0,0,0,0,0,0,0,0,0,0,"_16GB_9,444원/1GB_151,100|_8GB_11,456원/1GB_91,650|4GB_14,748원/1GB_58,990","_16GB_9,444원/1GB_151,100|_8GB_11,456원/1GB_91,650|4GB_14,748원/1GB_58,990"
11627192,PNY DDR4-2666 Performance,0,0,0,0,0,0,0,0,0,0,0,0,0,0,0,0,0,0,0,0,0,0,0,0,0,0,0,0,0,"16GB_9,750원/1GB_156,000","16GB_9,750원/1GB_156,000"
105817916,PNY DDR4-3200 CL16 Performance,0,0,0,0,0,0,0,0,0,0,0,0,0,0,0,0,0,0,0,0,0,0,0,0,0,0,0,0,0,"8GB_11,875원/1GB_95,000","8GB_11,875원/1GB_95,000"
105817907,PNY DDR5-5600 CL40 Performance,0,0,0,0,0,0,0,0,0,0,0,0,0,0,0,0,0,0,0,0,0,0,0,0,0,0,0,0,0,"16GB_21,813원/1GB_349,000","16GB_21,813원/1GB_349,000"
16839320,PNY XLR8 DDR5-6000 CL38 MAKO RGB 패키지 제이씨현,0,0,0,0,0,0,0,0,0,0,0,0,0,0,0,0,0,0,0,0,0,0,0,0,0,0,0,0,0,"32GB(16Gx2)_20,281원/1GB_649,000","32GB(16Gx2)_20,281원/1GB_649,000"
100447838,Ramaxel 노트북 DDR5-4800 중고,0,0,0,0,0,0,0,0,0,0,0,0,0,0,0,0,0,0,0,0,0,0,0,0,0,0,0,0,0,"12GB_24,808원/1GB_297,700","12GB_24,808원/1GB_297,700"
123982940,SIX DDR5-4800,0,0,0,0,0,0,0,0,0,0,0,0,0,0,0,0,0,0,0,0,0,0,0,0,0,0,0,0,0,"16GB_21,909원/1GB_350,550","16GB_21,909원/1GB_350,550"
17241983,SK하이닉스 DDR2-800 중고,0,0,0,0,0,0,0,0,0,0,0,0,0,0,0,0,0,0,0,0,0,0,0,0,0,0,0,0,0,"4GB_25,250원/1GB_101,000","4GB_25,250원/1GB_101,000"
5728455,SK하이닉스 DDR3-1333 중고,0,0,0,0,0,0,0,0,0,0,0,0,0,0,0,0,0,0,0,0,0,0,0,0,0,0,0,0,0,"4GB_1,975원/1GB_7,900","4GB_1,975원/1GB_7,900"
5547675,SK하이닉스 DDR3-1600 중고,0,0,0,0,0,0,0,0,0,0,0,0,0,0,0,0,0,0,0,0,0,0,0,0,0,0,0,0,0,"_8GB_3,250원/1GB_26,000|_4GB_2,250원/1GB_9,000","_8GB_3,250원/1GB_26,000|_4GB_2,250원/1GB_9,000"
4340385,SK하이닉스 DDR4-2133,0,0,0,0,0,0,0,0,0,0,0,0,0,0,0,0,0,0,0,0,0,0,0,0,0,0,0,0,0,"4GB_9,000원/1GB_36,000","4GB_9,000원/1GB_36,000"
5718625,SK하이닉스 DDR4-2400,0,0,0,0,0,0,0,0,0,0,0,0,0,0,0,0,0,0,0,0,0,0,0,0,0,0,0,0,0,"4GB_9,000원/1GB_36,000","4GB_9,000원/1GB_36,000"
19266986,SK하이닉스 DDR4-2400 중고,0,0,0,0,0,0,0,0,0,0,0,0,0,0,0,0,0,0,0,0,0,0,0,0,0,0,0,0,0,"4GB_31,475원/1GB_125,900","4GB_31,475원/1GB_125,900"
10376604,SK하이닉스 DDR4-2666 중고,0,0,0,0,0,0,0,0,0,0,0,0,0,0,0,0,0,0,0,0,0,0,0,0,0,0,0,0,0,"_16GB_11,868원/1GB_189,890|_8GB_10,000원/1GB_80,000","_16GB_11,493원/1GB_183,890|_8GB_10,000원/1GB_80,000"
99639581,SK하이닉스 DDR4-3200,0,0,0,0,0,0,0,0,0,0,0,0,0,0,0,0,0,0,0,0,0,0,0,0,0,0,0,0,0,"16GB_13,782원/1GB_220,510","16GB_13,717원/1GB_219,470"
112969488,SK하이닉스 DDR4-3200,0,0,0,0,0,0,0,0,0,0,0,0,0,0,0,0,0,0,0,0,0,0,0,0,0,0,0,0,0,"8GB_53,350원/1GB_426,800","8GB_53,350원/1GB_426,800"
104989391,SK하이닉스 DDR4-3200 병행수입,0,0,0,0,0,0,0,0,0,0,0,0,0,0,0,0,0,0,0,0,0,0,0,0,0,0,0,0,0,"16GB_14,020원/1GB_224,320","16GB_14,013원/1GB_224,200"
15577976,SK하이닉스 DDR4-3200 중고,0,0,0,0,0,0,0,0,0,0,0,0,0,0,0,0,0,0,0,0,0,0,0,0,0,0,0,0,0,"_16GB_12,369원/1GB_197,900|_8GB_8,124원/1GB_64,990|4GB_8,750원/1GB_35,000","_16GB_12,369원/1GB_197,900|_8GB_8,124원/1GB_64,990|4GB_8,750원/1GB_35,000"
16867427,SK하이닉스 DDR5-4800,0,0,0,0,0,0,0,0,0,0,0,0,0,0,0,0,0,0,0,0,0,0,0,0,0,0,0,0,0,"_32GB_24,625원/1GB_788,000|_16GB_24,250원/1GB_388,000|8GB_28,000원/1GB_224,000","_32GB_24,625원/1GB_788,000|_16GB_24,250원/1GB_388,000|8GB_28,000원/1GB_224,000"
18883523,SK하이닉스 DDR5-5600,0,0,0,0,0,0,0,0,0,0,0,0,0,0,0,0,0,0,0,0,0,0,0,0,0,0,0,0,0,"_32GB_25,879원/1GB_828,130|_16GB_22,438원/1GB_359,000|8GB_21,863원/1GB_174,900","_32GB_25,879원/1GB_828,130|_16GB_22,438원/1GB_359,000|8GB_21,863원/1GB_174,900"
18698351,SK하이닉스 DDR5-5600 병행수입,0,0,0,0,0,0,0,0,0,0,0,0,0,0,0,0,0,0,0,0,0,0,0,0,0,0,0,0,0,"16GB_24,879원/1GB_398,070","16GB_24,879원/1GB_398,070"
5800721,SK하이닉스 노트북 DDR2-533 중고,0,0,0,0,0,0,0,0,0,0,0,0,0,0,0,0,0,0,0,0,0,0,0,0,0,0,0,0,0,"512MB_21,000","512MB_21,000"
5800144,SK하이닉스 노트북 DDR2-667 중고,0,0,0,0,0,0,0,0,0,0,0,0,0,0,0,0,0,0,0,0,0,0,0,0,0,0,0,0,0,"_1GB_26,000원/1GB_26,000|_512MB_21,000","_1GB_26,000원/1GB_26,000|_512MB_21,000"
929569,SK하이닉스 노트북 DDR2-800 중고,0,0,0,0,0,0,0,0,0,0,0,0,0,0,0,0,0,0,0,0,0,0,0,0,0,0,0,0,0,"_2GB_15,500원/1GB_31,000|_1GB_21,000원/1GB_21,000","_2GB_15,500원/1GB_31,000|_1GB_21,000원/1GB_21,000"
1678154,SK하이닉스 노트북 DDR3-1066,0,0,0,0,0,0,0,0,0,0,0,0,0,0,0,0,0,0,0,0,0,0,0,0,0,0,0,0,0,"_4GB_12,500원/1GB_50,000|_2GB_8,450원/1GB_16,900","_4GB_12,500원/1GB_50,000|_2GB_8,450원/1GB_16,900"
5728672,SK하이닉스 노트북 DDR3-1066 중고,0,0,0,0,0,0,0,0,0,0,0,0,0,0,0,0,0,0,0,0,0,0,0,0,0,0,0,0,0,"_4GB_14,875원/1GB_59,500|_2GB_3,725원/1GB_7,450","_4GB_14,875원/1GB_59,500|_2GB_3,725원/1GB_7,450"
1331603,SK하이닉스 노트북 DDR3-1333,0,0,0,0,0,0,0,0,0,0,0,0,0,0,0,0,0,0,0,0,0,0,0,0,0,0,0,0,0,"4GB_6,250원/1GB_25,000","4GB_6,250원/1GB_25,000"
1745206,SK하이닉스 노트북 DDR3-1333 병행수입,0,0,0,0,0,0,0,0,0,0,0,0,0,0,0,0,0,0,0,0,0,0,0,0,0,0,0,0,0,"4GB_7,375원/1GB_29,500","4GB_7,375원/1GB_29,500"
5728592,SK하이닉스 노트북 DDR3-1333 중고,0,0,0,0,0,0,0,0,0,0,0,0,0,0,0,0,0,0,0,0,0,0,0,0,0,0,0,0,0,"_8GB_9,625원/1GB_77,000|_4GB_2,200원/1GB_8,800|2GB_3,645원/1GB_7,290","_8GB_9,625원/1GB_77,000|_4GB_2,200원/1GB_8,800|2GB_3,645원/1GB_7,290"
3380679,SK하이닉스 노트북 DDR3-1600 1.35V 병행수입,0,0,0,0,0,0,0,0,0,0,0,0,0,0,0,0,0,0,0,0,0,0,0,0,0,0,0,0,0,"4GB_6,975원/1GB_27,900","4GB_6,975원/1GB_27,900"
17811926,SK하이닉스 노트북 DDR3-1600 1.35V 중고,0,0,0,0,0,0,0,0,0,0,0,0,0,0,0,0,0,0,0,0,0,0,0,0,0,0,0,0,0,"4GB_2,500원/1GB_10,000","4GB_2,500원/1GB_10,000"
1883084,SK하이닉스 노트북 DDR3-1600 병행수입,0,0,0,0,0,0,0,0,0,0,0,0,0,0,0,0,0,0,0,0,0,0,0,0,0,0,0,0,0,"8GB_7,250원/1GB_58,000","8GB_7,250원/1GB_58,000"
5547576,SK하이닉스 노트북 DDR3-1600 중고,0,0,0,0,0,0,0,0,0,0,0,0,0,0,0,0,0,0,0,0,0,0,0,0,0,0,0,0,0,"_8GB_3,188원/1GB_25,500|_4GB_2,198원/1GB_8,790|2GB_1,900원/1GB_3,800","_8GB_3,188원/1GB_25,500|_4GB_2,198원/1GB_8,790|2GB_1,900원/1GB_3,800"
5706778,SK하이닉스 노트북 DDR4-2133,0,0,0,0,0,0,0,0,0,0,0,0,0,0,0,0,0,0,0,0,0,0,0,0,0,0,0,0,0,"8GB_12,125원/1GB_97,000","8GB_12,125원/1GB_97,000"
15778361,SK하이닉스 노트북 DDR4-2133 중고,0,0,0,0,0,0,0,0,0,0,0,0,0,0,0,0,0,0,0,0,0,0,0,0,0,0,0,0,0,"_8GB_8,601원/1GB_68,810|_4GB_13,000원/1GB_52,000","_8GB_8,601원/1GB_68,810|_4GB_13,000원/1GB_52,000"
16946459,SK하이닉스 노트북 DDR4-2400 중고,0,0,0,0,0,0,0,0,0,0,0,0,0,0,0,0,0,0,0,0,0,0,0,0,0,0,0,0,0,"_8GB_6,999원/1GB_55,990|_4GB_7,248원/1GB_28,990|2GB_8,000원/1GB_16,000","_8GB_6,999원/1GB_55,990|_4GB_7,248원/1GB_28,990|2GB_8,000원/1GB_16,000"
17242046,SK하이닉스 노트북 DDR4-2666 중고,0,0,0,0,0,0,0,0,0,0,0,0,0,0,0,0,0,0,0,0,0,0,0,0,0,0,0,0,0,"_4GB_6,498원/1GB_25,990|_16GB_7,499원/1GB_119,990|8GB_9,975원/1GB_79,800","_4GB_6,498원/1GB_25,990|_16GB_7,499원/1GB_119,990|8GB_9,975원/1GB_79,800"
16121639,SK하이닉스 노트북 DDR4-3200 중고,0,0,0,0,0,0,0,0,0,0,0,0,0,0,0,0,0,0,0,0,0,0,0,0,0,0,0,0,0,"_8GB_7,475원/1GB_59,800|_4GB_7,750원/1GB_31,000","_8GB_7,475원/1GB_59,800|_4GB_7,750원/1GB_31,000"
17390087,SK하이닉스 노트북 DDR5-4800 중고,0,0,0,0,0,0,0,0,0,0,0,0,0,0,0,0,0,0,0,0,0,0,0,0,0,0,0,0,0,"8GB_18,401원/1GB_147,210","8GB_18,401원/1GB_147,210"
20199452,SK하이닉스 노트북 DDR5-5600 중고,0,0,0,0,0,0,0,0,0,0,0,0,0,0,0,0,0,0,0,0,0,0,0,0,0,0,0,0,0,"_16GB_20,799원/1GB_332,790|_8GB_21,563원/1GB_172,500","_16GB_20,813원/1GB_333,000|_8GB_21,556원/1GB_172,450"
13603805,SOUTH BRIDGE DDR3-1600,0,0,0,0,0,0,0,0,0,0,0,0,0,0,0,0,0,0,0,0,0,0,0,0,0,0,0,0,0,"8GB_2,686원/1GB_21,490","8GB_2,686원/1GB_21,490"
14205473,SOUTH BRIDGE 노트북용 DDR3L-1600 1.35V,0,0,0,0,0,0,0,0,0,0,0,0,0,0,0,0,0,0,0,0,0,0,0,0,0,0,0,0,0,"8GB_3,288원/1GB_26,300","8GB_3,288원/1GB_26,300"
5680228,TeamGroup DDR4-2666 Elite,0,0,0,0,0,0,0,0,0,0,0,0,0,0,0,0,0,0,0,0,0,0,0,0,0,0,0,0,0,"8GB_10,750원/1GB_86,000","8GB_10,750원/1GB_86,000"
10188141,TeamGroup DDR4-3200 Elite,0,0,0,0,0,0,0,0,0,0,0,0,0,0,0,0,0,0,0,0,0,0,0,0,0,0,0,0,0,"_16GB_12,431원/1GB_198,900|_8GB_10,625원/1GB_85,000","_16GB_12,431원/1GB_198,900|_8GB_10,625원/1GB_85,000"
14907443,TeamGroup DDR4-3200 Elite 서린,0,0,0,0,0,0,0,0,0,0,0,0,0,0,0,0,0,0,0,0,0,0,0,0,0,0,0,0,0,"32GB_13,047원/1GB_417,500|_16GB_12,260원/1GB_196,160|_8GB_13,250원/1GB_106,000","32GB_13,047원/1GB_417,500|_16GB_12,017원/1GB_192,270|_8GB_12,854원/1GB_102,830"
123133860,TeamGroup DDR4-3200 Elite 중고,0,0,0,0,0,0,0,0,0,0,0,0,0,0,0,0,0,0,0,0,0,0,0,0,0,0,0,0,0,"32GB_9,219원/1GB_295,000","32GB_9,219원/1GB_295,000"
17535233,TeamGroup DDR5-4800 CL40 Elite 서린,0,0,0,0,0,0,0,0,0,0,0,0,0,0,0,0,0,0,0,0,0,0,0,0,0,0,0,0,0,"_32GB_18,394원/1GB_588,600|_16GB_19,956원/1GB_319,300","_32GB_18,394원/1GB_588,600|_16GB_19,956원/1GB_319,300"
18767360,TeamGroup DDR5-5200 CL42 Elite 서린,0,0,0,0,0,0,0,0,0,0,0,0,0,0,0,0,0,0,0,0,0,0,0,0,0,0,0,0,0,"16GB_21,031원/1GB_336,500","16GB_22,716원/1GB_363,450"
23563973,TeamGroup DDR5-5600 CL46 Elite,0,0,0,0,0,0,0,0,0,0,0,0,0,0,0,0,0,0,0,0,0,0,0,0,0,0,0,0,0,"32GB_22,578원/1GB_722,500|_16GB_21,218원/1GB_339,480|_8GB_24,375원/1GB_195,000","32GB_22,578원/1GB_722,500|_16GB_21,154원/1GB_338,460|_8GB_24,375원/1GB_195,000"
74421821,TeamGroup DDR5-5600 CL46 Elite Plus 블랙,0,0,0,0,0,0,0,0,0,0,0,0,0,0,0,0,0,0,0,0,0,0,0,0,0,0,0,0,0,"32GB_23,472원/1GB_751,100","32GB_23,472원/1GB_751,100"
27545675,TeamGroup DDR5-5600 CL46 Elite Plus 블랙 서린,0,0,0,0,0,0,0,0,0,0,0,0,0,0,0,0,0,0,0,0,0,0,0,0,0,0,0,0,0,"_16GB_23,250원/1GB_372,000|_32GB_22,813원/1GB_730,000","_16GB_23,250원/1GB_372,000|_32GB_22,813원/1GB_730,000"
17535839,TeamGroup DDR5-5600 CL46 Elite 서린,0,0,0,0,0,0,0,0,0,0,0,0,0,0,0,0,0,0,0,0,0,0,0,0,0,0,0,0,0,"_32GB_21,250원/1GB_680,000|_16GB_21,869원/1GB_349,900|8GB_21,500원/1GB_172,000","_32GB_21,250원/1GB_680,000|_16GB_21,875원/1GB_350,000|8GB_21,625원/1GB_173,000"
13981106,TeamGroup T-CREATE DDR4-3600 CL18 EXPERT OC10L 패키지 서린,0,0,0,0,0,0,0,0,0,0,0,0,0,0,0,0,0,0,0,0,0,0,0,0,0,0,0,0,0,"_32GB(16Gx2)_13,406원/1GB_429,000|_16GB(8Gx2)_13,760원/1GB_220,160","_32GB(16Gx2)_13,406원/1GB_429,000|_16GB(8Gx2)_13,760원/1GB_220,160"
19566335,TeamGroup T-CREATE DDR5-5600 CL46 CLASSIC 패키지 서린,0,0,0,0,0,0,0,0,0,0,0,0,0,0,0,0,0,0,0,0,0,0,0,0,0,0,0,0,0,"_64GB(32Gx2)_21,516원/1GB_1,377,000|_32GB(16Gx2)_23,243원/1GB_743,770","_64GB(32Gx2)_21,516원/1GB_1,377,000|_32GB(16Gx2)_23,243원/1GB_743,780"
20546438,TeamGroup T-CREATE DDR5-6000 CL30 EXPERT 패키지 서린,0,0,0,0,0,0,0,0,0,0,0,0,0,0,0,0,0,0,0,0,0,0,0,0,0,0,0,0,0,"32GB(16Gx2)_24,823원/1GB_794,350","32GB(16Gx2)_24,269원/1GB_776,600"
110699500,TeamGroup T-CREATE DDR5-6000 CL30 EXPERT 패키지 서린,0,0,0,0,0,0,0,0,0,0,0,0,0,0,0,0,0,0,0,0,0,0,0,0,0,0,0,0,0,"32GB(16GX2)_25,166원/1GB_805,300","32GB(16GX2)_25,166원/1GB_805,300"
20546684,TeamGroup T-CREATE DDR5-6000 CL30 EXPERT 화이트 패키지 서린,0,0,0,0,0,0,0,0,0,0,0,0,0,0,0,0,0,0,0,0,0,0,0,0,0,0,0,0,0,"32GB(16Gx2)_24,873원/1GB_795,950","32GB(16Gx2)_24,873원/1GB_795,950"
19566788,TeamGroup T-CREATE DDR5-6000 CL34 EXPERT 패키지 서린,0,0,0,0,0,0,0,0,0,0,0,0,0,0,0,0,0,0,0,0,0,0,0,0,0,0,0,0,0,"64GB(32Gx2)_23,438원/1GB_1,500,000","64GB(32Gx2)_23,437원/1GB_1,499,990"
20546735,TeamGroup T-CREATE DDR5-6000 CL34 EXPERT 화이트 패키지 서린,0,0,0,0,0,0,0,0,0,0,0,0,0,0,0,0,0,0,0,0,0,0,0,0,0,0,0,0,0,"64GB(32Gx2)_23,438원/1GB_1,500,000","64GB(32Gx2)_23,437원/1GB_1,499,990"
105969299,TeamGroup T-CREATE DDR5-6000 CL40 EXPERT 패키지 서린,0,0,0,0,0,0,0,0,0,0,0,0,0,0,0,0,0,0,0,0,0,0,0,0,0,0,0,0,0,"128GB(64Gx2)_28,125원/1GB_3,600,000","128GB(64Gx2)_28,125원/1GB_3,599,990"
105969302,TeamGroup T-CREATE DDR5-6000 CL40 EXPERT 화이트 패키지 서린,0,0,0,0,0,0,0,0,0,0,0,0,0,0,0,0,0,0,0,0,0,0,0,0,0,0,0,0,0,"128GB(64Gx2)_27,344원/1GB_3,500,000","128GB(64Gx2)_27,344원/1GB_3,499,990"
19567433,TeamGroup T-CREATE DDR5-6000 CL48 CLASSIC 패키지 서린,0,0,0,0,0,0,0,0,0,0,0,0,0,0,0,0,0,0,0,0,0,0,0,0,0,0,0,0,0,"_64GB(32Gx2)_23,084원/1GB_1,477,370|_32GB(16Gx2)_22,790원/1GB_729,280","_64GB(32Gx2)_23,084원/1GB_1,477,360|_32GB(16Gx2)_22,712원/1GB_726,780"
19567934,TeamGroup T-CREATE DDR5-6400 CL34 EXPERT 패키지 서린,0,0,0,0,0,0,0,0,0,0,0,0,0,0,0,0,0,0,0,0,0,0,0,0,0,0,0,0,0,"64GB(32Gx2)_24,688원/1GB_1,580,000","64GB(32Gx2)_24,688원/1GB_1,580,000"
20547080,TeamGroup T-CREATE DDR5-6400 CL34 EXPERT 화이트 패키지 서린,0,0,0,0,0,0,0,0,0,0,0,0,0,0,0,0,0,0,0,0,0,0,0,0,0,0,0,0,0,"64GB(32Gx2)_24,688원/1GB_1,580,000","64GB(32Gx2)_24,688원/1GB_1,580,000"
96773624,TeamGroup T-CREATE DDR5-6400 CL42 EXPERT 패키지 서린,0,0,0,0,0,0,0,0,0,0,0,0,0,0,0,0,0,0,0,0,0,0,0,0,0,0,0,0,0,"128GB(64Gx2)_28,125원/1GB_3,600,000","128GB(64Gx2)_28,125원/1GB_3,599,990"
20547176,TeamGroup T-CREATE DDR5-7200 CL34 EXPERT 패키지 서린,0,0,0,0,0,0,0,0,0,0,0,0,0,0,0,0,0,0,0,0,0,0,0,0,0,0,0,0,0,"32GB(16Gx2)_25,501원/1GB_816,020","32GB(16Gx2)_25,501원/1GB_816,020"
20547212,TeamGroup T-CREATE DDR5-7200 CL34 EXPERT 화이트 패키지 서린,0,0,0,0,0,0,0,0,0,0,0,0,0,0,0,0,0,0,0,0,0,0,0,0,0,0,0,0,0,"32GB(16Gx2)_25,000원/1GB_800,000","32GB(16Gx2)_25,000원/1GB_800,000"
28806848,TeamGroup T-CREATE 노트북 DDR5-5600 CL46-45-45 CLASSIC 서린,0,0,0,0,0,0,0,0,0,0,0,0,0,0,0,0,0,0,0,0,0,0,0,0,0,0,0,0,0,"_32GB_21,094원/1GB_675,000|_16GB_22,813원/1GB_365,000","_32GB_20,859원/1GB_667,500|_16GB_22,344원/1GB_357,500"
8714552,TeamGroup T-Force DDR4-2666 CL18 T1 GAMING,0,0,0,0,0,0,0,0,0,0,0,0,0,0,0,0,0,0,0,0,0,0,0,0,0,0,0,0,0,"4GB_9,000원/1GB_36,000","4GB_9,000원/1GB_36,000"
9268803,TeamGroup T-Force DDR4-3000 CL16 Vulcan Z Gray,0,0,0,0,0,0,0,0,0,0,0,0,0,0,0,0,0,0,0,0,0,0,0,0,0,0,0,0,0,"4GB_9,000원/1GB_36,000","4GB_9,000원/1GB_36,000"
10389006,TeamGroup T-Force DDR4-3200 CL16 DARK Z RED 패키지,0,0,0,0,0,0,0,0,0,0,0,0,0,0,0,0,0,0,0,0,0,0,0,0,0,0,0,0,0,"16GB(8Gx2)_13,441원/1GB_215,060","16GB(8Gx2)_13,441원/1GB_215,060"
6935872,TeamGroup T-Force DDR4-3200 CL16 Delta RGB 패키지,0,0,0,0,0,0,0,0,0,0,0,0,0,0,0,0,0,0,0,0,0,0,0,0,0,0,0,0,0,"32GB(16Gx2)_12,940원/1GB_414,070","32GB(16Gx2)_12,940원/1GB_414,070"
7320400,TeamGroup T-Force DDR4-3200 CL16 Delta RGB 패키지 서린,0,0,0,0,0,0,0,0,0,0,0,0,0,0,0,0,0,0,0,0,0,0,0,0,0,0,0,0,0,"_32GB(16Gx2)_13,750원/1GB_440,000|_16GB(8Gx2)_13,988원/1GB_223,800","_32GB(16Gx2)_13,750원/1GB_440,000|_16GB(8Gx2)_13,594원/1GB_217,500"
7320475,TeamGroup T-Force DDR4-3200 CL16 Delta RGB 화이트 패키지 서린,0,0,0,0,0,0,0,0,0,0,0,0,0,0,0,0,0,0,0,0,0,0,0,0,0,0,0,0,0,"_32GB(16Gx2)_13,750원/1GB_440,000|_16GB(8Gx2)_14,169원/1GB_226,710",0
7320865,TeamGroup T-Force DDR4-3200 CL16 Delta RGB 화이트 패키지 서린,0,0,0,0,0,0,0,0,0,0,0,0,0,0,0,0,0,0,0,0,0,0,0,0,0,0,0,0,0,0,"_32GB(16Gx2)_13,750원/1GB_439,990|_16GB(8Gx2)_14,169원/1GB_226,710"
11462262,TeamGroup T-Force DDR4-3200 CL16 XTREEM ARGB 패키지,0,0,0,0,0,0,0,0,0,0,0,0,0,0,0,0,0,0,0,0,0,0,0,0,0,0,0,0,0,"16GB(8Gx2)_13,187원/1GB_210,990","16GB(8Gx2)_13,187원/1GB_210,990"
12958028,TeamGroup T-Force DDR4-3200 CL16-20-20 Delta RGB 패키지,0,0,0,0,0,0,0,0,0,0,0,0,0,0,0,0,0,0,0,0,0,0,0,0,0,0,0,0,0,"32GB(16Gx2)_13,383원/1GB_428,240","32GB(16Gx2)_13,383원/1GB_428,240"
12876455,TeamGroup T-Force DDR4-3200 CL16-20-20 Delta RGB 패키지 서린,0,0,0,0,0,0,0,0,0,0,0,0,0,0,0,0,0,0,0,0,0,0,0,0,0,0,0,0,0,"32GB(16Gx2)_13,463원/1GB_430,800","32GB(16Gx2)_13,301원/1GB_425,640"
12876503,TeamGroup T-Force DDR4-3200 CL16-20-20 Delta RGB 화이트 패키지 서린,0,0,0,0,0,0,0,0,0,0,0,0,0,0,0,0,0,0,0,0,0,0,0,0,0,0,0,0,0,"32GB(16Gx2)_13,547원/1GB_433,500","32GB(16Gx2)_13,547원/1GB_433,500"
11858860,TeamGroup T-Force DDR4-3600 CL18 Delta RGB 패키지,0,0,0,0,0,0,0,0,0,0,0,0,0,0,0,0,0,0,0,0,0,0,0,0,0,0,0,0,0,"32GB(16Gx2)_12,836원/1GB_410,760","32GB(16Gx2)_12,735원/1GB_407,510"
11380332,TeamGroup T-Force DDR4-3600 CL18 Delta RGB 패키지 서린,0,0,0,0,0,0,0,0,0,0,0,0,0,0,0,0,0,0,0,0,0,0,0,0,0,0,0,0,0,"_32GB(16Gx2)_13,906원/1GB_445,000|_16GB(8Gx2)_14,186원/1GB_226,980","_32GB(16Gx2)_13,009원/1GB_416,300|_16GB(8Gx2)_14,062원/1GB_224,990"
11858869,TeamGroup T-Force DDR4-3600 CL18 Delta RGB 화이트 패키지,0,0,0,0,0,0,0,0,0,0,0,0,0,0,0,0,0,0,0,0,0,0,0,0,0,0,0,0,0,"_32GB(16Gx2)_13,906원/1GB_445,000|_16GB(8Gx2)_14,563원/1GB_233,000","_32GB(16Gx2)_13,906원/1GB_445,000|_16GB(8Gx2)_14,563원/1GB_233,000"
11380437,TeamGroup T-Force DDR4-3600 CL18 Delta RGB 화이트 패키지 서린,0,0,0,0,0,0,0,0,0,0,0,0,0,0,0,0,0,0,0,0,0,0,0,0,0,0,0,0,0,"_32GB(16Gx2)_13,906원/1GB_445,000|_16GB(8Gx2)_14,375원/1GB_230,000","_32GB(16Gx2)_13,906원/1GB_445,000|_16GB(8Gx2)_14,375원/1GB_230,000"
106747745,TeamGroup T-Force DDR4-3600 CL18 Vulcan Z Gray 패키지 서린,0,0,0,0,0,0,0,0,0,0,0,0,0,0,0,0,0,0,0,0,0,0,0,0,0,0,0,0,0,"16GB(8Gx2)_13,946원/1GB_223,140","16GB(8Gx2)_13,946원/1GB_223,140"
18497117,TeamGroup T-Force DDR5-5600 CL36 Delta RGB 패키지,0,0,0,0,0,0,0,0,0,0,0,0,0,0,0,0,0,0,0,0,0,0,0,0,0,0,0,0,0,"32GB(16Gx2)_22,184원/1GB_709,880","32GB(16Gx2)_22,182원/1GB_709,830"
19552202,TeamGroup T-Force DDR5-5600 CL36 Delta RGB 패키지 서린,0,0,0,0,0,0,0,0,0,0,0,0,0,0,0,0,0,0,0,0,0,0,0,0,0,0,0,0,0,"_64GB(32Gx2)_22,813원/1GB_1,460,000|_32GB(16Gx2)_23,750원/1GB_760,000","_64GB(32Gx2)_22,729원/1GB_1,454,640|_32GB(16Gx2)_23,750원/1GB_760,000"
18497126,TeamGroup T-Force DDR5-5600 CL36 Delta RGB 화이트 패키지,0,0,0,0,0,0,0,0,0,0,0,0,0,0,0,0,0,0,0,0,0,0,0,0,0,0,0,0,0,"32GB(16Gx2)_21,919원/1GB_701,410","32GB(16Gx2)_21,917원/1GB_701,340"
19552541,TeamGroup T-Force DDR5-5600 CL36 Delta RGB 화이트 패키지 서린,0,0,0,0,0,0,0,0,0,0,0,0,0,0,0,0,0,0,0,0,0,0,0,0,0,0,0,0,0,"_64GB(32Gx2)_22,813원/1GB_1,460,000|_32GB(16Gx2)_23,750원/1GB_760,000","_64GB(32Gx2)_22,812원/1GB_1,459,990|_32GB(16Gx2)_23,750원/1GB_760,000"
74341889,TeamGroup T-Force DDR5-6000 CL28 Delta RGB 블랙 패키지 서린,0,0,0,0,0,0,0,0,0,0,0,0,0,0,0,0,0,0,0,0,0,0,0,0,0,0,0,0,0,"32GB(16Gx2)_28,688원/1GB_918,000","32GB(16Gx2)_28,688원/1GB_918,000"
74341892,TeamGroup T-Force DDR5-6000 CL28 Delta RGB 화이트 패키지 서린,0,0,0,0,0,0,0,0,0,0,0,0,0,0,0,0,0,0,0,0,0,0,0,0,0,0,0,0,0,"32GB(16Gx2)_28,688원/1GB_918,000","32GB(16Gx2)_28,457원/1GB_910,630"
18134999,TeamGroup T-Force DDR5-6000 CL30 Delta RGB 패키지,0,0,0,0,0,0,0,0,0,0,0,0,0,0,0,0,0,0,0,0,0,0,0,0,0,0,0,0,0,"32GB(16Gx2)_25,218원/1GB_806,970","32GB(16Gx2)_25,074원/1GB_802,370"
18135029,TeamGroup T-Force DDR5-6000 CL30 Delta RGB 화이트 패키지,0,0,0,0,0,0,0,0,0,0,0,0,0,0,0,0,0,0,0,0,0,0,0,0,0,0,0,0,0,"32GB(16Gx2)_25,218원/1GB_806,960","32GB(16Gx2)_25,218원/1GB_806,960"
67693613,TeamGroup T-Force DDR5-6000 CL30 XTREEM ARGB 패키지 서린,0,0,0,0,0,0,0,0,0,0,0,0,0,0,0,0,0,0,0,0,0,0,0,0,0,0,0,0,0,"32GB(16Gx2)_27,732원/1GB_887,420","32GB(16Gx2)_27,732원/1GB_887,420"
19552994,TeamGroup T-Force DDR5-6000 CL38 Delta RGB 패키지 서린,0,0,0,0,0,0,0,0,0,0,0,0,0,0,0,0,0,0,0,0,0,0,0,0,0,0,0,0,0,"_64GB(32Gx2)_23,438원/1GB_1,500,000|_32GB(16Gx2)_24,500원/1GB_784,000","_64GB(32Gx2)_23,437원/1GB_1,499,990|_32GB(16Gx2)_24,500원/1GB_783,990"
29483009,TeamGroup T-Force DDR5-6000 CL38 Delta RGB 화이트 패키지,0,0,0,0,0,0,0,0,0,0,0,0,0,0,0,0,0,0,0,0,0,0,0,0,0,0,0,0,0,"32GB(16Gx2)_24,500원/1GB_784,000","32GB(16Gx2)_24,500원/1GB_784,000"
16443341,TeamGroup T-Force DDR5-6000 CL38 Delta RGB 화이트 패키지 서린,0,0,0,0,0,0,0,0,0,0,0,0,0,0,0,0,0,0,0,0,0,0,0,0,0,0,0,0,0,"_64GB(32Gx2)_23,672원/1GB_1,515,000|_32GB(16Gx2)_24,500원/1GB_784,000","_64GB(32Gx2)_23,672원/1GB_1,515,000|_32GB(16Gx2)_24,500원/1GB_784,000"
67693646,TeamGroup T-Force DDR5-6400 CL32 XTREEM ARGB 패키지 서린,0,0,0,0,0,0,0,0,0,0,0,0,0,0,0,0,0,0,0,0,0,0,0,0,0,0,0,0,0,"32GB(16Gx2)_27,188원/1GB_870,000","32GB(16Gx2)_27,188원/1GB_870,000"
16035029,TeamGroup T-Force DDR5-6400 CL40 Delta RGB 패키지 서린,0,0,0,0,0,0,0,0,0,0,0,0,0,0,0,0,0,0,0,0,0,0,0,0,0,0,0,0,0,"32GB(16Gx2)_23,125원/1GB_740,000","32GB(16Gx2)_23,125원/1GB_740,000"
31424810,TeamGroup T-Force DDR5-6800 CL36 Delta RGB 패키지,0,0,0,0,0,0,0,0,0,0,0,0,0,0,0,0,0,0,0,0,0,0,0,0,0,0,0,0,0,"96GB(48Gx2)_27,000원/1GB_2,592,000","96GB(48Gx2)_27,000원/1GB_2,592,000"
18135167,TeamGroup T-Force DDR5-7200 CL34 Delta RGB 패키지,0,0,0,0,0,0,0,0,0,0,0,0,0,0,0,0,0,0,0,0,0,0,0,0,0,0,0,0,0,"32GB(16Gx2)_24,063원/1GB_770,000","32GB(16Gx2)_23,818원/1GB_762,170"
18135173,TeamGroup T-Force DDR5-7200 CL34 Delta RGB 화이트 패키지,0,0,0,0,0,0,0,0,0,0,0,0,0,0,0,0,0,0,0,0,0,0,0,0,0,0,0,0,0,"32GB(16Gx2)_24,063원/1GB_770,000","32GB(16Gx2)_24,063원/1GB_770,000"
74052965,TeamGroup T-Force DDR5-8400 CL42 XTREEM CKD 패키지 서린,0,0,0,0,0,0,0,0,0,0,0,0,0,0,0,0,0,0,0,0,0,0,0,0,0,0,0,0,0,"48GB(24Gx2)_18,212원/1GB_874,180","48GB(24Gx2)_18,212원/1GB_874,180"
118838632,TeamGroup T-Force T-Force DDR4-3600 CL18 Delta RGB 화이트 패키지,0,0,0,0,0,0,0,0,0,0,0,0,0,0,0,0,0,0,0,0,0,0,0,0,0,0,0,0,0,"16GB(8Gx2)_17,296원/1GB_276,740","16GB(8Gx2)_17,296원/1GB_276,740"
106695755,TeamGroup 노트북 DDR4-3200 CL22 Elite,0,0,0,0,0,0,0,0,0,0,0,0,0,0,0,0,0,0,0,0,0,0,0,0,0,0,0,0,0,"_16GB_10,961원/1GB_175,380|32GB_12,116원/1GB_387,700|_8GB_10,960원/1GB_87,680","_16GB_10,815원/1GB_173,040|32GB_11,958원/1GB_382,650|_8GB_10,815원/1GB_86,520"
106695737,TeamGroup 노트북 DDR4-3200 CL22 Elite,0,0,0,0,0,0,0,0,0,0,0,0,0,0,0,0,0,0,0,0,0,0,0,0,0,0,0,0,0,"_16GB_10,961원/1GB_175,380|32GB_12,116원/1GB_387,700|_8GB_10,960원/1GB_87,680","_16GB_10,815원/1GB_173,040|32GB_11,958원/1GB_382,650|_8GB_10,815원/1GB_86,520"
123721493,TeamGroup 노트북 DDR5-5600 CL46 Elite 서린,0,0,0,0,0,0,0,0,0,0,0,0,0,0,0,0,0,0,0,0,0,0,0,0,0,0,0,0,0,"16GB_22,500원/1GB_360,000","16GB_22,500원/1GB_360,000"
18274025,Terabyte Ramonster DDR4-2666 CL19,0,0,0,0,0,0,0,0,0,0,0,0,0,0,0,0,0,0,0,0,0,0,0,0,0,0,0,0,0,"16GB_10,313원/1GB_165,000","16GB_10,313원/1GB_165,000"
6502718,Terabyte Ramonster DDR4-2666 CL19 BLACK,0,0,0,0,0,0,0,0,0,0,0,0,0,0,0,0,0,0,0,0,0,0,0,0,0,0,0,0,0,"8GB_10,725원/1GB_85,800","8GB_10,725원/1GB_85,800"
18274718,Terabyte Ramonster DDR4-3200 CL22,0,0,0,0,0,0,0,0,0,0,0,0,0,0,0,0,0,0,0,0,0,0,0,0,0,0,0,0,0,"_16GB_9,375원/1GB_150,000|_8GB_11,188원/1GB_89,500","_16GB_9,375원/1GB_150,000|_8GB_11,188원/1GB_89,500"
10558731,Terabyte Ramonster DDR4-3200 CL22 BLACK,0,0,0,0,0,0,0,0,0,0,0,0,0,0,0,0,0,0,0,0,0,0,0,0,0,0,0,0,0,"8GB_11,238원/1GB_89,900","8GB_11,238원/1GB_89,900"
108390497,Terabyte Ramonster DDR5-4800,0,0,0,0,0,0,0,0,0,0,0,0,0,0,0,0,0,0,0,0,0,0,0,0,0,0,0,0,0,"16GB_22,438원/1GB_359,000","16GB_22,438원/1GB_359,000"
18273281,Terabyte Ramonster 노트북 DDR4-3200 CL22,0,0,0,0,0,0,0,0,0,0,0,0,0,0,0,0,0,0,0,0,0,0,0,0,0,0,0,0,0,"_16GB_9,223원/1GB_147,570|_4GB_8,500원/1GB_34,000","_16GB_9,223원/1GB_147,570|_4GB_8,500원/1GB_34,000"
15072377,V-Color BLACK DDR4-3200,0,0,0,0,0,0,0,0,0,0,0,0,0,0,0,0,0,0,0,0,0,0,0,0,0,0,0,0,0,"16GB_12,375원/1GB_198,000","16GB_12,375원/1GB_198,000"
16664129,V-Color BLACK DDR4-3200 벌크,0,0,0,0,0,0,0,0,0,0,0,0,0,0,0,0,0,0,0,0,0,0,0,0,0,0,0,0,0,"8GB_13,625원/1GB_109,000","8GB_13,625원/1GB_109,000"
27953468,V-Color BLACK DDR5-5600 CL46 STANDARD 벌크,0,0,0,0,0,0,0,0,0,0,0,0,0,0,0,0,0,0,0,0,0,0,0,0,0,0,0,0,0,"16GB_23,687원/1GB_378,990","16GB_23,687원/1GB_378,990"
11587076,V-Color DDR4-4000 CL19 PRISM PRO RGB SILVER 패키지,0,0,0,0,0,0,0,0,0,0,0,0,0,0,0,0,0,0,0,0,0,0,0,0,0,0,0,0,0,"16GB(8Gx2)_17,500원/1GB_280,000","16GB(8Gx2)_17,500원/1GB_280,000"
123723079,V-Color DDR5-5600 CL46 STANDARD ECC/REG 패키지,0,0,0,0,0,0,0,0,0,0,0,0,0,0,0,0,0,0,0,0,0,0,0,0,0,0,0,0,0,"_512GB(128Gx4)_71,152원/1GB_36,429,590|256GB(64Gx4)_58,741원/1GB_15,037,790|_128GB(32Gx4)_56,921원/1GB_7,285,910","_512GB(128Gx4)_71,152원/1GB_36,429,590|256GB(64Gx4)_58,741원/1GB_15,037,790|_128GB(32Gx4)_56,921원/1GB_7,285,910"
123723120,V-Color DDR5-5600 CL46 STANDARD ECC/REG 패키지,0,0,0,0,0,0,0,0,0,0,0,0,0,0,0,0,0,0,0,0,0,0,0,0,0,0,0,0,0,"_512GB(128Gx4)_71,152원/1GB_36,429,590|256GB(64Gx4)_58,741원/1GB_15,037,790|_128GB(32Gx4)_56,921원/1GB_7,285,910","_512GB(128Gx4)_71,152원/1GB_36,429,590|256GB(64Gx4)_58,741원/1GB_15,037,790|_128GB(32Gx4)_56,921원/1GB_7,285,910"
93862913,V-Color DDR5-6400 CL32 ECC/REG 패키지,0,0,0,0,0,0,0,0,0,0,0,0,0,0,0,0,0,0,0,0,0,0,0,0,0,0,0,0,0,"128GB(32Gx4)_62,878원/1GB_8,048,390","128GB(32Gx4)_62,878원/1GB_8,048,390"
16025600,V-Color Manta DDR5-6200 CL40 RGB 골든아미스 패키지,0,0,0,0,0,0,0,0,0,0,0,0,0,0,0,0,0,0,0,0,0,0,0,0,0,0,0,0,0,"32GB(16Gx2)_21,500원/1GB_688,000","32GB(16Gx2)_21,500원/1GB_688,000"
104751800,V-Color Manta XSKY DDR5-6000 CL30 RGB EXPO 패키지,0,0,0,0,0,0,0,0,0,0,0,0,0,0,0,0,0,0,0,0,0,0,0,0,0,0,0,0,0,"32GB(16Gx2)_23,195원/1GB_742,250","32GB(16Gx2)_21,968원/1GB_702,990"
5514214,V-Color 컬러풀 DDR3-1600,0,0,0,0,0,0,0,0,0,0,0,0,0,0,0,0,0,0,0,0,0,0,0,0,0,0,0,0,0,"8GB_3,500원/1GB_28,000","8GB_3,500원/1GB_28,000"
15176300,골든메모리 DDR3-1600,0,0,0,0,0,0,0,0,0,0,0,0,0,0,0,0,0,0,0,0,0,0,0,0,0,0,0,0,0,"8GB_2,813원/1GB_22,500","8GB_2,739원/1GB_21,910"
108445535,디오테라 ROIPLE DDR4-3200,0,0,0,0,0,0,0,0,0,0,0,0,0,0,0,0,0,0,0,0,0,0,0,0,0,0,0,0,0,"16GB_11,749원/1GB_187,990","16GB_11,749원/1GB_187,990"
108445556,디오테라 ROIPLE DDR5-5600,0,0,0,0,0,0,0,0,0,0,0,0,0,0,0,0,0,0,0,0,0,0,0,0,0,0,0,0,0,"8GB_22,375원/1GB_179,000","8GB_22,375원/1GB_179,000"
123730821,디오테라 ROIPLE DDR5-5600 CL46 RGB,0,0,0,0,0,0,0,0,0,0,0,0,0,0,0,0,0,0,0,0,0,0,0,0,0,0,0,0,0,32GB_가격비교예정,32GB_가격비교예정
5850669,마이크론 Crucial DDR3-1600 중고,0,0,0,0,0,0,0,0,0,0,0,0,0,0,0,0,0,0,0,0,0,0,0,0,0,0,0,0,0,"_8GB_3,250원/1GB_26,000|_4GB_2,750원/1GB_11,000","_8GB_3,250원/1GB_26,000|_4GB_2,750원/1GB_11,000"
10294092,마이크론 Crucial DDR4-3200 CL22,0,0,0,0,0,0,0,0,0,0,0,0,0,0,0,0,0,0,0,0,0,0,0,0,0,0,0,0,0,"_32GB_13,953원/1GB_446,490|_16GB_11,249원/1GB_179,990|8GB_13,250원/1GB_106,000","_32GB_13,953원/1GB_446,490|_16GB_11,249원/1GB_179,990|8GB_13,250원/1GB_106,000"
100273145,마이크론 Crucial DDR4-3200 CL22 PRO 패키지 대원씨티에스,0,0,0,0,0,0,0,0,0,0,0,0,0,0,0,0,0,0,0,0,0,0,0,0,0,0,0,0,0,"32GB(16Gx2)_11,548원/1GB_369,530","32GB(16Gx2)_11,546원/1GB_369,480"
35805935,마이크론 Crucial DDR4-3200 CL22 대원씨티에스,0,0,0,0,0,0,0,0,0,0,0,0,0,0,0,0,0,0,0,0,0,0,0,0,0,0,0,0,0,"_16GB_12,093원/1GB_193,480|_8GB_13,171원/1GB_105,370","_16GB_12,089원/1GB_193,430|_8GB_13,040원/1GB_104,320"
105679847,마이크론 Crucial DDR4-3200 CL22 패키지,0,0,0,0,0,0,0,0,0,0,0,0,0,0,0,0,0,0,0,0,0,0,0,0,0,0,0,0,0,"16GB(8Gx2)_14,688원/1GB_235,000","16GB(8Gx2)_14,688원/1GB_235,000"
101628713,마이크론 Crucial DDR4-3200 중고,0,0,0,0,0,0,0,0,0,0,0,0,0,0,0,0,0,0,0,0,0,0,0,0,0,0,0,0,0,"8GB_7,811원/1GB_62,490","8GB_7,811원/1GB_62,490"
15988694,마이크론 Crucial DDR5-4800 CL40,0,0,0,0,0,0,0,0,0,0,0,0,0,0,0,0,0,0,0,0,0,0,0,0,0,0,0,0,0,"8GB_19,000원/1GB_152,000","8GB_19,000원/1GB_152,000"
18486497,마이크론 Crucial DDR5-5600 CL46,0,0,0,0,0,0,0,0,0,0,0,0,0,0,0,0,0,0,0,0,0,0,0,0,0,0,0,0,0,"64GB_25,781원/1GB_1,650,000|_32GB_22,950원/1GB_734,400|_16GB_21,188원/1GB_339,000|8GB_21,736원/1GB_173,890","64GB_25,781원/1GB_1,650,000|_32GB_22,950원/1GB_734,400|_16GB_21,188원/1GB_339,000|8GB_21,736원/1GB_173,890"
100273337,마이크론 Crucial DDR5-5600 CL46 PRO 대원씨티에스,0,0,0,0,0,0,0,0,0,0,0,0,0,0,0,0,0,0,0,0,0,0,0,0,0,0,0,0,0,"_64GB_31,149원/1GB_1,993,550|32GB_24,503원/1GB_784,100|_16GB_22,888원/1GB_366,200","_64GB_31,022원/1GB_1,985,390|32GB_24,503원/1GB_784,100|_16GB_22,702원/1GB_363,230"
33386738,마이크론 Crucial DDR5-5600 CL46 PRO 아스크텍,0,0,0,0,0,0,0,0,0,0,0,0,0,0,0,0,0,0,0,0,0,0,0,0,0,0,0,0,0,"_32GB_24,820원/1GB_794,250|_16GB_24,489원/1GB_391,820","_32GB_24,820원/1GB_794,250|_16GB_24,489원/1GB_391,820"
20369066,마이크론 Crucial DDR5-5600 CL46 PRO 패키지 대원씨티에스,0,0,0,0,0,0,0,0,0,0,0,0,0,0,0,0,0,0,0,0,0,0,0,0,0,0,0,0,0,"_128GB(64Gx2)_31,344원/1GB_4,011,990|64GB(32Gx2)_27,302원/1GB_1,747,350|48GB(24Gx2)_19,890원/1GB_954,740|_32GB(16Gx2)_22,453원/1GB_718,490","_128GB(64Gx2)_30,777원/1GB_3,939,480|64GB(32Gx2)_27,302원/1GB_1,747,350|48GB(24Gx2)_19,593원/1GB_940,440|_32GB(16Gx2)_22,453원/1GB_718,490"
28553522,마이크론 Crucial DDR5-5600 CL46 PRO 패키지 아스크텍,0,0,0,0,0,0,0,0,0,0,0,0,0,0,0,0,0,0,0,0,0,0,0,0,0,0,0,0,0,"_64GB(32Gx2)_24,489원/1GB_1,567,320|_32GB(16Gx2)_24,031원/1GB_769,000","_64GB(32Gx2)_24,489원/1GB_1,567,320|_32GB(16Gx2)_24,031원/1GB_769,000"
75991769,마이크론 Crucial DDR5-5600 CL46 대원씨티에스,0,0,0,0,0,0,0,0,0,0,0,0,0,0,0,0,0,0,0,0,0,0,0,0,0,0,0,0,0,"_64GB_20,587원/1GB_1,317,590|32GB_23,493원/1GB_751,770|16GB_21,875원/1GB_350,000|_8GB_20,145원/1GB_161,160","_64GB_20,587원/1GB_1,317,590|32GB_23,493원/1GB_751,770|16GB_21,875원/1GB_350,000|_8GB_20,081원/1GB_160,650"
123133849,마이크론 Crucial DDR5-5600 CL46 중고,0,0,0,0,0,0,0,0,0,0,0,0,0,0,0,0,0,0,0,0,0,0,0,0,0,0,0,0,0,"_32GB_23,403원/1GB_748,910|_16GB_21,464원/1GB_343,430","_32GB_23,400원/1GB_748,790|_16GB_20,500원/1GB_328,000"
93806003,마이크론 Crucial DDR5-5600 CL46 패키지 대원씨티에스,0,0,0,0,0,0,0,0,0,0,0,0,0,0,0,0,0,0,0,0,0,0,0,0,0,0,0,0,0,"128GB(64Gx2)_30,725원/1GB_3,932,760","128GB(64Gx2)_30,705원/1GB_3,930,260"
91040711,마이크론 Crucial DDR5-5600 CL46 패키지 아스크텍,0,0,0,0,0,0,0,0,0,0,0,0,0,0,0,0,0,0,0,0,0,0,0,0,0,0,0,0,0,"64GB(32Gx2)_23,662원/1GB_1,514,360","64GB(32Gx2)_23,662원/1GB_1,514,360"
54100055,마이크론 Crucial DDR5-6000 CL36 PRO Overclocking White 패키지 대원씨티에스,0,0,0,0,0,0,0,0,0,0,0,0,0,0,0,0,0,0,0,0,0,0,0,0,0,0,0,0,0,"32GB(16Gx2)_20,313원/1GB_650,000","32GB(16Gx2)_20,078원/1GB_642,500"
54214406,마이크론 Crucial DDR5-6000 CL36 PRO Overclocking White 패키지 아스크텍,0,0,0,0,0,0,0,0,0,0,0,0,0,0,0,0,0,0,0,0,0,0,0,0,0,0,0,0,0,"32GB(16Gx2)_23,750원/1GB_760,000","32GB(16Gx2)_23,750원/1GB_760,000"
39102770,마이크론 Crucial DDR5-6000 CL36 PRO Overclocking 패키지 대원씨티에스,0,0,0,0,0,0,0,0,0,0,0,0,0,0,0,0,0,0,0,0,0,0,0,0,0,0,0,0,0,"32GB(16Gx2)_22,843원/1GB_730,960","32GB(16Gx2)_22,843원/1GB_730,960"
28480007,마이크론 Crucial DDR5-6000 CL48 PRO 패키지 대원씨티에스,0,0,0,0,0,0,0,0,0,0,0,0,0,0,0,0,0,0,0,0,0,0,0,0,0,0,0,0,0,"_48GB(24Gx2)_20,833원/1GB_1,000,000|_32GB(16Gx2)_31,250원/1GB_1,000,000","_48GB(24Gx2)_19,375원/1GB_930,000|_32GB(16Gx2)_31,250원/1GB_1,000,000"
100273628,마이크론 Crucial DDR5-6400 CL32 PRO Overclocking White 패키지 대원씨티에스,0,0,0,0,0,0,0,0,0,0,0,0,0,0,0,0,0,0,0,0,0,0,0,0,0,0,0,0,0,"32GB(16Gx2)_23,350원/1GB_747,190","32GB(16Gx2)_23,348원/1GB_747,150"
99553838,마이크론 Crucial DDR5-6400 CL32 PRO Overclocking White 패키지 아스크텍,0,0,0,0,0,0,0,0,0,0,0,0,0,0,0,0,0,0,0,0,0,0,0,0,0,0,0,0,0,"32GB(16Gx2)_24,205원/1GB_774,570","32GB(16Gx2)_24,205원/1GB_774,570"
100273607,마이크론 Crucial DDR5-6400 CL32 PRO Overclocking 패키지 대원씨티에스,0,0,0,0,0,0,0,0,0,0,0,0,0,0,0,0,0,0,0,0,0,0,0,0,0,0,0,0,0,"32GB(16Gx2)_23,022원/1GB_736,690","32GB(16Gx2)_22,301원/1GB_713,640"
99553832,마이크론 Crucial DDR5-6400 CL32 PRO Overclocking 패키지 아스크텍,0,0,0,0,0,0,0,0,0,0,0,0,0,0,0,0,0,0,0,0,0,0,0,0,0,0,0,0,0,"32GB(16Gx2)_22,359원/1GB_715,490","32GB(16Gx2)_22,359원/1GB_715,500"
71158334,마이크론 Crucial DDR5-6400 CL38 PRO Overclocking White 패키지 대원씨티에스,0,0,0,0,0,0,0,0,0,0,0,0,0,0,0,0,0,0,0,0,0,0,0,0,0,0,0,0,0,"32GB(16Gx2)_22,813원/1GB_730,000","32GB(16Gx2)_22,813원/1GB_730,000"
99749609,마이크론 Crucial DDR5-6400 CL38 PRO Overclocking 대원씨티에스,0,0,0,0,0,0,0,0,0,0,0,0,0,0,0,0,0,0,0,0,0,0,0,0,0,0,0,0,0,"16GB_22,678원/1GB_362,840","16GB_22,115원/1GB_353,840"
71061959,마이크론 Crucial DDR5-6400 CL38 PRO Overclocking 패키지 대원씨티에스,0,0,0,0,0,0,0,0,0,0,0,0,0,0,0,0,0,0,0,0,0,0,0,0,0,0,0,0,0,"32GB(16Gx2)_22,804원/1GB_729,740","32GB(16Gx2)_22,804원/1GB_729,740"
69566999,마이크론 Crucial DDR5-6400 CL38 PRO Overclocking 패키지 아스크텍,0,0,0,0,0,0,0,0,0,0,0,0,0,0,0,0,0,0,0,0,0,0,0,0,0,0,0,0,0,"32GB(16Gx2)_21,674원/1GB_693,570","32GB(16Gx2)_22,083원/1GB_706,660"
76331027,마이크론 Crucial DDR5-6400 CL40 PRO OC Gaming Edition White 대원씨티에스,0,0,0,0,0,0,0,0,0,0,0,0,0,0,0,0,0,0,0,0,0,0,0,0,0,0,0,0,0,"32GB_23,763원/1GB_760,410","32GB_23,763원/1GB_760,410"
77791211,마이크론 Crucial DDR5-6400 CL52 CUDIMM 대원씨티에스,0,0,0,0,0,0,0,0,0,0,0,0,0,0,0,0,0,0,0,0,0,0,0,0,0,0,0,0,0,"_64GB_30,042원/1GB_1,922,700|_32GB_21,335원/1GB_682,720|16GB_22,220원/1GB_355,520","_64GB_30,042원/1GB_1,922,700|_32GB_21,335원/1GB_682,720|16GB_22,204원/1GB_355,260"
76946702,마이크론 Crucial DDR5-6400 CL52 CUDIMM 아스크텍,0,0,0,0,0,0,0,0,0,0,0,0,0,0,0,0,0,0,0,0,0,0,0,0,0,0,0,0,0,"_32GB_20,028원/1GB_640,880|_16GB_22,018원/1GB_352,290","_32GB_20,028원/1GB_640,880|_16GB_22,018원/1GB_352,290"
99749612,마이크론 Crucial DDR5-6400 CL52 CUDIMM 패키지 대원씨티에스,0,0,0,0,0,0,0,0,0,0,0,0,0,0,0,0,0,0,0,0,0,0,0,0,0,0,0,0,0,"_128GB(64Gx2)_25,781원/1GB_3,300,000|_32GB(16Gx2)_20,590원/1GB_658,890","_128GB(64Gx2)_25,781원/1GB_3,300,000|_32GB(16Gx2)_20,590원/1GB_658,890"
122930960,마이크론 Crucial 노트북 DDR4-2666 중고,0,0,0,0,0,0,0,0,0,0,0,0,0,0,0,0,0,0,0,0,0,0,0,0,0,0,0,0,0,"4GB_8,975원/1GB_35,900","4GB_8,975원/1GB_35,900"
16343636,마이크론 Crucial 노트북 DDR4-3200 CL22,0,0,0,0,0,0,0,0,0,0,0,0,0,0,0,0,0,0,0,0,0,0,0,0,0,0,0,0,0,"_32GB_13,062원/1GB_417,990|_16GB_9,499원/1GB_151,980","_32GB_13,062원/1GB_417,990|_16GB_9,499원/1GB_151,980"
54218165,마이크론 Crucial 노트북 DDR4-3200 CL22 대원씨티에스,0,0,0,0,0,0,0,0,0,0,0,0,0,0,0,0,0,0,0,0,0,0,0,0,0,0,0,0,0,"8GB_15,375원/1GB_123,000","8GB_15,375원/1GB_123,000"
124012671,마이크론 Crucial 노트북 DDR4-3200 CL22 중고,0,0,0,0,0,0,0,0,0,0,0,0,0,0,0,0,0,0,0,0,0,0,0,0,0,0,0,0,0,"_32GB_19,346원/1GB_309,530|_16GB_9,928원/1GB_158,850|4GB_7,375원/1GB_29,500","_32GB_19,346원/1GB_309,530|_16GB_9,928원/1GB_158,840|4GB_7,375원/1GB_29,500"
17292047,마이크론 Crucial 노트북 DDR4-3200 CL22 해외구매,0,0,0,0,0,0,0,0,0,0,0,0,0,0,0,0,0,0,0,0,0,0,0,0,0,0,0,0,0,"_16GB(8Gx2)_9,518원/1GB_152,290|_8GB_30,980원/1GB_247,840","_16GB(8Gx2)_9,518원/1GB_152,290|_8GB_30,980원/1GB_247,840"
106748657,마이크론 Crucial 노트북 DDR4-3200 CL22 해외구매,0,0,0,0,0,0,0,0,0,0,0,0,0,0,0,0,0,0,0,0,0,0,0,0,0,0,0,0,0,0,"_16GB(8Gx2)_9,518원/1GB_152,290|_8GB_30,980원/1GB_247,840"
17447072,마이크론 Crucial 노트북 DDR5-4800 CL40 중고,0,0,0,0,0,0,0,0,0,0,0,0,0,0,0,0,0,0,0,0,0,0,0,0,0,0,0,0,0,"8GB_18,000원/1GB_144,000","8GB_18,000원/1GB_144,000"
30268274,마이크론 Crucial 노트북 DDR5-5600 CL46,0,0,0,0,0,0,0,0,0,0,0,0,0,0,0,0,0,0,0,0,0,0,0,0,0,0,0,0,0,"_32GB_21,531원/1GB_689,000|_16GB_23,188원/1GB_371,000","_32GB_21,531원/1GB_689,000|_16GB_23,188원/1GB_371,000"
54966680,마이크론 Crucial 노트북 DDR5-5600 CL46 대원씨티에스,0,0,0,0,0,0,0,0,0,0,0,0,0,0,0,0,0,0,0,0,0,0,0,0,0,0,0,0,0,"_32GB_28,381원/1GB_908,200|_16GB_20,500원/1GB_328,000|8GB_24,375원/1GB_195,000","_32GB_28,381원/1GB_908,200|_16GB_20,500원/1GB_328,000|8GB_24,375원/1GB_195,000"
123846164,마이크론 Crucial 노트북 DDR5-5600 CL46 중고,0,0,0,0,0,0,0,0,0,0,0,0,0,0,0,0,0,0,0,0,0,0,0,0,0,0,0,0,0,"16GB_18,614원/1GB_297,820","16GB_18,606원/1GB_297,700"
18782588,마이크론 DDR4-2133 ECC/REG 중고,0,0,0,0,0,0,0,0,0,0,0,0,0,0,0,0,0,0,0,0,0,0,0,0,0,0,0,0,0,"16GB_8,675원/1GB_138,800","16GB_8,675원/1GB_138,800"
17443334,마이크론 DDR4-2400 중고,0,0,0,0,0,0,0,0,0,0,0,0,0,0,0,0,0,0,0,0,0,0,0,0,0,0,0,0,0,"8GB_9,500원/1GB_76,000","8GB_9,500원/1GB_76,000"
71502218,마이크론 노트북 DDR5-5600 중고,0,0,0,0,0,0,0,0,0,0,0,0,0,0,0,0,0,0,0,0,0,0,0,0,0,0,0,0,0,"8GB_19,998원/1GB_159,980","8GB_19,998원/1GB_159,980"
65303801,비즈텍 TREAVE DDR4-2666 CL19,0,0,0,0,0,0,0,0,0,0,0,0,0,0,0,0,0,0,0,0,0,0,0,0,0,0,0,0,0,"_16GB_8,257원/1GB_132,110|_8GB_9,215원/1GB_73,720","_16GB_8,257원/1GB_132,110|_8GB_9,215원/1GB_73,720"
65303720,비즈텍 TREAVE DDR4-3200 CL22,0,0,0,0,0,0,0,0,0,0,0,0,0,0,0,0,0,0,0,0,0,0,0,0,0,0,0,0,0,"32GB_11,338원/1GB_362,830|_16GB_8,567원/1GB_137,070|_8GB_9,540원/1GB_76,320","_32GB_11,114원/1GB_355,650|_16GB_8,567원/1GB_137,070|8GB_9,540원/1GB_76,320"
64379654,비즈텍 TREAVE DDR5-5600 CL46,0,0,0,0,0,0,0,0,0,0,0,0,0,0,0,0,0,0,0,0,0,0,0,0,0,0,0,0,0,"_32GB_20,018원/1GB_640,580|_16GB_19,273원/1GB_308,360","_32GB_20,109원/1GB_643,490|_16GB_19,273원/1GB_308,360"
65303753,비즈텍 TREAVE 노트북 DDR4-2666 CL19,0,0,0,0,0,0,0,0,0,0,0,0,0,0,0,0,0,0,0,0,0,0,0,0,0,0,0,0,0,"_16GB_8,584원/1GB_137,340|_8GB_9,215원/1GB_73,720","_16GB_8,584원/1GB_137,340|_8GB_9,215원/1GB_73,720"
65303678,비즈텍 TREAVE 노트북 DDR4-3200 CL22,0,0,0,0,0,0,0,0,0,0,0,0,0,0,0,0,0,0,0,0,0,0,0,0,0,0,0,0,0,"32GB_12,197원/1GB_390,310|_16GB_8,889원/1GB_142,220|_8GB_9,538원/1GB_76,300","32GB_12,197원/1GB_390,310|_16GB_8,889원/1GB_142,220|_8GB_9,538원/1GB_76,300"
64379729,비즈텍 TREAVE 노트북 DDR5-5600 CL46,0,0,0,0,0,0,0,0,0,0,0,0,0,0,0,0,0,0,0,0,0,0,0,0,0,0,0,0,0,"_32GB_19,556원/1GB_625,800|_16GB_20,431원/1GB_326,900","_32GB_19,556원/1GB_625,800|_16GB_20,431원/1GB_326,900"
114991150,삼성전자 DDR2 PC2-6400 CL6 (중고),0,0,0,0,0,0,0,0,0,0,0,0,0,0,0,0,0,0,0,0,0,0,0,0,0,0,0,0,0,"2GB_2,575원/1GB_5,150","2GB_2,575원/1GB_5,150"
5580669,삼성전자 DDR2-667 중고,0,0,0,0,0,0,0,0,0,0,0,0,0,0,0,0,0,0,0,0,0,0,0,0,0,0,0,0,0,"_2GB_13,500원/1GB_27,000|_1GB_4,910원/1GB_4,910","_2GB_13,500원/1GB_27,000|_1GB_4,910원/1GB_4,910"
744616,삼성전자 DDR2-800 중고,0,0,0,0,0,0,0,0,0,0,0,0,0,0,0,0,0,0,0,0,0,0,0,0,0,0,0,0,0,"_2GB_7,900원/1GB_15,800|_1GB_1,860원/1GB_1,860","_2GB_7,900원/1GB_15,800|_1GB_2,730원/1GB_2,730"
5580431,삼성전자 DDR3-1066 중고,0,0,0,0,0,0,0,0,0,0,0,0,0,0,0,0,0,0,0,0,0,0,0,0,0,0,0,0,0,"_4GB_4,075원/1GB_16,300|_2GB_2,235원/1GB_4,470","_4GB_4,075원/1GB_16,300|_2GB_2,235원/1GB_4,470"
112110949,삼성전자 DDR3-1333 (중고),0,0,0,0,0,0,0,0,0,0,0,0,0,0,0,0,0,0,0,0,0,0,0,0,0,0,0,0,0,"4GB_4,375원/1GB_35,000","4GB_4,375원/1GB_35,000"
5655412,삼성전자 DDR3-1333 ECC 중고,0,0,0,0,0,0,0,0,0,0,0,0,0,0,0,0,0,0,0,0,0,0,0,0,0,0,0,0,0,"8GB_11,250원/1GB_90,000","8GB_11,250원/1GB_90,000"
17528609,삼성전자 DDR3-1333 ECC/REG 중고,0,0,0,0,0,0,0,0,0,0,0,0,0,0,0,0,0,0,0,0,0,0,0,0,0,0,0,0,0,"_8GB_7,350원/1GB_58,800|_4GB_3,088원/1GB_12,350","_8GB_7,350원/1GB_58,800|_4GB_3,088원/1GB_12,350"
1228209,삼성전자 DDR3-1333 방열판,0,0,0,0,0,0,0,0,0,0,0,0,0,0,0,0,0,0,0,0,0,0,0,0,0,0,0,0,0,"4GB_8,750원/1GB_35,000","4GB_8,750원/1GB_35,000"
843710,삼성전자 DDR3-1333 병행수입,0,0,0,0,0,0,0,0,0,0,0,0,0,0,0,0,0,0,0,0,0,0,0,0,0,0,0,0,0,"2GB_5,900원/1GB_11,800","2GB_5,900원/1GB_11,800"
5441273,삼성전자 DDR3-1333 중고,0,0,0,0,0,0,0,0,0,0,0,0,0,0,0,0,0,0,0,0,0,0,0,0,0,0,0,0,0,"8GB_3,249원/1GB_25,990|_4GB_1,875원/1GB_7,500|_2GB_1,235원/1GB_2,470|1GB_3,880원/1GB_3,880","8GB_3,249원/1GB_25,990|_4GB_1,875원/1GB_7,500|_2GB_1,235원/1GB_2,470|1GB_3,880원/1GB_3,880"
1144692,삼성전자 DDR3-1333U 중고,0,0,0,0,0,0,0,0,0,0,0,0,0,0,0,0,0,0,0,0,0,0,0,0,0,0,0,0,0,"4GB_1,873원/1GB_7,490","4GB_1,873원/1GB_7,490"
12823175,삼성전자 DDR3-1600 ECC 중고,0,0,0,0,0,0,0,0,0,0,0,0,0,0,0,0,0,0,0,0,0,0,0,0,0,0,0,0,0,"8GB_11,250원/1GB_90,000","8GB_11,250원/1GB_90,000"
15253352,삼성전자 DDR3-1600 ECC/REG 중고,0,0,0,0,0,0,0,0,0,0,0,0,0,0,0,0,0,0,0,0,0,0,0,0,0,0,0,0,0,"_16GB_3,987원/1GB_63,790|_8GB_8,600원/1GB_68,800","_16GB_3,987원/1GB_63,790|_8GB_8,600원/1GB_68,800"
12823616,삼성전자 DDR3-1600 ECC/Unbuffered 중고,0,0,0,0,0,0,0,0,0,0,0,0,0,0,0,0,0,0,0,0,0,0,0,0,0,0,0,0,0,"_8GB_11,250원/1GB_90,000|_4GB_7,450원/1GB_29,800","_8GB_11,250원/1GB_90,000|_4GB_7,450원/1GB_29,800"
1772613,삼성전자 DDR3-1600 방열판,0,0,0,0,0,0,0,0,0,0,0,0,0,0,0,0,0,0,0,0,0,0,0,0,0,0,0,0,0,"_8GB_10,000원/1GB_80,000|_4GB_6,500원/1GB_26,000|2GB_12,000원/1GB_24,000","_8GB_10,000원/1GB_80,000|_4GB_6,500원/1GB_26,000|2GB_12,000원/1GB_24,000"
5549101,삼성전자 DDR3-1600 중고,0,0,0,0,0,0,0,0,0,0,0,0,0,0,0,0,0,0,0,0,0,0,0,0,0,0,0,0,0,"_8GB_2,634원/1GB_21,070|_4GB_1,970원/1GB_7,880|2GB_1,975원/1GB_3,950","_8GB_2,633원/1GB_21,060|_4GB_1,970원/1GB_7,880|2GB_1,975원/1GB_3,950"
115474903,삼성전자 DDR3L 1600 저전력 (중고),0,0,0,0,0,0,0,0,0,0,0,0,0,0,0,0,0,0,0,0,0,0,0,0,0,0,0,0,0,"8GB_3,516원/1GB_28,130","8GB_3,516원/1GB_28,130"
116898273,삼성전자 DDR4-2133,0,0,0,0,0,0,0,0,0,0,0,0,0,0,0,0,0,0,0,0,0,0,0,0,0,0,0,0,0,"16GB_8,119원/1GB_129,900","16GB_8,119원/1GB_129,900"
3201319,삼성전자 DDR4-2133 ECC/REG,0,0,0,0,0,0,0,0,0,0,0,0,0,0,0,0,0,0,0,0,0,0,0,0,0,0,0,0,0,"_32GB_15,469원/1GB_495,000|16GB_14,938원/1GB_239,000|_8GB_15,850원/1GB_126,800","_32GB_15,469원/1GB_495,000|16GB_14,938원/1GB_239,000|_8GB_15,850원/1GB_126,800"
17190479,삼성전자 DDR4-2133 ECC/REG 중고,0,0,0,0,0,0,0,0,0,0,0,0,0,0,0,0,0,0,0,0,0,0,0,0,0,0,0,0,0,"16GB_11,800원/1GB_188,800","16GB_11,800원/1GB_188,800"
17288240,삼성전자 DDR4-2133 ECC/Unbuffered 중고,0,0,0,0,0,0,0,0,0,0,0,0,0,0,0,0,0,0,0,0,0,0,0,0,0,0,0,0,0,"16GB_18,213원/1GB_291,400","16GB_18,213원/1GB_291,400"
12823709,삼성전자 DDR4-2133 중고,0,0,0,0,0,0,0,0,0,0,0,0,0,0,0,0,0,0,0,0,0,0,0,0,0,0,0,0,0,"_16GB_7,003원/1GB_112,050|_8GB_5,925원/1GB_47,400|4GB_5,700원/1GB_22,800","_16GB_7,003원/1GB_112,050|_8GB_5,924원/1GB_47,390|4GB_5,635원/1GB_22,540"
4343051,삼성전자 DDR4-2400,0,0,0,0,0,0,0,0,0,0,0,0,0,0,0,0,0,0,0,0,0,0,0,0,0,0,0,0,0,"_16GB_7,295원/1GB_116,720|_8GB_6,113원/1GB_48,900|4GB_6,358원/1GB_25,430","_16GB_7,295원/1GB_116,720|_8GB_6,113원/1GB_48,900|4GB_6,355원/1GB_25,420"
5721713,삼성전자 DDR4-2400 ECC/REG,0,0,0,0,0,0,0,0,0,0,0,0,0,0,0,0,0,0,0,0,0,0,0,0,0,0,0,0,0,"_32GB_17,031원/1GB_544,990|16GB_20,624원/1GB_329,990|_8GB_21,875원/1GB_175,000","_32GB_17,031원/1GB_544,990|16GB_20,624원/1GB_329,990|_8GB_21,875원/1GB_175,000"
17899715,삼성전자 DDR4-2400 ECC/REG 중고,0,0,0,0,0,0,0,0,0,0,0,0,0,0,0,0,0,0,0,0,0,0,0,0,0,0,0,0,0,"_32GB_9,025원/1GB_288,800|_16GB_15,630원/1GB_250,080","_32GB_9,025원/1GB_288,800|_16GB_15,630원/1GB_250,080"
11236449,삼성전자 DDR4-2400 중고,0,0,0,0,0,0,0,0,0,0,0,0,0,0,0,0,0,0,0,0,0,0,0,0,0,0,0,0,0,"_16GB_7,063원/1GB_113,010|_8GB_5,859원/1GB_46,870|4GB_5,813원/1GB_23,250","_16GB_7,063원/1GB_113,010|_8GB_5,856원/1GB_46,850|4GB_5,813원/1GB_23,250"
5937666,삼성전자 DDR4-2666,0,0,0,0,0,0,0,0,0,0,0,0,0,0,0,0,0,0,0,0,0,0,0,0,0,0,0,0,0,"32GB_10,278원/1GB_328,900|_16GB_8,761원/1GB_140,180|_8GB_8,311원/1GB_66,490","32GB_10,278원/1GB_328,900|_16GB_8,761원/1GB_140,180|_8GB_8,299원/1GB_66,390"
10824564,삼성전자 DDR4-2666 ECC/REG,0,0,0,0,0,0,0,0,0,0,0,0,0,0,0,0,0,0,0,0,0,0,0,0,0,0,0,0,0,"_32GB_18,594원/1GB_595,000|_16GB_16,813원/1GB_269,000|8GB_24,375원/1GB_195,000","_32GB_18,594원/1GB_595,000|_16GB_16,813원/1GB_269,000|8GB_24,375원/1GB_195,000"
11631995,삼성전자 DDR4-2666 ECC/Unbuffered,0,0,0,0,0,0,0,0,0,0,0,0,0,0,0,0,0,0,0,0,0,0,0,0,0,0,0,0,0,"_32GB_30,000원/1GB_960,000|16GB_37,500원/1GB_600,000|_8GB_36,250원/1GB_290,000","_32GB_30,000원/1GB_960,000|16GB_37,500원/1GB_600,000|_8GB_36,250원/1GB_290,000"
8165329,삼성전자 DDR4-2666 중고,0,0,0,0,0,0,0,0,0,0,0,0,0,0,0,0,0,0,0,0,0,0,0,0,0,0,0,0,0,"32GB_7,938원/1GB_254,000|_16GB_8,274원/1GB_132,380|_8GB_6,305원/1GB_50,440|4GB_5,918원/1GB_23,670","32GB_7,938원/1GB_254,000|_16GB_8,269원/1GB_132,310|_8GB_6,374원/1GB_50,990|4GB_5,880원/1GB_23,520"
11541992,삼성전자 DDR4-2933,0,0,0,0,0,0,0,0,0,0,0,0,0,0,0,0,0,0,0,0,0,0,0,0,0,0,0,0,0,"_32GB_11,306원/1GB_361,800|_16GB_12,493원/1GB_199,890|8GB_11,875원/1GB_95,000","_32GB_11,306원/1GB_361,790|_16GB_12,493원/1GB_199,890|8GB_11,875원/1GB_95,000"
15125060,삼성전자 DDR4-2933 ECC/REG,0,0,0,0,0,0,0,0,0,0,0,0,0,0,0,0,0,0,0,0,0,0,0,0,0,0,0,0,0,"_128GB_12,109원/1GB_1,550,000|_64GB_19,500원/1GB_1,248,000|32GB_25,265원/1GB_808,490|16GB_24,999원/1GB_399,990","_128GB_12,109원/1GB_1,550,000|_64GB_19,500원/1GB_1,248,000|32GB_25,265원/1GB_808,490|16GB_24,999원/1GB_399,990"
15798590,삼성전자 DDR4-2933 ECC/Unbuffered,0,0,0,0,0,0,0,0,0,0,0,0,0,0,0,0,0,0,0,0,0,0,0,0,0,0,0,0,0,"_32GB_32,656원/1GB_1,045,000|16GB_37,500원/1GB_600,000|_8GB_30,011원/1GB_240,090",0
13826867,삼성전자 DDR4-2933 ECC/Unbuffered,0,0,0,0,0,0,0,0,0,0,0,0,0,0,0,0,0,0,0,0,0,0,0,0,0,0,0,0,0,0,"_32GB_32,656원/1GB_1,045,000|16GB_37,500원/1GB_600,000|_8GB_30,011원/1GB_240,090"
17844794,삼성전자 DDR4-2933 중고,0,0,0,0,0,0,0,0,0,0,0,0,0,0,0,0,0,0,0,0,0,0,0,0,0,0,0,0,0,"8GB_11,611원/1GB_92,890","8GB_11,986원/1GB_95,890"
11790199,삼성전자 DDR4-3200,0,0,0,0,0,0,0,0,0,0,0,0,0,0,0,0,0,0,0,0,0,0,0,0,0,0,0,0,0,"32GB_14,000원/1GB_447,990|_16GB_12,124원/1GB_193,980|_8GB_9,988원/1GB_79,900|4GB_10,583원/1GB_42,330",0
11541857,삼성전자 DDR4-3200,0,0,0,0,0,0,0,0,0,0,0,0,0,0,0,0,0,0,0,0,0,0,0,0,0,0,0,0,0,0,"32GB_14,000원/1GB_447,990|_16GB_12,124원/1GB_193,980|_8GB_9,988원/1GB_79,900|4GB_10,583원/1GB_42,330"
15753674,삼성전자 DDR4-3200 ECC/REG,0,0,0,0,0,0,0,0,0,0,0,0,0,0,0,0,0,0,0,0,0,0,0,0,0,0,0,0,0,"_128GB_21,342원/1GB_2,731,730|64GB_24,139원/1GB_1,544,900|_32GB_20,781원/1GB_665,000|16GB_18,500원/1GB_296,000|8GB_28,750원/1GB_230,000","_128GB_21,341원/1GB_2,731,660|64GB_24,139원/1GB_1,544,900|_32GB_20,781원/1GB_665,000|16GB_18,500원/1GB_296,000|8GB_28,750원/1GB_230,000"
37693463,삼성전자 DDR4-3200 ECC/Unbuffered,0,0,0,0,0,0,0,0,0,0,0,0,0,0,0,0,0,0,0,0,0,0,0,0,0,0,0,0,0,"32GB_30,313원/1GB_970,000","32GB_30,313원/1GB_970,000"
16126766,삼성전자 DDR4-3200 중고,0,0,0,0,0,0,0,0,0,0,0,0,0,0,0,0,0,0,0,0,0,0,0,0,0,0,0,0,0,"32GB_10,678원/1GB_341,700|_16GB_9,919원/1GB_158,700|_8GB_8,073원/1GB_64,580|4GB_7,500원/1GB_30,000","32GB_10,676원/1GB_341,620|_16GB_9,388원/1GB_150,210|_8GB_7,975원/1GB_63,800|4GB_7,500원/1GB_30,000"
15759071,삼성전자 DDR5-4800,0,0,0,0,0,0,0,0,0,0,0,0,0,0,0,0,0,0,0,0,0,0,0,0,0,0,0,0,0,"_32GB_20,625원/1GB_659,990|_16GB_21,750원/1GB_348,000|8GB_22,226원/1GB_177,810","_32GB_15,288원/1GB_489,200|_16GB_21,750원/1GB_348,000|8GB_22,226원/1GB_177,810"
21678695,삼성전자 DDR5-4800 ECC/REG,0,0,0,0,0,0,0,0,0,0,0,0,0,0,0,0,0,0,0,0,0,0,0,0,0,0,0,0,0,"_64GB_59,984원/1GB_3,838,990|32GB_63,875원/1GB_2,044,000|_16GB_61,618원/1GB_985,890","_64GB_59,984원/1GB_3,838,990|32GB_63,875원/1GB_2,044,000|_16GB_61,618원/1GB_985,890"
16390262,삼성전자 DDR5-4800 병행수입,0,0,0,0,0,0,0,0,0,0,0,0,0,0,0,0,0,0,0,0,0,0,0,0,0,0,0,0,0,"_32GB_19,434원/1GB_621,890|_16GB_20,044원/1GB_320,700|8GB_24,356원/1GB_194,850","_32GB_19,434원/1GB_621,890|_16GB_20,039원/1GB_320,620|8GB_22,850원/1GB_182,800"
123799326,삼성전자 DDR5-4800 중고,0,0,0,0,0,0,0,0,0,0,0,0,0,0,0,0,0,0,0,0,0,0,0,0,0,0,0,0,0,"_32GB_16,875원/1GB_540,000|_16GB_21,875원/1GB_350,000","_32GB_22,568원/1GB_722,160|_16GB_21,875원/1GB_350,000"
18911780,삼성전자 DDR5-5600,0,0,0,0,0,0,0,0,0,0,0,0,0,0,0,0,0,0,0,0,0,0,0,0,0,0,0,0,0,"24GB_18,045원/1GB_433,090|_32GB_24,653원/1GB_788,900|수량별배송비 32GB_26,777원/1GB_856,850|_16GB_21,749원/1GB_347,990|수량별배송비 16GB_23,349원/1GB_373,580|","24GB_18,045원/1GB_433,090|_32GB_24,375원/1GB_780,000|수량별배송비 32GB_26,776원/1GB_856,840|_16GB_21,874원/1GB_349,980|수량별배송비 16GB_23,341원/1GB_373,460|"
79408823,삼성전자 DDR5-5600 ECC/REG,0,0,0,0,0,0,0,0,0,0,0,0,0,0,0,0,0,0,0,0,0,0,0,0,0,0,0,0,0,"128GB_76,834원/1GB_9,834,790|_64GB_69,453원/1GB_4,445,000|_32GB_68,125원/1GB_2,180,000|16GB_67,813원/1GB_1,085,000","128GB_76,828원/1GB_9,834,000|_64GB_69,453원/1GB_4,445,000|_32GB_68,125원/1GB_2,180,000|16GB_67,813원/1GB_1,085,000"
123801216,삼성전자 DDR5-5600 ECC/REG 중고,0,0,0,0,0,0,0,0,0,0,0,0,0,0,0,0,0,0,0,0,0,0,0,0,0,0,0,0,0,"64GB_67,797원/1GB_4,338,990","64GB_67,797원/1GB_4,338,990"
122621367,삼성전자 DDR5-5600 중고,0,0,0,0,0,0,0,0,0,0,0,0,0,0,0,0,0,0,0,0,0,0,0,0,0,0,0,0,0,"_32GB_21,844원/1GB_699,000|_16GB_20,512원/1GB_328,190|8GB_21,841원/1GB_174,730","_32GB_21,844원/1GB_699,000|_16GB_21,700원/1GB_347,200|8GB_21,841원/1GB_174,730"
108391655,삼성전자 DDR5-6400 CL52 CUDIMM,0,0,0,0,0,0,0,0,0,0,0,0,0,0,0,0,0,0,0,0,0,0,0,0,0,0,0,0,0,"_16GB_23,517원/1GB_376,270|_8GB_22,700원/1GB_181,600","_16GB_23,517원/1GB_376,270|_8GB_22,700원/1GB_181,600"
103130627,삼성전자 DDR5-6400 ECC/REG,0,0,0,0,0,0,0,0,0,0,0,0,0,0,0,0,0,0,0,0,0,0,0,0,0,0,0,0,0,"_128GB_76,172원/1GB_9,750,000|_64GB_72,570원/1GB_4,644,500","_128GB_76,172원/1GB_9,750,000|_64GB_72,570원/1GB_4,644,500"
122658611,삼성전자 DDR5-7200 CL58 CUDIMM,0,0,0,0,0,0,0,0,0,0,0,0,0,0,0,0,0,0,0,0,0,0,0,0,0,0,0,0,0,"16GB_17,111원/1GB_410,660","16GB_17,111원/1GB_410,660"
118832316,삼성전자 노트북 DDR2 PC2-5300 CL4.5 (중고),0,0,0,0,0,0,0,0,0,0,0,0,0,0,0,0,0,0,0,0,0,0,0,0,0,0,0,0,0,"2GB_3,500원/1GB_7,000","2GB_3,500원/1GB_7,000"
5580681,삼성전자 노트북 DDR2-533 중고,0,0,0,0,0,0,0,0,0,0,0,0,0,0,0,0,0,0,0,0,0,0,0,0,0,0,0,0,0,"1GB_6,440원/1GB_6,440","1GB_6,440원/1GB_6,440"
5580847,삼성전자 노트북 DDR2-667 병행수입,0,0,0,0,0,0,0,0,0,0,0,0,0,0,0,0,0,0,0,0,0,0,0,0,0,0,0,0,0,"2GB_9,000원/1GB_18,000","2GB_9,000원/1GB_18,000"
863361,삼성전자 노트북 DDR2-667 중고,0,0,0,0,0,0,0,0,0,0,0,0,0,0,0,0,0,0,0,0,0,0,0,0,0,0,0,0,0,"_2GB_3,100원/1GB_6,200|_1GB_4,560원/1GB_4,560","_2GB_3,100원/1GB_6,200|_1GB_4,560원/1GB_4,560"
863346,삼성전자 노트북 DDR2-800 중고,0,0,0,0,0,0,0,0,0,0,0,0,0,0,0,0,0,0,0,0,0,0,0,0,0,0,0,0,0,"2GB_3,250원/1GB_6,500","2GB_3,250원/1GB_6,500"
116414127,삼성전자 노트북 DDR3-1066 (중고),0,0,0,0,0,0,0,0,0,0,0,0,0,0,0,0,0,0,0,0,0,0,0,0,0,0,0,0,0,"4GB_15,000원/1GB_60,000","4GB_15,000원/1GB_60,000"
5580447,삼성전자 노트북 DDR3-1066 중고,0,0,0,0,0,0,0,0,0,0,0,0,0,0,0,0,0,0,0,0,0,0,0,0,0,0,0,0,0,"_4GB_5,143원/1GB_20,570|_2GB_1,300원/1GB_2,600|1GB_1,490원/1GB_1,490","_4GB_5,143원/1GB_20,570|_2GB_1,300원/1GB_2,600|1GB_1,490원/1GB_1,490"
925624,삼성전자 노트북 DDR3-1333,0,0,0,0,0,0,0,0,0,0,0,0,0,0,0,0,0,0,0,0,0,0,0,0,0,0,0,0,0,"2GB_4,500","2GB_4,500"
1719949,삼성전자 노트북 DDR3-1333 병행수입,0,0,0,0,0,0,0,0,0,0,0,0,0,0,0,0,0,0,0,0,0,0,0,0,0,0,0,0,0,"_8GB_12,375원/1GB_99,000|_4GB_6,250원/1GB_25,000|2GB_6,700원/1GB_13,400|1GB_26,000원/1GB_26,000","_8GB_12,375원/1GB_99,000|_4GB_6,250원/1GB_25,000|2GB_6,700원/1GB_13,400|1GB_26,000원/1GB_26,000"
5546469,삼성전자 노트북 DDR3-1333 중고,0,0,0,0,0,0,0,0,0,0,0,0,0,0,0,0,0,0,0,0,0,0,0,0,0,0,0,0,0,"8GB_5,363원/1GB_42,900|_4GB_2,183원/1GB_8,730|_2GB_1,970원/1GB_3,940|1GB_1,490원/1GB_1,490","8GB_5,363원/1GB_42,900|_4GB_2,178원/1GB_8,710|_2GB_1,970원/1GB_3,940|1GB_1,490원/1GB_1,490"
1962927,삼성전자 노트북 DDR3-1600,0,0,0,0,0,0,0,0,0,0,0,0,0,0,0,0,0,0,0,0,0,0,0,0,0,0,0,0,0,"2GB_3,470","2GB_3,470"
2747282,삼성전자 노트북 DDR3-1600 1.35V 병행수입,0,0,0,0,0,0,0,0,0,0,0,0,0,0,0,0,0,0,0,0,0,0,0,0,0,0,0,0,0,"8GB_7,125원/1GB_57,000","8GB_7,125원/1GB_57,000"
14183372,삼성전자 노트북 DDR3-1600 1.35V 중고,0,0,0,0,0,0,0,0,0,0,0,0,0,0,0,0,0,0,0,0,0,0,0,0,0,0,0,0,0,"_8GB_3,238원/1GB_25,900||_4GB_2,325원/1GB_9,300","_8GB_2,863원/1GB_22,900||_4GB_2,325원/1GB_9,300"
1962928,삼성전자 노트북 DDR3-1600 병행수입,0,0,0,0,0,0,0,0,0,0,0,0,0,0,0,0,0,0,0,0,0,0,0,0,0,0,0,0,0,"2GB_9,850원/1GB_19,700","2GB_9,850원/1GB_19,700"
5549011,삼성전자 노트북 DDR3-1600 중고,0,0,0,0,0,0,0,0,0,0,0,0,0,0,0,0,0,0,0,0,0,0,0,0,0,0,0,0,0,"_8GB_3,099원/1GB_24,790|_4GB_2,183원/1GB_8,730|2GB_1,245원/1GB_2,490","_8GB_2,740원/1GB_21,920|_4GB_2,178원/1GB_8,710|2GB_1,245원/1GB_2,490"
3493083,삼성전자 노트북 DDR4-2133,0,0,0,0,0,0,0,0,0,0,0,0,0,0,0,0,0,0,0,0,0,0,0,0,0,0,0,0,0,"_16GB_7,885원/1GB_126,160|_8GB_7,499원/1GB_59,990","_16GB_7,885원/1GB_126,160|_8GB_7,499원/1GB_59,990"
12970748,삼성전자 노트북 DDR4-2133 중고,0,0,0,0,0,0,0,0,0,0,0,0,0,0,0,0,0,0,0,0,0,0,0,0,0,0,0,0,0,"16GB_6,875원/1GB_110,000|_8GB_5,488원/1GB_43,900|_4GB_6,298원/1GB_25,190","16GB_6,875원/1GB_110,000|_8GB_5,488원/1GB_43,900|_4GB_6,298원/1GB_25,190"
5202059,삼성전자 노트북 DDR4-2400,0,0,0,0,0,0,0,0,0,0,0,0,0,0,0,0,0,0,0,0,0,0,0,0,0,0,0,0,0,"16GB_7,125원/1GB_114,000|_8GB_7,691원/1GB_61,530|_4GB_6,610원/1GB_26,440","16GB_6,750원/1GB_108,000|_8GB_7,691원/1GB_61,530|_4GB_6,733원/1GB_26,930"
15481538,삼성전자 노트북 DDR4-2400 중고,0,0,0,0,0,0,0,0,0,0,0,0,0,0,0,0,0,0,0,0,0,0,0,0,0,0,0,0,0,"_16GB_6,975원/1GB_111,600|_8GB_5,488원/1GB_43,900|4GB_6,748원/1GB_26,990","_16GB_6,750원/1GB_108,000|_8GB_5,488원/1GB_43,900|4GB_6,748원/1GB_26,990"
6274195,삼성전자 노트북 DDR4-2666,0,0,0,0,0,0,0,0,0,0,0,0,0,0,0,0,0,0,0,0,0,0,0,0,0,0,0,0,0,"_16GB_7,264원/1GB_116,220|32GB_10,219원/1GB_327,000|_8GB_7,743원/1GB_61,940|4GB_9,088원/1GB_36,350","_16GB_7,264원/1GB_116,220|32GB_10,219원/1GB_327,000|_8GB_7,734원/1GB_61,870|4GB_9,088원/1GB_36,350"
16316135,삼성전자 노트북 DDR4-2666 중고,0,0,0,0,0,0,0,0,0,0,0,0,0,0,0,0,0,0,0,0,0,0,0,0,0,0,0,0,0,"32GB_10,275원/1GB_328,810|_16GB_6,875원/1GB_110,000|_8GB_6,550원/1GB_52,400|4GB_7,948원/1GB_31,790","32GB_10,273원/1GB_328,740|_16GB_6,875원/1GB_110,000|_8GB_5,613원/1GB_44,900|4GB_7,948원/1GB_31,790"
10853625,삼성전자 노트북 DDR4-3200,0,0,0,0,0,0,0,0,0,0,0,0,0,0,0,0,0,0,0,0,0,0,0,0,0,0,0,0,0,"_16GB_9,242원/1GB_147,870|32GB_9,828원/1GB_314,490|_8GB_8,566원/1GB_68,530|4GB_7,225원/1GB_28,900","_16GB_9,242원/1GB_147,870|32GB_9,828원/1GB_314,490|_8GB_8,566원/1GB_68,530|4GB_9,498원/1GB_37,990"
17009480,삼성전자 노트북 DDR4-3200 중고,0,0,0,0,0,0,0,0,0,0,0,0,0,0,0,0,0,0,0,0,0,0,0,0,0,0,0,0,0,"_16GB_7,236원/1GB_115,770|32GB_7,468원/1GB_238,990|_8GB_7,336원/1GB_58,690|4GB_7,475원/1GB_29,900","_16GB_7,233원/1GB_115,720|32GB_6,946원/1GB_222,270|_8GB_7,349원/1GB_58,790|4GB_7,225원/1GB_28,900"
17666252,삼성전자 노트북 DDR5-4800,0,0,0,0,0,0,0,0,0,0,0,0,0,0,0,0,0,0,0,0,0,0,0,0,0,0,0,0,0,"_32GB_19,262원/1GB_616,390|16GB_21,961원/1GB_351,370|_8GB_20,881원/1GB_167,050","_32GB_19,262원/1GB_616,390|16GB_21,961원/1GB_351,370|_8GB_20,881원/1GB_167,050"
16891118,삼성전자 노트북 DDR5-4800 병행수입,0,0,0,0,0,0,0,0,0,0,0,0,0,0,0,0,0,0,0,0,0,0,0,0,0,0,0,0,0,"32GB_19,856원/1GB_635,390|_16GB_18,138원/1GB_290,210|_8GB_19,694원/1GB_157,550","32GB_19,856원/1GB_635,390|_16GB_18,138원/1GB_290,210|_8GB_19,688원/1GB_157,500"
16633067,삼성전자 노트북 DDR5-4800 중고,0,0,0,0,0,0,0,0,0,0,0,0,0,0,0,0,0,0,0,0,0,0,0,0,0,0,0,0,0,"_16GB_18,532원/1GB_296,510|_8GB_19,249원/1GB_153,990","_16GB_18,532원/1GB_296,510|_8GB_19,249원/1GB_153,990"
19952972,삼성전자 노트북 DDR5-5600,0,0,0,0,0,0,0,0,0,0,0,0,0,0,0,0,0,0,0,0,0,0,0,0,0,0,0,0,0,"_32GB_21,622원/1GB_691,910|_16GB_21,873원/1GB_349,970|8GB_20,679원/1GB_165,430","_32GB_21,621원/1GB_691,880|_16GB_21,873원/1GB_349,970|8GB_20,679원/1GB_165,430"
123799310,삼성전자 노트북 DDR5-5600 중고,0,0,0,0,0,0,0,0,0,0,0,0,0,0,0,0,0,0,0,0,0,0,0,0,0,0,0,0,0,"_32GB_21,842원/1GB_698,930|16GB_20,438원/1GB_327,010|_8GB_20,005원/1GB_160,040","_32GB_21,842원/1GB_698,930|16GB_20,435원/1GB_326,960|_8GB_19,990원/1GB_159,920"
10639095,써멀테이크 DDR4-3600 CL18 TOUGHRAM RGB 화이트 패키지,0,0,0,0,0,0,0,0,0,0,0,0,0,0,0,0,0,0,0,0,0,0,0,0,0,0,0,0,0,"16GB(8Gx2)_14,250원/1GB_228,000","16GB(8Gx2)_14,250원/1GB_228,000"
108411704,써멀테이크 DDR4-3600 CL18 TOUGHRAM XG RGB 화이트 패키지,0,0,0,0,0,0,0,0,0,0,0,0,0,0,0,0,0,0,0,0,0,0,0,0,0,0,0,0,0,"16GB(8Gx2)_14,526원/1GB_232,420","16GB(8Gx2)_14,526원/1GB_232,420"
104616377,써멀테이크 DDR5-5600 CL36 TOUGHRAM RC 패키지,0,0,0,0,0,0,0,0,0,0,0,0,0,0,0,0,0,0,0,0,0,0,0,0,0,0,0,0,0,"32GB(16Gx2)_22,835원/1GB_730,710","32GB(16Gx2)_22,835원/1GB_730,710"
58939463,써멀테이크 DDR5-6400 CL32 TOUGHRAM RGB 블랙 패키지,0,0,0,0,0,0,0,0,0,0,0,0,0,0,0,0,0,0,0,0,0,0,0,0,0,0,0,0,0,"32GB(16Gx2)_25,312원/1GB_809,990","32GB(16Gx2)_25,312원/1GB_809,990"
106721660,써멀테이크 DDR5-6400 CL34 TOUGHRAM RGB 블랙 패키지,0,0,0,0,0,0,0,0,0,0,0,0,0,0,0,0,0,0,0,0,0,0,0,0,0,0,0,0,0,"48GB(24Gx2)_19,583원/1GB_940,000","48GB(24Gx2)_19,583원/1GB_940,000"
48480317,아이티젠 DDR3-1333,0,0,0,0,0,0,0,0,0,0,0,0,0,0,0,0,0,0,0,0,0,0,0,0,0,0,0,0,0,"8GB_2,636원/1GB_21,090","8GB_2,636원/1GB_21,090"
47840942,아이티젠 DDR3-1600,0,0,0,0,0,0,0,0,0,0,0,0,0,0,0,0,0,0,0,0,0,0,0,0,0,0,0,0,0,"8GB_2,624원/1GB_20,990","8GB_2,624원/1GB_20,990"
54481355,아이티젠 DDR3-1600 1.35V,0,0,0,0,0,0,0,0,0,0,0,0,0,0,0,0,0,0,0,0,0,0,0,0,0,0,0,0,0,"8GB_2,638원/1GB_21,100","8GB_2,636원/1GB_21,090"
68537399,아이티젠 DDR4-2133,0,0,0,0,0,0,0,0,0,0,0,0,0,0,0,0,0,0,0,0,0,0,0,0,0,0,0,0,0,"16GB_6,801원/1GB_108,820","16GB_6,798원/1GB_108,770"
68537456,아이티젠 DDR4-2400,0,0,0,0,0,0,0,0,0,0,0,0,0,0,0,0,0,0,0,0,0,0,0,0,0,0,0,0,0,"16GB_7,120원/1GB_113,920","16GB_7,113원/1GB_113,800"
54481856,아이티젠 DDR4-2666,0,0,0,0,0,0,0,0,0,0,0,0,0,0,0,0,0,0,0,0,0,0,0,0,0,0,0,0,0,"16GB_7,312원/1GB_116,990","16GB_7,312원/1GB_116,990"
54482201,아이티젠 DDR4-3200,0,0,0,0,0,0,0,0,0,0,0,0,0,0,0,0,0,0,0,0,0,0,0,0,0,0,0,0,0,"32GB_8,746원/1GB_279,880|_16GB_8,452원/1GB_135,230|_8GB_7,725원/1GB_61,800","32GB_8,745원/1GB_279,830|_16GB_8,452원/1GB_135,230|_8GB_7,710원/1GB_61,680"
54481535,아이티젠 노트북 DDR3-1333 1.5V,0,0,0,0,0,0,0,0,0,0,0,0,0,0,0,0,0,0,0,0,0,0,0,0,0,0,0,0,0,"8GB_2,749원/1GB_21,990","8GB_2,749원/1GB_21,990"
54481385,아이티젠 노트북 DDR3-1600 1.35V,0,0,0,0,0,0,0,0,0,0,0,0,0,0,0,0,0,0,0,0,0,0,0,0,0,0,0,0,0,"8GB_2,736원/1GB_21,890","8GB_2,736원/1GB_21,890"
54481580,아이티젠 노트북 DDR3-1600 1.5V,0,0,0,0,0,0,0,0,0,0,0,0,0,0,0,0,0,0,0,0,0,0,0,0,0,0,0,0,0,"8GB_2,749원/1GB_21,990","8GB_2,749원/1GB_21,990"
68538869,아이티젠 노트북 DDR4-2400,0,0,0,0,0,0,0,0,0,0,0,0,0,0,0,0,0,0,0,0,0,0,0,0,0,0,0,0,0,"16GB_6,893원/1GB_110,280","16GB_6,886원/1GB_110,170"
54481937,아이티젠 노트북 DDR4-2666,0,0,0,0,0,0,0,0,0,0,0,0,0,0,0,0,0,0,0,0,0,0,0,0,0,0,0,0,0,"_16GB_6,943원/1GB_111,090|_8GB_6,976원/1GB_55,810",0
54481916,아이티젠 노트북 DDR4-2666,0,0,0,0,0,0,0,0,0,0,0,0,0,0,0,0,0,0,0,0,0,0,0,0,0,0,0,0,0,0,"_16GB_6,936원/1GB_110,970|_8GB_6,970원/1GB_55,760"
54482174,아이티젠 노트북 DDR4-3200,0,0,0,0,0,0,0,0,0,0,0,0,0,0,0,0,0,0,0,0,0,0,0,0,0,0,0,0,0,"_16GB_7,249원/1GB_115,990|_8GB_7,376원/1GB_59,010","_16GB_7,249원/1GB_115,990|_8GB_7,361원/1GB_58,890"
101186585,에이서 DDR5-4800 CL40 UD200,0,0,0,0,0,0,0,0,0,0,0,0,0,0,0,0,0,0,0,0,0,0,0,0,0,0,0,0,0,"16GB_19,688원/1GB_315,000","16GB_17,898원/1GB_286,360"
101186612,에이서 DDR5-5600 CL46 UD200,0,0,0,0,0,0,0,0,0,0,0,0,0,0,0,0,0,0,0,0,0,0,0,0,0,0,0,0,0,"16GB_20,313원/1GB_325,000","16GB_18,466원/1GB_295,450"
104615258,옵티머스 DDR4-3200 아인스시스템,0,0,0,0,0,0,0,0,0,0,0,0,0,0,0,0,0,0,0,0,0,0,0,0,0,0,0,0,0,"_16GB_11,000원/1GB_176,000|_8GB_10,225원/1GB_81,800","_16GB_11,000원/1GB_176,000|_8GB_10,225원/1GB_81,800"
104615234,옵티머스 DDR4-3200 아인스시스템,0,0,0,0,0,0,0,0,0,0,0,0,0,0,0,0,0,0,0,0,0,0,0,0,0,0,0,0,0,"_16GB_11,000원/1GB_176,000|_8GB_10,225원/1GB_81,800","_16GB_11,000원/1GB_176,000|_8GB_10,225원/1GB_81,800"
122617653,옵티머스 DDR5-5600 Air 아인스시스템,0,0,0,0,0,0,0,0,0,0,0,0,0,0,0,0,0,0,0,0,0,0,0,0,0,0,0,0,0,"_16GB_38,125원/1GB_305,000|_8GB_20,888원/1GB_167,100","_16GB_38,125원/1GB_305,000|_8GB_20,888원/1GB_167,100"
107770946,옵티머스 DDR5-5600 아인스시스템,0,0,0,0,0,0,0,0,0,0,0,0,0,0,0,0,0,0,0,0,0,0,0,0,0,0,0,0,0,"16GB_19,000원/1GB_304,000","16GB_19,000원/1GB_304,000"
8540480,이메이션 DDR3-1600 CL11,0,0,0,0,0,0,0,0,0,0,0,0,0,0,0,0,0,0,0,0,0,0,0,0,0,0,0,0,0,"_8GB_3,250원/1GB_26,000|_4GB_2,750원/1GB_11,000","_8GB_3,250원/1GB_26,000|_4GB_2,750원/1GB_11,000"
8072551,이메이션 DDR4-2666 Black Edition,0,0,0,0,0,0,0,0,0,0,0,0,0,0,0,0,0,0,0,0,0,0,0,0,0,0,0,0,0,"16GB_9,125원/1GB_146,000","16GB_9,125원/1GB_146,000"
10495692,이메이션 DDR4-3200 CL22,0,0,0,0,0,0,0,0,0,0,0,0,0,0,0,0,0,0,0,0,0,0,0,0,0,0,0,0,0,"_32GB_11,573원/1GB_370,340|_8GB_13,101원/1GB_104,810","_32GB_11,571원/1GB_370,270|_8GB_13,060원/1GB_104,480"
94450646,이메이션 DDR4-3200 CL22-22-22-52,0,0,0,0,0,0,0,0,0,0,0,0,0,0,0,0,0,0,0,0,0,0,0,0,0,0,0,0,0,"32GB_11,844원/1GB_379,000|_16GB_9,938원/1GB_159,000|_8GB_12,375원/1GB_99,000",0
94450658,이메이션 DDR4-3200 CL22-22-22-52,0,0,0,0,0,0,0,0,0,0,0,0,0,0,0,0,0,0,0,0,0,0,0,0,0,0,0,0,0,0,"_32GB_11,844원/1GB_379,000|16GB_9,938원/1GB_159,000|_8GB_12,375원/1GB_99,000"
94450400,이메이션 DDR5-5600 CL46-46-46,0,0,0,0,0,0,0,0,0,0,0,0,0,0,0,0,0,0,0,0,0,0,0,0,0,0,0,0,0,"16GB_20,563원/1GB_329,000","16GB_20,563원/1GB_329,000"
94450724,이메이션 노트북 DDR4-3200 CL22-22-22-52,0,0,0,0,0,0,0,0,0,0,0,0,0,0,0,0,0,0,0,0,0,0,0,0,0,0,0,0,0,"16GB_9,938원/1GB_159,000","16GB_9,938원/1GB_159,000"
61442444,이메이션 노트북 DDR5-5600 CL46,0,0,0,0,0,0,0,0,0,0,0,0,0,0,0,0,0,0,0,0,0,0,0,0,0,0,0,0,0,"16GB_19,946원/1GB_318,830","16GB_19,905원/1GB_318,480"
94450436,이메이션 노트북 DDR5-5600 CL46-46-46,0,0,0,0,0,0,0,0,0,0,0,0,0,0,0,0,0,0,0,0,0,0,0,0,0,0,0,0,0,"_32GB_20,906원/1GB_669,000|_16GB_20,875원/1GB_334,000","_32GB_20,906원/1GB_669,000|_16GB_20,875원/1GB_334,000"
123971709,지티엠코리아 DDR5-4800,0,0,0,0,0,0,0,0,0,0,0,0,0,0,0,0,0,0,0,0,0,0,0,0,0,0,0,0,0,"16GB_20,563원/1GB_329,000","16GB_19,123원/1GB_305,970"
79550513,커널앤코어 DDR4-3200 CL22,0,0,0,0,0,0,0,0,0,0,0,0,0,0,0,0,0,0,0,0,0,0,0,0,0,0,0,0,0,"_16GB_10,000원/1GB_160,000|_8GB_11,125원/1GB_89,000",0
79510673,커널앤코어 DDR4-3200 CL22,0,0,0,0,0,0,0,0,0,0,0,0,0,0,0,0,0,0,0,0,0,0,0,0,0,0,0,0,0,0,"_16GB_10,000원/1GB_160,000|_8GB_11,125원/1GB_89,000"
79408817,커널앤코어 DDR5-5600 CL46,0,0,0,0,0,0,0,0,0,0,0,0,0,0,0,0,0,0,0,0,0,0,0,0,0,0,0,0,0,"16GB_19,375원/1GB_310,000","16GB_19,375원/1GB_310,000"
88136876,커널앤코어 노트북용 DDR4-3200 CL22,0,0,0,0,0,0,0,0,0,0,0,0,0,0,0,0,0,0,0,0,0,0,0,0,0,0,0,0,0,"_8GB_12,438원/1GB_99,500|_4GB_14,625원/1GB_58,500","_8GB_12,438원/1GB_99,500|_4GB_14,625원/1GB_58,500"
123743017,컴이지 킹덤 DDR4-2666 CL19,0,0,0,0,0,0,0,0,0,0,0,0,0,0,0,0,0,0,0,0,0,0,0,0,0,0,0,0,0,"16GB_7,744원/1GB_123,900","16GB_7,744원/1GB_123,900"
104045429,컴이지 킹덤 DDR4-3200 CL22,0,0,0,0,0,0,0,0,0,0,0,0,0,0,0,0,0,0,0,0,0,0,0,0,0,0,0,0,0,"_16GB_8,593원/1GB_137,480|_8GB_9,061원/1GB_72,490","_16GB_8,593원/1GB_137,480|_8GB_9,061원/1GB_72,490"
104571350,컴이지 킹덤 DDR5-5600 CL46,0,0,0,0,0,0,0,0,0,0,0,0,0,0,0,0,0,0,0,0,0,0,0,0,0,0,0,0,0,"16GB_20,378원/1GB_326,050","16GB_20,378원/1GB_326,050"
122689882,컴이지 킹덤 노트북 DDR4-3200 CL22,0,0,0,0,0,0,0,0,0,0,0,0,0,0,0,0,0,0,0,0,0,0,0,0,0,0,0,0,0,"_16GB_8,750원/1GB_140,000|_8GB_9,089원/1GB_72,710","_16GB_8,750원/1GB_140,000|_8GB_9,006원/1GB_72,050"
99543740,코오롱 시리즈 G.SKILL Ripjaws DDR3 SO DIMM DDR3L RAM 16GB 2x8GB 1600MT s CL9 9 28 ..,0,0,0,0,0,0,0,0,0,0,0,0,0,0,0,0,0,0,0,0,0,0,0,0,0,0,0,0,0,"175,010","175,010"
2375179,킹스톤 DDR3-1600,0,0,0,0,0,0,0,0,0,0,0,0,0,0,0,0,0,0,0,0,0,0,0,0,0,0,0,0,0,"8GB_5,238원/1GB_41,900","8GB_5,238원/1GB_41,900"
7013641,킹스톤 DDR4-2666,0,0,0,0,0,0,0,0,0,0,0,0,0,0,0,0,0,0,0,0,0,0,0,0,0,0,0,0,0,"_8GB_10,738원/1GB_85,900|_4GB_9,000원/1GB_36,000","_8GB_10,738원/1GB_85,900|_4GB_9,000원/1GB_36,000"
101628701,킹스톤 DDR5-5600 CL46 중고,0,0,0,0,0,0,0,0,0,0,0,0,0,0,0,0,0,0,0,0,0,0,0,0,0,0,0,0,0,"8GB_25,299원/1GB_202,390","8GB_25,299원/1GB_202,390"
96773492,킹스톤 DDR5-5600 CL46 코잇,0,0,0,0,0,0,0,0,0,0,0,0,0,0,0,0,0,0,0,0,0,0,0,0,0,0,0,0,0,"_32GB_24,531원/1GB_785,000|_16GB_27,798원/1GB_444,770","_32GB_24,531원/1GB_785,000|_16GB_27,798원/1GB_444,770"
16761047,킹스톤 FURY DDR5-5200 CL40 Beast,0,0,0,0,0,0,0,0,0,0,0,0,0,0,0,0,0,0,0,0,0,0,0,0,0,0,0,0,0,"16GB_26,625원/1GB_426,000","16GB_26,625원/1GB_426,000"
104751425,킹스톤 FURY DDR5-5600 CL36 Beast 블랙 병행수입,0,0,0,0,0,0,0,0,0,0,0,0,0,0,0,0,0,0,0,0,0,0,0,0,0,0,0,0,0,"32GB_26,131원/1GB_836,190","32GB_26,131원/1GB_836,190"
96773372,킹스톤 FURY DDR5-5600 CL36 Beast 블랙 코잇,0,0,0,0,0,0,0,0,0,0,0,0,0,0,0,0,0,0,0,0,0,0,0,0,0,0,0,0,0,"_32GB_26,531원/1GB_848,990|_16GB_27,746원/1GB_443,940","_32GB_26,531원/1GB_848,990|_16GB_27,746원/1GB_443,940"
96773399,킹스톤 FURY DDR5-5600 CL36 Beast 화이트 코잇,0,0,0,0,0,0,0,0,0,0,0,0,0,0,0,0,0,0,0,0,0,0,0,0,0,0,0,0,0,"_32GB_29,137원/1GB_932,390|_16GB_27,731원/1GB_443,690","_32GB_29,137원/1GB_932,390|_16GB_27,731원/1GB_443,690"
106223162,킹스톤 FURY DDR5-5600 CL40 Beast 블랙 병행수입,0,0,0,0,0,0,0,0,0,0,0,0,0,0,0,0,0,0,0,0,0,0,0,0,0,0,0,0,0,"16GB_20,518원/1GB_328,280","16GB_20,518원/1GB_328,280"
106223180,킹스톤 FURY DDR5-5600 CL46 Beast 블랙 병행수입,0,0,0,0,0,0,0,0,0,0,0,0,0,0,0,0,0,0,0,0,0,0,0,0,0,0,0,0,0,"16GB_22,386원/1GB_358,170","16GB_22,386원/1GB_358,170"
104595902,킹스톤 FURY DDR5-5600 CL46 병행수입,0,0,0,0,0,0,0,0,0,0,0,0,0,0,0,0,0,0,0,0,0,0,0,0,0,0,0,0,0,"32GB_21,933원/1GB_701,860","32GB_21,930원/1GB_701,750"
96773297,킹스톤 FURY DDR5-6000 CL30 Beast RGB 블랙 패키지 코잇,0,0,0,0,0,0,0,0,0,0,0,0,0,0,0,0,0,0,0,0,0,0,0,0,0,0,0,0,0,"_64GB(32Gx2)_31,597원/1GB_2,022,180|_32GB(16Gx2)_31,348원/1GB_1,003,130","_64GB(32Gx2)_31,448원/1GB_2,012,660|_32GB(16Gx2)_31,346원/1GB_1,003,060"
96773315,킹스톤 FURY DDR5-6000 CL30 Beast RGB 화이트 패키지 코잇,0,0,0,0,0,0,0,0,0,0,0,0,0,0,0,0,0,0,0,0,0,0,0,0,0,0,0,0,0,"_64GB(32Gx2)_31,600원/1GB_2,022,400|_32GB(16Gx2)_31,597원/1GB_1,011,090","_64GB(32Gx2)_31,448원/1GB_2,012,660|_32GB(16Gx2)_31,444원/1GB_1,006,220"
103753163,킹스톤 FURY DDR5-6000 CL30 Beast 블랙 코잇,0,0,0,0,0,0,0,0,0,0,0,0,0,0,0,0,0,0,0,0,0,0,0,0,0,0,0,0,0,"16GB_21,563원/1GB_345,000","16GB_21,563원/1GB_345,000"
103753172,킹스톤 FURY DDR5-6000 CL30 Beast 화이트 코잇,0,0,0,0,0,0,0,0,0,0,0,0,0,0,0,0,0,0,0,0,0,0,0,0,0,0,0,0,0,"16GB_31,090원/1GB_497,440","16GB_31,077원/1GB_497,230"
103753112,킹스톤 FURY 노트북 DDR5-5600 CL40 Impact 코잇,0,0,0,0,0,0,0,0,0,0,0,0,0,0,0,0,0,0,0,0,0,0,0,0,0,0,0,0,0,"16GB_43,040원/1GB_688,640","16GB_43,040원/1GB_688,640"
3233702,킹스톤 노트북 DDR3-1600,0,0,0,0,0,0,0,0,0,0,0,0,0,0,0,0,0,0,0,0,0,0,0,0,0,0,0,0,0,"8GB_6,250원/1GB_50,000","8GB_6,250원/1GB_50,000"
123981514,킹패스트 DDR4-3200,0,0,0,0,0,0,0,0,0,0,0,0,0,0,0,0,0,0,0,0,0,0,0,0,0,0,0,0,0,"16GB_8,938원/1GB_143,000","16GB_8,938원/1GB_143,000"
4546000,타무즈 DDR3-1600 CL11,0,0,0,0,0,0,0,0,0,0,0,0,0,0,0,0,0,0,0,0,0,0,0,0,0,0,0,0,0,"_8GB_4,398원/1GB_35,180|_4GB_5,750원/1GB_23,000","_8GB_4,396원/1GB_35,170|_4GB_5,750원/1GB_23,000"
4525099,타무즈 DDR4-2133 CL15,0,0,0,0,0,0,0,0,0,0,0,0,0,0,0,0,0,0,0,0,0,0,0,0,0,0,0,0,0,"8GB_10,383원/1GB_83,060","8GB_10,383원/1GB_83,060"
5093440,타무즈 DDR4-2400 CL17,0,0,0,0,0,0,0,0,0,0,0,0,0,0,0,0,0,0,0,0,0,0,0,0,0,0,0,0,0,"8GB_10,188원/1GB_81,500","8GB_10,188원/1GB_81,500"
6018770,타무즈 DDR4-2666 CL19,0,0,0,0,0,0,0,0,0,0,0,0,0,0,0,0,0,0,0,0,0,0,0,0,0,0,0,0,0,"_16GB_9,171원/1GB_146,730|_8GB_10,054원/1GB_80,430|4GB_12,200원/1GB_48,800","_16GB_9,166원/1GB_146,660|_8GB_10,054원/1GB_80,430|4GB_12,200원/1GB_48,800"
10450266,타무즈 DDR4-3200 CL16,0,0,0,0,0,0,0,0,0,0,0,0,0,0,0,0,0,0,0,0,0,0,0,0,0,0,0,0,0,"8GB_11,595원/1GB_92,760","8GB_11,595원/1GB_92,760"
13137290,타무즈 DDR4-3200 CL22,0,0,0,0,0,0,0,0,0,0,0,0,0,0,0,0,0,0,0,0,0,0,0,0,0,0,0,0,0,"32GB_11,876원/1GB_380,020|_16GB_9,470원/1GB_151,520|_8GB_10,149원/1GB_81,190|4GB_12,718원/1GB_50,870","32GB_11,876원/1GB_380,020|_16GB_9,470원/1GB_151,520|_8GB_10,149원/1GB_81,190|4GB_12,718원/1GB_50,870"
99128864,타무즈 DDR5-5600 CL40 XMP,0,0,0,0,0,0,0,0,0,0,0,0,0,0,0,0,0,0,0,0,0,0,0,0,0,0,0,0,0,"16GB_19,469원/1GB_311,510","16GB_19,469원/1GB_311,510"
31998278,타무즈 DDR5-5600 CL46,0,0,0,0,0,0,0,0,0,0,0,0,0,0,0,0,0,0,0,0,0,0,0,0,0,0,0,0,0,"_32GB_20,348원/1GB_651,120|_16GB_20,156원/1GB_322,490|8GB_21,546원/1GB_172,370","_32GB_20,348원/1GB_651,120|_16GB_20,148원/1GB_322,370|8GB_21,546원/1GB_172,370"
96368429,타무즈 DDR5-5600 CL46 S5,0,0,0,0,0,0,0,0,0,0,0,0,0,0,0,0,0,0,0,0,0,0,0,0,0,0,0,0,0,"16GB_20,313원/1GB_325,000","16GB_20,313원/1GB_325,000"
4545912,타무즈 노트북 DDR3-1333 CL9,0,0,0,0,0,0,0,0,0,0,0,0,0,0,0,0,0,0,0,0,0,0,0,0,0,0,0,0,0,"4GB_2,603원/1GB_10,410","4GB_2,603원/1GB_10,410"
5215088,타무즈 노트북 DDR3L-1600 CL11 1.35V,0,0,0,0,0,0,0,0,0,0,0,0,0,0,0,0,0,0,0,0,0,0,0,0,0,0,0,0,0,"_8GB_5,124원/1GB_40,990|_4GB_6,298원/1GB_25,190","_8GB_5,124원/1GB_40,990|_4GB_6,298원/1GB_25,190"
4546081,타무즈 노트북 DDR4-2133 CL15,0,0,0,0,0,0,0,0,0,0,0,0,0,0,0,0,0,0,0,0,0,0,0,0,0,0,0,0,0,"8GB_10,188원/1GB_81,500","8GB_10,188원/1GB_81,500"
5971453,타무즈 노트북 DDR4-2400 CL17,0,0,0,0,0,0,0,0,0,0,0,0,0,0,0,0,0,0,0,0,0,0,0,0,0,0,0,0,0,"8GB_10,188원/1GB_81,500","8GB_10,188원/1GB_81,500"
7004512,타무즈 노트북 DDR4-2666 CL19,0,0,0,0,0,0,0,0,0,0,0,0,0,0,0,0,0,0,0,0,0,0,0,0,0,0,0,0,0,"_16GB_9,374원/1GB_149,990|8GB_9,575원/1GB_76,600|_4GB_12,200원/1GB_48,800",0
7151392,타무즈 노트북 DDR4-2666 CL19,0,0,0,0,0,0,0,0,0,0,0,0,0,0,0,0,0,0,0,0,0,0,0,0,0,0,0,0,0,0,"16GB_9,374원/1GB_149,990|_8GB_9,575원/1GB_76,600|_4GB_12,200원/1GB_48,800"
10450275,타무즈 노트북 DDR4-3200 CL16,0,0,0,0,0,0,0,0,0,0,0,0,0,0,0,0,0,0,0,0,0,0,0,0,0,0,0,0,0,"8GB_10,194원/1GB_81,550","8GB_10,194원/1GB_81,550"
13137365,타무즈 노트북 DDR4-3200 CL22,0,0,0,0,0,0,0,0,0,0,0,0,0,0,0,0,0,0,0,0,0,0,0,0,0,0,0,0,0,"32GB_13,844원/1GB_443,000|_16GB_9,475원/1GB_151,600|8GB_10,054원/1GB_80,430|_4GB_12,450원/1GB_49,800","32GB_13,844원/1GB_443,000|_16GB_9,475원/1GB_151,600|8GB_10,054원/1GB_80,430|_4GB_12,450원/1GB_49,800"
43488485,타무즈 노트북 DDR5-5600 CL46,0,0,0,0,0,0,0,0,0,0,0,0,0,0,0,0,0,0,0,0,0,0,0,0,0,0,0,0,0,"_32GB_20,156원/1GB_644,990|_16GB_21,032원/1GB_336,510","_32GB_20,156원/1GB_644,990|_16GB_21,032원/1GB_336,510"
12076634,트랜센드 DDR4-3200 CL22,0,0,0,0,0,0,0,0,0,0,0,0,0,0,0,0,0,0,0,0,0,0,0,0,0,0,0,0,0,"32GB_13,125원/1GB_420,000|_16GB_12,312원/1GB_196,990|_8GB_11,768원/1GB_94,140|4GB_7,750원/1GB_31,000","32GB_13,125원/1GB_420,000|_16GB_12,154원/1GB_194,460|_8GB_11,768원/1GB_94,140|4GB_7,750원/1GB_31,000"
122627688,트랜센드 DDR5-5600 CL46 ECC/REG,0,0,0,0,0,0,0,0,0,0,0,0,0,0,0,0,0,0,0,0,0,0,0,0,0,0,0,0,0,"16GB_32,343원/1GB_1,034,990","16GB_32,343원/1GB_1,034,990"
28469759,트랜센드 DDR5-5600 CL46 Jetram,0,0,0,0,0,0,0,0,0,0,0,0,0,0,0,0,0,0,0,0,0,0,0,0,0,0,0,0,0,"_16GB_21,153원/1GB_338,450|_8GB_24,360원/1GB_194,880","_16GB_21,153원/1GB_338,450|_8GB_24,353원/1GB_194,820"
74421911,트랜센드 DDR5-6400 CL52 CUDIMM,0,0,0,0,0,0,0,0,0,0,0,0,0,0,0,0,0,0,0,0,0,0,0,0,0,0,0,0,0,"_32GB_27,085원/1GB_866,730|_16GB_24,550원/1GB_392,800","_32GB_26,595원/1GB_851,040|_16GB_24,550원/1GB_392,800"
2264343,트랜센드 노트북 DDR3-1600,0,0,0,0,0,0,0,0,0,0,0,0,0,0,0,0,0,0,0,0,0,0,0,0,0,0,0,0,0,"2GB_52,700","2GB_52,700"
12076664,트랜센드 노트북 DDR4-3200 CL22,0,0,0,0,0,0,0,0,0,0,0,0,0,0,0,0,0,0,0,0,0,0,0,0,0,0,0,0,0,"_32GB_13,438원/1GB_430,000|_16GB_9,552원/1GB_152,830","_32GB_13,438원/1GB_430,000|_16GB_9,469원/1GB_151,510"
74056361,트랜센드 노트북 DDR5-5600 CL46,0,0,0,0,0,0,0,0,0,0,0,0,0,0,0,0,0,0,0,0,0,0,0,0,0,0,0,0,0,"_32GB_20,561원/1GB_657,950|_16GB_21,673원/1GB_346,770","_32GB_20,517원/1GB_656,530|_16GB_21,673원/1GB_346,770"
