Id,Name,2026-08-01 12:27:14,2026-08-02 12:26:50,2026-08-03 12:28:51,2026-08-04 11:57:18,2026-08-05 11:53:29,2026-08-06 11:57:22,2026-08-07 11:54:36,2026-08-08 10:58:48,2026-08-09 11:05:16,2026-08-10 11:09:49,2026-08-11 11:05:15,2026-08-12 11:21:46,2026-08-13 11:23:49,2026-08-14 11:22:01,2026-08-15 10:29:29,2026-08-16 10:41:32,2026-08-17 10:39:28,2026-08-18 10:28:48,2026-08-19 10:36:38,2026-08-20 10:29:42,2026-08-21 10:40:45,2026-08-22 10:28:46,2026-08-23 10:43:18,2026-08-24 10:41:28,2026-08-25 10:36:39,2026-08-26 10:41:22,2026-08-27 17:32:40,2026-08-28 19:46:21,2026-08-29 15:33:49,2026-08-29 21:59:33,2026-08-30 13:48:13,2026-08-31 13:52:17
54101633,ADT Link UT3G (해외구매),0,0,0,0,0,0,0,0,0,0,0,0,0,0,0,0,0,0,0,0,0,0,0,0,0,0,0,0,0,"103,280","103,280","103,280"
78306452,AFOX 라데온 RX 580 2048SP D5 8GB 디앤디컴,0,0,0,0,0,0,0,0,0,0,0,0,0,0,0,0,0,0,0,0,0,0,0,0,0,0,0,0,0,"186,060","186,060","186,060"
104752559,AFOX 라데온 RX 580 2048SP H3 D5 8GB 대원씨티에스,0,0,0,0,0,0,0,0,0,0,0,0,0,0,0,0,0,0,0,0,0,0,0,0,0,0,0,0,0,"178,590","178,590","178,590"
14077739,AFOX 지포스 G210 D3 512MB LP 디앤디컴,0,0,0,0,0,0,0,0,0,0,0,0,0,0,0,0,0,0,0,0,0,0,0,0,0,0,0,0,0,"25,990","25,990","25,990"
36709025,AFOX 지포스 G210 D3 512MB 대원씨티에스,0,0,0,0,0,0,0,0,0,0,0,0,0,0,0,0,0,0,0,0,0,0,0,0,0,0,0,0,0,"225,000","225,000","225,000"
28624916,AFOX 지포스 GT1030 L5 D5 2GB LP 디앤디컴,0,0,0,0,0,0,0,0,0,0,0,0,0,0,0,0,0,0,0,0,0,0,0,0,0,0,0,0,0,"95,550","91,160","119,380"
6288917,AFOX 지포스 GT710 L5 D3 1GB LP 디앤디컴,0,0,0,0,0,0,0,0,0,0,0,0,0,0,0,0,0,0,0,0,0,0,0,0,0,0,0,0,0,"47,160","47,140","58,980"
14077574,AFOX 지포스 GT730 D3 2GB LP 무소음 디앤디컴,0,0,0,0,0,0,0,0,0,0,0,0,0,0,0,0,0,0,0,0,0,0,0,0,0,0,0,0,0,"67,490","67,490","67,490"
36709184,AFOX 지포스 GTX 1650 D6 4GB 대원씨티에스,0,0,0,0,0,0,0,0,0,0,0,0,0,0,0,0,0,0,0,0,0,0,0,0,0,0,0,0,0,"290,540","290,540","290,520"
68241932,AFOX 지포스 GTX 1660 SUPER H7 D6 6GB DUAL 백플레이트 대원씨티에스,0,0,0,0,0,0,0,0,0,0,0,0,0,0,0,0,0,0,0,0,0,0,0,0,0,0,0,0,0,"299,000","299,000","299,000"
101077676,AFOX 지포스 GTX1050 Ti H7 D5 4GB 대원씨티에스,0,0,0,0,0,0,0,0,0,0,0,0,0,0,0,0,0,0,0,0,0,0,0,0,0,0,0,0,0,"184,270","184,270","184,270"
62160119,AFOX 지포스 GTX1050 Ti H7 D5 4GB 디앤디컴,0,0,0,0,0,0,0,0,0,0,0,0,0,0,0,0,0,0,0,0,0,0,0,0,0,0,0,0,0,"183,990","183,990","183,990"
21540362,AFOX 지포스 RTX 3070 D6 8GB 대원씨티에스,0,0,0,0,0,0,0,0,0,0,0,0,0,0,0,0,0,0,0,0,0,0,0,0,0,0,0,0,0,"651,290","651,290","651,290"
21538472,AFOX 지포스 RTX 3090 D6 24GB 대원씨티에스,0,0,0,0,0,0,0,0,0,0,0,0,0,0,0,0,0,0,0,0,0,0,0,0,0,0,0,0,0,"2,346,840","2,346,840","2,346,840"
54103622,AKiTiO 노드 타이탄 eGPU BOX (해외구매),0,0,0,0,0,0,0,0,0,0,0,0,0,0,0,0,0,0,0,0,0,0,0,0,0,0,0,0,0,"725,400","725,400","725,400"
15360209,AMD 라데온 PRO W5500 D6 8GB 대원씨티에스,0,0,0,0,0,0,0,0,0,0,0,0,0,0,0,0,0,0,0,0,0,0,0,0,0,0,0,0,0,"379,060","379,060","379,060"
26036747,AMD 라데온 PRO W7500 D6 8GB,0,0,0,0,0,0,0,0,0,0,0,0,0,0,0,0,0,0,0,0,0,0,0,0,0,0,0,0,0,"788,650","788,650","788,650"
26035931,AMD 라데온 PRO W7600 D6 8GB,0,0,0,0,0,0,0,0,0,0,0,0,0,0,0,0,0,0,0,0,0,0,0,0,0,0,0,0,0,"1,125,990","1,125,990","1,125,990"
5492030,AMD 라데온 PRO WX2100 D5 2GB LP,0,0,0,0,0,0,0,0,0,0,0,0,0,0,0,0,0,0,0,0,0,0,0,0,0,0,0,0,0,"236,240","236,190","236,120"
14296337,AMD 라데온 PRO WX3200 D5 4GB LP 대원씨티에스,0,0,0,0,0,0,0,0,0,0,0,0,0,0,0,0,0,0,0,0,0,0,0,0,0,0,0,0,0,"197,600","197,600","197,600"
79400453,AOOSTAR XG76XT 라데온 RX 7600 XT D6 8GB (해외구매),0,0,0,0,0,0,0,0,0,0,0,0,0,0,0,0,0,0,0,0,0,0,0,0,0,0,0,0,0,"799,900","799,900","799,900"
10427364,ARKTEK 지포스 GTX 1660 SUPER D6 6GB,0,0,0,0,0,0,0,0,0,0,0,0,0,0,0,0,0,0,0,0,0,0,0,0,0,0,0,0,0,"282,740","282,740","282,740"
71010194,ASL 지포스 GTX 1660 SUPER RAGE-X D6 6GB,0,0,0,0,0,0,0,0,0,0,0,0,0,0,0,0,0,0,0,0,0,0,0,0,0,0,0,0,0,"271,570","271,570","271,570"
73696607,ASRock Arc B580 CHALLENGER OC D6 12GB,0,0,0,0,0,0,0,0,0,0,0,0,0,0,0,0,0,0,0,0,0,0,0,0,0,0,0,0,0,"566,000","566,000","526,380"
98771519,ASRock 라데온 AI PRO R9700 Creator D6 32GB 대원씨티에스,0,0,0,0,0,0,0,0,0,0,0,0,0,0,0,0,0,0,0,0,0,0,0,0,0,0,0,0,0,"2,998,990","2,998,990","2,999,000"
17420300,ASRock 라데온 RX 6600 CHALLENGER D D6 8GB 대원씨티에스,0,0,0,0,0,0,0,0,0,0,0,0,0,0,0,0,0,0,0,0,0,0,0,0,0,0,0,0,0,"429,900","429,900","429,900"
27546905,ASRock 라데온 RX 7600 CHALLENGER OC D6 8GB 대원씨티에스,0,0,0,0,0,0,0,0,0,0,0,0,0,0,0,0,0,0,0,0,0,0,0,0,0,0,0,0,0,"497,990","497,990","497,990"
97410422,ASRock 라데온 RX 9060 CHALLENGER D6 8GB 대원씨티에스,0,0,0,0,0,0,0,0,0,0,0,0,0,0,0,0,0,0,0,0,0,0,0,0,0,0,0,0,0,"471,000","470,990","588,780"
91909763,ASRock 라데온 RX 9060 XT CHALLENGER OC D6 16GB 대원씨티에스,0,0,0,0,0,0,0,0,0,0,0,0,0,0,0,0,0,0,0,0,0,0,0,0,0,0,0,0,0,"638,370","608,870","828,380"
91909781,ASRock 라데온 RX 9060 XT 스틸레전드 OC D6 16GB 대원씨티에스,0,0,0,0,0,0,0,0,0,0,0,0,0,0,0,0,0,0,0,0,0,0,0,0,0,0,0,0,0,"682,530","650,990","853,190"
91909775,ASRock 라데온 RX 9060 XT 스틸레전드 OC D6 8GB 대원씨티에스,0,0,0,0,0,0,0,0,0,0,0,0,0,0,0,0,0,0,0,0,0,0,0,0,0,0,0,0,0,"630,000","630,000","630,000"
99711887,ASRock 라데온 RX 9070 XT CHALLENGER D6 16GB 대원씨티에스,0,0,0,0,0,0,0,0,0,0,0,0,0,0,0,0,0,0,0,0,0,0,0,0,0,0,0,0,0,"1,125,420","1,125,420","1,466,690"
77318285,ASRock 라데온 RX 9070 XT 스틸레전드 D6 16GB 대원씨티에스,0,0,0,0,0,0,0,0,0,0,0,0,0,0,0,0,0,0,0,0,0,0,0,0,0,0,0,0,0,"1,199,160","1,143,720","1,498,980"
90701579,ASRock 라데온 RX 9070 XT 스틸레전드 DARK D6 16GB 대원씨티에스,0,0,0,0,0,0,0,0,0,0,0,0,0,0,0,0,0,0,0,0,0,0,0,0,0,0,0,0,0,"1,167,980","1,113,980","1,460,000"
77318354,ASRock 라데온 RX 9070 스틸레전드 OC D6 16GB 대원씨티에스,0,0,0,0,0,0,0,0,0,0,0,0,0,0,0,0,0,0,0,0,0,0,0,0,0,0,0,0,0,"1,048,410","1,048,410","1,048,410"
124056256,ASRock 인텔 Arc Pro B70 D6 Creator 32GB 인텍앤컴퍼니,0,0,0,0,0,0,0,0,0,0,0,0,0,0,0,0,0,0,0,0,0,0,0,0,0,0,0,0,0,가격비교예정,가격비교예정,가격비교예정
74341484,ASUS DUAL 라데온 RX 7600 O8G EVO OC D6 8GB,0,0,0,0,0,0,0,0,0,0,0,0,0,0,0,0,0,0,0,0,0,0,0,0,0,0,0,0,0,"459,790","459,790","459,790"
95985854,ASUS DUAL 라데온 RX 9060 D6 8GB 대원씨티에스,0,0,0,0,0,0,0,0,0,0,0,0,0,0,0,0,0,0,0,0,0,0,0,0,0,0,0,0,0,"455,870","434,810","590,840"
122713927,ASUS DUAL 라데온 RX 9060 D6 8GB 엠버 앤 블레이드 에디션 대원씨티에스,0,0,0,0,0,0,0,0,0,0,0,0,0,0,0,0,0,0,0,0,0,0,0,0,0,0,0,0,0,"550,680","550,680","550,680"
97117439,ASUS DUAL 라데온 RX 9060 XT D6 16GB 대원씨티에스,0,0,0,0,0,0,0,0,0,0,0,0,0,0,0,0,0,0,0,0,0,0,0,0,0,0,0,0,0,"631,160","601,990","788,980"
91871504,ASUS DUAL 라데온 RX 9060 XT D6 8GB 대원씨티에스,0,0,0,0,0,0,0,0,0,0,0,0,0,0,0,0,0,0,0,0,0,0,0,0,0,0,0,0,0,"623,760","623,760","642,010"
122705638,ASUS DUAL 지포스 RTX 3050 D6 6GB 대원씨티에스,0,0,0,0,0,0,0,0,0,0,0,0,0,0,0,0,0,0,0,0,0,0,0,0,0,0,0,0,0,"418,990","418,990","418,990"
68918675,ASUS DUAL 지포스 RTX 3050 D6 6GB 인텍앤컴퍼니,0,0,0,0,0,0,0,0,0,0,0,0,0,0,0,0,0,0,0,0,0,0,0,0,0,0,0,0,0,"310,200","295,880","387,770"
63086675,ASUS DUAL 지포스 RTX 3050 O6G OC D6 6GB 대원씨티에스,0,0,0,0,0,0,0,0,0,0,0,0,0,0,0,0,0,0,0,0,0,0,0,0,0,0,0,0,0,"370,500","370,500","370,500"
35813972,ASUS DUAL 지포스 RTX 3050 O6G OC D6 6GB 인텍앤컴퍼니,0,0,0,0,0,0,0,0,0,0,0,0,0,0,0,0,0,0,0,0,0,0,0,0,0,0,0,0,0,"370,000","370,000","370,000"
122726685,ASUS DUAL 지포스 RTX 3050 O6G OC D6 6GB 코잇,0,0,0,0,0,0,0,0,0,0,0,0,0,0,0,0,0,0,0,0,0,0,0,0,0,0,0,0,0,"332,000","332,000","332,000"
14857055,ASUS DUAL 지포스 RTX 3060 Ti O8G OC MINI D6 8GB,0,0,0,0,0,0,0,0,0,0,0,0,0,0,0,0,0,0,0,0,0,0,0,0,0,0,0,0,0,"800,000","800,000","800,000"
94524596,ASUS DUAL 지포스 RTX 5050 D6 8GB 대원씨티에스,0,0,0,0,0,0,0,0,0,0,0,0,0,0,0,0,0,0,0,0,0,0,0,0,0,0,0,0,0,"574,990","574,990","574,990"
94692245,ASUS DUAL 지포스 RTX 5050 D6 8GB 인텍앤컴퍼니,0,0,0,0,0,0,0,0,0,0,0,0,0,0,0,0,0,0,0,0,0,0,0,0,0,0,0,0,0,"590,000","590,000","590,000"
93318653,ASUS DUAL 지포스 RTX 5050 OC D6 8GB 대원씨티에스,0,0,0,0,0,0,0,0,0,0,0,0,0,0,0,0,0,0,0,0,0,0,0,0,0,0,0,0,0,"579,000","579,000","579,000"
93697997,ASUS DUAL 지포스 RTX 5050 OC D6 8GB 인텍앤컴퍼니,0,0,0,0,0,0,0,0,0,0,0,0,0,0,0,0,0,0,0,0,0,0,0,0,0,0,0,0,0,"578,990","578,990","578,990"
122726712,ASUS DUAL 지포스 RTX 5050 OC D6 8GB 코잇,0,0,0,0,0,0,0,0,0,0,0,0,0,0,0,0,0,0,0,0,0,0,0,0,0,0,0,0,0,"476,880","480,630","625,000"
124012615,ASUS DUAL 지포스 RTX 5060 D7 8GB Advanced 대원씨티에스,0,0,0,0,0,0,0,0,0,0,0,0,0,0,0,0,0,0,0,0,0,0,0,0,0,0,0,0,0,가격비교예정,가격비교예정,가격비교예정
124011802,ASUS DUAL 지포스 RTX 5060 D7 8GB Advanced 인텍앤컴퍼니,0,0,0,0,0,0,0,0,0,0,0,0,0,0,0,0,0,0,0,0,0,0,0,0,0,0,0,0,0,가격비교예정,가격비교예정,가격비교예정
124012627,ASUS DUAL 지포스 RTX 5060 D7 8GB Anchor 대원씨티에스,0,0,0,0,0,0,0,0,0,0,0,0,0,0,0,0,0,0,0,0,0,0,0,0,0,0,0,0,0,가격비교예정,가격비교예정,가격비교예정
124011835,ASUS DUAL 지포스 RTX 5060 D7 8GB Anchor 인텍앤컴퍼니,0,0,0,0,0,0,0,0,0,0,0,0,0,0,0,0,0,0,0,0,0,0,0,0,0,0,0,0,0,가격비교예정,가격비교예정,가격비교예정
93861539,ASUS DUAL 지포스 RTX 5060 D7 8GB 인텍앤컴퍼니,0,0,0,0,0,0,0,0,0,0,0,0,0,0,0,0,0,0,0,0,0,0,0,0,0,0,0,0,0,"717,830","717,830","717,830"
104989451,ASUS DUAL 지포스 RTX 5060 EVO OC D7 8GB 대원씨티에스,0,0,0,0,0,0,0,0,0,0,0,0,0,0,0,0,0,0,0,0,0,0,0,0,0,0,0,0,0,"547,580","522,280","680,160"
104628866,ASUS DUAL 지포스 RTX 5060 EVO OC D7 8GB 인텍앤컴퍼니,0,0,0,0,0,0,0,0,0,0,0,0,0,0,0,0,0,0,0,0,0,0,0,0,0,0,0,0,0,"697,680","697,680","688,590"
122726726,ASUS DUAL 지포스 RTX 5060 EVO OC D7 8GB 코잇,0,0,0,0,0,0,0,0,0,0,0,0,0,0,0,0,0,0,0,0,0,0,0,0,0,0,0,0,0,"692,550","692,550","692,550"
124012619,ASUS DUAL 지포스 RTX 5060 OC D7 8GB Advanced 대원씨티에스,0,0,0,0,0,0,0,0,0,0,0,0,0,0,0,0,0,0,0,0,0,0,0,0,0,0,0,0,0,가격비교예정,가격비교예정,가격비교예정
124011777,ASUS DUAL 지포스 RTX 5060 OC D7 8GB Advanced 인텍앤컴퍼니,0,0,0,0,0,0,0,0,0,0,0,0,0,0,0,0,0,0,0,0,0,0,0,0,0,0,0,0,0,가격비교예정,가격비교예정,가격비교예정
124012716,ASUS DUAL 지포스 RTX 5060 OC D7 8GB Anchor 대원씨티에스,0,0,0,0,0,0,0,0,0,0,0,0,0,0,0,0,0,0,0,0,0,0,0,0,0,0,0,0,0,가격비교예정,가격비교예정,가격비교예정
124011821,ASUS DUAL 지포스 RTX 5060 OC D7 8GB Anchor 인텍앤컴퍼니,0,0,0,0,0,0,0,0,0,0,0,0,0,0,0,0,0,0,0,0,0,0,0,0,0,0,0,0,0,가격비교예정,가격비교예정,가격비교예정
90957326,ASUS DUAL 지포스 RTX 5060 OC D7 8GB 대원씨티에스,0,0,0,0,0,0,0,0,0,0,0,0,0,0,0,0,0,0,0,0,0,0,0,0,0,0,0,0,0,"717,690","717,490","711,150"
91496327,ASUS DUAL 지포스 RTX 5060 OC D7 8GB 인텍앤컴퍼니,0,0,0,0,0,0,0,0,0,0,0,0,0,0,0,0,0,0,0,0,0,0,0,0,0,0,0,0,0,"708,500","708,500","708,500"
88133276,ASUS DUAL 지포스 RTX 5060 TI OC D7 16GB 대원씨티에스,0,0,0,0,0,0,0,0,0,0,0,0,0,0,0,0,0,0,0,0,0,0,0,0,0,0,0,0,0,"928,380","885,470","1,160,500"
82443086,ASUS DUAL 지포스 RTX 5060 TI OC D7 16GB 인텍앤컴퍼니,0,0,0,0,0,0,0,0,0,0,0,0,0,0,0,0,0,0,0,0,0,0,0,0,0,0,0,0,0,"1,241,120","1,241,120","1,241,120"
88133213,ASUS DUAL 지포스 RTX 5060 TI OC D7 8GB 대원씨티에스,0,0,0,0,0,0,0,0,0,0,0,0,0,0,0,0,0,0,0,0,0,0,0,0,0,0,0,0,0,"798,860","798,830","798,830"
82450160,ASUS DUAL 지포스 RTX 5060 TI OC D7 8GB 인텍앤컴퍼니,0,0,0,0,0,0,0,0,0,0,0,0,0,0,0,0,0,0,0,0,0,0,0,0,0,0,0,0,0,"637,170","607,730","791,430"
122726759,ASUS DUAL 지포스 RTX 5060 Ti OC D7 8GB 코잇,0,0,0,0,0,0,0,0,0,0,0,0,0,0,0,0,0,0,0,0,0,0,0,0,0,0,0,0,0,"823,500","823,500","823,500"
122726777,ASUS DUAL 지포스 RTX 5060 Ti WHITE OC D7 8GB 코잇,0,0,0,0,0,0,0,0,0,0,0,0,0,0,0,0,0,0,0,0,0,0,0,0,0,0,0,0,0,"911,050","911,050","911,050"
97837304,ASUS DUAL 지포스 RTX 5060 WHITE OC D7 8GB 인텍앤컴퍼니,0,0,0,0,0,0,0,0,0,0,0,0,0,0,0,0,0,0,0,0,0,0,0,0,0,0,0,0,0,"715,000","715,000","715,000"
122726733,ASUS DUAL 지포스 RTX 5060 WHITE OC D7 8GB 코잇,0,0,0,0,0,0,0,0,0,0,0,0,0,0,0,0,0,0,0,0,0,0,0,0,0,0,0,0,0,"721,050","721,050","721,050"
93446051,ASUS DUAL 지포스 RTX 5070 OC D7 12GB 대원씨티에스,0,0,0,0,0,0,0,0,0,0,0,0,0,0,0,0,0,0,0,0,0,0,0,0,0,0,0,0,0,"1,026,320","978,880","1,282,930"
92678951,ASUS DUAL 지포스 RTX 5070 OC D7 12GB 인텍앤컴퍼니,0,0,0,0,0,0,0,0,0,0,0,0,0,0,0,0,0,0,0,0,0,0,0,0,0,0,0,0,0,"1,015,970","969,010","1,269,990"
122726839,ASUS DUAL 지포스 RTX 5070 OC D7 12GB 코잇,0,0,0,0,0,0,0,0,0,0,0,0,0,0,0,0,0,0,0,0,0,0,0,0,0,0,0,0,0,"799,080","805,360","1,047,280"
12578009,ASUS KO 지포스 RTX 3070 O8G GAMING OC D6 8GB,0,0,0,0,0,0,0,0,0,0,0,0,0,0,0,0,0,0,0,0,0,0,0,0,0,0,0,0,0,"2,000,000","2,000,000",0
14824025,ASUS PH 지포스 RTX 3060 D6 12GB,0,0,0,0,0,0,0,0,0,0,0,0,0,0,0,0,0,0,0,0,0,0,0,0,0,0,0,0,0,"680,000","680,000","680,000"
91871456,ASUS PRIME 라데온 RX 9060 XT OC D6 16GB 대원씨티에스,0,0,0,0,0,0,0,0,0,0,0,0,0,0,0,0,0,0,0,0,0,0,0,0,0,0,0,0,0,"639,180","609,640","799,000"
122628651,ASUS PRIME 라데온 RX 9060 XT OC D6 16GB 인텍앤컴퍼니,0,0,0,0,0,0,0,0,0,0,0,0,0,0,0,0,0,0,0,0,0,0,0,0,0,0,0,0,0,"602,010","574,190","755,000"
91871420,ASUS PRIME 라데온 RX 9060 XT OC D6 8GB 대원씨티에스,0,0,0,0,0,0,0,0,0,0,0,0,0,0,0,0,0,0,0,0,0,0,0,0,0,0,0,0,0,"458,920","458,330","596,000"
100698251,ASUS PRIME 라데온 RX 9070 EVO OC D6 16GB 대원씨티에스,0,0,0,0,0,0,0,0,0,0,0,0,0,0,0,0,0,0,0,0,0,0,0,0,0,0,0,0,0,"855,900","816,340","1,069,900"
122692535,ASUS PRIME 라데온 RX 9070 GRE EVO OC D6 12GB 대원씨티에스,0,0,0,0,0,0,0,0,0,0,0,0,0,0,0,0,0,0,0,0,0,0,0,0,0,0,0,0,0,"960,510","960,510","957,330"
77461214,ASUS PRIME 라데온 RX 9070 OC D6 16GB 대원씨티에스,0,0,0,0,0,0,0,0,0,0,0,0,0,0,0,0,0,0,0,0,0,0,0,0,0,0,0,0,0,"1,059,000","1,059,000","1,059,000"
77461292,ASUS PRIME 라데온 RX 9070 XT OC D6 16GB 대원씨티에스,0,0,0,0,0,0,0,0,0,0,0,0,0,0,0,0,0,0,0,0,0,0,0,0,0,0,0,0,0,"1,143,960","1,091,080","1,440,570"
85507805,ASUS PRIME 라데온 RX 9070 XT OC D6 16GB 인텍앤컴퍼니,0,0,0,0,0,0,0,0,0,0,0,0,0,0,0,0,0,0,0,0,0,0,0,0,0,0,0,0,0,"1,629,070","1,629,070","1,629,070"
99892346,ASUS PRIME 라데온 RX 9070 XT WHITE OC D6 16GB 대원씨티에스,0,0,0,0,0,0,0,0,0,0,0,0,0,0,0,0,0,0,0,0,0,0,0,0,0,0,0,0,0,"1,178,640","1,124,150","1,473,320"
90957422,ASUS PRIME 지포스 RTX 5060 OC D7 8GB 대원씨티에스,0,0,0,0,0,0,0,0,0,0,0,0,0,0,0,0,0,0,0,0,0,0,0,0,0,0,0,0,0,"739,990","739,990","739,990"
91496162,ASUS PRIME 지포스 RTX 5060 OC D7 8GB 인텍앤컴퍼니,0,0,0,0,0,0,0,0,0,0,0,0,0,0,0,0,0,0,0,0,0,0,0,0,0,0,0,0,0,"740,000","740,000","740,000"
82433444,ASUS PRIME 지포스 RTX 5060 TI D7 8GB 인텍앤컴퍼니,0,0,0,0,0,0,0,0,0,0,0,0,0,0,0,0,0,0,0,0,0,0,0,0,0,0,0,0,0,"830,000","830,000","830,000"
88136921,ASUS PRIME 지포스 RTX 5060 TI OC D7 8GB 대원씨티에스,0,0,0,0,0,0,0,0,0,0,0,0,0,0,0,0,0,0,0,0,0,0,0,0,0,0,0,0,0,"879,000","879,000","879,000"
88205957,ASUS PRIME 지포스 RTX 5060 TI OC D7 8GB 인텍앤컴퍼니,0,0,0,0,0,0,0,0,0,0,0,0,0,0,0,0,0,0,0,0,0,0,0,0,0,0,0,0,0,"840,000","840,000","840,000"
77461610,ASUS PRIME 지포스 RTX 5070 D7 12GB 인텍앤컴퍼니,0,0,0,0,0,0,0,0,0,0,0,0,0,0,0,0,0,0,0,0,0,0,0,0,0,0,0,0,0,"1,233,080","1,233,080","1,233,080"
77379575,ASUS PRIME 지포스 RTX 5070 OC D7 12GB 대원씨티에스,0,0,0,0,0,0,0,0,0,0,0,0,0,0,0,0,0,0,0,0,0,0,0,0,0,0,0,0,0,"1,483,490","1,483,490","1,483,490"
77461619,ASUS PRIME 지포스 RTX 5070 OC D7 12GB 인텍앤컴퍼니,0,0,0,0,0,0,0,0,0,0,0,0,0,0,0,0,0,0,0,0,0,0,0,0,0,0,0,0,0,"1,059,260","1,010,290","1,268,560"
122726864,ASUS PRIME 지포스 RTX 5070 OC D7 12GB 코잇,0,0,0,0,0,0,0,0,0,0,0,0,0,0,0,0,0,0,0,0,0,0,0,0,0,0,0,0,0,"1,262,550","1,262,550","1,262,550"
76511312,ASUS PRIME 지포스 RTX 5070 Ti D7 16GB 대원씨티에스,0,0,0,0,0,0,0,0,0,0,0,0,0,0,0,0,0,0,0,0,0,0,0,0,0,0,0,0,0,"1,463,980","1,396,290","1,830,000"
76551551,ASUS PRIME 지포스 RTX 5070 Ti D7 16GB 인텍앤컴퍼니,0,0,0,0,0,0,0,0,0,0,0,0,0,0,0,0,0,0,0,0,0,0,0,0,0,0,0,0,0,"1,850,770","1,850,770","1,825,510"
76511369,ASUS PRIME 지포스 RTX 5070 Ti OC D7 16GB 대원씨티에스,0,0,0,0,0,0,0,0,0,0,0,0,0,0,0,0,0,0,0,0,0,0,0,0,0,0,0,0,0,"1,489,070","1,420,220","1,861,360"
76551494,ASUS PRIME 지포스 RTX 5070 Ti OC D7 16GB 인텍앤컴퍼니,0,0,0,0,0,0,0,0,0,0,0,0,0,0,0,0,0,0,0,0,0,0,0,0,0,0,0,0,0,"1,879,000","1,879,000","1,879,000"
122726879,ASUS PRIME 지포스 RTX 5070 Ti OC D7 16GB 코잇,0,0,0,0,0,0,0,0,0,0,0,0,0,0,0,0,0,0,0,0,0,0,0,0,0,0,0,0,0,"2,009,000","2,009,000","2,009,000"
122726871,ASUS PRIME 지포스 RTX 5070 WHITE OC D7 12GB 코잇,0,0,0,0,0,0,0,0,0,0,0,0,0,0,0,0,0,0,0,0,0,0,0,0,0,0,0,0,0,"1,262,550","1,262,550","1,262,550"
76550489,ASUS PRIME 지포스 RTX 5080 D7 16GB 대원씨티에스,0,0,0,0,0,0,0,0,0,0,0,0,0,0,0,0,0,0,0,0,0,0,0,0,0,0,0,0,0,"2,999,000","2,999,000","2,999,000"
79114694,ASUS PRIME 지포스 RTX 5080 D7 16GB 인텍앤컴퍼니,0,0,0,0,0,0,0,0,0,0,0,0,0,0,0,0,0,0,0,0,0,0,0,0,0,0,0,0,0,"1,911,180","1,822,810","2,389,000"
122700116,ASUS PRIME 지포스 RTX 5080 EVO OC D7 16GB 대원씨티에스,0,0,0,0,0,0,0,0,0,0,0,0,0,0,0,0,0,0,0,0,0,0,0,0,0,0,0,0,0,"2,399,000","2,399,000","2,399,000"
122719992,ASUS PRIME 지포스 RTX 5080 EVO OC D7 16GB 인텍앤컴퍼니,0,0,0,0,0,0,0,0,0,0,0,0,0,0,0,0,0,0,0,0,0,0,0,0,0,0,0,0,0,"1,839,180","1,754,140","2,328,050"
75374981,ASUS PRIME 지포스 RTX 5080 OC D7 16GB 대원씨티에스,0,0,0,0,0,0,0,0,0,0,0,0,0,0,0,0,0,0,0,0,0,0,0,0,0,0,0,0,0,"1,889,500","1,802,140","2,361,600"
75373796,ASUS PRIME 지포스 RTX 5080 OC D7 16GB 인텍앤컴퍼니,0,0,0,0,0,0,0,0,0,0,0,0,0,0,0,0,0,0,0,0,0,0,0,0,0,0,0,0,0,"1,943,180","1,943,160","2,372,020"
104615543,ASUS ProArt 지포스 RTX 5070 Ti OC D7 16GB 인텍앤컴퍼니,0,0,0,0,0,0,0,0,0,0,0,0,0,0,0,0,0,0,0,0,0,0,0,0,0,0,0,0,0,"2,079,000","2,079,000","2,079,000"
97476629,ASUS ProArt 지포스 RTX 5080 OC D7 16GB 대원씨티에스,0,0,0,0,0,0,0,0,0,0,0,0,0,0,0,0,0,0,0,0,0,0,0,0,0,0,0,0,0,"3,810,000","3,810,000","3,810,000"
103187984,ASUS ProArt 지포스 RTX 5080 OC D7 16GB 인텍앤컴퍼니,0,0,0,0,0,0,0,0,0,0,0,0,0,0,0,0,0,0,0,0,0,0,0,0,0,0,0,0,0,"2,820,000","2,820,000","2,805,760"
76463027,ASUS ROG Astral LC 지포스 RTX 5090 OC D7 32GB 대원씨티에스,0,0,0,0,0,0,0,0,0,0,0,0,0,0,0,0,0,0,0,0,0,0,0,0,0,0,0,0,0,"9,100,000","9,100,000","9,100,000"
78714626,ASUS ROG Astral LC 지포스 RTX 5090 OC D7 32GB 인텍앤컴퍼니,0,0,0,0,0,0,0,0,0,0,0,0,0,0,0,0,0,0,0,0,0,0,0,0,0,0,0,0,0,"8,990,000","8,990,000","8,990,000"
75375185,ASUS ROG Astral 지포스 RTX 5080 OC D7 16GB 대원씨티에스,0,0,0,0,0,0,0,0,0,0,0,0,0,0,0,0,0,0,0,0,0,0,0,0,0,0,0,0,0,"2,880,000","2,880,000","2,919,000"
75373694,ASUS ROG Astral 지포스 RTX 5080 OC D7 16GB 인텍앤컴퍼니,0,0,0,0,0,0,0,0,0,0,0,0,0,0,0,0,0,0,0,0,0,0,0,0,0,0,0,0,0,"2,888,940","2,888,940","2,891,450"
122726926,ASUS ROG Astral 지포스 RTX 5080 OC D7 16GB 코잇,0,0,0,0,0,0,0,0,0,0,0,0,0,0,0,0,0,0,0,0,0,0,0,0,0,0,0,0,0,"3,215,500","3,215,480","3,289,970"
94570298,ASUS ROG Astral 지포스 RTX 5080 WHITE OC D7 16GB 인텍앤컴퍼니,0,0,0,0,0,0,0,0,0,0,0,0,0,0,0,0,0,0,0,0,0,0,0,0,0,0,0,0,0,"2,890,000","2,890,000","2,890,000"
122726932,ASUS ROG Astral 지포스 RTX 5080 WHITE OC D7 16GB 코잇,0,0,0,0,0,0,0,0,0,0,0,0,0,0,0,0,0,0,0,0,0,0,0,0,0,0,0,0,0,"2,166,920","2,183,960","2,840,000"
96653777,ASUS ROG Astral 지포스 RTX 5090 BTF OC D7 32GB 대원씨티에스,0,0,0,0,0,0,0,0,0,0,0,0,0,0,0,0,0,0,0,0,0,0,0,0,0,0,0,0,0,"7,500,000","7,500,000","7,500,000"
96708728,ASUS ROG Astral 지포스 RTX 5090 BTF OC D7 32GB 인텍앤컴퍼니,0,0,0,0,0,0,0,0,0,0,0,0,0,0,0,0,0,0,0,0,0,0,0,0,0,0,0,0,0,"10,093,310","10,093,290","10,093,240"
75375449,ASUS ROG Astral 지포스 RTX 5090 OC D7 32GB 대원씨티에스,0,0,0,0,0,0,0,0,0,0,0,0,0,0,0,0,0,0,0,0,0,0,0,0,0,0,0,0,0,"6,637,980","6,338,430","8,299,970"
75373898,ASUS ROG Astral 지포스 RTX 5090 OC D7 32GB 인텍앤컴퍼니,0,0,0,0,0,0,0,0,0,0,0,0,0,0,0,0,0,0,0,0,0,0,0,0,0,0,0,0,0,"8,299,990","8,299,960","8,299,870"
122726948,ASUS ROG Astral 지포스 RTX 5090 OC D7 32GB 코잇,0,0,0,0,0,0,0,0,0,0,0,0,0,0,0,0,0,0,0,0,0,0,0,0,0,0,0,0,0,"66,207,920","66,207,920",0
92892434,ASUS ROG Astral 지포스 RTX 5090 WHITE OC D7 32GB 대원씨티에스,0,0,0,0,0,0,0,0,0,0,0,0,0,0,0,0,0,0,0,0,0,0,0,0,0,0,0,0,0,"8,499,000","8,499,000","8,499,000"
94570202,ASUS ROG Astral 지포스 RTX 5090 WHITE OC D7 32GB 인텍앤컴퍼니,0,0,0,0,0,0,0,0,0,0,0,0,0,0,0,0,0,0,0,0,0,0,0,0,0,0,0,0,0,"8,399,990","8,399,960","8,399,870"
12821834,ASUS ROG STRIX 지포스 RTX 3060 Ti O8G GAMING OC D6 8GB,0,0,0,0,0,0,0,0,0,0,0,0,0,0,0,0,0,0,0,0,0,0,0,0,0,0,0,0,0,"2,000,000","2,000,000","2,000,000"
12204407,ASUS ROG STRIX 지포스 RTX 3080 O10G GAMING OC D6X 10GB,0,0,0,0,0,0,0,0,0,0,0,0,0,0,0,0,0,0,0,0,0,0,0,0,0,0,0,0,0,"3,839,000","3,839,000","3,839,000"
13173020,ASUS TUF Gaming 라데온 RX 6800 XT O16G OC D6 16GB,0,0,0,0,0,0,0,0,0,0,0,0,0,0,0,0,0,0,0,0,0,0,0,0,0,0,0,0,0,"966,390","966,390","966,390"
18493601,ASUS TUF Gaming 라데온 RX 7900 XTX O24G OC D6 24GB 대원씨티에스,0,0,0,0,0,0,0,0,0,0,0,0,0,0,0,0,0,0,0,0,0,0,0,0,0,0,0,0,0,"1,861,490","1,861,490","1,822,300"
91871543,ASUS TUF Gaming 라데온 RX 9060 XT OC D6 16GB 대원씨티에스,0,0,0,0,0,0,0,0,0,0,0,0,0,0,0,0,0,0,0,0,0,0,0,0,0,0,0,0,0,"849,000","849,000","849,000"
12821741,ASUS TUF Gaming 지포스 RTX 3060 Ti O8G OC D6 8GB,0,0,0,0,0,0,0,0,0,0,0,0,0,0,0,0,0,0,0,0,0,0,0,0,0,0,0,0,0,"2,690,000","2,690,000","2,690,000"
89605799,ASUS TUF Gaming 지포스 RTX 5060 TI OC D7 8GB 인텍앤컴퍼니,0,0,0,0,0,0,0,0,0,0,0,0,0,0,0,0,0,0,0,0,0,0,0,0,0,0,0,0,0,"757,900","757,900","757,900"
75375293,ASUS TUF Gaming 지포스 RTX 5080 OC D7 16GB 대원씨티에스,0,0,0,0,0,0,0,0,0,0,0,0,0,0,0,0,0,0,0,0,0,0,0,0,0,0,0,0,0,"3,198,990","3,198,990","3,198,990"
75374105,ASUS TUF Gaming 지포스 RTX 5080 OC D7 16GB 인텍앤컴퍼니,0,0,0,0,0,0,0,0,0,0,0,0,0,0,0,0,0,0,0,0,0,0,0,0,0,0,0,0,0,"3,398,990","3,398,990","3,252,850"
75375560,ASUS TUF Gaming 지포스 RTX 5090 D7 32GB 대원씨티에스,0,0,0,0,0,0,0,0,0,0,0,0,0,0,0,0,0,0,0,0,0,0,0,0,0,0,0,0,0,"7,949,990","7,949,990","7,949,990"
75374060,ASUS TUF Gaming 지포스 RTX 5090 D7 32GB 인텍앤컴퍼니,0,0,0,0,0,0,0,0,0,0,0,0,0,0,0,0,0,0,0,0,0,0,0,0,0,0,0,0,0,"8,522,240","8,522,230","8,522,230"
75375632,ASUS TUF Gaming 지포스 RTX 5090 OC D7 32GB 대원씨티에스,0,0,0,0,0,0,0,0,0,0,0,0,0,0,0,0,0,0,0,0,0,0,0,0,0,0,0,0,0,"8,479,190","8,479,140","8,080,000"
75374006,ASUS TUF Gaming 지포스 RTX 5090 OC D7 32GB 인텍앤컴퍼니,0,0,0,0,0,0,0,0,0,0,0,0,0,0,0,0,0,0,0,0,0,0,0,0,0,0,0,0,0,"8,400,000","8,400,000","8,400,000"
13683824,ASUS 지포스 GT1030 SL D5 2GB 무소음,0,0,0,0,0,0,0,0,0,0,0,0,0,0,0,0,0,0,0,0,0,0,0,0,0,0,0,0,0,"136,480","136,480","135,830"
59089334,ASUS 지포스 GT710 SL EVO D5 2GB,0,0,0,0,0,0,0,0,0,0,0,0,0,0,0,0,0,0,0,0,0,0,0,0,0,0,0,0,0,"70,000","70,000","70,000"
27896360,ASUS 지포스 GT730 4H SL D5 2GB,0,0,0,0,0,0,0,0,0,0,0,0,0,0,0,0,0,0,0,0,0,0,0,0,0,0,0,0,0,"123,760","118,060","154,720"
14740715,ASUS 지포스 GT730 SL D5 2GB,0,0,0,0,0,0,0,0,0,0,0,0,0,0,0,0,0,0,0,0,0,0,0,0,0,0,0,0,0,"120,610","120,610","120,610"
123589439,ASUS 지포스 RTX 5060 Ti OC D7 8GB T1 Edition 대원씨티에스,0,0,0,0,0,0,0,0,0,0,0,0,0,0,0,0,0,0,0,0,0,0,0,0,0,0,0,0,0,"828,970","828,970","828,970"
123588932,ASUS 지포스 RTX 5060 Ti OC D7 8GB T1 Edition 인텍앤컴퍼니,0,0,0,0,0,0,0,0,0,0,0,0,0,0,0,0,0,0,0,0,0,0,0,0,0,0,0,0,0,"829,000","829,000","829,000"
123589443,ASUS 지포스 RTX 5070 OC D7 12GB T1 Edition 대원씨티에스,0,0,0,0,0,0,0,0,0,0,0,0,0,0,0,0,0,0,0,0,0,0,0,0,0,0,0,0,0,"1,298,990","1,298,990","1,298,990"
123588962,ASUS 지포스 RTX 5070 OC D7 12GB T1 Edition 인텍앤컴퍼니,0,0,0,0,0,0,0,0,0,0,0,0,0,0,0,0,0,0,0,0,0,0,0,0,0,0,0,0,0,"1,298,990","1,298,990","1,298,990"
97476458,ASUS 지포스 RTX 5080 OC D7 16GB NOCTUA 대원씨티에스,0,0,0,0,0,0,0,0,0,0,0,0,0,0,0,0,0,0,0,0,0,0,0,0,0,0,0,0,0,"2,725,000","2,725,000","2,725,000"
97837445,ASUS 지포스 RTX 5080 OC D7 16GB NOCTUA 인텍앤컴퍼니,0,0,0,0,0,0,0,0,0,0,0,0,0,0,0,0,0,0,0,0,0,0,0,0,0,0,0,0,0,"2,359,180","2,250,090","2,759,000"
103880240,COLORFUL iGame 지포스 RTX 3050 ULTRA DUO OC V2 White D6 8GB 피씨디렉트,0,0,0,0,0,0,0,0,0,0,0,0,0,0,0,0,0,0,0,0,0,0,0,0,0,0,0,0,0,"469,990","469,990","470,000"
48648092,COLORFUL iGame 지포스 RTX 3050 Ultra DUO OC V2 D6 8GB White,0,0,0,0,0,0,0,0,0,0,0,0,0,0,0,0,0,0,0,0,0,0,0,0,0,0,0,0,0,"468,080","468,080","468,080"
108418784,COLORFUL iGame 지포스 RTX 5050 ULTRA DUO OC White D6 8GB 도우정보,0,0,0,0,0,0,0,0,0,0,0,0,0,0,0,0,0,0,0,0,0,0,0,0,0,0,0,0,0,"605,000","605,000","605,000"
93698225,COLORFUL iGame 지포스 RTX 5050 ULTRA DUO OC White D6 8GB 피씨디렉트,0,0,0,0,0,0,0,0,0,0,0,0,0,0,0,0,0,0,0,0,0,0,0,0,0,0,0,0,0,"568,000","568,000","569,000"
124021627,COLORFUL iGame 지포스 RTX 5060 Ti ULTRA DUO OC D7 16GB 도우정보,0,0,0,0,0,0,0,0,0,0,0,0,0,0,0,0,0,0,0,0,0,0,0,0,0,0,0,0,0,"890,370","849,210","1,219,000"
123802213,COLORFUL iGame 지포스 RTX 5060 Ti ULTRA DUO OC D7 16GB 피씨디렉트,0,0,0,0,0,0,0,0,0,0,0,0,0,0,0,0,0,0,0,0,0,0,0,0,0,0,0,0,0,"1,112,990","1,112,990","1,112,990"
124021618,COLORFUL iGame 지포스 RTX 5060 Ti ULTRA DUO OC White D7 16GB 도우정보,0,0,0,0,0,0,0,0,0,0,0,0,0,0,0,0,0,0,0,0,0,0,0,0,0,0,0,0,0,"1,219,000","1,218,990","1,219,000"
88233542,COLORFUL iGame 지포스 RTX 5060 Ti ULTRA DUO OC White D7 16GB 피씨디렉트,0,0,0,0,0,0,0,0,0,0,0,0,0,0,0,0,0,0,0,0,0,0,0,0,0,0,0,0,0,"1,103,980","1,103,980","1,112,990"
106711547,COLORFUL iGame 지포스 RTX 5060 Ti ULTRA DUO OC White D7 8GB 도우정보,0,0,0,0,0,0,0,0,0,0,0,0,0,0,0,0,0,0,0,0,0,0,0,0,0,0,0,0,0,"855,000","854,980","855,000"
89862188,COLORFUL iGame 지포스 RTX 5060 Ti ULTRA DUO OC White D7 8GB 피씨디렉트,0,0,0,0,0,0,0,0,0,0,0,0,0,0,0,0,0,0,0,0,0,0,0,0,0,0,0,0,0,"785,660","785,600","786,000"
122709552,COLORFUL iGame 지포스 RTX 5060 ULTRA DUO OC D7 8GB 도우정보,0,0,0,0,0,0,0,0,0,0,0,0,0,0,0,0,0,0,0,0,0,0,0,0,0,0,0,0,0,"607,580","579,500","759,500"
122724158,COLORFUL iGame 지포스 RTX 5060 ULTRA DUO OC D7 8GB 피씨디렉트,0,0,0,0,0,0,0,0,0,0,0,0,0,0,0,0,0,0,0,0,0,0,0,0,0,0,0,0,0,"695,970","695,970","695,970"
122709575,COLORFUL iGame 지포스 RTX 5060 ULTRA DUO OC White D7 8GB 도우정보,0,0,0,0,0,0,0,0,0,0,0,0,0,0,0,0,0,0,0,0,0,0,0,0,0,0,0,0,0,"741,010","741,000","741,010"
90960104,COLORFUL iGame 지포스 RTX 5060 ULTRA DUO OC White D7 8GB 피씨디렉트,0,0,0,0,0,0,0,0,0,0,0,0,0,0,0,0,0,0,0,0,0,0,0,0,0,0,0,0,0,"688,360","688,350","688,350"
122709701,COLORFUL iGame 지포스 RTX 5060 ULTRA OC D7 8GB 도우정보,0,0,0,0,0,0,0,0,0,0,0,0,0,0,0,0,0,0,0,0,0,0,0,0,0,0,0,0,0,"619,980","619,970","720,750"
90955439,COLORFUL iGame 지포스 RTX 5060 ULTRA OC White D7 8GB 피씨디렉트,0,0,0,0,0,0,0,0,0,0,0,0,0,0,0,0,0,0,0,0,0,0,0,0,0,0,0,0,0,"776,040","776,040","776,040"
122663769,COLORFUL iGame 지포스 RTX 5070 MINI OC White D7 12GB 도우정보,0,0,0,0,0,0,0,0,0,0,0,0,0,0,0,0,0,0,0,0,0,0,0,0,0,0,0,0,0,"1,143,180","1,090,330","1,498,900"
122709734,COLORFUL iGame 지포스 RTX 5070 Ti ULTRA OC SFF D7 16GB 도우정보,0,0,0,0,0,0,0,0,0,0,0,0,0,0,0,0,0,0,0,0,0,0,0,0,0,0,0,0,0,"1,487,980","1,419,180","1,930,000"
122692149,COLORFUL iGame 지포스 RTX 5070 Ti ULTRA OC SFF D7 16GB 피씨디렉트,0,0,0,0,0,0,0,0,0,0,0,0,0,0,0,0,0,0,0,0,0,0,0,0,0,0,0,0,0,"1,859,990","1,859,990","1,860,000"
123537806,COLORFUL iGame 지포스 RTX 5070 Ti ULTRA OC SFF White D7 16GB 도우정보,0,0,0,0,0,0,0,0,0,0,0,0,0,0,0,0,0,0,0,0,0,0,0,0,0,0,0,0,0,"1,929,980","1,929,980","1,930,000"
122724186,COLORFUL iGame 지포스 RTX 5070 Ti ULTRA OC SFF White D7 16GB 피씨디렉트,0,0,0,0,0,0,0,0,0,0,0,0,0,0,0,0,0,0,0,0,0,0,0,0,0,0,0,0,0,"1,860,000","1,860,000","1,869,000"
106711598,COLORFUL iGame 지포스 RTX 5070 Ti ULTRA OC White D7 16GB 도우정보,0,0,0,0,0,0,0,0,0,0,0,0,0,0,0,0,0,0,0,0,0,0,0,0,0,0,0,0,0,"1,930,000","1,930,000","1,930,000"
76511060,COLORFUL iGame 지포스 RTX 5070 Ti ULTRA OC White D7 16GB 피씨디렉트,0,0,0,0,0,0,0,0,0,0,0,0,0,0,0,0,0,0,0,0,0,0,0,0,0,0,0,0,0,"1,910,190","1,910,190","1,897,430"
122663332,COLORFUL iGame 지포스 RTX 5070 ULTRA OC D7 12GB 도우정보,0,0,0,0,0,0,0,0,0,0,0,0,0,0,0,0,0,0,0,0,0,0,0,0,0,0,0,0,0,"1,380,000","1,380,000","1,380,000"
122636526,COLORFUL iGame 지포스 RTX 5070 ULTRA OC D7 12GB 피씨디렉트,0,0,0,0,0,0,0,0,0,0,0,0,0,0,0,0,0,0,0,0,0,0,0,0,0,0,0,0,0,"1,060,760","1,011,720","1,325,980"
106711625,COLORFUL iGame 지포스 RTX 5070 ULTRA OC White D7 12GB 도우정보,0,0,0,0,0,0,0,0,0,0,0,0,0,0,0,0,0,0,0,0,0,0,0,0,0,0,0,0,0,"1,033,340","985,570","1,283,400"
77964722,COLORFUL iGame 지포스 RTX 5070 ULTRA OC White D7 12GB 피씨디렉트,0,0,0,0,0,0,0,0,0,0,0,0,0,0,0,0,0,0,0,0,0,0,0,0,0,0,0,0,0,"1,291,680","1,291,680","1,291,700"
122709745,COLORFUL iGame 지포스 RTX 5080 ULTRA OC D7 16GB 도우정보,0,0,0,0,0,0,0,0,0,0,0,0,0,0,0,0,0,0,0,0,0,0,0,0,0,0,0,0,0,"1,879,980","1,793,050","2,349,990"
122692119,COLORFUL iGame 지포스 RTX 5080 ULTRA OC V2 D7 16GB 피씨디렉트,0,0,0,0,0,0,0,0,0,0,0,0,0,0,0,0,0,0,0,0,0,0,0,0,0,0,0,0,0,"2,302,260","2,302,200","2,302,190"
106712012,COLORFUL iGame 지포스 RTX 5080 ULTRA OC White D7 16GB 도우정보,0,0,0,0,0,0,0,0,0,0,0,0,0,0,0,0,0,0,0,0,0,0,0,0,0,0,0,0,0,"1,773,990","1,773,980","2,325,000"
75536255,COLORFUL iGame 지포스 RTX 5080 ULTRA OC White D7 16GB 피씨디렉트,0,0,0,0,0,0,0,0,0,0,0,0,0,0,0,0,0,0,0,0,0,0,0,0,0,0,0,0,0,"2,320,000","2,320,000","2,325,000"
122663758,COLORFUL iGame 지포스 RTX 5080 VULCAN OC D7 16GB 도우정보,0,0,0,0,0,0,0,0,0,0,0,0,0,0,0,0,0,0,0,0,0,0,0,0,0,0,0,0,0,"2,199,980","2,098,250","2,750,000"
76508576,COLORFUL iGame 지포스 RTX 5080 Vulcan OC D7 16GB 피씨디렉트,0,0,0,0,0,0,0,0,0,0,0,0,0,0,0,0,0,0,0,0,0,0,0,0,0,0,0,0,0,"2,659,000","2,659,000","2,625,990"
122663438,COLORFUL 지포스 RTX 3050 BATTLE AX DUO V2 D6 8GB 도우정보,0,0,0,0,0,0,0,0,0,0,0,0,0,0,0,0,0,0,0,0,0,0,0,0,0,0,0,0,0,"420,000","420,000","420,000"
106712042,COLORFUL 지포스 RTX 3050 GAMING DUO V4 D6 6GB 도우정보,0,0,0,0,0,0,0,0,0,0,0,0,0,0,0,0,0,0,0,0,0,0,0,0,0,0,0,0,0,"405,000","405,000","405,000"
102004850,COLORFUL 지포스 RTX 3050 GAMING DUO V4 D6 6GB 피씨디렉트,0,0,0,0,0,0,0,0,0,0,0,0,0,0,0,0,0,0,0,0,0,0,0,0,0,0,0,0,0,"364,310","364,310","364,320"
20099003,COLORFUL 지포스 RTX 3050 토마호크 DUO V2 D6 8GB,0,0,0,0,0,0,0,0,0,0,0,0,0,0,0,0,0,0,0,0,0,0,0,0,0,0,0,0,0,"376,000","376,000","376,000"
78102494,COLORFUL 지포스 RTX 3050 토마호크 DUO V2 D6 8GB 피씨디렉트,0,0,0,0,0,0,0,0,0,0,0,0,0,0,0,0,0,0,0,0,0,0,0,0,0,0,0,0,0,"404,900","404,900","405,000"
123537832,COLORFUL 지포스 RTX 3060 BATTLE AX DUO V2 D6 12GB 도우정보,0,0,0,0,0,0,0,0,0,0,0,0,0,0,0,0,0,0,0,0,0,0,0,0,0,0,0,0,0,"575,000","575,000","575,000"
122724144,COLORFUL 지포스 RTX 3060 Battle AX DUO V2 D6 12GB 피씨디렉트,0,0,0,0,0,0,0,0,0,0,0,0,0,0,0,0,0,0,0,0,0,0,0,0,0,0,0,0,0,"515,980","515,980","516,000"
93502205,COLORFUL 지포스 RTX 5050 Battle AX DUO D6 8GB 피씨디렉트,0,0,0,0,0,0,0,0,0,0,0,0,0,0,0,0,0,0,0,0,0,0,0,0,0,0,0,0,0,"433,410","413,390","541,790"
108418823,COLORFUL 지포스 RTX 5050 GAMING DUO D6 8GB 도우정보,0,0,0,0,0,0,0,0,0,0,0,0,0,0,0,0,0,0,0,0,0,0,0,0,0,0,0,0,0,"590,000","590,000","590,000"
104966591,COLORFUL 지포스 RTX 5050 GAMING DUO D6 8GB 피씨디렉트,0,0,0,0,0,0,0,0,0,0,0,0,0,0,0,0,0,0,0,0,0,0,0,0,0,0,0,0,0,"431,490","411,560","539,390"
106712144,COLORFUL 지포스 RTX 5060 GAMING DUO D7 8GB 도우정보,0,0,0,0,0,0,0,0,0,0,0,0,0,0,0,0,0,0,0,0,0,0,0,0,0,0,0,0,0,"556,980","556,980","696,000"
100325213,COLORFUL 지포스 RTX 5060 GAMING DUO D7 8GB 피씨디렉트,0,0,0,0,0,0,0,0,0,0,0,0,0,0,0,0,0,0,0,0,0,0,0,0,0,0,0,0,0,"519,710","519,690","667,970"
106712198,COLORFUL 지포스 RTX 5060 Ti BATTLE AX DUO D7 16GB 도우정보,0,0,0,0,0,0,0,0,0,0,0,0,0,0,0,0,0,0,0,0,0,0,0,0,0,0,0,0,0,"863,180","823,280","1,079,000"
108418766,COLORFUL 지포스 RTX 5060 Ti GAMING DUO D7 16GB 도우정보,0,0,0,0,0,0,0,0,0,0,0,0,0,0,0,0,0,0,0,0,0,0,0,0,0,0,0,0,0,"943,980","900,340","1,180,000"
101725832,COLORFUL 지포스 RTX 5060 Ti GAMING DUO D7 16GB 피씨디렉트,0,0,0,0,0,0,0,0,0,0,0,0,0,0,0,0,0,0,0,0,0,0,0,0,0,0,0,0,0,"847,930","808,740","1,052,300"
106736336,COLORFUL 지포스 RTX 5060 Ti GAMING DUO D7 8GB 도우정보,0,0,0,0,0,0,0,0,0,0,0,0,0,0,0,0,0,0,0,0,0,0,0,0,0,0,0,0,0,"639,980","610,400","800,000"
101725700,COLORFUL 지포스 RTX 5060 Ti GAMING DUO D7 8GB 피씨디렉트,0,0,0,0,0,0,0,0,0,0,0,0,0,0,0,0,0,0,0,0,0,0,0,0,0,0,0,0,0,"583,800","556,820","729,970"
123802191,COLORFUL 지포스 RTX 5060 Ti GAMING DUO V2 D7 16GB 피씨디렉트,0,0,0,0,0,0,0,0,0,0,0,0,0,0,0,0,0,0,0,0,0,0,0,0,0,0,0,0,0,"1,057,950","1,057,950","1,057,950"
89862281,COLORFUL 지포스 RTX 5060 Ti 토마호크 DUO D7 8GB 피씨디렉트,0,0,0,0,0,0,0,0,0,0,0,0,0,0,0,0,0,0,0,0,0,0,0,0,0,0,0,0,0,"794,000","794,000","794,000"
106712105,COLORFUL 지포스 RTX 5070 GAMING D7 12GB 도우정보,0,0,0,0,0,0,0,0,0,0,0,0,0,0,0,0,0,0,0,0,0,0,0,0,0,0,0,0,0,"1,359,980","1,359,980","1,360,000"
101725835,COLORFUL 지포스 RTX 5070 GAMING D7 12GB 피씨디렉트,0,0,0,0,0,0,0,0,0,0,0,0,0,0,0,0,0,0,0,0,0,0,0,0,0,0,0,0,0,"1,016,780","969,780","1,271,000"
106712255,COLORFUL 지포스 RTX 5070 Ti BATTLE AX D7 16GB 도우정보,0,0,0,0,0,0,0,0,0,0,0,0,0,0,0,0,0,0,0,0,0,0,0,0,0,0,0,0,0,"1,463,980","1,396,290","1,830,000"
123860433,COLORFUL 지포스 RTX 5070 Ti BATTLE AX SFF D7 16GB 도우정보,0,0,0,0,0,0,0,0,0,0,0,0,0,0,0,0,0,0,0,0,0,0,0,0,0,0,0,0,0,"1,463,980","1,396,290","1,830,000"
123802262,COLORFUL 지포스 RTX 5070 Ti BATTLE AX SFF D7 16GB 피씨디렉트,0,0,0,0,0,0,0,0,0,0,0,0,0,0,0,0,0,0,0,0,0,0,0,0,0,0,0,0,0,"1,819,350","1,819,350","1,819,370"
77379113,COLORFUL 지포스 RTX 5070 Ti 토마호크 EX D7 16GB 피씨디렉트,0,0,0,0,0,0,0,0,0,0,0,0,0,0,0,0,0,0,0,0,0,0,0,0,0,0,0,0,0,"1,471,170","1,403,150","1,838,990"
122654946,DRAGON FORCE 지포스 GTX1660 SUPER D6 6GB NV,0,0,0,0,0,0,0,0,0,0,0,0,0,0,0,0,0,0,0,0,0,0,0,0,0,0,0,0,0,"287,760","287,760","287,760"
122637278,DRAGON FORCE 지포스 RTX 3050 D6 6GB,0,0,0,0,0,0,0,0,0,0,0,0,0,0,0,0,0,0,0,0,0,0,0,0,0,0,0,0,0,"346,600","346,540","346,420"
5406903,EVGA 파워링크 (해외구매),0,0,0,0,0,0,0,0,0,0,0,0,0,0,0,0,0,0,0,0,0,0,0,0,0,0,0,0,0,"36,590","36,590","36,590"
54101783,EXP GDC TH3P4G3 SFX (해외구매),0,0,0,0,0,0,0,0,0,0,0,0,0,0,0,0,0,0,0,0,0,0,0,0,0,0,0,0,0,"67,910","67,910","67,910"
122628272,FORSA 라데온 RX6600 PRISM,0,0,0,0,0,0,0,0,0,0,0,0,0,0,0,0,0,0,0,0,0,0,0,0,0,0,0,0,0,"359,090","359,070","358,980"
123621121,FORSA 라데온 RX6600M D6 8GB,0,0,0,0,0,0,0,0,0,0,0,0,0,0,0,0,0,0,0,0,0,0,0,0,0,0,0,0,0,"363,990","363,990","363,990"
124012767,FORSA 라데온 RX7600S NOVA,0,0,0,0,0,0,0,0,0,0,0,0,0,0,0,0,0,0,0,0,0,0,0,0,0,0,0,0,0,"444,770","444,770","444,770"
1878552,FORSA 지포스 G210 D3 512MB,0,0,0,0,0,0,0,0,0,0,0,0,0,0,0,0,0,0,0,0,0,0,0,0,0,0,0,0,0,"26,990","26,990","26,990"
123802291,FORSA 지포스 GT 1030DP EDITION,0,0,0,0,0,0,0,0,0,0,0,0,0,0,0,0,0,0,0,0,0,0,0,0,0,0,0,0,0,"126,990","126,990","125,380"
6725461,FORSA 지포스 GT1030 D5 2GB,0,0,0,0,0,0,0,0,0,0,0,0,0,0,0,0,0,0,0,0,0,0,0,0,0,0,0,0,0,"109,800","109,800","109,800"
20687381,FORSA 지포스 GT710 D3 2GB LP,0,0,0,0,0,0,0,0,0,0,0,0,0,0,0,0,0,0,0,0,0,0,0,0,0,0,0,0,0,"58,730","58,730","58,730"
95200559,FORSA 지포스 GT730 D3 2GB WIN,0,0,0,0,0,0,0,0,0,0,0,0,0,0,0,0,0,0,0,0,0,0,0,0,0,0,0,0,0,"63,900","63,900","63,900"
12373847,FORSA 지포스 GTX 1650 D6 4GB,0,0,0,0,0,0,0,0,0,0,0,0,0,0,0,0,0,0,0,0,0,0,0,0,0,0,0,0,0,"245,060","245,040","245,000"
10936446,FORSA 지포스 GTX 1660 SUPER K D6 6GB,0,0,0,0,0,0,0,0,0,0,0,0,0,0,0,0,0,0,0,0,0,0,0,0,0,0,0,0,0,"306,840","306,840","306,840"
13169082,FORSA 지포스 GTX 1660 SUPER X D6 6GB,0,0,0,0,0,0,0,0,0,0,0,0,0,0,0,0,0,0,0,0,0,0,0,0,0,0,0,0,0,"279,670","279,620","279,550"
5385778,FORSA 지포스 GTX1050 Ti D5 4GB DUAL,0,0,0,0,0,0,0,0,0,0,0,0,0,0,0,0,0,0,0,0,0,0,0,0,0,0,0,0,0,"191,050","191,050","191,050"
104966396,FORSA 지포스 RTX 3050 6GB White Cube,0,0,0,0,0,0,0,0,0,0,0,0,0,0,0,0,0,0,0,0,0,0,0,0,0,0,0,0,0,"342,000","342,000","342,000"
39030653,FORSA 지포스 RTX 3050 D6 6GB ONE COOL,0,0,0,0,0,0,0,0,0,0,0,0,0,0,0,0,0,0,0,0,0,0,0,0,0,0,0,0,0,"264,460","252,250","330,600"
123537793,FORSA 지포스 RTX 3050 SOLO 6GD6,0,0,0,0,0,0,0,0,0,0,0,0,0,0,0,0,0,0,0,0,0,0,0,0,0,0,0,0,0,"312,000","312,000","312,000"
52159256,FuriosaAI 퓨리오사 워보이 D4X 16GB,0,0,0,0,0,0,0,0,0,0,0,0,0,0,0,0,0,0,0,0,0,0,0,0,0,0,0,0,0,"3,200,000","3,200,000","3,200,000"
13493789,GAINWARD 지포스 GTX 1660 SUPER 고스트 V1 D6 6GB 백플레이트,0,0,0,0,0,0,0,0,0,0,0,0,0,0,0,0,0,0,0,0,0,0,0,0,0,0,0,0,0,"940,000","940,000","940,000"
16301504,GAINWARD 지포스 RTX 3050 고스트 D6 8GB,0,0,0,0,0,0,0,0,0,0,0,0,0,0,0,0,0,0,0,0,0,0,0,0,0,0,0,0,0,"547,130","547,130","547,130"
44217686,GAINWARD 지포스 RTX 3050 페가수스 D6 6GB,0,0,0,0,0,0,0,0,0,0,0,0,0,0,0,0,0,0,0,0,0,0,0,0,0,0,0,0,0,"284,380","271,250","355,500"
14824829,GAINWARD 지포스 RTX 3060 고스트 D6 12GB LHR,0,0,0,0,0,0,0,0,0,0,0,0,0,0,0,0,0,0,0,0,0,0,0,0,0,0,0,0,0,"1,134,050","1,134,050","1,134,050"
94445579,GAINWARD 지포스 RTX 5050 고스트 D6 8GB,0,0,0,0,0,0,0,0,0,0,0,0,0,0,0,0,0,0,0,0,0,0,0,0,0,0,0,0,0,"414,220","395,090","519,000"
81716594,GAINWARD 지포스 RTX 5060 Ti 고스트 D7 8GB,0,0,0,0,0,0,0,0,0,0,0,0,0,0,0,0,0,0,0,0,0,0,0,0,0,0,0,0,0,"631,170","602,000","788,990"
81716585,GAINWARD 지포스 RTX 5060 Ti 파이썬 III D7 16GB,0,0,0,0,0,0,0,0,0,0,0,0,0,0,0,0,0,0,0,0,0,0,0,0,0,0,0,0,0,"792,850","756,210","1,042,180"
90892928,GAINWARD 지포스 RTX 5060 고스트 D7 8GB,0,0,0,0,0,0,0,0,0,0,0,0,0,0,0,0,0,0,0,0,0,0,0,0,0,0,0,0,0,"563,180","537,160","704,000"
94445978,GAINWARD 지포스 RTX 5070 Ti 피닉스-S D7 16GB,0,0,0,0,0,0,0,0,0,0,0,0,0,0,0,0,0,0,0,0,0,0,0,0,0,0,0,0,0,"1,289,000","1,289,000","1,289,000"
106780118,GAINWARD 지포스 RTX 5070 Ti 피닉스-S GS OC D7 16GB,0,0,0,0,0,0,0,0,0,0,0,0,0,0,0,0,0,0,0,0,0,0,0,0,0,0,0,0,0,"1,476,820","1,476,810","1,846,050"
78982154,GAINWARD 지포스 RTX 5070 파이썬 III D7 12GB,0,0,0,0,0,0,0,0,0,0,0,0,0,0,0,0,0,0,0,0,0,0,0,0,0,0,0,0,0,"1,015,180","968,250","1,269,000"
105968504,GAINWARD 지포스 RTX 5070 파이썬 III OC D7 12GB,0,0,0,0,0,0,0,0,0,0,0,0,0,0,0,0,0,0,0,0,0,0,0,0,0,0,0,0,0,"1,269,000","1,269,000","1,329,000"
77382785,GAINWARD 지포스 RTX 5070 피닉스 D7 12GB,0,0,0,0,0,0,0,0,0,0,0,0,0,0,0,0,0,0,0,0,0,0,0,0,0,0,0,0,0,"1,304,860","1,304,860","1,304,860"
75601394,GAINWARD 지포스 RTX 5080 피닉스 D7 16GB,0,0,0,0,0,0,0,0,0,0,0,0,0,0,0,0,0,0,0,0,0,0,0,0,0,0,0,0,0,"1,823,180","1,738,880","2,279,000"
75991625,GAINWARD 지포스 RTX 5090 팬텀 D7 32GB,0,0,0,0,0,0,0,0,0,0,0,0,0,0,0,0,0,0,0,0,0,0,0,0,0,0,0,0,0,"7,895,000","7,895,000","7,898,990"
90889598,GIGABYTE AORUS 지포스 RTX 5060 ELITE D7 8GB 피씨디렉트,0,0,0,0,0,0,0,0,0,0,0,0,0,0,0,0,0,0,0,0,0,0,0,0,0,0,0,0,0,"3,003,330","3,003,330","3,003,330"
123981228,GIGABYTE AORUS 지포스 RTX 5060 Ti AI BOX D7 16GB 피씨디렉트,0,0,0,0,0,0,0,0,0,0,0,0,0,0,0,0,0,0,0,0,0,0,0,0,0,0,0,0,0,가격비교예정,가격비교예정,가격비교예정
123981266,GIGABYTE AORUS 지포스 RTX 5070 INFINITY D7 12GB 제이씨현,0,0,0,0,0,0,0,0,0,0,0,0,0,0,0,0,0,0,0,0,0,0,0,0,0,0,0,0,0,"1,546,990","1,546,990","1,546,990"
123802150,GIGABYTE AORUS 지포스 RTX 5070 INFINITY D7 12GB 피씨디렉트,0,0,0,0,0,0,0,0,0,0,0,0,0,0,0,0,0,0,0,0,0,0,0,0,0,0,0,0,0,"1,537,620","1,537,600","1,508,800"
77319458,GIGABYTE AORUS 지포스 RTX 5070 MASTER D7 12GB 제이씨현,0,0,0,0,0,0,0,0,0,0,0,0,0,0,0,0,0,0,0,0,0,0,0,0,0,0,0,0,0,"1,380,000","1,380,000","1,380,000"
77312321,GIGABYTE AORUS 지포스 RTX 5070 MASTER D7 12GB 피씨디렉트,0,0,0,0,0,0,0,0,0,0,0,0,0,0,0,0,0,0,0,0,0,0,0,0,0,0,0,0,0,"1,149,970","1,096,810","1,437,490"
123743494,GIGABYTE AORUS 지포스 RTX 5070 Ti INFINITY D7 16GB 제이씨현,0,0,0,0,0,0,0,0,0,0,0,0,0,0,0,0,0,0,0,0,0,0,0,0,0,0,0,0,0,"2,119,980","2,119,980","2,119,980"
122829828,GIGABYTE AORUS 지포스 RTX 5070 Ti INFINITY D7 16GB 피씨디렉트,0,0,0,0,0,0,0,0,0,0,0,0,0,0,0,0,0,0,0,0,0,0,0,0,0,0,0,0,0,"2,152,620","2,152,600","2,152,550"
76551029,GIGABYTE AORUS 지포스 RTX 5070 Ti MASTER D7 16GB 제이씨현,0,0,0,0,0,0,0,0,0,0,0,0,0,0,0,0,0,0,0,0,0,0,0,0,0,0,0,0,0,"4,750,000","4,750,000","4,750,000"
123590291,GIGABYTE AORUS 지포스 RTX 5080 INFINITY D7 16GB 제이씨현,0,0,0,0,0,0,0,0,0,0,0,0,0,0,0,0,0,0,0,0,0,0,0,0,0,0,0,0,0,"2,888,880","2,888,880","2,888,880"
122726535,GIGABYTE AORUS 지포스 RTX 5080 INFINITY D7 16GB 피씨디렉트,0,0,0,0,0,0,0,0,0,0,0,0,0,0,0,0,0,0,0,0,0,0,0,0,0,0,0,0,0,"2,331,310","2,223,510","2,914,160"
123590266,GIGABYTE AORUS 지포스 RTX 5080 INFINITY WOOD D7 16GB 제이씨현,0,0,0,0,0,0,0,0,0,0,0,0,0,0,0,0,0,0,0,0,0,0,0,0,0,0,0,0,0,"2,929,390","2,929,190","2,929,090"
122726547,GIGABYTE AORUS 지포스 RTX 5080 INFINITY WOOD D7 16GB 피씨디렉트,0,0,0,0,0,0,0,0,0,0,0,0,0,0,0,0,0,0,0,0,0,0,0,0,0,0,0,0,0,"2,949,800","2,949,800","2,949,790"
75184259,GIGABYTE AORUS 지포스 RTX 5080 MASTER D7 16GB 제이씨현,0,0,0,0,0,0,0,0,0,0,0,0,0,0,0,0,0,0,0,0,0,0,0,0,0,0,0,0,0,"2,116,400","2,018,540","2,675,840"
75074210,GIGABYTE AORUS 지포스 RTX 5080 MASTER D7 16GB 피씨디렉트,0,0,0,0,0,0,0,0,0,0,0,0,0,0,0,0,0,0,0,0,0,0,0,0,0,0,0,0,0,"2,129,120","2,030,670","2,603,300"
75184262,GIGABYTE AORUS 지포스 RTX 5080 MASTER ICE D7 16GB 제이씨현,0,0,0,0,0,0,0,0,0,0,0,0,0,0,0,0,0,0,0,0,0,0,0,0,0,0,0,0,0,"2,969,990","2,969,970","2,969,920"
75074258,GIGABYTE AORUS 지포스 RTX 5080 MASTER ICE D7 16GB 피씨디렉트,0,0,0,0,0,0,0,0,0,0,0,0,0,0,0,0,0,0,0,0,0,0,0,0,0,0,0,0,0,"2,963,940","2,963,890","2,963,770"
75536588,GIGABYTE AORUS 지포스 RTX 5080 XTREME 워터포스 D7 16GB 제이씨현,0,0,0,0,0,0,0,0,0,0,0,0,0,0,0,0,0,0,0,0,0,0,0,0,0,0,0,0,0,"2,599,000","2,599,000","2,599,000"
75074405,GIGABYTE AORUS 지포스 RTX 5080 XTREME 워터포스 D7 16GB 피씨디렉트,0,0,0,0,0,0,0,0,0,0,0,0,0,0,0,0,0,0,0,0,0,0,0,0,0,0,0,0,0,"2,888,990","2,888,990","2,888,990"
99128606,GIGABYTE AORUS 지포스 RTX 5090 AI BOX D7 32GB 제이씨현,0,0,0,0,0,0,0,0,0,0,0,0,0,0,0,0,0,0,0,0,0,0,0,0,0,0,0,0,0,"8,063,590","8,063,390","8,063,280"
98412476,GIGABYTE AORUS 지포스 RTX 5090 AI BOX D7 32GB 피씨디렉트,0,0,0,0,0,0,0,0,0,0,0,0,0,0,0,0,0,0,0,0,0,0,0,0,0,0,0,0,0,"8,069,990","8,059,990","8,023,660"
122709213,GIGABYTE AORUS 지포스 RTX 5090 INFINITY D7 32GB 제이씨현,0,0,0,0,0,0,0,0,0,0,0,0,0,0,0,0,0,0,0,0,0,0,0,0,0,0,0,0,0,"7,095,170","6,788,770","8,868,990"
122717694,GIGABYTE AORUS 지포스 RTX 5090 INFINITY D7 32GB 피씨디렉트,0,0,0,0,0,0,0,0,0,0,0,0,0,0,0,0,0,0,0,0,0,0,0,0,0,0,0,0,0,"8,734,620","8,734,620","8,734,620"
75184274,GIGABYTE AORUS 지포스 RTX 5090 MASTER D7 32GB 제이씨현,0,0,0,0,0,0,0,0,0,0,0,0,0,0,0,0,0,0,0,0,0,0,0,0,0,0,0,0,0,"6,175,650","5,890,050","7,657,000"
75184226,GIGABYTE AORUS 지포스 RTX 5090 MASTER D7 32GB 피씨디렉트,0,0,0,0,0,0,0,0,0,0,0,0,0,0,0,0,0,0,0,0,0,0,0,0,0,0,0,0,0,"8,032,680","8,032,680","8,032,680"
75184277,GIGABYTE AORUS 지포스 RTX 5090 MASTER ICE D7 32GB 제이씨현,0,0,0,0,0,0,0,0,0,0,0,0,0,0,0,0,0,0,0,0,0,0,0,0,0,0,0,0,0,"7,998,960","7,998,940","7,998,890"
75184229,GIGABYTE AORUS 지포스 RTX 5090 MASTER ICE D7 32GB 피씨디렉트,0,0,0,0,0,0,0,0,0,0,0,0,0,0,0,0,0,0,0,0,0,0,0,0,0,0,0,0,0,"8,147,000","8,147,000","8,147,000"
93382736,GIGABYTE AORUS 지포스 RTX 5090 STEALTH ICE D7 32GB 제이씨현,0,0,0,0,0,0,0,0,0,0,0,0,0,0,0,0,0,0,0,0,0,0,0,0,0,0,0,0,0,"8,049,990","8,049,990","8,049,990"
92966027,GIGABYTE AORUS 지포스 RTX 5090 STEALTH ICE D7 32GB 피씨디렉트,0,0,0,0,0,0,0,0,0,0,0,0,0,0,0,0,0,0,0,0,0,0,0,0,0,0,0,0,0,"8,082,490","8,082,490","8,082,490"
75536696,GIGABYTE AORUS 지포스 RTX 5090 XTREME 워터포스 D7 32GB 제이씨현,0,0,0,0,0,0,0,0,0,0,0,0,0,0,0,0,0,0,0,0,0,0,0,0,0,0,0,0,0,"7,920,500","7,920,500","7,920,500"
75184235,GIGABYTE AORUS 지포스 RTX 5090 XTREME 워터포스 D7 32GB 피씨디렉트,0,0,0,0,0,0,0,0,0,0,0,0,0,0,0,0,0,0,0,0,0,0,0,0,0,0,0,0,0,"8,247,000","8,247,000","8,247,000"
75536777,GIGABYTE AORUS 지포스 RTX 5090 XTREME 워터포스 WB D7 32GB 제이씨현,0,0,0,0,0,0,0,0,0,0,0,0,0,0,0,0,0,0,0,0,0,0,0,0,0,0,0,0,0,"8,099,990","8,099,990","8,099,990"
75184232,GIGABYTE AORUS 지포스 RTX 5090 XTREME 워터포스 WB D7 32GB 피씨디렉트,0,0,0,0,0,0,0,0,0,0,0,0,0,0,0,0,0,0,0,0,0,0,0,0,0,0,0,0,0,"8,032,490","8,032,470","8,032,420"
99736931,GIGABYTE 라데온 AI PRO R9700 AI TOP D6 32GB 제이씨현,0,0,0,0,0,0,0,0,0,0,0,0,0,0,0,0,0,0,0,0,0,0,0,0,0,0,0,0,0,"2,239,170","2,135,630","2,798,990"
99714743,GIGABYTE 라데온 AI PRO R9700 AI TOP D6 32GB 피씨디렉트,0,0,0,0,0,0,0,0,0,0,0,0,0,0,0,0,0,0,0,0,0,0,0,0,0,0,0,0,0,"2,177,580","2,076,890","2,721,990"
20350115,GIGABYTE 라데온 RX 7600 GAMING OC D6 8GB 제이씨현,0,0,0,0,0,0,0,0,0,0,0,0,0,0,0,0,0,0,0,0,0,0,0,0,0,0,0,0,0,"343,180","327,330","429,000"
91867850,GIGABYTE 라데온 RX 9060 XT Gaming D6 8GB 제이씨현,0,0,0,0,0,0,0,0,0,0,0,0,0,0,0,0,0,0,0,0,0,0,0,0,0,0,0,0,0,"649,990","649,990","649,990"
91908533,GIGABYTE 라데온 RX 9060 XT Gaming D6 8GB 피씨디렉트,0,0,0,0,0,0,0,0,0,0,0,0,0,0,0,0,0,0,0,0,0,0,0,0,0,0,0,0,0,"1,589,590","1,589,590","1,589,590"
91908590,GIGABYTE 라데온 RX 9060 XT Gaming OC D6 16GB 피씨디렉트,0,0,0,0,0,0,0,0,0,0,0,0,0,0,0,0,0,0,0,0,0,0,0,0,0,0,0,0,0,"675,480","644,260","820,360"
91908554,GIGABYTE 라데온 RX 9060 XT Gaming OC D6 8GB 피씨디렉트,0,0,0,0,0,0,0,0,0,0,0,0,0,0,0,0,0,0,0,0,0,0,0,0,0,0,0,0,0,"688,990","688,990","688,990"
99128558,GIGABYTE 라데온 RX 9060 XT Gaming OC ICE D6 16GB 제이씨현,0,0,0,0,0,0,0,0,0,0,0,0,0,0,0,0,0,0,0,0,0,0,0,0,0,0,0,0,0,"789,990","789,990","789,990"
99288071,GIGABYTE 라데온 RX 9060 XT Gaming OC ICE D6 16GB 피씨디렉트,0,0,0,0,0,0,0,0,0,0,0,0,0,0,0,0,0,0,0,0,0,0,0,0,0,0,0,0,0,"842,500","842,480","842,680"
77382860,GIGABYTE 라데온 RX 9070 GAMING OC D6 16GB 피씨디렉트,0,0,0,0,0,0,0,0,0,0,0,0,0,0,0,0,0,0,0,0,0,0,0,0,0,0,0,0,0,"860,090","820,340","1,075,140"
122707736,GIGABYTE 라데온 RX 9070 GRE Gaming OC D6 12GB 제이씨현,0,0,0,0,0,0,0,0,0,0,0,0,0,0,0,0,0,0,0,0,0,0,0,0,0,0,0,0,0,"775,820","739,960","969,800"
77382896,GIGABYTE 라데온 RX 9070 XT GAMING OC D6 16GB 제이씨현,0,0,0,0,0,0,0,0,0,0,0,0,0,0,0,0,0,0,0,0,0,0,0,0,0,0,0,0,0,"1,098,030","1,047,270","1,372,560"
77382845,GIGABYTE 라데온 RX 9070 XT GAMING OC D6 16GB 피씨디렉트,0,0,0,0,0,0,0,0,0,0,0,0,0,0,0,0,0,0,0,0,0,0,0,0,0,0,0,0,0,"1,052,770","1,004,100","1,316,810"
99128543,GIGABYTE 라데온 RX 9070 XT GAMING OC ICE D6 16GB 제이씨현,0,0,0,0,0,0,0,0,0,0,0,0,0,0,0,0,0,0,0,0,0,0,0,0,0,0,0,0,0,"1,199,170","1,143,730","1,498,990"
99288146,GIGABYTE 라데온 RX 9070 XT GAMING OC ICE D6 16GB 피씨디렉트,0,0,0,0,0,0,0,0,0,0,0,0,0,0,0,0,0,0,0,0,0,0,0,0,0,0,0,0,0,"1,167,170","1,113,210","1,458,990"
14092100,GIGABYTE 지포스 GT1030 UD2 D4 2GB 미니미 피씨디렉트,0,0,0,0,0,0,0,0,0,0,0,0,0,0,0,0,0,0,0,0,0,0,0,0,0,0,0,0,0,"191,710","191,710","191,710"
46003325,GIGABYTE 지포스 RTX 3050 WINDFORCE OC D6 6GB 피씨디렉트,0,0,0,0,0,0,0,0,0,0,0,0,0,0,0,0,0,0,0,0,0,0,0,0,0,0,0,0,0,"365,750","365,750","365,750"
19772933,GIGABYTE 지포스 RTX 3050 WINDFORCE OC D6 8GB 피씨디렉트,0,0,0,0,0,0,0,0,0,0,0,0,0,0,0,0,0,0,0,0,0,0,0,0,0,0,0,0,0,"398,000","398,000","398,000"
71901731,GIGABYTE 지포스 RTX 3050 WINDFORCE OC V2 D6 6GB 제이씨현,0,0,0,0,0,0,0,0,0,0,0,0,0,0,0,0,0,0,0,0,0,0,0,0,0,0,0,0,0,"291,170","277,730","362,990"
71973218,GIGABYTE 지포스 RTX 3050 WINDFORCE OC V2 D6 6GB 피씨디렉트,0,0,0,0,0,0,0,0,0,0,0,0,0,0,0,0,0,0,0,0,0,0,0,0,0,0,0,0,0,"282,430","269,390","353,060"
72676730,GIGABYTE 지포스 RTX 3060 GAMING OC V2 D6 8GB 피씨디렉트,0,0,0,0,0,0,0,0,0,0,0,0,0,0,0,0,0,0,0,0,0,0,0,0,0,0,0,0,0,"517,000","517,000","517,000"
17658824,GIGABYTE 지포스 RTX 3060 WINDFORCE OC D6 12GB 제이씨현,0,0,0,0,0,0,0,0,0,0,0,0,0,0,0,0,0,0,0,0,0,0,0,0,0,0,0,0,0,"533,240","533,220","527,700"
17658794,GIGABYTE 지포스 RTX 3060 WINDFORCE OC D6 12GB 피씨디렉트,0,0,0,0,0,0,0,0,0,0,0,0,0,0,0,0,0,0,0,0,0,0,0,0,0,0,0,0,0,"527,380","527,380","527,380"
14857991,GIGABYTE 지포스 RTX 3070 GAMING OC V2 D6 8GB 피씨디렉트,0,0,0,0,0,0,0,0,0,0,0,0,0,0,0,0,0,0,0,0,0,0,0,0,0,0,0,0,0,"805,000","805,000","805,000"
20730644,GIGABYTE 지포스 RTX 4060 Ti WINDFORCE OC D6 8GB 제이씨현,0,0,0,0,0,0,0,0,0,0,0,0,0,0,0,0,0,0,0,0,0,0,0,0,0,0,0,0,0,"2,668,930","2,668,930","2,668,930"
20611055,GIGABYTE 지포스 RTX 4060 Ti WINDFORCE OC D6 8GB 피씨디렉트,0,0,0,0,0,0,0,0,0,0,0,0,0,0,0,0,0,0,0,0,0,0,0,0,0,0,0,0,0,"1,153,400","1,153,400","1,153,400"
32493785,GIGABYTE 지포스 RTX 4070 SUPER GAMING OC D6X 12GB 제이씨현,0,0,0,0,0,0,0,0,0,0,0,0,0,0,0,0,0,0,0,0,0,0,0,0,0,0,0,0,0,"5,351,290","5,351,290","5,351,290"
32494484,GIGABYTE 지포스 RTX 4070 SUPER GAMING OC D6X 12GB 피씨디렉트,0,0,0,0,0,0,0,0,0,0,0,0,0,0,0,0,0,0,0,0,0,0,0,0,0,0,0,0,0,"5,351,290","5,351,290","5,351,290"
93698783,GIGABYTE 지포스 RTX 5050 GAMING OC D6 8GB 제이씨현,0,0,0,0,0,0,0,0,0,0,0,0,0,0,0,0,0,0,0,0,0,0,0,0,0,0,0,0,0,"583,330","583,330","583,330"
93386549,GIGABYTE 지포스 RTX 5050 GAMING OC D6 8GB 피씨디렉트,0,0,0,0,0,0,0,0,0,0,0,0,0,0,0,0,0,0,0,0,0,0,0,0,0,0,0,0,0,"626,240","626,230","627,110"
93698933,GIGABYTE 지포스 RTX 5050 UD2 OC D6 8GB Nano LP 제이씨현,0,0,0,0,0,0,0,0,0,0,0,0,0,0,0,0,0,0,0,0,0,0,0,0,0,0,0,0,0,"515,000","515,000","515,000"
93386588,GIGABYTE 지포스 RTX 5050 UD2 OC D6 8GB Nano LP 피씨디렉트,0,0,0,0,0,0,0,0,0,0,0,0,0,0,0,0,0,0,0,0,0,0,0,0,0,0,0,0,0,"622,970","622,970","622,970"
93698855,GIGABYTE 지포스 RTX 5050 WINDFORCE OC D6 8GB 제이씨현,0,0,0,0,0,0,0,0,0,0,0,0,0,0,0,0,0,0,0,0,0,0,0,0,0,0,0,0,0,"423,170","403,620","496,800"
93386564,GIGABYTE 지포스 RTX 5050 WINDFORCE OC D6 8GB 피씨디렉트,0,0,0,0,0,0,0,0,0,0,0,0,0,0,0,0,0,0,0,0,0,0,0,0,0,0,0,0,0,"438,380","418,130","548,000"
90892943,GIGABYTE 지포스 RTX 5060 AERO OC D7 8GB 제이씨현,0,0,0,0,0,0,0,0,0,0,0,0,0,0,0,0,0,0,0,0,0,0,0,0,0,0,0,0,0,"567,170","540,960","709,000"
90889754,GIGABYTE 지포스 RTX 5060 AERO OC D7 8GB 피씨디렉트,0,0,0,0,0,0,0,0,0,0,0,0,0,0,0,0,0,0,0,0,0,0,0,0,0,0,0,0,0,"555,550","529,880","706,490"
94569131,GIGABYTE 지포스 RTX 5060 EAGLE MAX OC D7 8GB 제이씨현,0,0,0,0,0,0,0,0,0,0,0,0,0,0,0,0,0,0,0,0,0,0,0,0,0,0,0,0,0,"544,060","518,920","680,100"
97364696,GIGABYTE 지포스 RTX 5060 EAGLE MAX OC D7 8GB 피씨디렉트,0,0,0,0,0,0,0,0,0,0,0,0,0,0,0,0,0,0,0,0,0,0,0,0,0,0,0,0,0,"543,950","518,820","679,950"
90892949,GIGABYTE 지포스 RTX 5060 EAGLE OC D7 8GB 제이씨현,0,0,0,0,0,0,0,0,0,0,0,0,0,0,0,0,0,0,0,0,0,0,0,0,0,0,0,0,0,"689,000","689,000","689,000"
90889817,GIGABYTE 지포스 RTX 5060 EAGLE OC D7 8GB 피씨디렉트,0,0,0,0,0,0,0,0,0,0,0,0,0,0,0,0,0,0,0,0,0,0,0,0,0,0,0,0,0,"668,700","668,680","684,980"
90892955,GIGABYTE 지포스 RTX 5060 EAGLE OC ICE D7 8GB 제이씨현,0,0,0,0,0,0,0,0,0,0,0,0,0,0,0,0,0,0,0,0,0,0,0,0,0,0,0,0,0,"684,990","684,990","684,990"
90889790,GIGABYTE 지포스 RTX 5060 EAGLE OC ICE D7 8GB 피씨디렉트,0,0,0,0,0,0,0,0,0,0,0,0,0,0,0,0,0,0,0,0,0,0,0,0,0,0,0,0,0,"682,480","682,480","682,480"
90892958,GIGABYTE 지포스 RTX 5060 GAMING OC D7 8GB 제이씨현,0,0,0,0,0,0,0,0,0,0,0,0,0,0,0,0,0,0,0,0,0,0,0,0,0,0,0,0,0,"567,180","540,970","709,000"
90889682,GIGABYTE 지포스 RTX 5060 GAMING OC D7 8GB 피씨디렉트,0,0,0,0,0,0,0,0,0,0,0,0,0,0,0,0,0,0,0,0,0,0,0,0,0,0,0,0,0,"552,680","527,140","690,490"
123743015,GIGABYTE 지포스 RTX 5060 GAMING OC V2 D7 8GB 제이씨현,0,0,0,0,0,0,0,0,0,0,0,0,0,0,0,0,0,0,0,0,0,0,0,0,0,0,0,0,0,"735,000","735,000","735,000"
122678887,GIGABYTE 지포스 RTX 5060 GAMING OC V2 D7 8GB 피씨디렉트,0,0,0,0,0,0,0,0,0,0,0,0,0,0,0,0,0,0,0,0,0,0,0,0,0,0,0,0,0,"704,180","704,180","704,180"
88132187,GIGABYTE 지포스 RTX 5060 Ti AERO OC D7 8GB 제이씨현,0,0,0,0,0,0,0,0,0,0,0,0,0,0,0,0,0,0,0,0,0,0,0,0,0,0,0,0,0,"852,000","852,000","852,000"
81716078,GIGABYTE 지포스 RTX 5060 Ti AERO OC D7 8GB 피씨디렉트,0,0,0,0,0,0,0,0,0,0,0,0,0,0,0,0,0,0,0,0,0,0,0,0,0,0,0,0,0,"669,170","669,160","826,580"
103481879,GIGABYTE 지포스 RTX 5060 Ti EAGLE MAX OC D7 8GB 제이씨현,0,0,0,0,0,0,0,0,0,0,0,0,0,0,0,0,0,0,0,0,0,0,0,0,0,0,0,0,0,"799,000","799,000","799,000"
94691930,GIGABYTE 지포스 RTX 5060 Ti EAGLE MAX OC D7 8GB 피씨디렉트,0,0,0,0,0,0,0,0,0,0,0,0,0,0,0,0,0,0,0,0,0,0,0,0,0,0,0,0,0,"606,590","606,590","795,000"
88132232,GIGABYTE 지포스 RTX 5060 Ti EAGLE OC D7 8GB 제이씨현,0,0,0,0,0,0,0,0,0,0,0,0,0,0,0,0,0,0,0,0,0,0,0,0,0,0,0,0,0,"774,990","774,990","774,990"
81716102,GIGABYTE 지포스 RTX 5060 Ti EAGLE OC D7 8GB 피씨디렉트,0,0,0,0,0,0,0,0,0,0,0,0,0,0,0,0,0,0,0,0,0,0,0,0,0,0,0,0,0,"802,980","799,450","821,750"
88132265,GIGABYTE 지포스 RTX 5060 Ti EAGLE OC ICE D7 8GB 제이씨현,0,0,0,0,0,0,0,0,0,0,0,0,0,0,0,0,0,0,0,0,0,0,0,0,0,0,0,0,0,"836,500","836,500","836,500"
81716123,GIGABYTE 지포스 RTX 5060 Ti EAGLE OC ICE D7 8GB 피씨디렉트,0,0,0,0,0,0,0,0,0,0,0,0,0,0,0,0,0,0,0,0,0,0,0,0,0,0,0,0,0,"655,160","655,150","798,570"
88132295,GIGABYTE 지포스 RTX 5060 Ti GAMING OC D7 8GB 제이씨현,0,0,0,0,0,0,0,0,0,0,0,0,0,0,0,0,0,0,0,0,0,0,0,0,0,0,0,0,0,"857,370","857,310","827,070"
81716057,GIGABYTE 지포스 RTX 5060 Ti GAMING OC D7 8GB 피씨디렉트,0,0,0,0,0,0,0,0,0,0,0,0,0,0,0,0,0,0,0,0,0,0,0,0,0,0,0,0,0,"661,230","630,670","826,550"
88132328,GIGABYTE 지포스 RTX 5060 Ti WINDFORCE D7 8GB 제이씨현,0,0,0,0,0,0,0,0,0,0,0,0,0,0,0,0,0,0,0,0,0,0,0,0,0,0,0,0,0,"889,350","889,350","889,350"
81716264,GIGABYTE 지포스 RTX 5060 Ti WINDFORCE D7 8GB 피씨디렉트,0,0,0,0,0,0,0,0,0,0,0,0,0,0,0,0,0,0,0,0,0,0,0,0,0,0,0,0,0,"801,900","801,900","801,900"
94028903,GIGABYTE 지포스 RTX 5060 Ti WINDFORCE MAX OC D7 16GB 제이씨현,0,0,0,0,0,0,0,0,0,0,0,0,0,0,0,0,0,0,0,0,0,0,0,0,0,0,0,0,0,"882,000","882,000","882,000"
93704792,GIGABYTE 지포스 RTX 5060 Ti WINDFORCE MAX OC D7 16GB 피씨디렉트,0,0,0,0,0,0,0,0,0,0,0,0,0,0,0,0,0,0,0,0,0,0,0,0,0,0,0,0,0,"899,000","899,000","899,000"
94028864,GIGABYTE 지포스 RTX 5060 Ti WINDFORCE MAX OC D7 8GB 제이씨현,0,0,0,0,0,0,0,0,0,0,0,0,0,0,0,0,0,0,0,0,0,0,0,0,0,0,0,0,0,"603,390","603,390","773,260"
93704759,GIGABYTE 지포스 RTX 5060 Ti WINDFORCE MAX OC D7 8GB 피씨디렉트,0,0,0,0,0,0,0,0,0,0,0,0,0,0,0,0,0,0,0,0,0,0,0,0,0,0,0,0,0,"679,000","679,000","679,000"
81715985,GIGABYTE 지포스 RTX 5060 Ti WINDFORCE OC D7 16GB 피씨디렉트,0,0,0,0,0,0,0,0,0,0,0,0,0,0,0,0,0,0,0,0,0,0,0,0,0,0,0,0,0,"713,090","718,690","934,580"
88132310,GIGABYTE 지포스 RTX 5060 Ti WINDFORCE OC D7 8GB 제이씨현,0,0,0,0,0,0,0,0,0,0,0,0,0,0,0,0,0,0,0,0,0,0,0,0,0,0,0,0,0,"786,750","786,730","795,400"
81716255,GIGABYTE 지포스 RTX 5060 Ti WINDFORCE OC D7 8GB 피씨디렉트,0,0,0,0,0,0,0,0,0,0,0,0,0,0,0,0,0,0,0,0,0,0,0,0,0,0,0,0,0,"798,890","798,890","798,870"
90892964,GIGABYTE 지포스 RTX 5060 UD2 OC D7 8GB Nano LP 제이씨현,0,0,0,0,0,0,0,0,0,0,0,0,0,0,0,0,0,0,0,0,0,0,0,0,0,0,0,0,0,"710,000","710,000","710,000"
90889937,GIGABYTE 지포스 RTX 5060 UD2 OC D7 8GB Nano LP 피씨디렉트,0,0,0,0,0,0,0,0,0,0,0,0,0,0,0,0,0,0,0,0,0,0,0,0,0,0,0,0,0,"709,000","709,000","709,000"
90892967,GIGABYTE 지포스 RTX 5060 WINDFORCE D7 8GB 제이씨현,0,0,0,0,0,0,0,0,0,0,0,0,0,0,0,0,0,0,0,0,0,0,0,0,0,0,0,0,0,"828,140","828,140","828,140"
90889892,GIGABYTE 지포스 RTX 5060 WINDFORCE D7 8GB 피씨디렉트,0,0,0,0,0,0,0,0,0,0,0,0,0,0,0,0,0,0,0,0,0,0,0,0,0,0,0,0,0,"850,000","850,000","850,000"
94028963,GIGABYTE 지포스 RTX 5060 WINDFORCE MAX OC D7 8GB 제이씨현,0,0,0,0,0,0,0,0,0,0,0,0,0,0,0,0,0,0,0,0,0,0,0,0,0,0,0,0,0,"528,430","528,420","669,990"
93704816,GIGABYTE 지포스 RTX 5060 WINDFORCE MAX OC D7 8GB 피씨디렉트,0,0,0,0,0,0,0,0,0,0,0,0,0,0,0,0,0,0,0,0,0,0,0,0,0,0,0,0,0,"519,820","495,800","659,780"
122726650,GIGABYTE 지포스 RTX 5060 WINDFORCE MAX OC V2 D7 8GB 제이씨현,0,0,0,0,0,0,0,0,0,0,0,0,0,0,0,0,0,0,0,0,0,0,0,0,0,0,0,0,0,"699,900","699,900","699,900"
123805994,GIGABYTE 지포스 RTX 5060 WINDFORCE MAX OC V2 D7 8GB 피씨디렉트,0,0,0,0,0,0,0,0,0,0,0,0,0,0,0,0,0,0,0,0,0,0,0,0,0,0,0,0,0,"676,430","676,410","676,420"
90892970,GIGABYTE 지포스 RTX 5060 WINDFORCE OC D7 8GB 제이씨현,0,0,0,0,0,0,0,0,0,0,0,0,0,0,0,0,0,0,0,0,0,0,0,0,0,0,0,0,0,"678,990","678,990","678,990"
90889865,GIGABYTE 지포스 RTX 5060 WINDFORCE OC D7 8GB 피씨디렉트,0,0,0,0,0,0,0,0,0,0,0,0,0,0,0,0,0,0,0,0,0,0,0,0,0,0,0,0,0,"671,050","671,010","678,800"
77319503,GIGABYTE 지포스 RTX 5070 AERO OC D7 12GB 제이씨현,0,0,0,0,0,0,0,0,0,0,0,0,0,0,0,0,0,0,0,0,0,0,0,0,0,0,0,0,0,"1,107,970","1,056,750","1,328,990"
77312378,GIGABYTE 지포스 RTX 5070 AERO OC D7 12GB 피씨디렉트,0,0,0,0,0,0,0,0,0,0,0,0,0,0,0,0,0,0,0,0,0,0,0,0,0,0,0,0,0,"1,074,950","1,025,260","1,343,700"
77319527,GIGABYTE 지포스 RTX 5070 EAGLE OC ICE SFF D7 12GB 제이씨현,0,0,0,0,0,0,0,0,0,0,0,0,0,0,0,0,0,0,0,0,0,0,0,0,0,0,0,0,0,"1,358,990","1,358,990","1,358,990"
77312543,GIGABYTE 지포스 RTX 5070 EAGLE OC ICE SFF D7 12GB 피씨디렉트,0,0,0,0,0,0,0,0,0,0,0,0,0,0,0,0,0,0,0,0,0,0,0,0,0,0,0,0,0,"1,087,180","1,036,920","1,322,480"
77319536,GIGABYTE 지포스 RTX 5070 EAGLE OC SFF D7 12GB 제이씨현,0,0,0,0,0,0,0,0,0,0,0,0,0,0,0,0,0,0,0,0,0,0,0,0,0,0,0,0,0,"1,280,000","1,280,000","1,190,400"
77312573,GIGABYTE 지포스 RTX 5070 EAGLE OC SFF D7 12GB 피씨디렉트,0,0,0,0,0,0,0,0,0,0,0,0,0,0,0,0,0,0,0,0,0,0,0,0,0,0,0,0,0,"1,023,140","975,840","1,278,870"
77319515,GIGABYTE 지포스 RTX 5070 GAMING OC D7 12GB 제이씨현,0,0,0,0,0,0,0,0,0,0,0,0,0,0,0,0,0,0,0,0,0,0,0,0,0,0,0,0,0,"1,029,020","981,450","1,315,020"
77313077,GIGABYTE 지포스 RTX 5070 GAMING OC D7 12GB 피씨디렉트,0,0,0,0,0,0,0,0,0,0,0,0,0,0,0,0,0,0,0,0,0,0,0,0,0,0,0,0,0,"1,012,780","965,960","1,323,000"
76551020,GIGABYTE 지포스 RTX 5070 Ti AERO OC D7 16GB 제이씨현,0,0,0,0,0,0,0,0,0,0,0,0,0,0,0,0,0,0,0,0,0,0,0,0,0,0,0,0,0,"1,567,980","1,495,480","1,960,000"
76510388,GIGABYTE 지포스 RTX 5070 Ti AERO OC D7 16GB 피씨디렉트,0,0,0,0,0,0,0,0,0,0,0,0,0,0,0,0,0,0,0,0,0,0,0,0,0,0,0,0,0,"1,541,530","1,470,260","1,926,930"
76551050,GIGABYTE 지포스 RTX 5070 Ti EAGLE OC ICE SFF D7 16GB 제이씨현,0,0,0,0,0,0,0,0,0,0,0,0,0,0,0,0,0,0,0,0,0,0,0,0,0,0,0,0,0,"1,411,560","1,411,550","1,929,990"
76510547,GIGABYTE 지포스 RTX 5070 Ti EAGLE OC ICE SFF D7 16GB 피씨디렉트,0,0,0,0,0,0,0,0,0,0,0,0,0,0,0,0,0,0,0,0,0,0,0,0,0,0,0,0,0,"1,849,990","1,849,990","1,850,000"
76551041,GIGABYTE 지포스 RTX 5070 Ti EAGLE OC SFF D7 16GB 제이씨현,0,0,0,0,0,0,0,0,0,0,0,0,0,0,0,0,0,0,0,0,0,0,0,0,0,0,0,0,0,"1,929,670","1,929,990","1,929,970"
76510583,GIGABYTE 지포스 RTX 5070 Ti EAGLE OC SFF D7 16GB 피씨디렉트,0,0,0,0,0,0,0,0,0,0,0,0,0,0,0,0,0,0,0,0,0,0,0,0,0,0,0,0,0,"1,504,270","1,434,720","1,870,130"
76551056,GIGABYTE 지포스 RTX 5070 Ti GAMING OC D7 16GB 제이씨현,0,0,0,0,0,0,0,0,0,0,0,0,0,0,0,0,0,0,0,0,0,0,0,0,0,0,0,0,0,"1,535,980","1,464,960","1,917,400"
76510673,GIGABYTE 지포스 RTX 5070 Ti GAMING OC D7 16GB 피씨디렉트,0,0,0,0,0,0,0,0,0,0,0,0,0,0,0,0,0,0,0,0,0,0,0,0,0,0,0,0,0,"1,541,410","1,541,390","1,901,220"
76551065,GIGABYTE 지포스 RTX 5070 Ti WINDFORCE OC SFF D7 16GB 제이씨현,0,0,0,0,0,0,0,0,0,0,0,0,0,0,0,0,0,0,0,0,0,0,0,0,0,0,0,0,0,"1,853,730","1,853,730","1,853,730"
76510754,GIGABYTE 지포스 RTX 5070 Ti WINDFORCE OC SFF D7 16GB 피씨디렉트,0,0,0,0,0,0,0,0,0,0,0,0,0,0,0,0,0,0,0,0,0,0,0,0,0,0,0,0,0,"1,853,580","1,853,580","1,853,580"
108176363,GIGABYTE 지포스 RTX 5070 Ti WINDFORCE OC V2 D7 16GB 제이씨현,0,0,0,0,0,0,0,0,0,0,0,0,0,0,0,0,0,0,0,0,0,0,0,0,0,0,0,0,0,"1,858,990","1,858,990","1,858,990"
106767521,GIGABYTE 지포스 RTX 5070 Ti WINDFORCE OC V2 D7 16GB 피씨디렉트,0,0,0,0,0,0,0,0,0,0,0,0,0,0,0,0,0,0,0,0,0,0,0,0,0,0,0,0,0,"1,889,000","1,889,000","1,889,000"
77319545,GIGABYTE 지포스 RTX 5070 WINDFORCE OC SFF D7 12GB 제이씨현,0,0,0,0,0,0,0,0,0,0,0,0,0,0,0,0,0,0,0,0,0,0,0,0,0,0,0,0,0,"1,008,290","961,680","1,260,400"
77312477,GIGABYTE 지포스 RTX 5070 WINDFORCE OC SFF D7 12GB 피씨디렉트,0,0,0,0,0,0,0,0,0,0,0,0,0,0,0,0,0,0,0,0,0,0,0,0,0,0,0,0,0,"1,257,990","1,257,990","1,257,990"
75184265,GIGABYTE 지포스 RTX 5080 AERO OC SFF D7 16GB 제이씨현,0,0,0,0,0,0,0,0,0,0,0,0,0,0,0,0,0,0,0,0,0,0,0,0,0,0,0,0,0,"1,980,550","1,980,540","2,460,000"
75074516,GIGABYTE 지포스 RTX 5080 AERO OC SFF D7 16GB 피씨디렉트,0,0,0,0,0,0,0,0,0,0,0,0,0,0,0,0,0,0,0,0,0,0,0,0,0,0,0,0,0,"1,909,840","1,821,530","2,387,320"
75184268,GIGABYTE 지포스 RTX 5080 GAMING OC D7 16GB 제이씨현,0,0,0,0,0,0,0,0,0,0,0,0,0,0,0,0,0,0,0,0,0,0,0,0,0,0,0,0,0,"1,934,280","1,934,270","2,478,990"
75074666,GIGABYTE 지포스 RTX 5080 GAMING OC D7 16GB 피씨디렉트,0,0,0,0,0,0,0,0,0,0,0,0,0,0,0,0,0,0,0,0,0,0,0,0,0,0,0,0,0,"1,908,630","1,820,380","2,385,810"
75184271,GIGABYTE 지포스 RTX 5080 WINDFORCE OC SFF D7 16GB 제이씨현,0,0,0,0,0,0,0,0,0,0,0,0,0,0,0,0,0,0,0,0,0,0,0,0,0,0,0,0,0,"1,917,690","1,829,020","2,397,140"
75074732,GIGABYTE 지포스 RTX 5080 WINDFORCE OC SFF D7 16GB 피씨디렉트,0,0,0,0,0,0,0,0,0,0,0,0,0,0,0,0,0,0,0,0,0,0,0,0,0,0,0,0,0,"2,315,360","2,315,360","2,317,870"
123981276,GIGABYTE 지포스 RTX 5080 WINDFORCE OC V2 SFF D7 16GB 제이씨현,0,0,0,0,0,0,0,0,0,0,0,0,0,0,0,0,0,0,0,0,0,0,0,0,0,0,0,0,0,"2,539,000","2,539,000","2,539,000"
123981255,GIGABYTE 지포스 RTX 5080 WINDFORCE OC V2 SFF D7 16GB 피씨디렉트,0,0,0,0,0,0,0,0,0,0,0,0,0,0,0,0,0,0,0,0,0,0,0,0,0,0,0,0,0,"2,355,880","2,355,860","2,319,980"
75184280,GIGABYTE 지포스 RTX 5090 GAMING OC D7 32GB 제이씨현,0,0,0,0,0,0,0,0,0,0,0,0,0,0,0,0,0,0,0,0,0,0,0,0,0,0,0,0,0,"7,819,720","7,819,660","7,640,000"
75184238,GIGABYTE 지포스 RTX 5090 GAMING OC D7 32GB 피씨디렉트,0,0,0,0,0,0,0,0,0,0,0,0,0,0,0,0,0,0,0,0,0,0,0,0,0,0,0,0,0,"5,999,980","5,722,500","7,947,990"
75184283,GIGABYTE 지포스 RTX 5090 WINDFORCE OC D7 32GB 제이씨현,0,0,0,0,0,0,0,0,0,0,0,0,0,0,0,0,0,0,0,0,0,0,0,0,0,0,0,0,0,"7,954,530","7,954,530","7,954,530"
75184241,GIGABYTE 지포스 RTX 5090 WINDFORCE OC D7 32GB 피씨디렉트,0,0,0,0,0,0,0,0,0,0,0,0,0,0,0,0,0,0,0,0,0,0,0,0,0,0,0,0,0,"7,947,000","7,947,000","7,947,000"
61440464,GPD G1 라데온 RX 7600M XT D6 8GB (해외구매),0,0,0,0,0,0,0,0,0,0,0,0,0,0,0,0,0,0,0,0,0,0,0,0,0,0,0,0,0,"1,236,130","1,236,130","1,236,130"
5150074,INNO3D 지포스 GT1030 D5 2GB LP 무소음,0,0,0,0,0,0,0,0,0,0,0,0,0,0,0,0,0,0,0,0,0,0,0,0,0,0,0,0,0,"208,130","208,130","208,130"
16947065,INNO3D 지포스 GT710 D3 1GB (중고),0,0,0,0,0,0,0,0,0,0,0,0,0,0,0,0,0,0,0,0,0,0,0,0,0,0,0,0,0,"21,150","21,150","21,150"
122714795,INNO3D 지포스 RTX 3050 D6 6GB TWIN X2 V2,0,0,0,0,0,0,0,0,0,0,0,0,0,0,0,0,0,0,0,0,0,0,0,0,0,0,0,0,0,"391,630","391,630","391,600"
94261262,INNO3D 지포스 RTX 5050 D6 8GB TWIN X2,0,0,0,0,0,0,0,0,0,0,0,0,0,0,0,0,0,0,0,0,0,0,0,0,0,0,0,0,0,"600,480","600,480","600,480"
90961244,INNO3D 지포스 RTX 5060 OC D7 8GB TWIN X2,0,0,0,0,0,0,0,0,0,0,0,0,0,0,0,0,0,0,0,0,0,0,0,0,0,0,0,0,0,"753,290","753,290","753,290"
90961373,INNO3D 지포스 RTX 5060 OC D7 8GB TWIN X2 WHITE,0,0,0,0,0,0,0,0,0,0,0,0,0,0,0,0,0,0,0,0,0,0,0,0,0,0,0,0,0,"736,340","736,320","736,300"
100270736,INNO3D 지포스 RTX 5060 OC V2 D7 8GB TWIN X2,0,0,0,0,0,0,0,0,0,0,0,0,0,0,0,0,0,0,0,0,0,0,0,0,0,0,0,0,0,"648,990","648,990","648,990"
86592089,INNO3D 지포스 RTX 5060 Ti OC D7 16GB TWIN X2,0,0,0,0,0,0,0,0,0,0,0,0,0,0,0,0,0,0,0,0,0,0,0,0,0,0,0,0,0,"1,186,880","1,186,870","1,186,870"
86449373,INNO3D 지포스 RTX 5060 Ti OC D7 16GB TWIN X2 WHITE,0,0,0,0,0,0,0,0,0,0,0,0,0,0,0,0,0,0,0,0,0,0,0,0,0,0,0,0,0,"1,146,500","1,146,500","1,146,500"
86649593,INNO3D 지포스 RTX 5060 Ti OC D7 8GB TWIN X2,0,0,0,0,0,0,0,0,0,0,0,0,0,0,0,0,0,0,0,0,0,0,0,0,0,0,0,0,0,"728,200","728,200","728,200"
86478782,INNO3D 지포스 RTX 5060 Ti OC D7 8GB TWIN X2 WHITE,0,0,0,0,0,0,0,0,0,0,0,0,0,0,0,0,0,0,0,0,0,0,0,0,0,0,0,0,0,"841,480","841,480","841,480"
86560166,INNO3D 지포스 RTX 5060 Ti OC D7 8GB X3,0,0,0,0,0,0,0,0,0,0,0,0,0,0,0,0,0,0,0,0,0,0,0,0,0,0,0,0,0,"898,330","898,270","864,710"
77465774,INNO3D 지포스 RTX 5070 D7 12GB TWIN X2,0,0,0,0,0,0,0,0,0,0,0,0,0,0,0,0,0,0,0,0,0,0,0,0,0,0,0,0,0,"1,250,000","1,250,000","1,250,000"
77465798,INNO3D 지포스 RTX 5070 OC D7 12GB TWIN X2,0,0,0,0,0,0,0,0,0,0,0,0,0,0,0,0,0,0,0,0,0,0,0,0,0,0,0,0,0,"1,283,460","1,283,460","1,283,460"
77465819,INNO3D 지포스 RTX 5070 OC D7 12GB TWIN X2 WHITE,0,0,0,0,0,0,0,0,0,0,0,0,0,0,0,0,0,0,0,0,0,0,0,0,0,0,0,0,0,"1,292,990","1,292,990","1,292,990"
77465882,INNO3D 지포스 RTX 5070 OC D7 12GB X3,0,0,0,0,0,0,0,0,0,0,0,0,0,0,0,0,0,0,0,0,0,0,0,0,0,0,0,0,0,"1,388,000","1,388,000","1,388,000"
76466054,INNO3D 지포스 RTX 5070 Ti OC D7 16GB X3,0,0,0,0,0,0,0,0,0,0,0,0,0,0,0,0,0,0,0,0,0,0,0,0,0,0,0,0,0,"1,987,650","1,987,630","1,987,000"
75600731,INNO3D 지포스 RTX 5080 D7 16GB X3,0,0,0,0,0,0,0,0,0,0,0,0,0,0,0,0,0,0,0,0,0,0,0,0,0,0,0,0,0,"2,453,510","2,453,510","2,418,480"
75600824,INNO3D 지포스 RTX 5080 OC D7 16GB X3,0,0,0,0,0,0,0,0,0,0,0,0,0,0,0,0,0,0,0,0,0,0,0,0,0,0,0,0,0,"2,454,580","2,454,560","2,526,450"
76466114,INNO3D 지포스 RTX 5080 OC D7 16GB X3 WHITE,0,0,0,0,0,0,0,0,0,0,0,0,0,0,0,0,0,0,0,0,0,0,0,0,0,0,0,0,0,"2,429,900","2,429,900","2,429,900"
100270625,INNO3D 지포스 RTX 5090 D7 32GB ICHILL X3,0,0,0,0,0,0,0,0,0,0,0,0,0,0,0,0,0,0,0,0,0,0,0,0,0,0,0,0,0,"7,900,000","7,900,000",0
15757727,MANLI 지포스 RTX 3070 Ti Rush D6X 8GB LHR,0,0,0,0,0,0,0,0,0,0,0,0,0,0,0,0,0,0,0,0,0,0,0,0,0,0,0,0,0,"1,716,530","1,716,530","1,716,530"
68775956,MANLI 지포스 RTX 4060 Ti Polar Fox D6 8GB TWIN FAN White 대원씨티에스,0,0,0,0,0,0,0,0,0,0,0,0,0,0,0,0,0,0,0,0,0,0,0,0,0,0,0,0,0,"731,400","731,400","731,400"
42940724,MANLI 지포스 RTX 4060 Ti Rush D6 8GB 대원씨티에스,0,0,0,0,0,0,0,0,0,0,0,0,0,0,0,0,0,0,0,0,0,0,0,0,0,0,0,0,0,"702,630","699,630","702,630"
93382082,MANLI 지포스 RTX 5050 Nebula D6 8GB 대원씨티에스,0,0,0,0,0,0,0,0,0,0,0,0,0,0,0,0,0,0,0,0,0,0,0,0,0,0,0,0,0,"524,850","524,850","524,850"
93629129,MANLI 지포스 RTX 5050 Nebula D6 8GB 인텍앤컴퍼니,0,0,0,0,0,0,0,0,0,0,0,0,0,0,0,0,0,0,0,0,0,0,0,0,0,0,0,0,0,"488,000","488,000","488,000"
93382217,MANLI 지포스 RTX 5050 Polar Fox OC D6 8GB 대원씨티에스,0,0,0,0,0,0,0,0,0,0,0,0,0,0,0,0,0,0,0,0,0,0,0,0,0,0,0,0,0,"552,500","550,000","595,000"
93629741,MANLI 지포스 RTX 5050 Polar Fox OC D6 8GB 인텍앤컴퍼니,0,0,0,0,0,0,0,0,0,0,0,0,0,0,0,0,0,0,0,0,0,0,0,0,0,0,0,0,0,"660,000","660,000","660,000"
90956816,MANLI 지포스 RTX 5060 Nebula D7 8GB 대원씨티에스,0,0,0,0,0,0,0,0,0,0,0,0,0,0,0,0,0,0,0,0,0,0,0,0,0,0,0,0,0,"499,980","476,880","625,000"
90644501,MANLI 지포스 RTX 5060 Nebula D7 8GB 인텍앤컴퍼니,0,0,0,0,0,0,0,0,0,0,0,0,0,0,0,0,0,0,0,0,0,0,0,0,0,0,0,0,0,"514,900","491,110","598,600"
90956867,MANLI 지포스 RTX 5060 Polar Fox D7 OC 8GB 대원씨티에스,0,0,0,0,0,0,0,0,0,0,0,0,0,0,0,0,0,0,0,0,0,0,0,0,0,0,0,0,0,"532,320","507,730","665,420"
90644597,MANLI 지포스 RTX 5060 Polar Fox D7 OC 8GB 인텍앤컴퍼니,0,0,0,0,0,0,0,0,0,0,0,0,0,0,0,0,0,0,0,0,0,0,0,0,0,0,0,0,0,"680,120","680,120","680,120"
82717634,MANLI 지포스 RTX 5060 TI Polar Fox OC D7 8GB 인텍앤컴퍼니,0,0,0,0,0,0,0,0,0,0,0,0,0,0,0,0,0,0,0,0,0,0,0,0,0,0,0,0,0,"927,740","927,740","927,740"
80903570,MANLI 지포스 RTX 5060 Ti Nebula D7 16GB 대원씨티에스,0,0,0,0,0,0,0,0,0,0,0,0,0,0,0,0,0,0,0,0,0,0,0,0,0,0,0,0,0,"1,100,000","1,100,000",0
82697921,MANLI 지포스 RTX 5060 Ti Nebula D7 8GB 인텍앤컴퍼니,0,0,0,0,0,0,0,0,0,0,0,0,0,0,0,0,0,0,0,0,0,0,0,0,0,0,0,0,0,"760,990","760,990","760,990"
101956631,MANLI 지포스 RTX 5060 Ti Nebula V2 D7 8GB 대원씨티에스,0,0,0,0,0,0,0,0,0,0,0,0,0,0,0,0,0,0,0,0,0,0,0,0,0,0,0,0,0,"911,990","911,950","911,880"
104614712,MANLI 지포스 RTX 5060 Ti Nebula V2 D7 8GB 인텍앤컴퍼니,0,0,0,0,0,0,0,0,0,0,0,0,0,0,0,0,0,0,0,0,0,0,0,0,0,0,0,0,0,"615,170","586,740","768,990"
81750227,MANLI 지포스 RTX 5060 Ti Polar Fox OC D7 16GB 인텍앤컴퍼니,0,0,0,0,0,0,0,0,0,0,0,0,0,0,0,0,0,0,0,0,0,0,0,0,0,0,0,0,0,"1,368,000","1,368,000","1,368,000"
81034403,MANLI 지포스 RTX 5060 Ti Polar Fox OC D7 8GB 대원씨티에스,0,0,0,0,0,0,0,0,0,0,0,0,0,0,0,0,0,0,0,0,0,0,0,0,0,0,0,0,0,"895,710","895,710","895,710"
82733867,MANLI 지포스 RTX 5060 Ti Stellar OC D7 8GB 인텍앤컴퍼니,0,0,0,0,0,0,0,0,0,0,0,0,0,0,0,0,0,0,0,0,0,0,0,0,0,0,0,0,0,"639,250","609,710","799,090"
98227514,MANLI 지포스 RTX 5070 Nebula D7 12GB Dual Fan 대원씨티에스,0,0,0,0,0,0,0,0,0,0,0,0,0,0,0,0,0,0,0,0,0,0,0,0,0,0,0,0,0,"1,299,680","1,299,680","1,327,550"
77379233,MANLI 지포스 RTX 5070 Nebula D7 12GB 대원씨티에스,0,0,0,0,0,0,0,0,0,0,0,0,0,0,0,0,0,0,0,0,0,0,0,0,0,0,0,0,0,"1,031,980","984,270","1,290,000"
77380469,MANLI 지포스 RTX 5070 Nebula D7 12GB 인텍앤컴퍼니,0,0,0,0,0,0,0,0,0,0,0,0,0,0,0,0,0,0,0,0,0,0,0,0,0,0,0,0,0,"1,281,840","1,281,840","1,281,840"
77379299,MANLI 지포스 RTX 5070 Polar Fox OC D7 12GB 대원씨티에스,0,0,0,0,0,0,0,0,0,0,0,0,0,0,0,0,0,0,0,0,0,0,0,0,0,0,0,0,0,"1,430,100","1,430,100","1,430,100"
77380763,MANLI 지포스 RTX 5070 Polar Fox OC D7 12GB 인텍앤컴퍼니,0,0,0,0,0,0,0,0,0,0,0,0,0,0,0,0,0,0,0,0,0,0,0,0,0,0,0,0,0,"1,329,000","1,329,000","1,329,000"
95423255,MANLI 지포스 RTX 5070 Polar Fox OC V2 D7 12GB 대원씨티에스,0,0,0,0,0,0,0,0,0,0,0,0,0,0,0,0,0,0,0,0,0,0,0,0,0,0,0,0,0,"1,328,940","1,328,940","1,328,940"
77380787,MANLI 지포스 RTX 5070 Stellar OC D7 12GB 인텍앤컴퍼니,0,0,0,0,0,0,0,0,0,0,0,0,0,0,0,0,0,0,0,0,0,0,0,0,0,0,0,0,0,"1,224,000","1,224,000","1,224,000"
76875302,MANLI 지포스 RTX 5070 Ti Gallardo OC D7 16GB 인텍앤컴퍼니,0,0,0,0,0,0,0,0,0,0,0,0,0,0,0,0,0,0,0,0,0,0,0,0,0,0,0,0,0,"1,452,870","1,385,700","1,816,110"
77015564,MANLI 지포스 RTX 5070 Ti Nebula D7 16GB 대원씨티에스,0,0,0,0,0,0,0,0,0,0,0,0,0,0,0,0,0,0,0,0,0,0,0,0,0,0,0,0,0,"1,503,970","1,434,440","1,879,990"
76875332,MANLI 지포스 RTX 5070 Ti Nebula D7 16GB 인텍앤컴퍼니,0,0,0,0,0,0,0,0,0,0,0,0,0,0,0,0,0,0,0,0,0,0,0,0,0,0,0,0,0,"1,958,000","1,958,000","1,958,000"
77704514,MANLI 지포스 RTX 5070 Ti Polar Fox OC D7 16GB 대원씨티에스,0,0,0,0,0,0,0,0,0,0,0,0,0,0,0,0,0,0,0,0,0,0,0,0,0,0,0,0,0,"1,899,130","1,899,130","1,899,130"
77086589,MANLI 지포스 RTX 5070 Ti Polar Fox OC D7 16GB 인텍앤컴퍼니,0,0,0,0,0,0,0,0,0,0,0,0,0,0,0,0,0,0,0,0,0,0,0,0,0,0,0,0,0,"1,592,780","1,519,140","1,991,000"
94201541,MANLI 지포스 RTX 5080 Gallardo OC D7 16GB White 인텍앤컴퍼니,0,0,0,0,0,0,0,0,0,0,0,0,0,0,0,0,0,0,0,0,0,0,0,0,0,0,0,0,0,"2,661,540","2,661,520","2,661,420"
75536831,MANLI 지포스 RTX 5080 Gallardo OC D7 16GB 인텍앤컴퍼니,0,0,0,0,0,0,0,0,0,0,0,0,0,0,0,0,0,0,0,0,0,0,0,0,0,0,0,0,0,"1,813,180","1,729,340","2,266,500"
75375797,MANLI 지포스 RTX 5080 Nebula D7 16GB 대원씨티에스,0,0,0,0,0,0,0,0,0,0,0,0,0,0,0,0,0,0,0,0,0,0,0,0,0,0,0,0,0,"2,395,270","2,395,260","2,354,100"
75931418,MANLI 지포스 RTX 5080 Nebula D7 16GB 인텍앤컴퍼니,0,0,0,0,0,0,0,0,0,0,0,0,0,0,0,0,0,0,0,0,0,0,0,0,0,0,0,0,0,"1,863,580","1,777,410","2,329,500"
75536942,MANLI 지포스 RTX 5080 Polar Fox OC D7 16GB 인텍앤컴퍼니,0,0,0,0,0,0,0,0,0,0,0,0,0,0,0,0,0,0,0,0,0,0,0,0,0,0,0,0,0,"1,958,380","1,867,830","2,448,000"
100273427,MANLI 지포스 RTX 5080 Polar Fox OC V2 D7 16GB 대원씨티에스,0,0,0,0,0,0,0,0,0,0,0,0,0,0,0,0,0,0,0,0,0,0,0,0,0,0,0,0,0,"2,448,000","2,448,000","2,448,000"
122699495,MANLI 지포스 RTX 5080 Polar Fox OC V2 D7 16GB 인텍앤컴퍼니,0,0,0,0,0,0,0,0,0,0,0,0,0,0,0,0,0,0,0,0,0,0,0,0,0,0,0,0,0,"1,900,290","1,812,430","2,375,390"
75376205,MANLI 지포스 RTX 5080 Stellar OC D7 16GB 대원씨티에스,0,0,0,0,0,0,0,0,0,0,0,0,0,0,0,0,0,0,0,0,0,0,0,0,0,0,0,0,0,"2,429,000","2,429,000","2,429,000"
93385409,MANLI 지포스 RTX 5090 Gallardo OC D7 32GB White 인텍앤컴퍼니,0,0,0,0,0,0,0,0,0,0,0,0,0,0,0,0,0,0,0,0,0,0,0,0,0,0,0,0,0,"8,200,000","8,200,000","8,200,000"
75376346,MANLI 지포스 RTX 5090 Gallardo OC D7 32GB 대원씨티에스,0,0,0,0,0,0,0,0,0,0,0,0,0,0,0,0,0,0,0,0,0,0,0,0,0,0,0,0,0,"8,072,030","8,071,980","8,071,860"
75656861,MANLI 지포스 RTX 5090 Gallardo OC D7 32GB 인텍앤컴퍼니,0,0,0,0,0,0,0,0,0,0,0,0,0,0,0,0,0,0,0,0,0,0,0,0,0,0,0,0,0,"7,930,990","7,930,990","7,790,190"
75376397,MANLI 지포스 RTX 5090 Stellar OC D7 32GB 대원씨티에스,0,0,0,0,0,0,0,0,0,0,0,0,0,0,0,0,0,0,0,0,0,0,0,0,0,0,0,0,0,"9,740,000","9,740,000","9,740,000"
76331279,MANLI 지포스 RTX 5090 Stellar OC D7 32GB 인텍앤컴퍼니,0,0,0,0,0,0,0,0,0,0,0,0,0,0,0,0,0,0,0,0,0,0,0,0,0,0,0,0,0,"7,763,820","7,763,820","7,790,190"
74051723,MAXSUN Arc B580 Milestone D6 12GB 코잇,0,0,0,0,0,0,0,0,0,0,0,0,0,0,0,0,0,0,0,0,0,0,0,0,0,0,0,0,0,"627,780","598,770","784,750"
91912736,MAXSUN 지포스 RTX 3050 트랜스포머 D6 6GB 디앤디컴,0,0,0,0,0,0,0,0,0,0,0,0,0,0,0,0,0,0,0,0,0,0,0,0,0,0,0,0,0,"354,000","354,000","354,000"
6038686,MSI 지포스 GT1030 에어로 ITX OC D4 2GB,0,0,0,0,0,0,0,0,0,0,0,0,0,0,0,0,0,0,0,0,0,0,0,0,0,0,0,0,0,"127,490","127,490","127,500"
18776426,MSI 지포스 GT710 D3 1GB LP 무소음 V2,0,0,0,0,0,0,0,0,0,0,0,0,0,0,0,0,0,0,0,0,0,0,0,0,0,0,0,0,0,"67,990","67,990","67,990"
3734562,MSI 지포스 GT710 D3 2GB LP 무소음,0,0,0,0,0,0,0,0,0,0,0,0,0,0,0,0,0,0,0,0,0,0,0,0,0,0,0,0,0,"65,490","65,490","65,500"
71010053,MSI 지포스 RTX 3050 벤투스 2X E OC D6 6GB,0,0,0,0,0,0,0,0,0,0,0,0,0,0,0,0,0,0,0,0,0,0,0,0,0,0,0,0,0,"290,780","277,360","363,500"
34816340,MSI 지포스 RTX 3050 벤투스 2X OC D6 6GB,0,0,0,0,0,0,0,0,0,0,0,0,0,0,0,0,0,0,0,0,0,0,0,0,0,0,0,0,0,"379,000","379,000","379,000"
98231099,MSI 지포스 RTX 3050 벤투스 2X OC D6 6GB (중고),0,0,0,0,0,0,0,0,0,0,0,0,0,0,0,0,0,0,0,0,0,0,0,0,0,0,0,0,0,"292,000","292,000","292,000"
27944384,MSI 지포스 RTX 3050 벤투스 2X XS OC D6 8GB,0,0,0,0,0,0,0,0,0,0,0,0,0,0,0,0,0,0,0,0,0,0,0,0,0,0,0,0,0,"325,990","310,940","404,540"
18373469,MSI 지포스 RTX 3060 Ti 게이밍 X 트리오 D6X 8GB 트라이프로져2,0,0,0,0,0,0,0,0,0,0,0,0,0,0,0,0,0,0,0,0,0,0,0,0,0,0,0,0,0,"1,087,600","1,087,600","1,087,600"
13512254,MSI 지포스 RTX 3060 벤투스 2X OC D6 12GB,0,0,0,0,0,0,0,0,0,0,0,0,0,0,0,0,0,0,0,0,0,0,0,0,0,0,0,0,0,"384,770","384,750","495,000"
15178970,MSI 지포스 RTX 3060 벤투스 2X OC D6 12GB (해외구매),0,0,0,0,0,0,0,0,0,0,0,0,0,0,0,0,0,0,0,0,0,0,0,0,0,0,0,0,0,"840,680","840,680","840,680"
14352602,MSI 지포스 RTX 3070 게이밍 X 트리오 D6 8GB 트라이프로져2 (해외구매),0,0,0,0,0,0,0,0,0,0,0,0,0,0,0,0,0,0,0,0,0,0,0,0,0,0,0,0,0,"990,640","990,640","990,640"
20740013,MSI 지포스 RTX 4060 벤투스 2X 블랙 OC D6 8GB,0,0,0,0,0,0,0,0,0,0,0,0,0,0,0,0,0,0,0,0,0,0,0,0,0,0,0,0,0,"2,668,930","2,668,930","2,668,930"
32861312,MSI 지포스 RTX 4070 SUPER 게이밍 X 슬림 D6X 12GB 트라이프로져3,0,0,0,0,0,0,0,0,0,0,0,0,0,0,0,0,0,0,0,0,0,0,0,0,0,0,0,0,0,"2,668,930","2,668,930","2,668,930"
94203833,MSI 지포스 RTX 5050 벤투스 2X OC D6 8GB,0,0,0,0,0,0,0,0,0,0,0,0,0,0,0,0,0,0,0,0,0,0,0,0,0,0,0,0,0,"429,720","409,870","503,130"
94203794,MSI 지포스 RTX 5050 쉐도우 2X OC D6 8GB,0,0,0,0,0,0,0,0,0,0,0,0,0,0,0,0,0,0,0,0,0,0,0,0,0,0,0,0,0,"428,130","408,350","557,070"
82047602,MSI 지포스 RTX 5060 Ti 게이밍 OC D7 16GB 트윈프로져,0,0,0,0,0,0,0,0,0,0,0,0,0,0,0,0,0,0,0,0,0,0,0,0,0,0,0,0,0,"1,198,980","1,198,980","1,220,800"
86803685,MSI 지포스 RTX 5060 Ti 게이밍 OC D7 8GB 트윈프로져,0,0,0,0,0,0,0,0,0,0,0,0,0,0,0,0,0,0,0,0,0,0,0,0,0,0,0,0,0,"1,215,330","1,215,330","1,215,330"
81990338,MSI 지포스 RTX 5060 Ti 벤투스 2X OC 플러스 D7 16GB,0,0,0,0,0,0,0,0,0,0,0,0,0,0,0,0,0,0,0,0,0,0,0,0,0,0,0,0,0,"914,780","872,500","1,148,990"
86814989,MSI 지포스 RTX 5060 Ti 벤투스 2X OC 플러스 D7 8GB,0,0,0,0,0,0,0,0,0,0,0,0,0,0,0,0,0,0,0,0,0,0,0,0,0,0,0,0,0,"618,520","589,940","770,510"
90436100,MSI 지포스 RTX 5060 Ti 벤투스 2X 플러스 D7 8GB,0,0,0,0,0,0,0,0,0,0,0,0,0,0,0,0,0,0,0,0,0,0,0,0,0,0,0,0,0,"1,399,000","1,399,000","1,399,000"
96259577,MSI 지포스 RTX 5060 Ti 쉐도우 2X OC 플러스 D7 16GB,0,0,0,0,0,0,0,0,0,0,0,0,0,0,0,0,0,0,0,0,0,0,0,0,0,0,0,0,0,"918,980","876,500","1,136,650"
96369605,MSI 지포스 RTX 5060 Ti 쉐도우 2X OC 플러스 D7 8GB,0,0,0,0,0,0,0,0,0,0,0,0,0,0,0,0,0,0,0,0,0,0,0,0,0,0,0,0,0,"623,170","594,370","779,000"
90956117,MSI 지포스 RTX 5060 게이밍 OC D7 8GB 트윈프로져,0,0,0,0,0,0,0,0,0,0,0,0,0,0,0,0,0,0,0,0,0,0,0,0,0,0,0,0,0,"2,311,390","2,311,390","2,311,390"
90956033,MSI 지포스 RTX 5060 벤투스 2X OC D7 8GB,0,0,0,0,0,0,0,0,0,0,0,0,0,0,0,0,0,0,0,0,0,0,0,0,0,0,0,0,0,"543,170","518,070","679,000"
122676813,MSI 지포스 RTX 5060 벤투스 2X OC V1 D7 8GB,0,0,0,0,0,0,0,0,0,0,0,0,0,0,0,0,0,0,0,0,0,0,0,0,0,0,0,0,0,"678,980","678,980","671,610"
90955973,MSI 지포스 RTX 5060 쉐도우 2X OC D7 8GB,0,0,0,0,0,0,0,0,0,0,0,0,0,0,0,0,0,0,0,0,0,0,0,0,0,0,0,0,0,"526,600","502,270","678,970"
90160715,MSI 지포스 RTX 5070 Ti 게이밍 트리오 OC D7 16GB 트라이프로져4,0,0,0,0,0,0,0,0,0,0,0,0,0,0,0,0,0,0,0,0,0,0,0,0,0,0,0,0,0,"1,534,810","1,463,850","1,918,000"
76550750,MSI 지포스 RTX 5070 Ti 게이밍 트리오 OC 플러스 D7 16GB 트라이프로져4,0,0,0,0,0,0,0,0,0,0,0,0,0,0,0,0,0,0,0,0,0,0,0,0,0,0,0,0,0,"2,272,720","2,272,720","2,272,720"
90435884,MSI 지포스 RTX 5070 Ti 게이밍 트리오 OC 화이트 D7 16GB 트라이프로져4,0,0,0,0,0,0,0,0,0,0,0,0,0,0,0,0,0,0,0,0,0,0,0,0,0,0,0,0,0,"3,039,180","2,898,640","3,799,000"
77705996,MSI 지포스 RTX 5070 Ti 뱅가드 SOC D7 16GB 하이퍼프로져,0,0,0,0,0,0,0,0,0,0,0,0,0,0,0,0,0,0,0,0,0,0,0,0,0,0,0,0,0,"5,578,910","5,578,910","5,520,000"
76550837,MSI 지포스 RTX 5070 Ti 벤투스 3X OC D7 16GB,0,0,0,0,0,0,0,0,0,0,0,0,0,0,0,0,0,0,0,0,0,0,0,0,0,0,0,0,0,"1,487,170","1,418,410","1,858,990"
78842921,MSI 지포스 RTX 5070 Ti 쉐도우 3X OC D7 16GB,0,0,0,0,0,0,0,0,0,0,0,0,0,0,0,0,0,0,0,0,0,0,0,0,0,0,0,0,0,"1,858,590","1,858,570","1,858,980"
77379380,MSI 지포스 RTX 5070 게이밍 트리오 OC D7 12GB 트라이프로져4,0,0,0,0,0,0,0,0,0,0,0,0,0,0,0,0,0,0,0,0,0,0,0,0,0,0,0,0,0,"1,033,880","986,090","1,298,110"
78102347,MSI 지포스 RTX 5070 게이밍 트리오 OC 화이트 D7 12GB 트라이프로져4,0,0,0,0,0,0,0,0,0,0,0,0,0,0,0,0,0,0,0,0,0,0,0,0,0,0,0,0,0,"1,853,240","1,853,240","1,853,240"
77379452,MSI 지포스 RTX 5070 벤투스 2X OC D7 12GB,0,0,0,0,0,0,0,0,0,0,0,0,0,0,0,0,0,0,0,0,0,0,0,0,0,0,0,0,0,"999,170","952,980","1,248,990"
77791202,MSI 지포스 RTX 5070 벤투스 2X OC 화이트 D7 12GB,0,0,0,0,0,0,0,0,0,0,0,0,0,0,0,0,0,0,0,0,0,0,0,0,0,0,0,0,0,"1,599,000","1,599,000","1,599,000"
77961944,MSI 지포스 RTX 5070 벤투스 3X OC D7 12GB,0,0,0,0,0,0,0,0,0,0,0,0,0,0,0,0,0,0,0,0,0,0,0,0,0,0,0,0,0,"1,031,150","983,480","1,288,990"
96369578,MSI 지포스 RTX 5070 쉐도우 2X OC D7 12GB,0,0,0,0,0,0,0,0,0,0,0,0,0,0,0,0,0,0,0,0,0,0,0,0,0,0,0,0,0,"1,249,000","1,249,000","1,249,000"
75373376,MSI 지포스 RTX 5080 게이밍 트리오 OC D7 16GB 트라이프로져4,0,0,0,0,0,0,0,0,0,0,0,0,0,0,0,0,0,0,0,0,0,0,0,0,0,0,0,0,0,"2,111,170","2,013,550","2,638,990"
76329767,MSI 지포스 RTX 5080 게이밍 트리오 OC 화이트 D7 16GB 트라이프로져4,0,0,0,0,0,0,0,0,0,0,0,0,0,0,0,0,0,0,0,0,0,0,0,0,0,0,0,0,0,"5,700,000","5,700,000","5,700,000"
75541700,MSI 지포스 RTX 5080 뱅가드 SOC D7 16GB 하이퍼프로져,0,0,0,0,0,0,0,0,0,0,0,0,0,0,0,0,0,0,0,0,0,0,0,0,0,0,0,0,0,"1,983,830","1,892,100","2,549,000"
76463606,MSI 지포스 RTX 5080 벤투스 3X OC D7 16GB,0,0,0,0,0,0,0,0,0,0,0,0,0,0,0,0,0,0,0,0,0,0,0,0,0,0,0,0,0,"1,662,380","1,585,520","2,379,890"
75373496,MSI 지포스 RTX 5080 벤투스 3X OC 플러스 D7 16GB,0,0,0,0,0,0,0,0,0,0,0,0,0,0,0,0,0,0,0,0,0,0,0,0,0,0,0,0,0,"3,899,000","3,899,000","3,899,000"
77791169,MSI 지포스 RTX 5080 벤투스 3X OC 화이트 D7 16GB,0,0,0,0,0,0,0,0,0,0,0,0,0,0,0,0,0,0,0,0,0,0,0,0,0,0,0,0,0,"3,298,790","3,298,790","3,298,790"
78842858,MSI 지포스 RTX 5080 쉐도우 3X OC D7 16GB,0,0,0,0,0,0,0,0,0,0,0,0,0,0,0,0,0,0,0,0,0,0,0,0,0,0,0,0,0,"2,573,990","2,573,990","2,573,990"
96259277,MSI 지포스 RTX 5080 엑스퍼트 OC D7 16GB 플로우프로져2,0,0,0,0,0,0,0,0,0,0,0,0,0,0,0,0,0,0,0,0,0,0,0,0,0,0,0,0,0,"6,175,000","6,175,000","6,175,000"
75993239,MSI 지포스 RTX 5090 게이밍 트리오 OC D7 32GB 트라이프로져4,0,0,0,0,0,0,0,0,0,0,0,0,0,0,0,0,0,0,0,0,0,0,0,0,0,0,0,0,0,"9,739,990","9,739,990","9,739,990"
78098624,MSI 지포스 RTX 5090 뱅가드 SOC D7 32GB 하이퍼프로져,0,0,0,0,0,0,0,0,0,0,0,0,0,0,0,0,0,0,0,0,0,0,0,0,0,0,0,0,0,"9,739,990","9,739,990","9,739,990"
76550939,MSI 지포스 RTX 5090 슈프림 SOC D7 32GB 하이퍼프로져,0,0,0,0,0,0,0,0,0,0,0,0,0,0,0,0,0,0,0,0,0,0,0,0,0,0,0,0,0,"5,999,980","5,722,500","7,588,000"
122621334,NEXIUM 지포스 GTX 1660 SUPER NEXIUM II D6 6GB DUAL,0,0,0,0,0,0,0,0,0,0,0,0,0,0,0,0,0,0,0,0,0,0,0,0,0,0,0,0,0,"279,000","279,000","279,000"
122705634,NEXIUM 지포스 RTX 3050 D6 6GB DUAL,0,0,0,0,0,0,0,0,0,0,0,0,0,0,0,0,0,0,0,0,0,0,0,0,0,0,0,0,0,"334,990","334,990","334,990"
40722776,NVIDIA A100 HBM2 40GB PCIe (해외구매),0,0,0,0,0,0,0,0,0,0,0,0,0,0,0,0,0,0,0,0,0,0,0,0,0,0,0,0,0,"14,720,000","14,720,000","14,720,000"
21458333,NVIDIA A100 HBM2e 80GB PCIe,0,0,0,0,0,0,0,0,0,0,0,0,0,0,0,0,0,0,0,0,0,0,0,0,0,0,0,0,0,"40,930,230","40,930,230","40,930,190"
55045334,NVIDIA A2 D6 16GB,0,0,0,0,0,0,0,0,0,0,0,0,0,0,0,0,0,0,0,0,0,0,0,0,0,0,0,0,0,"1,105,000","1,105,000","1,105,000"
49055273,NVIDIA A30 HBM2 24GB (병행수입),0,0,0,0,0,0,0,0,0,0,0,0,0,0,0,0,0,0,0,0,0,0,0,0,0,0,0,0,0,"7,390,000","7,390,000","7,390,000"
49261274,NVIDIA H100 HBM2e 80GB PCIe,0,0,0,0,0,0,0,0,0,0,0,0,0,0,0,0,0,0,0,0,0,0,0,0,0,0,0,0,0,"45,314,600","45,314,600","45,314,600"
53783282,NVIDIA H100 HBM3 94GB NVL,0,0,0,0,0,0,0,0,0,0,0,0,0,0,0,0,0,0,0,0,0,0,0,0,0,0,0,0,0,"44,739,330","44,739,270","44,739,150"
55045148,NVIDIA L4 D6 24GB,0,0,0,0,0,0,0,0,0,0,0,0,0,0,0,0,0,0,0,0,0,0,0,0,0,0,0,0,0,"6,636,000","6,636,000","6,636,000"
49266752,NVIDIA L40S D6 48GB,0,0,0,0,0,0,0,0,0,0,0,0,0,0,0,0,0,0,0,0,0,0,0,0,0,0,0,0,0,"13,300,180","13,300,180","13,300,180"
14274734,NVIDIA NV링크 브릿지 2-Slot,0,0,0,0,0,0,0,0,0,0,0,0,0,0,0,0,0,0,0,0,0,0,0,0,0,0,0,0,0,"380,000","380,000","380,000"
57508178,NVIDIA RTX 2000 Ada Generation D6 16GB,0,0,0,0,0,0,0,0,0,0,0,0,0,0,0,0,0,0,0,0,0,0,0,0,0,0,0,0,0,"1,159,980","1,106,350","1,450,000"
57293591,NVIDIA RTX 4000 Ada Generation D6 20GB (병행수입),0,0,0,0,0,0,0,0,0,0,0,0,0,0,0,0,0,0,0,0,0,0,0,0,0,0,0,0,0,"2,349,980","2,349,980","2,349,980"
20807324,NVIDIA RTX 4000 SFF Ada Generation D6 20GB,0,0,0,0,0,0,0,0,0,0,0,0,0,0,0,0,0,0,0,0,0,0,0,0,0,0,0,0,0,"3,290,000","3,290,000","3,290,000"
48395846,NVIDIA RTX 4500 Ada Generation D6 24GB,0,0,0,0,0,0,0,0,0,0,0,0,0,0,0,0,0,0,0,0,0,0,0,0,0,0,0,0,0,"3,920,000","3,920,000","3,920,000"
74418092,NVIDIA RTX 4500 Ada Generation D6 24GB (병행수입),0,0,0,0,0,0,0,0,0,0,0,0,0,0,0,0,0,0,0,0,0,0,0,0,0,0,0,0,0,"4,186,610","4,186,610","4,186,610"
34816172,NVIDIA RTX 5000 Ada Generation D6 32GB,0,0,0,0,0,0,0,0,0,0,0,0,0,0,0,0,0,0,0,0,0,0,0,0,0,0,0,0,0,"7,383,000","7,383,000","7,383,000"
34848809,NVIDIA RTX 5000 Ada Generation D6 32GB (병행수입),0,0,0,0,0,0,0,0,0,0,0,0,0,0,0,0,0,0,0,0,0,0,0,0,0,0,0,0,0,"6,940,000","6,940,000","6,940,000"
19393388,NVIDIA RTX 6000 Ada Generation D6 48GB,0,0,0,0,0,0,0,0,0,0,0,0,0,0,0,0,0,0,0,0,0,0,0,0,0,0,0,0,0,"12,435,890","12,435,890","12,425,390"
55039700,NVIDIA RTX 6000 Ada Generation D6 48GB (병행수입),0,0,0,0,0,0,0,0,0,0,0,0,0,0,0,0,0,0,0,0,0,0,0,0,0,0,0,0,0,"11,851,340","11,851,340","11,851,340"
81061844,NVIDIA RTX 6000 Ada Generation D6 48GB 서린 (벌크),0,0,0,0,0,0,0,0,0,0,0,0,0,0,0,0,0,0,0,0,0,0,0,0,0,0,0,0,0,"14,000,000","14,000,000","14,000,000"
71009864,NVIDIA RTX A1000 D6 8GB,0,0,0,0,0,0,0,0,0,0,0,0,0,0,0,0,0,0,0,0,0,0,0,0,0,0,0,0,0,"989,860","989,840","989,810"
65426753,NVIDIA RTX A1000 D6 8GB (병행수입),0,0,0,0,0,0,0,0,0,0,0,0,0,0,0,0,0,0,0,0,0,0,0,0,0,0,0,0,0,0,0,"1,100,000"
71009948,NVIDIA RTX A400 D6 4GB,0,0,0,0,0,0,0,0,0,0,0,0,0,0,0,0,0,0,0,0,0,0,0,0,0,0,0,0,0,"369,000","369,000","369,000"
65426912,NVIDIA RTX A400 D6 4GB (병행수입),0,0,0,0,0,0,0,0,0,0,0,0,0,0,0,0,0,0,0,0,0,0,0,0,0,0,0,0,0,"420,000","420,000","420,000"
17744411,NVIDIA RTX A4000 D6 16GB (병행수입),0,0,0,0,0,0,0,0,0,0,0,0,0,0,0,0,0,0,0,0,0,0,0,0,0,0,0,0,0,"2,589,000","2,589,000","2,589,000"
15196385,NVIDIA RTX A4000 D6 16GB (해외구매),0,0,0,0,0,0,0,0,0,0,0,0,0,0,0,0,0,0,0,0,0,0,0,0,0,0,0,0,0,"3,113,700",0,"3,113,700"
16500317,NVIDIA RTX A4500 D6 20GB,0,0,0,0,0,0,0,0,0,0,0,0,0,0,0,0,0,0,0,0,0,0,0,0,0,0,0,0,0,"2,848,840","2,848,840","2,848,840"
17742206,NVIDIA RTX A4500 D6 20GB (병행수입),0,0,0,0,0,0,0,0,0,0,0,0,0,0,0,0,0,0,0,0,0,0,0,0,0,0,0,0,0,"2,788,990","2,788,990","2,788,990"
17074907,NVIDIA RTX A5000 D6 24GB (병행수입),0,0,0,0,0,0,0,0,0,0,0,0,0,0,0,0,0,0,0,0,0,0,0,0,0,0,0,0,0,"4,289,990","4,289,990","4,289,990"
18529553,NVIDIA RTX A5000 D6 24GB (중고),0,0,0,0,0,0,0,0,0,0,0,0,0,0,0,0,0,0,0,0,0,0,0,0,0,0,0,0,0,"5,137,480","5,123,480","5,095,480"
17466311,NVIDIA RTX A5500 D6 24GB,0,0,0,0,0,0,0,0,0,0,0,0,0,0,0,0,0,0,0,0,0,0,0,0,0,0,0,0,0,"5,350,000","5,350,000","5,350,000"
13596899,NVIDIA RTX A6000 D6 48GB,0,0,0,0,0,0,0,0,0,0,0,0,0,0,0,0,0,0,0,0,0,0,0,0,0,0,0,0,0,"11,400,000","11,400,000","11,400,000"
17529758,NVIDIA RTX A6000 D6 48GB (병행수입),0,0,0,0,0,0,0,0,0,0,0,0,0,0,0,0,0,0,0,0,0,0,0,0,0,0,0,0,0,"8,999,990","8,999,990","8,999,990"
99914171,NVIDIA RTX PRO 2000 Blackwell D7 16GB,0,0,0,0,0,0,0,0,0,0,0,0,0,0,0,0,0,0,0,0,0,0,0,0,0,0,0,0,0,"2,590,000","2,590,000","2,590,000"
105814622,NVIDIA RTX PRO 2000 Blackwell D7 16GB (병행수입),0,0,0,0,0,0,0,0,0,0,0,0,0,0,0,0,0,0,0,0,0,0,0,0,0,0,0,0,0,"2,880,000","2,880,000","2,880,000"
101546711,NVIDIA RTX PRO 2000 Blackwell D7 16GB 서린,0,0,0,0,0,0,0,0,0,0,0,0,0,0,0,0,0,0,0,0,0,0,0,0,0,0,0,0,0,"2,879,540","2,879,540","2,879,550"
101546729,NVIDIA RTX PRO 2000 Blackwell D7 16GB 서린 (벌크),0,0,0,0,0,0,0,0,0,0,0,0,0,0,0,0,0,0,0,0,0,0,0,0,0,0,0,0,0,"2,811,000","2,811,000","2,811,010"
99914468,NVIDIA RTX PRO 4000 Blackwell D7 24GB,0,0,0,0,0,0,0,0,0,0,0,0,0,0,0,0,0,0,0,0,0,0,0,0,0,0,0,0,0,"4,790,000","4,790,000","4,790,000"
101015066,NVIDIA RTX PRO 4000 Blackwell D7 24GB (병행수입),0,0,0,0,0,0,0,0,0,0,0,0,0,0,0,0,0,0,0,0,0,0,0,0,0,0,0,0,0,"5,337,350","5,337,350","5,337,350"
101546732,NVIDIA RTX PRO 4000 Blackwell D7 24GB 서린,0,0,0,0,0,0,0,0,0,0,0,0,0,0,0,0,0,0,0,0,0,0,0,0,0,0,0,0,0,"5,466,070","5,466,070","5,495,160"
101546735,NVIDIA RTX PRO 4000 Blackwell D7 24GB 서린 (벌크),0,0,0,0,0,0,0,0,0,0,0,0,0,0,0,0,0,0,0,0,0,0,0,0,0,0,0,0,0,"5,395,580","5,395,580","5,395,610"
103335935,NVIDIA RTX PRO 4000 Blackwell SFF 에디션 D7 24GB,0,0,0,0,0,0,0,0,0,0,0,0,0,0,0,0,0,0,0,0,0,0,0,0,0,0,0,0,0,"5,815,210","5,815,210","5,815,210"
103752587,NVIDIA RTX PRO 4000 Blackwell SFF 에디션 D7 24GB 서린,0,0,0,0,0,0,0,0,0,0,0,0,0,0,0,0,0,0,0,0,0,0,0,0,0,0,0,0,0,"5,389,960","5,389,960","5,389,990"
122669498,NVIDIA RTX PRO 4000 Blackwell SFF에디션 D7 24GB 서린 (벌크),0,0,0,0,0,0,0,0,0,0,0,0,0,0,0,0,0,0,0,0,0,0,0,0,0,0,0,0,0,"5,186,940","5,186,940","5,186,940"
99914681,NVIDIA RTX PRO 4500 Blackwell D7 32GB,0,0,0,0,0,0,0,0,0,0,0,0,0,0,0,0,0,0,0,0,0,0,0,0,0,0,0,0,0,"8,320,000","8,320,000","8,320,000"
93445232,NVIDIA RTX PRO 4500 Blackwell D7 32GB (병행수입),0,0,0,0,0,0,0,0,0,0,0,0,0,0,0,0,0,0,0,0,0,0,0,0,0,0,0,0,0,"7,998,470","7,998,420","7,998,300"
101546738,NVIDIA RTX PRO 4500 Blackwell D7 32GB 서린,0,0,0,0,0,0,0,0,0,0,0,0,0,0,0,0,0,0,0,0,0,0,0,0,0,0,0,0,0,"8,670,000","8,670,000","8,670,000"
101546882,NVIDIA RTX PRO 4500 Blackwell D7 32GB 서린 (벌크),0,0,0,0,0,0,0,0,0,0,0,0,0,0,0,0,0,0,0,0,0,0,0,0,0,0,0,0,0,"8,510,000","8,510,000","8,510,000"
123807158,NVIDIA RTX PRO 4500 Blackwell 서버 에디션 D7 32GB 서린 (벌크),0,0,0,0,0,0,0,0,0,0,0,0,0,0,0,0,0,0,0,0,0,0,0,0,0,0,0,0,0,"8,704,230","8,704,230","8,704,240"
99914777,NVIDIA RTX PRO 5000 Blackwell D7 48GB,0,0,0,0,0,0,0,0,0,0,0,0,0,0,0,0,0,0,0,0,0,0,0,0,0,0,0,0,0,"13,649,950","13,649,950","13,649,950"
93444932,NVIDIA RTX PRO 5000 Blackwell D7 48GB (병행수입),0,0,0,0,0,0,0,0,0,0,0,0,0,0,0,0,0,0,0,0,0,0,0,0,0,0,0,0,0,"9,063,640","9,063,640","8,663,640"
101185187,NVIDIA RTX PRO 5000 Blackwell D7 48GB 서린,0,0,0,0,0,0,0,0,0,0,0,0,0,0,0,0,0,0,0,0,0,0,0,0,0,0,0,0,0,"14,700,000","14,700,000","14,700,000"
101185244,NVIDIA RTX PRO 5000 Blackwell D7 48GB 서린 (벌크),0,0,0,0,0,0,0,0,0,0,0,0,0,0,0,0,0,0,0,0,0,0,0,0,0,0,0,0,0,"14,238,780","14,238,780","14,238,810"
103808108,NVIDIA RTX PRO 5000 Blackwell D7 72GB,0,0,0,0,0,0,0,0,0,0,0,0,0,0,0,0,0,0,0,0,0,0,0,0,0,0,0,0,0,"15,620,000","15,620,000","15,620,000"
108418610,NVIDIA RTX PRO 5000 Blackwell D7 72GB (벌크),0,0,0,0,0,0,0,0,0,0,0,0,0,0,0,0,0,0,0,0,0,0,0,0,0,0,0,0,0,"21,030,900","21,030,900","21,030,900"
122669553,NVIDIA RTX PRO 5000 Blackwell D7 72GB 서린,0,0,0,0,0,0,0,0,0,0,0,0,0,0,0,0,0,0,0,0,0,0,0,0,0,0,0,0,0,"16,160,000","16,160,000","20,700,000"
122669574,NVIDIA RTX PRO 5000 Blackwell D7 72GB 서린 (벌크),0,0,0,0,0,0,0,0,0,0,0,0,0,0,0,0,0,0,0,0,0,0,0,0,0,0,0,0,0,"16,159,960","15,759,980","19,912,780"
94640462,NVIDIA RTX PRO 6000 Blackwell MAX-Q 워크스테이션 에디션 D7 96GB,0,0,0,0,0,0,0,0,0,0,0,0,0,0,0,0,0,0,0,0,0,0,0,0,0,0,0,0,0,"26,969,990","26,969,990","26,969,990"
108418685,NVIDIA RTX PRO 6000 Blackwell MAX-Q 워크스테이션 에디션 D7 96GB (벌크),0,0,0,0,0,0,0,0,0,0,0,0,0,0,0,0,0,0,0,0,0,0,0,0,0,0,0,0,0,"27,186,630","27,186,630","27,186,630"
94083287,NVIDIA RTX PRO 6000 Blackwell MAX-Q 워크스테이션 에디션 D7 96GB (병행수입),0,0,0,0,0,0,0,0,0,0,0,0,0,0,0,0,0,0,0,0,0,0,0,0,0,0,0,0,0,"24,799,000","24,799,000","24,799,000"
95851517,NVIDIA RTX PRO 6000 Blackwell MAX-Q 워크스테이션 에디션 D7 96GB 서린,0,0,0,0,0,0,0,0,0,0,0,0,0,0,0,0,0,0,0,0,0,0,0,0,0,0,0,0,0,"26,249,980","26,249,980","26,249,990"
95851520,NVIDIA RTX PRO 6000 Blackwell MAX-Q 워크스테이션 에디션 D7 96GB 서린 (벌크),0,0,0,0,0,0,0,0,0,0,0,0,0,0,0,0,0,0,0,0,0,0,0,0,0,0,0,0,0,"25,794,570","25,794,570","25,794,600"
94083122,NVIDIA RTX PRO 6000 Blackwell 서버 에디션 D7 96GB (병행수입),0,0,0,0,0,0,0,0,0,0,0,0,0,0,0,0,0,0,0,0,0,0,0,0,0,0,0,0,0,"27,298,670","27,298,620","27,298,500"
94083011,NVIDIA RTX PRO 6000 Blackwell 서버 에디션 D7 96GB 서린 (벌크),0,0,0,0,0,0,0,0,0,0,0,0,0,0,0,0,0,0,0,0,0,0,0,0,0,0,0,0,0,"27,200,000","27,200,000","27,200,000"
94640297,NVIDIA RTX PRO 6000 Blackwell 워크스테이션 에디션 D7 96GB,0,0,0,0,0,0,0,0,0,0,0,0,0,0,0,0,0,0,0,0,0,0,0,0,0,0,0,0,0,"20,999,710","20,599,730","26,279,980"
108418646,NVIDIA RTX PRO 6000 Blackwell 워크스테이션 에디션 D7 96GB (벌크),0,0,0,0,0,0,0,0,0,0,0,0,0,0,0,0,0,0,0,0,0,0,0,0,0,0,0,0,0,"26,049,970","26,049,970","26,049,980"
94083197,NVIDIA RTX PRO 6000 Blackwell 워크스테이션 에디션 D7 96GB (병행수입),0,0,0,0,0,0,0,0,0,0,0,0,0,0,0,0,0,0,0,0,0,0,0,0,0,0,0,0,0,"26,049,990","26,049,990","26,049,990"
97702502,NVIDIA RTX PRO 6000 Blackwell 워크스테이션 에디션 D7 96GB 서린,0,0,0,0,0,0,0,0,0,0,0,0,0,0,0,0,0,0,0,0,0,0,0,0,0,0,0,0,0,"26,249,550","26,249,550","26,249,510"
97702526,NVIDIA RTX PRO 6000 Blackwell 워크스테이션 에디션 D7 96GB 서린 (벌크),0,0,0,0,0,0,0,0,0,0,0,0,0,0,0,0,0,0,0,0,0,0,0,0,0,0,0,0,0,"26,049,960","26,049,960","26,049,990"
108418880,NVIDIA RTX PRO Sync,0,0,0,0,0,0,0,0,0,0,0,0,0,0,0,0,0,0,0,0,0,0,0,0,0,0,0,0,0,"1,400,000","1,400,000","1,400,000"
14864039,NVIDIA T1000 D6 4GB,0,0,0,0,0,0,0,0,0,0,0,0,0,0,0,0,0,0,0,0,0,0,0,0,0,0,0,0,0,"579,000","579,000","579,000"
17023763,NVIDIA T400 D6 4GB,0,0,0,0,0,0,0,0,0,0,0,0,0,0,0,0,0,0,0,0,0,0,0,0,0,0,0,0,0,"399,000","399,000","399,000"
5727780,NVIDIA Tesla V100 HBM2 16GB SXM2,0,0,0,0,0,0,0,0,0,0,0,0,0,0,0,0,0,0,0,0,0,0,0,0,0,0,0,0,0,"1,411,000","1,411,000","1,411,000"
4058453,NVIDIA 쿼드로 M6000 D5 24GB 리더스시스템즈,0,0,0,0,0,0,0,0,0,0,0,0,0,0,0,0,0,0,0,0,0,0,0,0,0,0,0,0,0,"770,000","770,000","770,000"
5041433,NVIDIA 쿼드로 P2000 D5 5GB ABKO,0,0,0,0,0,0,0,0,0,0,0,0,0,0,0,0,0,0,0,0,0,0,0,0,0,0,0,0,0,"279,000","279,000","279,000"
17484341,NVIDIA 쿼드로 P4000 D5 8GB (해외구매),0,0,0,0,0,0,0,0,0,0,0,0,0,0,0,0,0,0,0,0,0,0,0,0,0,0,0,0,0,"440,000","440,000","440,000"
6069251,NVIDIA 쿼드로 P620 D5 2GB,0,0,0,0,0,0,0,0,0,0,0,0,0,0,0,0,0,0,0,0,0,0,0,0,0,0,0,0,0,"165,000","165,000","165,000"
7358839,NVIDIA 쿼드로 RTX 4000 D6 8GB,0,0,0,0,0,0,0,0,0,0,0,0,0,0,0,0,0,0,0,0,0,0,0,0,0,0,0,0,0,"760,760","760,760","760,760"
6839308,NVIDIA 쿼드로 RTX 6000 D6 24GB,0,0,0,0,0,0,0,0,0,0,0,0,0,0,0,0,0,0,0,0,0,0,0,0,0,0,0,0,0,"2,673,000","2,673,000","2,673,000"
11639453,NVIDIA 쿼드로 RTX NV링크 HB 브릿지 2-Slot,0,0,0,0,0,0,0,0,0,0,0,0,0,0,0,0,0,0,0,0,0,0,0,0,0,0,0,0,0,"125,000","125,000","125,000"
12820505,NVIDIA 쿼드로 Sync II,0,0,0,0,0,0,0,0,0,0,0,0,0,0,0,0,0,0,0,0,0,0,0,0,0,0,0,0,0,"1,379,980","1,379,980","1,380,000"
77314562,ONE-NETBOOK ONE X GPU 2 RX 7800M (해외구매),0,0,0,0,0,0,0,0,0,0,0,0,0,0,0,0,0,0,0,0,0,0,0,0,0,0,0,0,0,"1,208,070","1,208,070","1,208,070"
97780238,PALIT 지포스 RTX 3050 STORM X D6 6GB 이엠텍,0,0,0,0,0,0,0,0,0,0,0,0,0,0,0,0,0,0,0,0,0,0,0,0,0,0,0,0,0,"307,480","293,280","386,900"
14804777,PALIT 지포스 RTX 3060 Ti Dual D6 8GB LHR,0,0,0,0,0,0,0,0,0,0,0,0,0,0,0,0,0,0,0,0,0,0,0,0,0,0,0,0,0,"727,220","727,220","727,220"
93381587,PALIT 지포스 RTX 5050 DUAL D6 8GB 이엠텍,0,0,0,0,0,0,0,0,0,0,0,0,0,0,0,0,0,0,0,0,0,0,0,0,0,0,0,0,0,"574,200","574,200","574,200"
94695290,PALIT 지포스 RTX 5050 STORM X D6 8GB 이엠텍,0,0,0,0,0,0,0,0,0,0,0,0,0,0,0,0,0,0,0,0,0,0,0,0,0,0,0,0,0,"429,720","409,870","559,080"
90887900,PALIT 지포스 RTX 5060 DUAL D7 8GB 이엠텍,0,0,0,0,0,0,0,0,0,0,0,0,0,0,0,0,0,0,0,0,0,0,0,0,0,0,0,0,0,"542,370","517,310","677,990"
90887879,PALIT 지포스 RTX 5060 DUAL OC D7 8GB 이엠텍,0,0,0,0,0,0,0,0,0,0,0,0,0,0,0,0,0,0,0,0,0,0,0,0,0,0,0,0,0,"547,170","521,890","655,990"
89732453,PALIT 지포스 RTX 5060 Ti DUAL D7 8GB 이엠텍,0,0,0,0,0,0,0,0,0,0,0,0,0,0,0,0,0,0,0,0,0,0,0,0,0,0,0,0,0,"614,360","585,970","767,980"
90642689,PALIT 지포스 RTX 5060 Ti DUAL OC D7 8GB 이엠텍,0,0,0,0,0,0,0,0,0,0,0,0,0,0,0,0,0,0,0,0,0,0,0,0,0,0,0,0,0,"800,000","800,000","800,000"
81037490,PALIT 지포스 RTX 5060 Ti INFINITY 3 D7 16GB 이엠텍,0,0,0,0,0,0,0,0,0,0,0,0,0,0,0,0,0,0,0,0,0,0,0,0,0,0,0,0,0,"908,730","866,730","1,154,990"
96366407,PALIT 지포스 RTX 5060 Ti WHITE OC D7 16GB 이엠텍,0,0,0,0,0,0,0,0,0,0,0,0,0,0,0,0,0,0,0,0,0,0,0,0,0,0,0,0,0,"857,500","817,870","1,067,200"
94695566,PALIT 지포스 RTX 5060 WHITE OC D7 8GB 이엠텍,0,0,0,0,0,0,0,0,0,0,0,0,0,0,0,0,0,0,0,0,0,0,0,0,0,0,0,0,0,"547,170","521,890","683,980"
77312015,PALIT 지포스 RTX 5070 GAMINGPRO OC D7 12GB 이엠텍,0,0,0,0,0,0,0,0,0,0,0,0,0,0,0,0,0,0,0,0,0,0,0,0,0,0,0,0,0,"873,570","880,440","1,144,910"
91769021,PALIT 지포스 RTX 5070 GAMINGPRO-S D7 12GB 이엠텍,0,0,0,0,0,0,0,0,0,0,0,0,0,0,0,0,0,0,0,0,0,0,0,0,0,0,0,0,0,"1,228,600","1,228,600","1,228,600"
79402577,PALIT 지포스 RTX 5070 INFINITY 3 D7 12GB 이엠텍,0,0,0,0,0,0,0,0,0,0,0,0,0,0,0,0,0,0,0,0,0,0,0,0,0,0,0,0,0,"992,660","946,770","1,256,850"
91768979,PALIT 지포스 RTX 5070 Ti GAMINGPRO-S D7 16GB 이엠텍,0,0,0,0,0,0,0,0,0,0,0,0,0,0,0,0,0,0,0,0,0,0,0,0,0,0,0,0,0,"1,467,900","1,400,030","1,834,890"
106710902,PALIT 지포스 RTX 5070 Ti GAMINGPRO-S OC D7 16GB 이엠텍,0,0,0,0,0,0,0,0,0,0,0,0,0,0,0,0,0,0,0,0,0,0,0,0,0,0,0,0,0,"1,475,630","1,407,410","1,844,550"
96579917,PALIT 지포스 RTX 5070 WHITE OC D7 12GB 이엠텍,0,0,0,0,0,0,0,0,0,0,0,0,0,0,0,0,0,0,0,0,0,0,0,0,0,0,0,0,0,"1,019,800","972,660","1,274,770"
75184247,PALIT 지포스 RTX 5080 GAMEROCK D7 16GB 이엠텍,0,0,0,0,0,0,0,0,0,0,0,0,0,0,0,0,0,0,0,0,0,0,0,0,0,0,0,0,0,"2,770,000","2,770,000","2,770,000"
75184250,PALIT 지포스 RTX 5080 GAMINGPRO D7 16GB 이엠텍,0,0,0,0,0,0,0,0,0,0,0,0,0,0,0,0,0,0,0,0,0,0,0,0,0,0,0,0,0,"1,871,480","1,784,950","2,328,990"
75376490,PALIT 지포스 RTX 5090 GAMEROCK D7 32GB 이엠텍,0,0,0,0,0,0,0,0,0,0,0,0,0,0,0,0,0,0,0,0,0,0,0,0,0,0,0,0,0,"6,314,300","6,022,290","7,892,900"
75184256,PALIT 지포스 RTX 5090 GAMEROCK OC D7 32GB 이엠텍,0,0,0,0,0,0,0,0,0,0,0,0,0,0,0,0,0,0,0,0,0,0,0,0,0,0,0,0,0,"6,402,380","6,106,370","8,003,000"
67509884,PNY 지포스 RTX 4070 SUPER VERTO OC D6X 12GB DF 한성컴퓨터,0,0,0,0,0,0,0,0,0,0,0,0,0,0,0,0,0,0,0,0,0,0,0,0,0,0,0,0,0,"916,930","916,930","916,930"
105817778,PNY 지포스 RTX 5050 D6 8GB Dual Fan STCOM,0,0,0,0,0,0,0,0,0,0,0,0,0,0,0,0,0,0,0,0,0,0,0,0,0,0,0,0,0,"406,380","406,370","508,000"
98412050,PNY 지포스 RTX 5050 D6 8GB Dual Fan 제이씨현,0,0,0,0,0,0,0,0,0,0,0,0,0,0,0,0,0,0,0,0,0,0,0,0,0,0,0,0,0,"619,000","619,000","619,000"
122829866,PNY 지포스 RTX 5060 D7 8GB Dual Fan 제이씨현,0,0,0,0,0,0,0,0,0,0,0,0,0,0,0,0,0,0,0,0,0,0,0,0,0,0,0,0,0,"636,500","636,500","636,500"
90887702,PNY 지포스 RTX 5060 OC D7 8GB Dual Fan STCOM,0,0,0,0,0,0,0,0,0,0,0,0,0,0,0,0,0,0,0,0,0,0,0,0,0,0,0,0,0,"671,980","686,980","684,000"
92971433,PNY 지포스 RTX 5060 OC D7 8GB Dual Fan 제이씨현,0,0,0,0,0,0,0,0,0,0,0,0,0,0,0,0,0,0,0,0,0,0,0,0,0,0,0,0,0,"644,970","644,970","644,970"
99711974,PNY 지포스 RTX 5060 OC D7 8GB Dual Fan 한성컴퓨터,0,0,0,0,0,0,0,0,0,0,0,0,0,0,0,0,0,0,0,0,0,0,0,0,0,0,0,0,0,"740,000","740,000","688,900"
95206559,PNY 지포스 RTX 5060 Ti D7 8GB Dual Fan 제이씨현,0,0,0,0,0,0,0,0,0,0,0,0,0,0,0,0,0,0,0,0,0,0,0,0,0,0,0,0,0,"818,260","818,260","818,260"
92046968,PNY 지포스 RTX 5060 Ti EPIC-X RGB OC D7 16GB Triple Fan STCOM,0,0,0,0,0,0,0,0,0,0,0,0,0,0,0,0,0,0,0,0,0,0,0,0,0,0,0,0,0,"1,051,750","1,051,750",0
87687467,PNY 지포스 RTX 5060 Ti OC D7 16GB Dual Fan STCOM,0,0,0,0,0,0,0,0,0,0,0,0,0,0,0,0,0,0,0,0,0,0,0,0,0,0,0,0,0,"631,010","827,000","827,000"
87679496,PNY 지포스 RTX 5060 Ti OC D7 8GB Dual Fan STCOM,0,0,0,0,0,0,0,0,0,0,0,0,0,0,0,0,0,0,0,0,0,0,0,0,0,0,0,0,0,"592,190","564,830","740,190"
95206529,PNY 지포스 RTX 5060 Ti OC D7 8GB Dual Fan 제이씨현,0,0,0,0,0,0,0,0,0,0,0,0,0,0,0,0,0,0,0,0,0,0,0,0,0,0,0,0,0,"606,780","578,740","758,510"
92046863,PNY 지포스 RTX 5070 EPIC-X RGB OC D7 12GB Triple Fan STCOM,0,0,0,0,0,0,0,0,0,0,0,0,0,0,0,0,0,0,0,0,0,0,0,0,0,0,0,0,0,"769,870","775,930",0
82258553,PNY 지포스 RTX 5070 OC D7 12GB Triple Fan STCOM,0,0,0,0,0,0,0,0,0,0,0,0,0,0,0,0,0,0,0,0,0,0,0,0,0,0,0,0,0,"1,270,000","1,270,000","1,270,000"
78843224,PNY 지포스 RTX 5070 OC D7 12GB Triple Fan 제이씨현,0,0,0,0,0,0,0,0,0,0,0,0,0,0,0,0,0,0,0,0,0,0,0,0,0,0,0,0,0,"1,258,310","1,258,310","1,258,310"
82225754,PNY 지포스 RTX 5070 Ti OC D7 16GB Triple Fan STCOM,0,0,0,0,0,0,0,0,0,0,0,0,0,0,0,0,0,0,0,0,0,0,0,0,0,0,0,0,0,"1,795,430","1,795,410","1,795,370"
99896006,PNY 지포스 RTX 5070 Ti OC D7 16GB Triple Fan 제이씨현,0,0,0,0,0,0,0,0,0,0,0,0,0,0,0,0,0,0,0,0,0,0,0,0,0,0,0,0,0,"1,793,510","1,793,510","1,793,510"
93386447,PNY 지포스 RTX 5070 Ti OC D7 16GB Triple Fan 한성컴퓨터,0,0,0,0,0,0,0,0,0,0,0,0,0,0,0,0,0,0,0,0,0,0,0,0,0,0,0,0,0,"1,938,900","1,849,250","2,004,260"
75931502,PNY 지포스 RTX 5080 D7 16GB Triple Fan 제이씨현,0,0,0,0,0,0,0,0,0,0,0,0,0,0,0,0,0,0,0,0,0,0,0,0,0,0,0,0,0,"2,259,000","2,259,000","2,259,000"
82179890,PNY 지포스 RTX 5080 EPIC-X RGB OC D7 16GB Triple Fan STCOM,0,0,0,0,0,0,0,0,0,0,0,0,0,0,0,0,0,0,0,0,0,0,0,0,0,0,0,0,0,"2,200,000","2,200,000",0
76509074,PNY 지포스 RTX 5080 EPIC-X RGB OC D7 16GB Triple Fan 제이씨현,0,0,0,0,0,0,0,0,0,0,0,0,0,0,0,0,0,0,0,0,0,0,0,0,0,0,0,0,0,"2,370,000","2,370,000","2,370,000"
122686254,PNY 지포스 RTX 5080 OC D7 16GB Dual Fan Slim 제이씨현,0,0,0,0,0,0,0,0,0,0,0,0,0,0,0,0,0,0,0,0,0,0,0,0,0,0,0,0,0,"1,904,770","1,816,700","2,380,990"
75931508,PNY 지포스 RTX 5080 OC D7 16GB Triple Fan 제이씨현,0,0,0,0,0,0,0,0,0,0,0,0,0,0,0,0,0,0,0,0,0,0,0,0,0,0,0,0,0,"2,281,970","2,281,970","2,276,460"
122695605,PNY 지포스 RTX 5080 VERTO OC D7 16GB Triple Fan 한성컴퓨터,0,0,0,0,0,0,0,0,0,0,0,0,0,0,0,0,0,0,0,0,0,0,0,0,0,0,0,0,0,"2,655,470","2,655,470","2,199,000"
106767512,PowerColor 라데온 RX 9060 Reaper D6 8GB 대원씨티에스,0,0,0,0,0,0,0,0,0,0,0,0,0,0,0,0,0,0,0,0,0,0,0,0,0,0,0,0,0,"473,260","451,400","591,600"
122688013,PowerColor 라데온 RX 9060 Reaper D6 8GB 몬길: 스타다이브 에디션,0,0,0,0,0,0,0,0,0,0,0,0,0,0,0,0,0,0,0,0,0,0,0,0,0,0,0,0,0,"591,890","591,890","591,890"
91908821,PowerColor 라데온 RX 9060 XT Hellhound OC D6 16GB 대원씨티에스,0,0,0,0,0,0,0,0,0,0,0,0,0,0,0,0,0,0,0,0,0,0,0,0,0,0,0,0,0,"799,970","799,970","798,980"
91908686,PowerColor 라데온 RX 9060 XT Hellhound Spectral White OC D6 16GB 대원씨티에스,0,0,0,0,0,0,0,0,0,0,0,0,0,0,0,0,0,0,0,0,0,0,0,0,0,0,0,0,0,"880,040","879,980","879,870"
91908902,PowerColor 라데온 RX 9060 XT Reaper D6 16GB 대원씨티에스,0,0,0,0,0,0,0,0,0,0,0,0,0,0,0,0,0,0,0,0,0,0,0,0,0,0,0,0,0,"673,190","642,080","841,510"
91909010,PowerColor 라데온 RX 9060 XT Reaper White D6 16GB 대원씨티에스,0,0,0,0,0,0,0,0,0,0,0,0,0,0,0,0,0,0,0,0,0,0,0,0,0,0,0,0,0,"830,900","830,900","830,900"
77380985,PowerColor 라데온 RX 9070 XT Hellhound D6 16GB 대원씨티에스,0,0,0,0,0,0,0,0,0,0,0,0,0,0,0,0,0,0,0,0,0,0,0,0,0,0,0,0,0,"1,176,740","1,176,730","1,435,660"
77381207,PowerColor 라데온 RX 9070 XT Hellhound Spectral White D6 16GB 대원씨티에스,0,0,0,0,0,0,0,0,0,0,0,0,0,0,0,0,0,0,0,0,0,0,0,0,0,0,0,0,0,"1,300,000","1,300,000","1,300,000"
77381483,PowerColor 라데온 RX 9070 XT Reaper D6 16GB 대원씨티에스,0,0,0,0,0,0,0,0,0,0,0,0,0,0,0,0,0,0,0,0,0,0,0,0,0,0,0,0,0,"1,187,920","1,133,000","1,484,930"
12926123,Razer Core X Black (해외구매),0,0,0,0,0,0,0,0,0,0,0,0,0,0,0,0,0,0,0,0,0,0,0,0,0,0,0,0,0,"650,000","650,000","650,000"
12926084,Razer Core X Chroma (해외구매),0,0,0,0,0,0,0,0,0,0,0,0,0,0,0,0,0,0,0,0,0,0,0,0,0,0,0,0,0,"962,170","962,170","962,170"
20315144,SAPPHIRE 라데온 RX 7600 PULSE OC D6 8GB,0,0,0,0,0,0,0,0,0,0,0,0,0,0,0,0,0,0,0,0,0,0,0,0,0,0,0,0,0,"390,180","390,170","487,830"
28057922,SAPPHIRE 라데온 RX 7700 XT PULSE D6 12GB,0,0,0,0,0,0,0,0,0,0,0,0,0,0,0,0,0,0,0,0,0,0,0,0,0,0,0,0,0,"726,440","726,440","726,440"
97470848,SAPPHIRE 라데온 RX 9060 PULSE OC D6 8GB,0,0,0,0,0,0,0,0,0,0,0,0,0,0,0,0,0,0,0,0,0,0,0,0,0,0,0,0,0,"455,760","434,710","589,000"
91909427,SAPPHIRE 라데온 RX 9060 XT NITRO+ OC D6 16GB,0,0,0,0,0,0,0,0,0,0,0,0,0,0,0,0,0,0,0,0,0,0,0,0,0,0,0,0,0,"739,130","704,970","923,990"
91909571,SAPPHIRE 라데온 RX 9060 XT PULSE OC D6 16GB,0,0,0,0,0,0,0,0,0,0,0,0,0,0,0,0,0,0,0,0,0,0,0,0,0,0,0,0,0,"660,410","629,890","833,990"
91909628,SAPPHIRE 라데온 RX 9060 XT PULSE OC D6 8GB,0,0,0,0,0,0,0,0,0,0,0,0,0,0,0,0,0,0,0,0,0,0,0,0,0,0,0,0,0,"543,970","518,840","680,000"
91909511,SAPPHIRE 라데온 RX 9060 XT PURE OC D6 16GB,0,0,0,0,0,0,0,0,0,0,0,0,0,0,0,0,0,0,0,0,0,0,0,0,0,0,0,0,0,"685,180","653,510","863,990"
122684820,SAPPHIRE 라데온 RX 9070 GRE PULSE OC D6 12GB,0,0,0,0,0,0,0,0,0,0,0,0,0,0,0,0,0,0,0,0,0,0,0,0,0,0,0,0,0,"787,140","750,760","983,990"
77378393,SAPPHIRE 라데온 RX 9070 NITRO+ OC D6 16GB,0,0,0,0,0,0,0,0,0,0,0,0,0,0,0,0,0,0,0,0,0,0,0,0,0,0,0,0,0,"951,180","907,210","1,189,000"
77378426,SAPPHIRE 라데온 RX 9070 PULSE D6 16GB,0,0,0,0,0,0,0,0,0,0,0,0,0,0,0,0,0,0,0,0,0,0,0,0,0,0,0,0,0,"832,920","794,420","1,057,950"
77382623,SAPPHIRE 라데온 RX 9070 PURE OC D6 16GB,0,0,0,0,0,0,0,0,0,0,0,0,0,0,0,0,0,0,0,0,0,0,0,0,0,0,0,0,0,"874,730","834,300","1,093,450"
77378093,SAPPHIRE 라데온 RX 9070 XT NITRO+ OC D6 16GB,0,0,0,0,0,0,0,0,0,0,0,0,0,0,0,0,0,0,0,0,0,0,0,0,0,0,0,0,0,"1,289,160","1,229,560","1,633,990"
106694891,SAPPHIRE 라데온 RX 9070 XT NITRO+ OC D6 16GB 붉은사막 에디션,0,0,0,0,0,0,0,0,0,0,0,0,0,0,0,0,0,0,0,0,0,0,0,0,0,0,0,0,0,"1,315,970","1,255,130","1,607,040"
77378039,SAPPHIRE 라데온 RX 9070 XT PULSE D6 16GB,0,0,0,0,0,0,0,0,0,0,0,0,0,0,0,0,0,0,0,0,0,0,0,0,0,0,0,0,0,"1,161,570","1,107,870","1,452,600"
77381780,SAPPHIRE 라데온 RX 9070 XT PURE OC D6 16GB,0,0,0,0,0,0,0,0,0,0,0,0,0,0,0,0,0,0,0,0,0,0,0,0,0,0,0,0,0,"1,199,180","1,143,740","1,499,000"
29402165,STCOM 라데온 RX 580 2048SP Gaming D5 8GB,0,0,0,0,0,0,0,0,0,0,0,0,0,0,0,0,0,0,0,0,0,0,0,0,0,0,0,0,0,"145,780","139,060","182,250"
28392092,STCOM 지포스 GT730 D5 2GB LP,0,0,0,0,0,0,0,0,0,0,0,0,0,0,0,0,0,0,0,0,0,0,0,0,0,0,0,0,0,"76,840","76,840","76,840"
29862491,STCOM 지포스 RTX 4060 Ti D6 8GB,0,0,0,0,0,0,0,0,0,0,0,0,0,0,0,0,0,0,0,0,0,0,0,0,0,0,0,0,0,"790,000","790,000","790,000"
33994208,STCOM 지포스 RTX 4080 SUPER D6X 16GB,0,0,0,0,0,0,0,0,0,0,0,0,0,0,0,0,0,0,0,0,0,0,0,0,0,0,0,0,0,"3,990,000","3,990,000","3,990,000"
11602526,TAGER 지포스 G210 D3 512MB LP,0,0,0,0,0,0,0,0,0,0,0,0,0,0,0,0,0,0,0,0,0,0,0,0,0,0,0,0,0,"29,430","29,430","29,430"
123846694,TAGER 지포스 GT 1030DP EDITION,0,0,0,0,0,0,0,0,0,0,0,0,0,0,0,0,0,0,0,0,0,0,0,0,0,0,0,0,0,"124,890","124,890","124,890"
11602802,TAGER 지포스 GT1030 D5 2GB,0,0,0,0,0,0,0,0,0,0,0,0,0,0,0,0,0,0,0,0,0,0,0,0,0,0,0,0,0,"115,270","115,270","115,270"
20687210,TAGER 지포스 GT710 D3 2GB LP,0,0,0,0,0,0,0,0,0,0,0,0,0,0,0,0,0,0,0,0,0,0,0,0,0,0,0,0,0,"58,070","58,070","58,070"
95425559,TAGER 지포스 GT730 D3 2GB WIN,0,0,0,0,0,0,0,0,0,0,0,0,0,0,0,0,0,0,0,0,0,0,0,0,0,0,0,0,0,"62,900","62,900","62,900"
12398747,TAGER 지포스 GTX 1650 D6 4GB,0,0,0,0,0,0,0,0,0,0,0,0,0,0,0,0,0,0,0,0,0,0,0,0,0,0,0,0,0,"249,540","249,540","249,540"
29825429,TAGER 지포스 GTX 1660 SUPER Dual D6 6GB,0,0,0,0,0,0,0,0,0,0,0,0,0,0,0,0,0,0,0,0,0,0,0,0,0,0,0,0,0,"287,000","287,000","287,000"
18650024,TAGER 지포스 GTX 1660 SUPER K D6 6GB,0,0,0,0,0,0,0,0,0,0,0,0,0,0,0,0,0,0,0,0,0,0,0,0,0,0,0,0,0,"285,040","285,040","285,040"
11602895,TAGER 지포스 GTX1050 Ti D5 4GB,0,0,0,0,0,0,0,0,0,0,0,0,0,0,0,0,0,0,0,0,0,0,0,0,0,0,0,0,0,"795,000","795,000","795,000"
14708753,TAGER 지포스 GTX1050 Ti D5 4GB DUAL,0,0,0,0,0,0,0,0,0,0,0,0,0,0,0,0,0,0,0,0,0,0,0,0,0,0,0,0,0,"373,600","373,600","373,600"
39037607,TAGER 지포스 RTX 3050 D6 6GB ONE COOL,0,0,0,0,0,0,0,0,0,0,0,0,0,0,0,0,0,0,0,0,0,0,0,0,0,0,0,0,0,"358,060","358,010","357,890"
72915101,TAGER 지포스 RTX 3050 K D6 6GB,0,0,0,0,0,0,0,0,0,0,0,0,0,0,0,0,0,0,0,0,0,0,0,0,0,0,0,0,0,"345,330","345,330","345,330"
16268375,TUL 라데온 RX 550 D5 2GB LP (벌크),0,0,0,0,0,0,0,0,0,0,0,0,0,0,0,0,0,0,0,0,0,0,0,0,0,0,0,0,0,"89,900","89,900","89,900"
62640563,XFX Magnetic Air 시리즈 커스텀 팬 그린,0,0,0,0,0,0,0,0,0,0,0,0,0,0,0,0,0,0,0,0,0,0,0,0,0,0,0,0,0,"39,880","39,880","39,880"
62640164,XFX Magnetic Air 시리즈 커스텀 팬 블루,0,0,0,0,0,0,0,0,0,0,0,0,0,0,0,0,0,0,0,0,0,0,0,0,0,0,0,0,0,"39,900","39,900","39,900"
62640587,XFX Magnetic Air 시리즈 커스텀 팬 오렌지,0,0,0,0,0,0,0,0,0,0,0,0,0,0,0,0,0,0,0,0,0,0,0,0,0,0,0,0,0,"39,880","39,880","39,880"
15427364,XFX 라데온 RX 6600 SWFT 210 CORE D6 8GB,0,0,0,0,0,0,0,0,0,0,0,0,0,0,0,0,0,0,0,0,0,0,0,0,0,0,0,0,0,"602,940","602,940","602,940"
20302601,XFX 라데온 RX 7600 SWFT 210 CORE D6 8GB,0,0,0,0,0,0,0,0,0,0,0,0,0,0,0,0,0,0,0,0,0,0,0,0,0,0,0,0,0,"454,790","454,790","454,790"
18519410,XFX 라데온 RX 7900 XTX MERC 310 BLACK D6 24GB,0,0,0,0,0,0,0,0,0,0,0,0,0,0,0,0,0,0,0,0,0,0,0,0,0,0,0,0,0,"1,368,410","1,305,150","1,710,540"
95206613,XFX 라데온 RX 9060 SWIFT DUAL D6 8GB,0,0,0,0,0,0,0,0,0,0,0,0,0,0,0,0,0,0,0,0,0,0,0,0,0,0,0,0,0,"455,220","434,190","569,050"
92892695,XFX 라데온 RX 9060 XT SWIFT DUAL OC D6 16GB,0,0,0,0,0,0,0,0,0,0,0,0,0,0,0,0,0,0,0,0,0,0,0,0,0,0,0,0,0,"603,980","576,070","755,000"
91909106,XFX 라데온 RX 9060 XT SWIFT DUAL OC D6 8GB,0,0,0,0,0,0,0,0,0,0,0,0,0,0,0,0,0,0,0,0,0,0,0,0,0,0,0,0,0,"504,850","481,530","631,090"
92892671,XFX 라데온 RX 9060 XT SWIFT DUAL WHITE OC D6 16GB,0,0,0,0,0,0,0,0,0,0,0,0,0,0,0,0,0,0,0,0,0,0,0,0,0,0,0,0,0,"649,410","649,410","811,790"
91909166,XFX 라데온 RX 9060 XT SWIFT DUAL WHITE OC D6 8GB,0,0,0,0,0,0,0,0,0,0,0,0,0,0,0,0,0,0,0,0,0,0,0,0,0,0,0,0,0,"522,620","498,470","633,400"
122687822,XFX 라데온 RX 9070 GRE SWIFT D6 12GB,0,0,0,0,0,0,0,0,0,0,0,0,0,0,0,0,0,0,0,0,0,0,0,0,0,0,0,0,0,"968,000","968,000","968,000"
122687833,XFX 라데온 RX 9070 GRE SWIFT WHITE D6 12GB,0,0,0,0,0,0,0,0,0,0,0,0,0,0,0,0,0,0,0,0,0,0,0,0,0,0,0,0,0,"990,000","990,000","990,000"
77378342,XFX 라데온 RX 9070 QUICKSILVER OC D6 16GB,0,0,0,0,0,0,0,0,0,0,0,0,0,0,0,0,0,0,0,0,0,0,0,0,0,0,0,0,0,"827,980","789,710","1,035,000"
79578449,XFX 라데온 RX 9070 XT MERCURY RGB OC WHITE D6 16GB,0,0,0,0,0,0,0,0,0,0,0,0,0,0,0,0,0,0,0,0,0,0,0,0,0,0,0,0,0,"1,602,000","1,602,000","1,602,000"
79578347,XFX 라데온 RX 9070 XT QUICKSILVER D6 16GB,0,0,0,0,0,0,0,0,0,0,0,0,0,0,0,0,0,0,0,0,0,0,0,0,0,0,0,0,0,"1,161,020","1,107,350","1,451,300"
77378288,XFX 라데온 RX 9070 XT SWIFT D6 16GB,0,0,0,0,0,0,0,0,0,0,0,0,0,0,0,0,0,0,0,0,0,0,0,0,0,0,0,0,0,"1,170,940","1,116,810","1,434,550"
78977732,XFX 라데온 RX 9070 XT SWIFT WHITE D6 16GB,0,0,0,0,0,0,0,0,0,0,0,0,0,0,0,0,0,0,0,0,0,0,0,0,0,0,0,0,0,"1,163,970","1,110,160","1,454,990"
16284683,ZOTAC GAMING 지포스 RTX 3050 TWIN Edge OC D6 8GB,0,0,0,0,0,0,0,0,0,0,0,0,0,0,0,0,0,0,0,0,0,0,0,0,0,0,0,0,0,"590,380","590,380","590,380"
14824238,ZOTAC GAMING 지포스 RTX 3070 TWIN Edge OC D6 8GB LHR,0,0,0,0,0,0,0,0,0,0,0,0,0,0,0,0,0,0,0,0,0,0,0,0,0,0,0,0,0,"303,940","289,910","393,760"
14500928,ZOTAC GAMING 지포스 RTX 3080 Trinity OC D6X 10GB (해외구매),0,0,0,0,0,0,0,0,0,0,0,0,0,0,0,0,0,0,0,0,0,0,0,0,0,0,0,0,0,"2,319,720","2,319,720","2,319,720"
21446195,ZOTAC GAMING 지포스 RTX 4060 TWIN Edge OC D6 8GB,0,0,0,0,0,0,0,0,0,0,0,0,0,0,0,0,0,0,0,0,0,0,0,0,0,0,0,0,0,"959,580","915,220","1,199,500"
20308373,ZOTAC GAMING 지포스 RTX 4060 Ti TWIN Edge D6 8GB,0,0,0,0,0,0,0,0,0,0,0,0,0,0,0,0,0,0,0,0,0,0,0,0,0,0,0,0,0,"980,000","980,000","980,000"
93703604,ZOTAC GAMING 지포스 RTX 5050 Twin Edge D6 8GB,0,0,0,0,0,0,0,0,0,0,0,0,0,0,0,0,0,0,0,0,0,0,0,0,0,0,0,0,0,"563,800","563,800","563,800"
99290201,ZOTAC GAMING 지포스 RTX 5050 Twin Edge OC White D6 8GB,0,0,0,0,0,0,0,0,0,0,0,0,0,0,0,0,0,0,0,0,0,0,0,0,0,0,0,0,0,"479,170","457,030","598,990"
96987773,ZOTAC GAMING 지포스 RTX 5060 LP D7 8GB,0,0,0,0,0,0,0,0,0,0,0,0,0,0,0,0,0,0,0,0,0,0,0,0,0,0,0,0,0,"495,960","473,050","619,980"
81062540,ZOTAC GAMING 지포스 RTX 5060 Ti Twin Edge OC D7 16GB,0,0,0,0,0,0,0,0,0,0,0,0,0,0,0,0,0,0,0,0,0,0,0,0,0,0,0,0,0,"932,450","889,350","1,165,590"
85410707,ZOTAC GAMING 지포스 RTX 5060 Ti Twin Edge OC D7 8GB,0,0,0,0,0,0,0,0,0,0,0,0,0,0,0,0,0,0,0,0,0,0,0,0,0,0,0,0,0,"575,740","709,780","709,800"
91910279,ZOTAC GAMING 지포스 RTX 5060 Twin Edge OC D7 8GB,0,0,0,0,0,0,0,0,0,0,0,0,0,0,0,0,0,0,0,0,0,0,0,0,0,0,0,0,0,"520,770","651,000","651,000"
96313871,ZOTAC GAMING 지포스 RTX 5060 Twin Edge OC White D7 8GB,0,0,0,0,0,0,0,0,0,0,0,0,0,0,0,0,0,0,0,0,0,0,0,0,0,0,0,0,0,"540,760","515,770","675,980"
85732049,ZOTAC GAMING 지포스 RTX 5070 AMP White D7 12GB,0,0,0,0,0,0,0,0,0,0,0,0,0,0,0,0,0,0,0,0,0,0,0,0,0,0,0,0,0,"1,138,380","1,085,750","1,423,000"
77319413,ZOTAC GAMING 지포스 RTX 5070 SOLID OC D7 12GB,0,0,0,0,0,0,0,0,0,0,0,0,0,0,0,0,0,0,0,0,0,0,0,0,0,0,0,0,0,"966,420","921,750","1,084,850"
76464395,ZOTAC GAMING 지포스 RTX 5070 Ti AMP Extreme Infinity D7 16GB,0,0,0,0,0,0,0,0,0,0,0,0,0,0,0,0,0,0,0,0,0,0,0,0,0,0,0,0,0,"2,241,360","2,241,360","2,241,360"
92358173,ZOTAC GAMING 지포스 RTX 5070 Ti SOLID CORE OC D7 16GB,0,0,0,0,0,0,0,0,0,0,0,0,0,0,0,0,0,0,0,0,0,0,0,0,0,0,0,0,0,"1,959,000","1,959,000","1,959,000"
92889065,ZOTAC GAMING 지포스 RTX 5070 Ti SOLID CORE OC White D7 16GB,0,0,0,0,0,0,0,0,0,0,0,0,0,0,0,0,0,0,0,0,0,0,0,0,0,0,0,0,0,"1,959,000","1,959,000","1,959,000"
76464143,ZOTAC GAMING 지포스 RTX 5070 Ti SOLID OC D7 16GB,0,0,0,0,0,0,0,0,0,0,0,0,0,0,0,0,0,0,0,0,0,0,0,0,0,0,0,0,0,"1,919,180","1,830,440","2,399,000"
74971838,ZOTAC GAMING 지포스 RTX 5080 AMP EXTREME INFINITY D7 16GB,0,0,0,0,0,0,0,0,0,0,0,0,0,0,0,0,0,0,0,0,0,0,0,0,0,0,0,0,0,"2,406,520","2,406,500","2,406,450"
79116668,ZOTAC GAMING 지포스 RTX 5080 SOLID CORE OC D7 16GB,0,0,0,0,0,0,0,0,0,0,0,0,0,0,0,0,0,0,0,0,0,0,0,0,0,0,0,0,0,"1,839,950","1,754,880","2,329,900"
74970929,ZOTAC GAMING 지포스 RTX 5080 SOLID OC D7 16GB,0,0,0,0,0,0,0,0,0,0,0,0,0,0,0,0,0,0,0,0,0,0,0,0,0,0,0,0,0,"1,859,850","1,859,840","2,349,980"
77624201,ZOTAC GAMING 지포스 RTX 5080 SOLID OC White D7 16GB,0,0,0,0,0,0,0,0,0,0,0,0,0,0,0,0,0,0,0,0,0,0,0,0,0,0,0,0,0,"1,852,960","1,767,290","2,363,430"
75857285,ZOTAC GAMING 지포스 RTX 5090 AMP EXTREME INFINITY D7 32GB,0,0,0,0,0,0,0,0,0,0,0,0,0,0,0,0,0,0,0,0,0,0,0,0,0,0,0,0,0,"8,685,110","8,685,050","8,684,930"
74996477,ZOTAC GAMING 지포스 RTX 5090 SOLID OC D7 32GB,0,0,0,0,0,0,0,0,0,0,0,0,0,0,0,0,0,0,0,0,0,0,0,0,0,0,0,0,0,"6,207,170","5,920,110","7,899,000"
78613343,ZOTAC GAMING 지포스 RTX 5090 SOLID OC White D7 32GB,0,0,0,0,0,0,0,0,0,0,0,0,0,0,0,0,0,0,0,0,0,0,0,0,0,0,0,0,0,"7,321,450","7,321,450","9,545,000"
7479994,갤럭시 BOY 지포스 GT1030 D5 2GB,0,0,0,0,0,0,0,0,0,0,0,0,0,0,0,0,0,0,0,0,0,0,0,0,0,0,0,0,0,0,0,"290,990"
9792135,갤럭시 BOY 지포스 GTX 1660 SUPER OC D6 6GB,0,0,0,0,0,0,0,0,0,0,0,0,0,0,0,0,0,0,0,0,0,0,0,0,0,0,0,0,0,"320,000","320,000","320,000"
5150742,갤럭시 GALAX 지포스 GT1030 D5 2GB,0,0,0,0,0,0,0,0,0,0,0,0,0,0,0,0,0,0,0,0,0,0,0,0,0,0,0,0,0,"170,000","170,000","170,000"
5150631,갤럭시 GALAX 지포스 GT1030 강아지 EXOC D5 2GB LP,0,0,0,0,0,0,0,0,0,0,0,0,0,0,0,0,0,0,0,0,0,0,0,0,0,0,0,0,0,"131,480","131,480","118,800"
3745148,갤럭시 GALAX 지포스 GT710 D3 1GB LP,0,0,0,0,0,0,0,0,0,0,0,0,0,0,0,0,0,0,0,0,0,0,0,0,0,0,0,0,0,"72,000","72,000","72,000"
3758234,갤럭시 GALAX 지포스 GT710 D3 1GB LP 무소음,0,0,0,0,0,0,0,0,0,0,0,0,0,0,0,0,0,0,0,0,0,0,0,0,0,0,0,0,0,"61,000","61,000","61,000"
18225332,갤럭시 GALAX 지포스 GT730 D3 4GB LP,0,0,0,0,0,0,0,0,0,0,0,0,0,0,0,0,0,0,0,0,0,0,0,0,0,0,0,0,0,"65,770","65,720","63,810"
9790461,갤럭시 GALAX 지포스 GTX 1660 SUPER OC D6 6GB,0,0,0,0,0,0,0,0,0,0,0,0,0,0,0,0,0,0,0,0,0,0,0,0,0,0,0,0,0,"320,000","320,000","320,000"
63419924,갤럭시 GALAX 지포스 RTX 3050 EX BLACK D6 6GB DVI,0,0,0,0,0,0,0,0,0,0,0,0,0,0,0,0,0,0,0,0,0,0,0,0,0,0,0,0,0,"392,000","392,000","392,000"
74013713,갤럭시 GALAX 지포스 RTX 3050 EX WHITE D6 6GB DVI,0,0,0,0,0,0,0,0,0,0,0,0,0,0,0,0,0,0,0,0,0,0,0,0,0,0,0,0,0,"361,000","361,000","361,000"
14918684,갤럭시 GALAX 지포스 RTX 3060 Ti EX BLACK OC D6 8GB LHR,0,0,0,0,0,0,0,0,0,0,0,0,0,0,0,0,0,0,0,0,0,0,0,0,0,0,0,0,0,"655,500","655,500","655,500"
14788691,갤럭시 GALAX 지포스 RTX 3060 Ti EX WHITE OC D6 8GB LHR,0,0,0,0,0,0,0,0,0,0,0,0,0,0,0,0,0,0,0,0,0,0,0,0,0,0,0,0,0,"885,500","885,500","885,500"
14448719,갤럭시 GALAX 지포스 RTX 3060 V2 D6 12GB,0,0,0,0,0,0,0,0,0,0,0,0,0,0,0,0,0,0,0,0,0,0,0,0,0,0,0,0,0,"638,000","638,000","638,000"
14527049,갤럭시 GALAX 지포스 RTX 3070 Ti D6X 8GB,0,0,0,0,0,0,0,0,0,0,0,0,0,0,0,0,0,0,0,0,0,0,0,0,0,0,0,0,0,"669,680","669,680","691,970"
20297981,갤럭시 GALAX 지포스 RTX 4060 Ti EX WHITE OC D6 8GB,0,0,0,0,0,0,0,0,0,0,0,0,0,0,0,0,0,0,0,0,0,0,0,0,0,0,0,0,0,"689,610","689,610","689,620"
77465684,갤럭시 GALAX 지포스 RTX 4060 Ti WHITE OC V2 D6 8GB,0,0,0,0,0,0,0,0,0,0,0,0,0,0,0,0,0,0,0,0,0,0,0,0,0,0,0,0,0,"654,210","654,210","654,210"
57449264,갤럭시 GALAX 지포스 RTX 4060 WHITE OC D6 8GB,0,0,0,0,0,0,0,0,0,0,0,0,0,0,0,0,0,0,0,0,0,0,0,0,0,0,0,0,0,"950,000","950,000","950,000"
49531382,갤럭시 GALAX 지포스 RTX 4080 SUPER 3X D6X 16GB,0,0,0,0,0,0,0,0,0,0,0,0,0,0,0,0,0,0,0,0,0,0,0,0,0,0,0,0,0,"1,822,000","1,822,000","1,822,000"
93501725,갤럭시 GALAX 지포스 RTX 5050 BLACK OC D6 8GB DUAL HDMI,0,0,0,0,0,0,0,0,0,0,0,0,0,0,0,0,0,0,0,0,0,0,0,0,0,0,0,0,0,"544,390","544,190","544,980"
104359454,갤럭시 GALAX 지포스 RTX 5050 BLACK OC V2 D6 8GB DUAL HDMI,0,0,0,0,0,0,0,0,0,0,0,0,0,0,0,0,0,0,0,0,0,0,0,0,0,0,0,0,0,"541,590","541,390","544,980"
99742778,갤럭시 GALAX 지포스 RTX 5050 WHITE OC D6 8GB DUAL HDMI,0,0,0,0,0,0,0,0,0,0,0,0,0,0,0,0,0,0,0,0,0,0,0,0,0,0,0,0,0,"542,000","542,000","542,000"
100618931,갤럭시 GALAX 지포스 RTX 5060 BLACK D7 8GB LP,0,0,0,0,0,0,0,0,0,0,0,0,0,0,0,0,0,0,0,0,0,0,0,0,0,0,0,0,0,"729,000","729,000","729,000"
91426661,갤럭시 GALAX 지포스 RTX 5060 BLACK OC D7 8GB,0,0,0,0,0,0,0,0,0,0,0,0,0,0,0,0,0,0,0,0,0,0,0,0,0,0,0,0,0,"750,000","750,000","750,000"
99896039,갤럭시 GALAX 지포스 RTX 5060 BLACK OC V2 D7 8GB,0,0,0,0,0,0,0,0,0,0,0,0,0,0,0,0,0,0,0,0,0,0,0,0,0,0,0,0,0,"669,590","669,390","669,480"
99896525,갤럭시 GALAX 지포스 RTX 5060 BLACK OC V2 D7 8GB DUAL HDMI,0,0,0,0,0,0,0,0,0,0,0,0,0,0,0,0,0,0,0,0,0,0,0,0,0,0,0,0,0,"720,000","720,000","720,000"
90955670,갤럭시 GALAX 지포스 RTX 5060 EX BLACK OC D7 8GB,0,0,0,0,0,0,0,0,0,0,0,0,0,0,0,0,0,0,0,0,0,0,0,0,0,0,0,0,0,"682,730","682,730","700,400"
90955808,갤럭시 GALAX 지포스 RTX 5060 EX WHITE OC D7 8GB,0,0,0,0,0,0,0,0,0,0,0,0,0,0,0,0,0,0,0,0,0,0,0,0,0,0,0,0,0,"687,470","687,460","687,460"
99742721,갤럭시 GALAX 지포스 RTX 5060 Ti BLACK 3X D7 16GB DUAL HDMI,0,0,0,0,0,0,0,0,0,0,0,0,0,0,0,0,0,0,0,0,0,0,0,0,0,0,0,0,0,"1,276,000","1,276,000","1,276,000"
98771447,갤럭시 GALAX 지포스 RTX 5060 Ti BLACK OC Classic D7 8GB,0,0,0,0,0,0,0,0,0,0,0,0,0,0,0,0,0,0,0,0,0,0,0,0,0,0,0,0,0,"800,000","800,000","800,000"
81715421,갤럭시 GALAX 지포스 RTX 5060 Ti BLACK OC D7 16GB,0,0,0,0,0,0,0,0,0,0,0,0,0,0,0,0,0,0,0,0,0,0,0,0,0,0,0,0,0,"1,180,000","1,180,000","1,180,000"
85664150,갤럭시 GALAX 지포스 RTX 5060 Ti BLACK OC D7 8GB,0,0,0,0,0,0,0,0,0,0,0,0,0,0,0,0,0,0,0,0,0,0,0,0,0,0,0,0,0,"799,000","799,000","799,000"
106754483,갤럭시 GALAX 지포스 RTX 5060 Ti BLACK OC V2 D7 8GB,0,0,0,0,0,0,0,0,0,0,0,0,0,0,0,0,0,0,0,0,0,0,0,0,0,0,0,0,0,"767,860","767,860","767,860"
92187056,갤럭시 GALAX 지포스 RTX 5060 Ti EX BLACK OC D7 8GB,0,0,0,0,0,0,0,0,0,0,0,0,0,0,0,0,0,0,0,0,0,0,0,0,0,0,0,0,0,"814,390","814,190","814,280"
91910567,갤럭시 GALAX 지포스 RTX 5060 Ti EX WHITE OC D7 8GB,0,0,0,0,0,0,0,0,0,0,0,0,0,0,0,0,0,0,0,0,0,0,0,0,0,0,0,0,0,"811,000","811,000","811,000"
85674647,갤럭시 GALAX 지포스 RTX 5060 Ti WHITE OC D7 8GB,0,0,0,0,0,0,0,0,0,0,0,0,0,0,0,0,0,0,0,0,0,0,0,0,0,0,0,0,0,"838,000","838,000","825,800"
92153012,갤럭시 GALAX 지포스 RTX 5060 WHITE OC D7 8GB,0,0,0,0,0,0,0,0,0,0,0,0,0,0,0,0,0,0,0,0,0,0,0,0,0,0,0,0,0,"717,900","717,900","717,900"
99895814,갤럭시 GALAX 지포스 RTX 5060 WHITE OC V2 D7 8GB,0,0,0,0,0,0,0,0,0,0,0,0,0,0,0,0,0,0,0,0,0,0,0,0,0,0,0,0,0,"545,780","521,130","672,890"
77319743,갤럭시 GALAX 지포스 RTX 5070 BLACK OC D7 12GB,0,0,0,0,0,0,0,0,0,0,0,0,0,0,0,0,0,0,0,0,0,0,0,0,0,0,0,0,0,"1,031,180","983,510","1,289,000"
78712517,갤럭시 GALAX 지포스 RTX 5070 EX GAMER BLACK OC D7 12GB,0,0,0,0,0,0,0,0,0,0,0,0,0,0,0,0,0,0,0,0,0,0,0,0,0,0,0,0,0,"1,291,700","1,291,700","1,267,900"
78235484,갤럭시 GALAX 지포스 RTX 5070 EX GAMER WHITE OC D7 12GB,0,0,0,0,0,0,0,0,0,0,0,0,0,0,0,0,0,0,0,0,0,0,0,0,0,0,0,0,0,"3,323,700","3,323,700","3,323,700"
99839876,갤럭시 GALAX 지포스 RTX 5070 Ti BLACK 2X OC D7 16GB,0,0,0,0,0,0,0,0,0,0,0,0,0,0,0,0,0,0,0,0,0,0,0,0,0,0,0,0,0,"1,483,170","1,483,160","1,780,800"
76463474,갤럭시 GALAX 지포스 RTX 5070 Ti BLACK OC D7 16GB,0,0,0,0,0,0,0,0,0,0,0,0,0,0,0,0,0,0,0,0,0,0,0,0,0,0,0,0,0,"2,333,500","2,333,500","2,333,500"
77086862,갤럭시 GALAX 지포스 RTX 5070 Ti EX GAMER BLACK OC D7 16GB,0,0,0,0,0,0,0,0,0,0,0,0,0,0,0,0,0,0,0,0,0,0,0,0,0,0,0,0,0,"1,891,000","1,891,000","1,891,000"
77086958,갤럭시 GALAX 지포스 RTX 5070 Ti EX GAMER WHITE OC D7 16GB,0,0,0,0,0,0,0,0,0,0,0,0,0,0,0,0,0,0,0,0,0,0,0,0,0,0,0,0,0,"2,043,170","1,948,700","2,553,990"
95423621,갤럭시 GALAX 지포스 RTX 5070 Ti HOF GAMING BLACK D7 16GB,0,0,0,0,0,0,0,0,0,0,0,0,0,0,0,0,0,0,0,0,0,0,0,0,0,0,0,0,0,"2,189,960","2,189,940","2,195,990"
94521011,갤럭시 GALAX 지포스 RTX 5070 Ti HOF GAMING D7 16GB,0,0,0,0,0,0,0,0,0,0,0,0,0,0,0,0,0,0,0,0,0,0,0,0,0,0,0,0,0,"2,230,000","2,229,990","2,229,990"
77319749,갤럭시 GALAX 지포스 RTX 5070 WHITE OC D7 12GB,0,0,0,0,0,0,0,0,0,0,0,0,0,0,0,0,0,0,0,0,0,0,0,0,0,0,0,0,0,"1,327,990","1,327,990","1,327,990"
75075494,갤럭시 GALAX 지포스 RTX 5080 BLACK OC D7 16GB,0,0,0,0,0,0,0,0,0,0,0,0,0,0,0,0,0,0,0,0,0,0,0,0,0,0,0,0,0,"2,360,000","2,360,000","2,296,900"
79578482,갤럭시 GALAX 지포스 RTX 5080 EX GAMER BLACK OC D7 16GB,0,0,0,0,0,0,0,0,0,0,0,0,0,0,0,0,0,0,0,0,0,0,0,0,0,0,0,0,0,"2,557,360","2,557,360","2,557,360"
79578539,갤럭시 GALAX 지포스 RTX 5080 EX GAMER WHITE OC D7 16GB,0,0,0,0,0,0,0,0,0,0,0,0,0,0,0,0,0,0,0,0,0,0,0,0,0,0,0,0,0,"2,340,000","2,340,000","2,340,000"
95001017,갤럭시 GALAX 지포스 RTX 5080 HOF GAMING BLACK D7 16GB,0,0,0,0,0,0,0,0,0,0,0,0,0,0,0,0,0,0,0,0,0,0,0,0,0,0,0,0,0,"2,616,800","2,616,800","2,616,800"
93916847,갤럭시 GALAX 지포스 RTX 5080 HOF GAMING D7 16GB,0,0,0,0,0,0,0,0,0,0,0,0,0,0,0,0,0,0,0,0,0,0,0,0,0,0,0,0,0,"3,645,000","3,645,000","3,645,000"
75075386,갤럭시 GALAX 지포스 RTX 5080 WHITE OC D7 16GB,0,0,0,0,0,0,0,0,0,0,0,0,0,0,0,0,0,0,0,0,0,0,0,0,0,0,0,0,0,"5,213,140","5,213,140","5,213,140"
89864711,갤럭시 GALAZ 지포스 GT1030 D5 2GB,0,0,0,0,0,0,0,0,0,0,0,0,0,0,0,0,0,0,0,0,0,0,0,0,0,0,0,0,0,"164,000","164,000","164,000"
92971448,갤럭시 GALAZ 지포스 GT1030 EXOC WHITE D5 2GB LP,0,0,0,0,0,0,0,0,0,0,0,0,0,0,0,0,0,0,0,0,0,0,0,0,0,0,0,0,0,0,0,"323,400"
89864198,갤럭시 GALAZ 지포스 GT710 D3 1GB LP 무소음,0,0,0,0,0,0,0,0,0,0,0,0,0,0,0,0,0,0,0,0,0,0,0,0,0,0,0,0,0,0,0,"257,000"
89864669,갤럭시 GALAZ 지포스 GT710 D3 2GB LP 무소음,0,0,0,0,0,0,0,0,0,0,0,0,0,0,0,0,0,0,0,0,0,0,0,0,0,0,0,0,0,"66,930","66,930","66,930"
89864702,갤럭시 GALAZ 지포스 GT730 D3 4GB LP,0,0,0,0,0,0,0,0,0,0,0,0,0,0,0,0,0,0,0,0,0,0,0,0,0,0,0,0,0,"79,000","79,000","79,000"
90701393,갤럭시 GALAZ 지포스 RTX 3050 EX BLACK D6 6GB DVI,0,0,0,0,0,0,0,0,0,0,0,0,0,0,0,0,0,0,0,0,0,0,0,0,0,0,0,0,0,"386,000","386,000","386,000"
76071299,갤럭시 GALAZ 지포스 RTX 4060 EX WHITE OC V2 D6 8GB,0,0,0,0,0,0,0,0,0,0,0,0,0,0,0,0,0,0,0,0,0,0,0,0,0,0,0,0,0,"990,000","990,000","990,000"
93501767,갤럭시 GALAZ 지포스 RTX 5050 BLACK OC D6 8GB DUAL HDMI,0,0,0,0,0,0,0,0,0,0,0,0,0,0,0,0,0,0,0,0,0,0,0,0,0,0,0,0,0,"466,000","466,000","466,000"
98484845,갤럭시 GALAZ 지포스 RTX 5050 BLACK OC V2 D6 8GB DUAL HDMI,0,0,0,0,0,0,0,0,0,0,0,0,0,0,0,0,0,0,0,0,0,0,0,0,0,0,0,0,0,"545,000","545,000","545,000"
99896534,갤럭시 GALAZ 지포스 RTX 5060 BLACK OC V2 D7 8GB DUAL HDMI,0,0,0,0,0,0,0,0,0,0,0,0,0,0,0,0,0,0,0,0,0,0,0,0,0,0,0,0,0,"720,000","720,000","720,000"
90955853,갤럭시 GALAZ 지포스 RTX 5060 EX BLACK OC D7 8GB,0,0,0,0,0,0,0,0,0,0,0,0,0,0,0,0,0,0,0,0,0,0,0,0,0,0,0,0,0,"709,000","709,000","709,000"
90955895,갤럭시 GALAZ 지포스 RTX 5060 EX WHITE OC D7 8GB,0,0,0,0,0,0,0,0,0,0,0,0,0,0,0,0,0,0,0,0,0,0,0,0,0,0,0,0,0,"728,000","728,000","728,000"
98184494,갤럭시 GALAZ 지포스 RTX 5060 Ti BLACK 3X D7 16GB DUAL HDMI,0,0,0,0,0,0,0,0,0,0,0,0,0,0,0,0,0,0,0,0,0,0,0,0,0,0,0,0,0,"1,032,000","1,032,000","1,032,000"
98779298,갤럭시 GALAZ 지포스 RTX 5060 Ti BLACK OC Classic D7 8GB,0,0,0,0,0,0,0,0,0,0,0,0,0,0,0,0,0,0,0,0,0,0,0,0,0,0,0,0,0,"670,000","670,000","670,000"
81715478,갤럭시 GALAZ 지포스 RTX 5060 Ti BLACK OC D7 16GB,0,0,0,0,0,0,0,0,0,0,0,0,0,0,0,0,0,0,0,0,0,0,0,0,0,0,0,0,0,"1,050,000","1,050,000","1,050,000"
85668698,갤럭시 GALAZ 지포스 RTX 5060 Ti BLACK OC D7 8GB,0,0,0,0,0,0,0,0,0,0,0,0,0,0,0,0,0,0,0,0,0,0,0,0,0,0,0,0,0,"880,000","880,000","880,000"
92187074,갤럭시 GALAZ 지포스 RTX 5060 Ti EX BLACK OC D7 8GB,0,0,0,0,0,0,0,0,0,0,0,0,0,0,0,0,0,0,0,0,0,0,0,0,0,0,0,0,0,0,"880,000","880,000"
91910630,갤럭시 GALAZ 지포스 RTX 5060 Ti EX WHITE OC D7 8GB,0,0,0,0,0,0,0,0,0,0,0,0,0,0,0,0,0,0,0,0,0,0,0,0,0,0,0,0,0,"895,000","895,000","895,000"
92153132,갤럭시 GALAZ 지포스 RTX 5060 WHITE OC D7 8GB,0,0,0,0,0,0,0,0,0,0,0,0,0,0,0,0,0,0,0,0,0,0,0,0,0,0,0,0,0,"820,000","784,740","1,061,000"
99895865,갤럭시 GALAZ 지포스 RTX 5060 WHITE OC V2 D7 8GB,0,0,0,0,0,0,0,0,0,0,0,0,0,0,0,0,0,0,0,0,0,0,0,0,0,0,0,0,0,"1,061,000","1,061,000","1,061,000"
77319857,갤럭시 GALAZ 지포스 RTX 5070 BLACK OC D7 12GB,0,0,0,0,0,0,0,0,0,0,0,0,0,0,0,0,0,0,0,0,0,0,0,0,0,0,0,0,0,"1,288,470","1,288,410","1,288,970"
99892193,갤럭시 GALAZ 지포스 RTX 5070 Ti BLACK 2X OC D7 16GB,0,0,0,0,0,0,0,0,0,0,0,0,0,0,0,0,0,0,0,0,0,0,0,0,0,0,0,0,0,"1,892,410","1,892,410","1,892,410"
76463408,갤럭시 GALAZ 지포스 RTX 5070 Ti BLACK OC D7 16GB,0,0,0,0,0,0,0,0,0,0,0,0,0,0,0,0,0,0,0,0,0,0,0,0,0,0,0,0,0,"2,000,000","2,000,000","2,000,000"
77961743,갤럭시 GALAZ 지포스 RTX 5070 Ti EX GAMER BLACK OC D7 16GB,0,0,0,0,0,0,0,0,0,0,0,0,0,0,0,0,0,0,0,0,0,0,0,0,0,0,0,0,0,"1,890,520","1,890,470","1,890,970"
95423684,갤럭시 GALAZ 지포스 RTX 5070 Ti HOF GAMING BLACK D7 16GB,0,0,0,0,0,0,0,0,0,0,0,0,0,0,0,0,0,0,0,0,0,0,0,0,0,0,0,0,0,"2,290,000","2,290,000","2,290,000"
94520921,갤럭시 GALAZ 지포스 RTX 5070 Ti HOF GAMING D7 16GB,0,0,0,0,0,0,0,0,0,0,0,0,0,0,0,0,0,0,0,0,0,0,0,0,0,0,0,0,0,"2,341,100","2,341,100","2,240,440"
79578530,갤럭시 GALAZ 지포스 RTX 5080 EX GAMER BLACK OC D7 16GB,0,0,0,0,0,0,0,0,0,0,0,0,0,0,0,0,0,0,0,0,0,0,0,0,0,0,0,0,0,"2,599,000","2,599,000","2,599,000"
95001035,갤럭시 GALAZ 지포스 RTX 5080 HOF GAMING BLACK D7 16GB,0,0,0,0,0,0,0,0,0,0,0,0,0,0,0,0,0,0,0,0,0,0,0,0,0,0,0,0,0,"2,369,490","2,369,490","2,369,490"
16963706,갤럭시 갤라즈 GALAX 지포스 GT710 D3 2GB LP 무소음,0,0,0,0,0,0,0,0,0,0,0,0,0,0,0,0,0,0,0,0,0,0,0,0,0,0,0,0,0,"64,000","64,000","57,600"
16301489,갤럭시 갤라즈 GALAX 지포스 RTX 3050 D6 8GB,0,0,0,0,0,0,0,0,0,0,0,0,0,0,0,0,0,0,0,0,0,0,0,0,0,0,0,0,0,"590,620","590,620","590,620"
6632467,라데온 RX 480 D5 4GB (중고),0,0,0,0,0,0,0,0,0,0,0,0,0,0,0,0,0,0,0,0,0,0,0,0,0,0,0,0,0,"96,000","96,000","96,000"
6632590,라데온 RX 570 D5 4GB (중고),0,0,0,0,0,0,0,0,0,0,0,0,0,0,0,0,0,0,0,0,0,0,0,0,0,0,0,0,0,"120,000","120,000","120,000"
6643693,라데온 RX 570 D5 8GB (중고),0,0,0,0,0,0,0,0,0,0,0,0,0,0,0,0,0,0,0,0,0,0,0,0,0,0,0,0,0,"135,000","135,000","135,000"
6632827,라데온 RX 580 D5 4GB (중고),0,0,0,0,0,0,0,0,0,0,0,0,0,0,0,0,0,0,0,0,0,0,0,0,0,0,0,0,0,"135,000","135,000","135,000"
6830257,라데온 RX 580 D5 8GB (중고),0,0,0,0,0,0,0,0,0,0,0,0,0,0,0,0,0,0,0,0,0,0,0,0,0,0,0,0,0,"162,000","162,000","162,000"
17311451,라데온 RX 6600 D6 8GB (중고),0,0,0,0,0,0,0,0,0,0,0,0,0,0,0,0,0,0,0,0,0,0,0,0,0,0,0,0,0,"369,900","369,900","369,900"
17944463,라데온 RX 6600 XT D6 8GB (중고),0,0,0,0,0,0,0,0,0,0,0,0,0,0,0,0,0,0,0,0,0,0,0,0,0,0,0,0,0,"460,000","460,000","460,000"
17254454,라데온 RX 6700 XT D6 12GB (중고),0,0,0,0,0,0,0,0,0,0,0,0,0,0,0,0,0,0,0,0,0,0,0,0,0,0,0,0,0,"345,390","342,190","354,990"
17187893,라데온 RX 6800 D6 16GB (중고),0,0,0,0,0,0,0,0,0,0,0,0,0,0,0,0,0,0,0,0,0,0,0,0,0,0,0,0,0,"469,000","469,000","469,000"
18203561,라데온 RX 6800 XT D6 16GB (중고),0,0,0,0,0,0,0,0,0,0,0,0,0,0,0,0,0,0,0,0,0,0,0,0,0,0,0,0,0,"575,420","575,420","575,420"
18203285,라데온 RX 6900 XT D6 16GB (중고),0,0,0,0,0,0,0,0,0,0,0,0,0,0,0,0,0,0,0,0,0,0,0,0,0,0,0,0,0,"838,910","838,910","838,910"
122638646,벨리온 지포스 RTX3050 BELION 6GB D6 DUAL,0,0,0,0,0,0,0,0,0,0,0,0,0,0,0,0,0,0,0,0,0,0,0,0,0,0,0,0,0,"339,000","339,000","339,000"
122658701,스타링스 지포스 GTX1660 SUPER D6 6GB NV,0,0,0,0,0,0,0,0,0,0,0,0,0,0,0,0,0,0,0,0,0,0,0,0,0,0,0,0,0,"303,890","303,870","292,580"
99895952,아툼 지포스 GTX 1660 SUPER BARAMINE II D6 6GB DUAL,0,0,0,0,0,0,0,0,0,0,0,0,0,0,0,0,0,0,0,0,0,0,0,0,0,0,0,0,0,"285,000","285,000","285,000"
98077877,아툼 지포스 RTX 3050 BARAMINE D6 6GB DUAL,0,0,0,0,0,0,0,0,0,0,0,0,0,0,0,0,0,0,0,0,0,0,0,0,0,0,0,0,0,"340,000","340,000","340,000"
93702740,액슬 라데온 RX 550 D5 4GB 에즈윈,0,0,0,0,0,0,0,0,0,0,0,0,0,0,0,0,0,0,0,0,0,0,0,0,0,0,0,0,0,"114,150","108,900","142,710"
30105218,액슬 라데온 RX 580 2048SP D5 8GB R2 에즈윈,0,0,0,0,0,0,0,0,0,0,0,0,0,0,0,0,0,0,0,0,0,0,0,0,0,0,0,0,0,"138,970","132,570","173,740"
112881201,액슬 엑슬 지포스 RTX 3070 Ti D6X 8GB 에즈윈,0,0,0,0,0,0,0,0,0,0,0,0,0,0,0,0,0,0,0,0,0,0,0,0,0,0,0,0,0,"648,680","648,680","661,510"
28809323,액슬 지포스 G210 D3 1GB 에즈윈,0,0,0,0,0,0,0,0,0,0,0,0,0,0,0,0,0,0,0,0,0,0,0,0,0,0,0,0,0,"21,980","20,990","33,700"
54481091,액슬 지포스 G210 D3 512MB 에즈윈,0,0,0,0,0,0,0,0,0,0,0,0,0,0,0,0,0,0,0,0,0,0,0,0,0,0,0,0,0,"19,920","19,020","24,920"
28809503,액슬 지포스 GT1030 D5 2GB 에즈윈,0,0,0,0,0,0,0,0,0,0,0,0,0,0,0,0,0,0,0,0,0,0,0,0,0,0,0,0,0,"100,670","96,040","125,780"
54481106,액슬 지포스 GT730 클래식 D3 1GB 에즈윈,0,0,0,0,0,0,0,0,0,0,0,0,0,0,0,0,0,0,0,0,0,0,0,0,0,0,0,0,0,"59,250","59,250","59,250"
122637342,액슬 지포스 GT730 클래식 D3 2GB 384Cuda 에즈윈,0,0,0,0,0,0,0,0,0,0,0,0,0,0,0,0,0,0,0,0,0,0,0,0,0,0,0,0,0,"63,310","63,290","63,250"
28809677,액슬 지포스 GT730 클래식 D3 2GB 에즈윈,0,0,0,0,0,0,0,0,0,0,0,0,0,0,0,0,0,0,0,0,0,0,0,0,0,0,0,0,0,"63,360","63,350","63,310"
99128480,액슬 지포스 GT730 클래식 D3 4GB R2 에즈윈,0,0,0,0,0,0,0,0,0,0,0,0,0,0,0,0,0,0,0,0,0,0,0,0,0,0,0,0,0,"67,360","67,360","67,360"
79397834,액슬 지포스 GT730 클래식 D3 4GB 에즈윈,0,0,0,0,0,0,0,0,0,0,0,0,0,0,0,0,0,0,0,0,0,0,0,0,0,0,0,0,0,"72,250","72,250","72,250"
98920820,액슬 지포스 GTX 1650 D6 4GB R3 에즈윈,0,0,0,0,0,0,0,0,0,0,0,0,0,0,0,0,0,0,0,0,0,0,0,0,0,0,0,0,0,"255,390","255,390","255,400"
68363192,액슬 지포스 GTX 1660 SUPER 38mm D6 6GB 에즈윈,0,0,0,0,0,0,0,0,0,0,0,0,0,0,0,0,0,0,0,0,0,0,0,0,0,0,0,0,0,"301,910","301,910","301,920"
28810250,액슬 지포스 GTX1050 Ti D5 4GB 에즈윈,0,0,0,0,0,0,0,0,0,0,0,0,0,0,0,0,0,0,0,0,0,0,0,0,0,0,0,0,0,"146,370","146,360","182,990"
59085581,액슬 지포스 RTX 2060 SUPER D6 8GB 에즈윈,0,0,0,0,0,0,0,0,0,0,0,0,0,0,0,0,0,0,0,0,0,0,0,0,0,0,0,0,0,"329,410","314,200","411,280"
59085704,액슬 지포스 RTX 3050 D6 6GB LP 에즈윈,0,0,0,0,0,0,0,0,0,0,0,0,0,0,0,0,0,0,0,0,0,0,0,0,0,0,0,0,0,"413,180","413,180","413,180"
47806457,액슬 지포스 RTX 3050 D6 6GB 에즈윈,0,0,0,0,0,0,0,0,0,0,0,0,0,0,0,0,0,0,0,0,0,0,0,0,0,0,0,0,0,"349,000","349,000","349,000"
52157555,액슬 지포스 RTX 3060 D6 12GB 에즈윈,0,0,0,0,0,0,0,0,0,0,0,0,0,0,0,0,0,0,0,0,0,0,0,0,0,0,0,0,0,"523,790","523,790","523,790"
37932260,액슬 지포스 RTX 3060 Ti D6 8GB White 에즈윈,0,0,0,0,0,0,0,0,0,0,0,0,0,0,0,0,0,0,0,0,0,0,0,0,0,0,0,0,0,"402,490","402,490","525,690"
33366437,액슬 지포스 RTX 3070 D6 8GB White 에즈윈,0,0,0,0,0,0,0,0,0,0,0,0,0,0,0,0,0,0,0,0,0,0,0,0,0,0,0,0,0,"454,930","454,920","568,690"
32076674,액슬 지포스 RTX 3070 Ti D6X 8GB 에즈윈,0,0,0,0,0,0,0,0,0,0,0,0,0,0,0,0,0,0,0,0,0,0,0,0,0,0,0,0,0,"512,540","488,860","640,700"
93630089,액슬 지포스 RTX 3080 D6X 10GB 에즈윈,0,0,0,0,0,0,0,0,0,0,0,0,0,0,0,0,0,0,0,0,0,0,0,0,0,0,0,0,0,"777,170","777,170","777,170"
29952371,이도디스플레이 지포스 GTX 1660 SUPER RAGE-X II D6 6GB DUAL,0,0,0,0,0,0,0,0,0,0,0,0,0,0,0,0,0,0,0,0,0,0,0,0,0,0,0,0,0,"290,170","290,170","290,170"
62791805,이도디스플레이 지포스 RTX 3050 RAGE-X D6 6GB,0,0,0,0,0,0,0,0,0,0,0,0,0,0,0,0,0,0,0,0,0,0,0,0,0,0,0,0,0,"331,650","331,650","331,650"
19131179,이엠텍 지포스 GTX 1050 Ti MIRACLE II D5 4GB,0,0,0,0,0,0,0,0,0,0,0,0,0,0,0,0,0,0,0,0,0,0,0,0,0,0,0,0,0,"175,030","166,960","218,810"
18767216,이엠텍 지포스 GTX 1660 SUPER MIRACLE II D6 6GB,0,0,0,0,0,0,0,0,0,0,0,0,0,0,0,0,0,0,0,0,0,0,0,0,0,0,0,0,0,"251,980","240,350","308,500"
37287323,이엠텍 지포스 RTX 3050 MIRACLE WHITE D6 6GB,0,0,0,0,0,0,0,0,0,0,0,0,0,0,0,0,0,0,0,0,0,0,0,0,0,0,0,0,0,"312,300","297,880","390,400"
20274764,이엠텍 지포스 RTX 4060 Ti STORM X Dual OC D6 8GB,0,0,0,0,0,0,0,0,0,0,0,0,0,0,0,0,0,0,0,0,0,0,0,0,0,0,0,0,0,"2,668,930","2,668,930","2,668,930"
33989666,이엠텍 지포스 RTX 4080 SUPER BLACK STORM OC D6X 16GB,0,0,0,0,0,0,0,0,0,0,0,0,0,0,0,0,0,0,0,0,0,0,0,0,0,0,0,0,0,"4,425,880","4,425,880","4,425,880"
33989591,이엠텍 지포스 RTX 4080 SUPER GAMING PRO D6X 16GB,0,0,0,0,0,0,0,0,0,0,0,0,0,0,0,0,0,0,0,0,0,0,0,0,0,0,0,0,0,"4,425,880","4,425,880","4,425,880"
95987477,이엠텍 지포스 RTX 5050 MIRACLE WHITE D6 8GB,0,0,0,0,0,0,0,0,0,0,0,0,0,0,0,0,0,0,0,0,0,0,0,0,0,0,0,0,0,"414,410","414,390","584,100"
92044253,이엠텍 지포스 RTX 5060 MIRACLE WHITE D7 8GB,0,0,0,0,0,0,0,0,0,0,0,0,0,0,0,0,0,0,0,0,0,0,0,0,0,0,0,0,0,"539,060","514,150","688,000"
96776702,이엠텍 지포스 RTX 5060 Ti MIRACLE X2 WHITE D7 8GB,0,0,0,0,0,0,0,0,0,0,0,0,0,0,0,0,0,0,0,0,0,0,0,0,0,0,0,0,0,"630,470","630,450","788,000"
78842861,이엠텍 지포스 RTX 5070 MIRACLE WHITE D7 12GB,0,0,0,0,0,0,0,0,0,0,0,0,0,0,0,0,0,0,0,0,0,0,0,0,0,0,0,0,0,"1,032,840","985,100","1,289,710"
77020520,이엠텍 지포스 RTX 5070 Ti MIRACLE WHITE D7 16GB,0,0,0,0,0,0,0,0,0,0,0,0,0,0,0,0,0,0,0,0,0,0,0,0,0,0,0,0,0,"1,679,980","1,679,970","2,100,000"
76074971,이엠텍 지포스 RTX 5080 MIRACLE WHITE D7 16GB,0,0,0,0,0,0,0,0,0,0,0,0,0,0,0,0,0,0,0,0,0,0,0,0,0,0,0,0,0,"1,940,140","1,850,430","2,406,810"
122674113,인텔 Arc Pro B70 D6 32GB,0,0,0,0,0,0,0,0,0,0,0,0,0,0,0,0,0,0,0,0,0,0,0,0,0,0,0,0,0,"2,746,080","2,746,080","2,716,840"
16364321,지포스 G210 D3 512MB (중고),0,0,0,0,0,0,0,0,0,0,0,0,0,0,0,0,0,0,0,0,0,0,0,0,0,0,0,0,0,"8,690","8,690","8,690"
7456618,지포스 GT1030 D5 2GB (중고),0,0,0,0,0,0,0,0,0,0,0,0,0,0,0,0,0,0,0,0,0,0,0,0,0,0,0,0,0,"53,720","53,670","53,600"
16364171,지포스 GT610 D3 1GB (중고),0,0,0,0,0,0,0,0,0,0,0,0,0,0,0,0,0,0,0,0,0,0,0,0,0,0,0,0,0,"15,630","15,630","15,630"
17818937,지포스 GT620 (중고),0,0,0,0,0,0,0,0,0,0,0,0,0,0,0,0,0,0,0,0,0,0,0,0,0,0,0,0,0,"14,490","14,490","14,490"
17528849,지포스 GT630 (중고),0,0,0,0,0,0,0,0,0,0,0,0,0,0,0,0,0,0,0,0,0,0,0,0,0,0,0,0,0,"15,000","15,000","15,000"
17818721,지포스 GT720 (중고),0,0,0,0,0,0,0,0,0,0,0,0,0,0,0,0,0,0,0,0,0,0,0,0,0,0,0,0,0,"22,790","22,740","22,670"
17814695,지포스 GT730 (중고),0,0,0,0,0,0,0,0,0,0,0,0,0,0,0,0,0,0,0,0,0,0,0,0,0,0,0,0,0,"23,990","23,990","23,990"
13280759,지포스 GTS250 D3 512MB (중고),0,0,0,0,0,0,0,0,0,0,0,0,0,0,0,0,0,0,0,0,0,0,0,0,0,0,0,0,0,"9,000","9,000","9,000"
17434280,지포스 GTS450 (중고),0,0,0,0,0,0,0,0,0,0,0,0,0,0,0,0,0,0,0,0,0,0,0,0,0,0,0,0,0,"9,300","9,300","9,300"
11975078,지포스 GTX 1650 D5 4GB (중고),0,0,0,0,0,0,0,0,0,0,0,0,0,0,0,0,0,0,0,0,0,0,0,0,0,0,0,0,0,"135,560","135,510","135,440"
11975147,지포스 GTX 1650 D6 4GB (중고),0,0,0,0,0,0,0,0,0,0,0,0,0,0,0,0,0,0,0,0,0,0,0,0,0,0,0,0,0,0,0,"163,000"
11975627,지포스 GTX 1650 SUPER D6 4GB (중고),0,0,0,0,0,0,0,0,0,0,0,0,0,0,0,0,0,0,0,0,0,0,0,0,0,0,0,0,0,"185,000","185,000","185,000"
11976056,지포스 GTX 1660 D5 6GB (중고),0,0,0,0,0,0,0,0,0,0,0,0,0,0,0,0,0,0,0,0,0,0,0,0,0,0,0,0,0,"150,200","150,200","150,200"
11976995,지포스 GTX 1660 SUPER D6 6GB (중고),0,0,0,0,0,0,0,0,0,0,0,0,0,0,0,0,0,0,0,0,0,0,0,0,0,0,0,0,0,"171,700","171,700","171,700"
11977706,지포스 GTX 1660 Ti D6 6GB (중고),0,0,0,0,0,0,0,0,0,0,0,0,0,0,0,0,0,0,0,0,0,0,0,0,0,0,0,0,0,"195,000","195,000","195,000"
6641014,지포스 GTX1050 D5 2GB (중고),0,0,0,0,0,0,0,0,0,0,0,0,0,0,0,0,0,0,0,0,0,0,0,0,0,0,0,0,0,"75,940","75,890","75,820"
6641638,지포스 GTX1050 Ti D5 4GB (중고),0,0,0,0,0,0,0,0,0,0,0,0,0,0,0,0,0,0,0,0,0,0,0,0,0,0,0,0,0,"86,330","86,330","86,330"
6641779,지포스 GTX1060 D5 3GB (중고),0,0,0,0,0,0,0,0,0,0,0,0,0,0,0,0,0,0,0,0,0,0,0,0,0,0,0,0,0,"112,470","112,420","112,350"
6642142,지포스 GTX1060 D5 6GB (중고),0,0,0,0,0,0,0,0,0,0,0,0,0,0,0,0,0,0,0,0,0,0,0,0,0,0,0,0,0,"137,780","137,730","137,990"
6642286,지포스 GTX1070 D5 8GB (중고),0,0,0,0,0,0,0,0,0,0,0,0,0,0,0,0,0,0,0,0,0,0,0,0,0,0,0,0,0,"154,550","154,550","154,550"
6642355,지포스 GTX1070 Ti D5 8GB (중고),0,0,0,0,0,0,0,0,0,0,0,0,0,0,0,0,0,0,0,0,0,0,0,0,0,0,0,0,0,"245,000","245,000","245,000"
6946081,지포스 GTX1080 D5X 8GB (중고),0,0,0,0,0,0,0,0,0,0,0,0,0,0,0,0,0,0,0,0,0,0,0,0,0,0,0,0,0,"186,990","186,990","186,990"
6642610,지포스 GTX1080 Ti D5X 11GB (중고),0,0,0,0,0,0,0,0,0,0,0,0,0,0,0,0,0,0,0,0,0,0,0,0,0,0,0,0,0,"250,000","250,000","250,000"
16217210,지포스 GTX650 D5 1GB (중고),0,0,0,0,0,0,0,0,0,0,0,0,0,0,0,0,0,0,0,0,0,0,0,0,0,0,0,0,0,"24,840","24,790","24,740"
16217153,지포스 GTX650 Ti D5 1GB (중고),0,0,0,0,0,0,0,0,0,0,0,0,0,0,0,0,0,0,0,0,0,0,0,0,0,0,0,0,0,"27,220","27,170","27,130"
6758101,지포스 GTX660 D5 2GB (중고),0,0,0,0,0,0,0,0,0,0,0,0,0,0,0,0,0,0,0,0,0,0,0,0,0,0,0,0,0,"33,040","34,990","34,940"
6757591,지포스 GTX660 Ti D5 2GB (중고),0,0,0,0,0,0,0,0,0,0,0,0,0,0,0,0,0,0,0,0,0,0,0,0,0,0,0,0,0,"56,000","56,000","56,000"
6756814,지포스 GTX750 D5 1GB (중고),0,0,0,0,0,0,0,0,0,0,0,0,0,0,0,0,0,0,0,0,0,0,0,0,0,0,0,0,0,"36,890","36,840","36,770"
6756913,지포스 GTX750 Ti D5 1GB (중고),0,0,0,0,0,0,0,0,0,0,0,0,0,0,0,0,0,0,0,0,0,0,0,0,0,0,0,0,0,"36,890","36,840","36,770"
6757090,지포스 GTX750 Ti D5 2GB (중고),0,0,0,0,0,0,0,0,0,0,0,0,0,0,0,0,0,0,0,0,0,0,0,0,0,0,0,0,0,"51,490","51,440","51,370"
6674599,지포스 GTX760 D5 2GB (중고),0,0,0,0,0,0,0,0,0,0,0,0,0,0,0,0,0,0,0,0,0,0,0,0,0,0,0,0,0,"46,180","46,130","46,060"
6673729,지포스 GTX960 D5 2GB (중고),0,0,0,0,0,0,0,0,0,0,0,0,0,0,0,0,0,0,0,0,0,0,0,0,0,0,0,0,0,"60,990","60,990","60,990"
7456369,지포스 GTX970 D5 4GB (중고),0,0,0,0,0,0,0,0,0,0,0,0,0,0,0,0,0,0,0,0,0,0,0,0,0,0,0,0,0,"167,100","167,100","167,100"
11978288,지포스 RTX 2060 D6 6GB (중고),0,0,0,0,0,0,0,0,0,0,0,0,0,0,0,0,0,0,0,0,0,0,0,0,0,0,0,0,0,"208,000","208,000","208,000"
11978807,지포스 RTX 2060 SUPER D6 8GB (중고),0,0,0,0,0,0,0,0,0,0,0,0,0,0,0,0,0,0,0,0,0,0,0,0,0,0,0,0,0,"225,670","225,620","225,550"
11979008,지포스 RTX 2070 D6 8GB (중고),0,0,0,0,0,0,0,0,0,0,0,0,0,0,0,0,0,0,0,0,0,0,0,0,0,0,0,0,0,"232,180","232,130","232,060"
11979092,지포스 RTX 2070 SUPER D6 8GB (중고),0,0,0,0,0,0,0,0,0,0,0,0,0,0,0,0,0,0,0,0,0,0,0,0,0,0,0,0,0,"280,800","280,800","280,800"
11979227,지포스 RTX 2080 D6 8GB (중고),0,0,0,0,0,0,0,0,0,0,0,0,0,0,0,0,0,0,0,0,0,0,0,0,0,0,0,0,0,"266,870","266,860","266,850"
11979344,지포스 RTX 2080 SUPER D6 8GB (중고),0,0,0,0,0,0,0,0,0,0,0,0,0,0,0,0,0,0,0,0,0,0,0,0,0,0,0,0,0,"464,750","464,750","464,750"
11979449,지포스 RTX 2080 Ti D6 11GB (중고),0,0,0,0,0,0,0,0,0,0,0,0,0,0,0,0,0,0,0,0,0,0,0,0,0,0,0,0,0,"428,000","428,000","428,000"
16319510,지포스 RTX 3060 D6 12GB (중고),0,0,0,0,0,0,0,0,0,0,0,0,0,0,0,0,0,0,0,0,0,0,0,0,0,0,0,0,0,"364,070","364,070","396,200"
56343746,지포스 RTX 3060 D6 8GB (중고),0,0,0,0,0,0,0,0,0,0,0,0,0,0,0,0,0,0,0,0,0,0,0,0,0,0,0,0,0,"315,000","315,000","315,000"
16319558,지포스 RTX 3060 Ti D6 8GB (중고),0,0,0,0,0,0,0,0,0,0,0,0,0,0,0,0,0,0,0,0,0,0,0,0,0,0,0,0,0,"369,890","369,890","369,890"
16319603,지포스 RTX 3070 D6 8GB (중고),0,0,0,0,0,0,0,0,0,0,0,0,0,0,0,0,0,0,0,0,0,0,0,0,0,0,0,0,0,"370,990","370,990","371,000"
16512887,지포스 RTX 3070 Ti D6X 8GB (중고),0,0,0,0,0,0,0,0,0,0,0,0,0,0,0,0,0,0,0,0,0,0,0,0,0,0,0,0,0,"399,000","399,000","399,000"
72975155,지포스 RTX 3080 D6X 10GB (완제품 탈거상품 중고),0,0,0,0,0,0,0,0,0,0,0,0,0,0,0,0,0,0,0,0,0,0,0,0,0,0,0,0,0,"661,150","661,150","661,150"
16362338,지포스 RTX 3080 D6X 10GB (중고),0,0,0,0,0,0,0,0,0,0,0,0,0,0,0,0,0,0,0,0,0,0,0,0,0,0,0,0,0,"445,000","445,000","445,000"
16799315,지포스 RTX 3080 D6X 12GB (중고),0,0,0,0,0,0,0,0,0,0,0,0,0,0,0,0,0,0,0,0,0,0,0,0,0,0,0,0,0,"600,000","600,000","600,000"
16544444,지포스 RTX 3080 Ti D6X 12GB (중고),0,0,0,0,0,0,0,0,0,0,0,0,0,0,0,0,0,0,0,0,0,0,0,0,0,0,0,0,0,"609,000","609,000","609,000"
17305142,지포스 RTX 3090 D6X 24GB (중고),0,0,0,0,0,0,0,0,0,0,0,0,0,0,0,0,0,0,0,0,0,0,0,0,0,0,0,0,0,"2,525,500","2,525,500","2,525,500"
78846158,지포스 RTX 4060 D6 8GB (중고),0,0,0,0,0,0,0,0,0,0,0,0,0,0,0,0,0,0,0,0,0,0,0,0,0,0,0,0,0,"518,000","518,000","518,000"
78234449,지포스 RTX 4060 Ti D6 8GB (중고),0,0,0,0,0,0,0,0,0,0,0,0,0,0,0,0,0,0,0,0,0,0,0,0,0,0,0,0,0,"870,000","870,000","870,000"
28620374,지포스 RTX 4070 D6X 12GB (중고),0,0,0,0,0,0,0,0,0,0,0,0,0,0,0,0,0,0,0,0,0,0,0,0,0,0,0,0,0,"980,000","980,000","980,000"
74971736,지포스 RTX 4070 SUPER D6X 12GB (중고),0,0,0,0,0,0,0,0,0,0,0,0,0,0,0,0,0,0,0,0,0,0,0,0,0,0,0,0,0,"1,080,000","1,080,000","1,080,000"
74997902,지포스 RTX 4070 Ti D6X 12GB (중고),0,0,0,0,0,0,0,0,0,0,0,0,0,0,0,0,0,0,0,0,0,0,0,0,0,0,0,0,0,"1,800,000","1,800,000","1,800,000"
74971556,지포스 RTX 4080 SUPER D6X 16GB (중고),0,0,0,0,0,0,0,0,0,0,0,0,0,0,0,0,0,0,0,0,0,0,0,0,0,0,0,0,0,"4,789,720","4,789,720","4,789,720"
