Id,Name,2026-10-01 14:13:35,2026-10-02 14:03:09,2026-10-03 13:46:02,2026-10-04 14:17:38,2026-10-05 14:01:26,2026-10-06 14:49:24,2026-10-07 14:20:18,2026-10-08 14:29:57,2026-10-09 14:33:05,2026-10-10 14:17:19
122654001,1stPlayer AU8 빅포 ARGB,"_블랙_65,900|_화이트_69,900","_블랙_65,900|_화이트_69,900","_블랙_65,900|_화이트_69,900","_블랙_65,900|_화이트_69,900","_블랙_65,900|_화이트_69,900","_블랙_65,900|_화이트_69,900","_블랙_65,900|_화이트_69,900","_블랙_65,900|_화이트_69,900","_블랙_65,900|_화이트_69,900","_블랙_65,900|_화이트_69,900"
99912947,1stPlayer GM7 ARGB BTF,"_블랙_83,270|실버_83,270|_화이트_83,270","_블랙_83,270|실버_83,270|_화이트_83,270","_블랙_82,120|실버_82,120|_화이트_82,120","_블랙_82,120|실버_82,120|_화이트_82,120","_블랙_82,120|실버_82,120|_화이트_82,120","_블랙_83,270|실버_83,270|_화이트_83,270","_블랙_83,270|실버_83,270|_화이트_83,270","_블랙_81,280|_실버_81,280|화이트_83,270","_블랙_79,480|_실버_79,480|화이트_79,480","_블랙_79,480|_실버_79,480|화이트_79,480"
21548498,1stPlayer MV8,"화이트_74,000","화이트_74,000","화이트_73,990","화이트_73,990","화이트_73,990","화이트_70,980","화이트_73,990","화이트_73,990","화이트_70,990","화이트_69,150"
52153256,1stPlayer Mi5,"화이트_45,500","화이트_45,500",0,0,0,0,0,0,0,0
91187588,1stPlayer Mi5 WING,"_블랙_49,000|_화이트_52,340","_블랙_49,000|_화이트_52,340","_블랙_49,000|_화이트_52,340","_블랙_49,000|_화이트_52,340","_블랙_49,000|_화이트_52,340","_블랙_49,000|_화이트_52,340","_블랙_49,000|_화이트_52,340","_블랙_49,000|_화이트_52,240","_블랙_49,000|_화이트_52,240","_블랙_49,000|_화이트_52,240"
20779499,1stPlayer Mi6,"화이트_70,000","화이트_70,000","화이트_70,000","화이트_70,000","화이트_70,000","화이트_70,000","화이트_70,000","화이트_70,000","화이트_70,000","화이트_70,000"
19107068,1stPlayer Mi6 MUSIC BAR,"_블랙_72,100|_화이트_76,800","_블랙_72,100|_화이트_76,800","_블랙_72,100|_화이트_76,260","_블랙_72,100|_화이트_76,260","_블랙_72,100|_화이트_76,260","_블랙_73,773|_화이트_76,260","_블랙_73,660|_화이트_76,260","_블랙_73,660|_화이트_76,260","_블랙_73,660|_화이트_76,260","_블랙_73,660|_화이트_76,260"
20229629,1stPlayer Mi8,"블랙_87,500","블랙_87,500","블랙_87,500","블랙_87,500","블랙_87,500","블랙_87,500","블랙_87,500","블랙_87,500","블랙_87,500","블랙_87,500"
103749773,1stPlayer RT7 라운드 ARGB,"_블랙_99,000|_화이트_98,000",0,0,0,0,0,0,0,0,0
103749827,1stPlayer RT7 라운드 ARGB,0,"_블랙_99,000|_화이트_98,000","_블랙_99,000|_화이트_97,530","_블랙_99,000|_화이트_97,530","_블랙_99,000|_화이트_97,530","_블랙_99,000|_화이트_98,000","_블랙_99,000|_화이트_98,000","_블랙_99,000|_화이트_98,900","_블랙_98,000|_화이트_94,390","_블랙_98,000|_화이트_94,390"
19108916,1stPlayer SP5,"_블랙_67,920|_화이트_78,000","_블랙_67,920|_화이트_78,000","_블랙_67,890|_화이트_78,000","_블랙_67,890|_화이트_78,000","_블랙_67,890|_화이트_78,000","_블랙_67,890|_화이트_78,000","_블랙_67,890|_화이트_78,000","_블랙_67,890|_화이트_78,000","_블랙_67,890|_화이트_78,000","_블랙_67,890|_화이트_78,000"
19109225,1stPlayer SP5-G,"블랙_67,920","블랙_67,920","블랙_67,920","블랙_67,920","블랙_67,920","블랙_70,083","블랙_69,390","블랙_69,390","블랙_69,390","블랙_69,390"
19109408,1stPlayer SP6 MUSIC BAR,"_블랙_77,330|_화이트_82,550","_블랙_77,330|_화이트_82,550",0,"_블랙_77,330|_화이트_82,550",0,0,0,"_블랙_79,000|_화이트_81,840","_블랙_79,000|_화이트_81,840","_블랙_79,000|_화이트_81,840"
19109372,1stPlayer SP6 MUSIC BAR,0,0,"_블랙_77,330|_화이트_82,550",0,"_블랙_77,330|_화이트_82,550","_블랙_79,000|_화이트_85,662","_블랙_79,000|_화이트_84,340",0,0,0
19109501,1stPlayer SP6-G MUSIC BAR,"_블랙_82,990|_화이트_82,550","_블랙_82,990|_화이트_82,550","_블랙_82,990|_화이트_82,550","_블랙_82,990|_화이트_82,550","_블랙_82,990|_화이트_82,550","_블랙_83,000|_화이트_85,662","_블랙_82,990|_화이트_84,340","_블랙_82,990|_화이트_81,840","_블랙_82,990|_화이트_81,840","_블랙_82,990|_화이트_81,840"
19109651,1stPlayer SP7,"화이트_92,000","화이트_92,000","화이트_92,000","화이트_92,000","화이트_92,000","화이트_92,000","화이트_92,000","화이트_92,000","화이트_92,000","화이트_92,000"
19105625,1stPlayer T5,"블랙_54,990","블랙_54,990","블랙_54,990","블랙_54,990","블랙_54,990","블랙_55,000","블랙_54,990","블랙_54,990","블랙_54,990","블랙_54,990"
40896488,1stPlayer T7,"화이트_49,500","화이트_49,500","화이트_49,500","화이트_49,500","화이트_49,500","화이트_49,500","화이트_49,500","화이트_49,500","화이트_49,500","화이트_49,500"
35229785,1stPlayer T7-P,"_블랙_52,500|_화이트_44,550","_블랙_52,500|_화이트_44,550","_블랙_52,500|_화이트_43,880","_블랙_52,500|_화이트_43,880","_블랙_52,500|_화이트_43,880","_블랙_52,500|_화이트_43,880","_블랙_52,500|_화이트_43,880","_블랙_52,500|_화이트_43,880","_블랙_52,500|_화이트_43,880","_블랙_52,500|_화이트_43,880"
122678845,1stPlayer WD8 ARGB,"_메탈 화이트_79,000|_우드블랙_75,000","_메탈 화이트_79,000|_우드블랙_75,000","_메탈 화이트_79,000|_우드블랙_75,000","_메탈 화이트_79,000|_우드블랙_75,000","_메탈 화이트_79,000|_우드블랙_75,000","_메탈 화이트_79,000|_우드블랙_75,000","_메탈 화이트_79,000|_우드블랙_75,000","_메탈 화이트_79,000|_우드블랙_75,000","_메탈 화이트_79,000|_우드블랙_75,000","_메탈 화이트_79,000|_우드블랙_75,000"
124021000,1stPlayer 와칠 WA7-K RGB,"_블랙_49,000|_화이트_53,000","_블랙_49,000|_화이트_53,000","_블랙_49,000|_화이트_53,000","_블랙_49,000|_화이트_53,000","_블랙_49,000|_화이트_53,000","_블랙_49,000|_화이트_53,000","_블랙_49,000|_화이트_53,000","_블랙_49,000|_화이트_53,000","_블랙_49,000|_화이트_53,000","_블랙_49,000|_화이트_53,000"
2753144,2MONS 1.5U D280 핫스왑*2,"166,710","166,710","166,710","166,710","166,710","166,710","166,710","166,710","166,710","166,710"
2919264,2MONS 1.5U D280 핫스왑*2 USB3.0,"166,990","166,990","166,990","166,990","166,990","166,990","166,990","166,990","166,990","166,990"
3330848,2MONS 1U D550 에코 USB3.0,"159,000","159,000","159,000","159,000","159,000","159,000","159,000","159,000","159,000","159,000"
7025194,2MONS 1U ITX D250,"114,990","114,990","114,990","114,990","114,990","114,990","114,990","114,990","114,990","114,990"
12024287,2MONS 1U LCD D400,"150,470","150,470","150,470","150,470","150,470","150,470","150,470","150,470","150,470","150,470"
2910165,2MONS 2U D550 PLUS USB3.0,"109,450","109,450","109,450","109,450","109,450","109,450","109,450","109,450","109,450","109,450"
16983374,2MONS 2U D550 PLUS 핫스왑-3,"200,900","200,900","200,900","200,900","200,900","200,900","200,900","200,900","200,900","200,900"
2753078,2MONS 2U D550 핫스왑*6,"262,000","262,000","262,000","262,000","262,000","262,000","262,000","262,000","262,000","262,000"
2920397,2MONS 2U D550 핫스왑*6 USB3.0,"261,990","261,990","261,990","261,990","261,990","261,990","261,990","261,990","261,990","261,990"
10071663,2MONS 2U E-ATX D650,"122,000","122,000","122,000","122,000","122,000","122,000","122,000","122,000","122,000","122,000"
10071696,2MONS 2U E-ATX D650 USB3.0,"134,000","134,000","134,000","134,000","134,000","134,000","134,000","134,000","134,000","134,000"
64393598,2MONS 2U E-ATX D650 리던던트 파워용 KIT,"14,550","14,550","14,550","14,550","14,550","14,550","14,550","14,550","14,550","14,550"
3319048,2MONS 2U 핫스왑*6 SATA3 USB3.0,"282,000","282,000","282,000","282,000","282,000","282,000","282,000","282,000","282,000","282,000"
12531173,2MONS 3U D300 에코,"77,990","77,990","77,990","77,990","77,990","77,990","77,990","77,990","77,990","77,990"
4968795,2MONS 3U LCD 핫스왑*4 USB 3.0,"239,000","239,000","239,000","239,000","239,000","239,000","239,000","239,000","239,000","239,000"
92105834,2MONS 4U All in One D560 GPU-4,"221,900","221,900","221,900","221,900","221,900","221,900","221,900","221,900","221,900","221,900"
12862703,2MONS 4U D450 GPU-3,"60,990","60,990","60,990","60,990","60,990","60,990","60,990","60,990","60,990","60,990"
19869497,2MONS 4U D470 GPU-4 워터쿨,"189,900","189,900","189,900","189,900","189,900","189,900","189,900","189,900","189,900","189,900"
14920439,2MONS 4U D650 HD-28,"215,600","215,600",0,0,0,0,0,0,0,"215,600"
25264844,2MONS 4U D650 HD-28 워터쿨,"175,900","175,900","175,900","175,900","175,900","175,900","175,900","175,900","175,900","175,900"
12551834,2MONS 4U D650 핫스왑-12,"346,910","346,910","346,910","346,910","346,910","346,910","346,910","346,910","346,910","346,910"
14920292,2MONS 4U D650 핫스왑-16,"386,200","386,200","386,200","386,200","386,200","386,200","386,200","386,200","386,200","386,200"
18961142,2MONS 4U D650 핫스왑-8 워터쿨,"340,000","340,000","340,000","340,000","340,000","340,000","340,000","340,000","340,000","340,000"
65430776,2MONS 4U D680 핫스왑-24,"525,000","525,000","525,000","525,000","525,000","525,000","525,000","525,000","525,000","525,000"
122720355,2MONS 4U HQ D445 워터쿨360,"174,820","174,980","174,980","174,980","174,980","174,980","174,980","174,980","174,980","174,980"
12531095,2MONS 4U LCD D650 GPU-6,"247,880","247,880","247,880","247,880","247,880","247,880","247,880","247,880","247,880","247,880"
28605620,2MONS 4U LCD D680 GPU-6 워터쿨 2psu,"327,900","327,900","327,900","327,900","327,900","327,900","327,900","327,900","327,900","327,900"
4391262,2MONS 4U LCD 핫스왑*8 USB3.0,"310,000","310,000","310,000","310,000","310,000","310,000","310,000","310,000","310,000","310,000"
16983740,2MONS 4U 멀티 D500 핫스왑-4,"233,200","233,200","233,200","233,200","233,200","233,200","233,200","233,200","233,200","233,200"
27757268,2MONS 5U LCD D500 워터쿨 2psu,"396,900","396,900","396,900","396,900","396,900","396,900","396,900","396,900","396,990","396,990"
79397228,2MONS 5U TOWER D520 워터쿨 2PSU,"437,490","437,490","437,490","437,490","437,490","437,490","437,490","437,490","437,490","437,490"
93444674,2MONS 6U LCD D680 AI 머신러닝 ver3.0,"464,990","464,990","464,990","464,990","464,990","464,990","464,990","464,990","464,990","464,990"
5469555,2MONS 6U 비트코인 8way 2psu,"156,490","156,490","156,490","156,490","156,490","156,490","156,490","156,490","156,490","156,490"
1742127,2MONS SERVER 2U D400,"94,590","94,590","94,590","94,590","94,590","94,590","94,590","94,590","94,590","94,590"
2245703,2MONS SERVER 2U D550 Plus,"88,930","88,930","88,930","88,930","88,930","88,930","88,930","88,930","88,930","88,930"
1742137,2MONS SERVER 2U D560,"121,990","121,990","121,990","121,990","121,990","121,990","121,990","121,990","121,990","121,990"
1742148,2MONS SERVER 3U D400,"79,990","79,990","79,990","79,990","79,990","79,990","79,990","79,990","79,990","79,990"
3511031,2MONS 미니서버 핫스왑*6 USB3.0,"171,240","171,240","175,000","175,000","175,000","175,000","175,000","175,000","173,240","171,240"
3363372,2MONS 서버 1U D550 에코,"146,000","146,000","146,000","146,000","146,000","146,000","146,000","146,000","146,000","146,000"
2915955,2MONS 서버 2U D400 USB3.0,"111,000","111,000","111,000","111,000","111,000","111,000","111,000","111,000","111,000","111,000"
3155665,2MONS 서버 2U D400 에코,"77,000","77,000","77,000","77,000","77,000","77,000","77,000","77,000","77,000","77,000"
3155867,2MONS 서버 2U D400 에코 USB3.0,"89,000","89,000","89,000","89,000","89,000","89,000","89,000","89,000","89,000","89,000"
2911987,2MONS 서버 2U D560 USB 3.0,"130,990","130,990","130,990","130,990","130,990","130,990","130,990","130,990","130,990","130,990"
2914782,2MONS 서버 3U D400 USB3.0,"101,000","101,000","101,000","101,000","101,000","101,000","101,000","101,000","101,000","101,000"
4184812,2MONS 서버 4U E-ATX D400,"82,000","82,000","82,000","82,000","82,000","82,000","82,000","82,000","82,000","82,000"
4231753,2MONS 서버 4U E-ATX D400 USB3.0,"96,000","96,000","96,000","96,000","96,000","96,000","96,000","96,000","96,000","96,000"
1821778,2MONS 서버 4U PC D450,"59,990","59,990","59,990","59,990","59,990","59,990","59,990","59,990","59,990","59,990"
1821768,2MONS 서버 4U TRAY D450,"84,000","84,000","84,000","84,000","84,000","84,000","84,000","84,000","84,000","84,000"
3043027,2MONS 서버 4U 멀티 D500,"121,990","121,990","121,990","121,990","121,990","121,990","121,990","121,990","121,990","121,990"
4362961,2MONS 서버용 18인치 레일(2PCS/SET),"46,500","46,500","46,500","46,500","46,500","46,500","46,500","46,500","46,500","46,500"
3168723,2MONS 서버용 26인치 레일(2PCS/SET),"50,000","50,000","50,000","50,000","50,000","50,000","50,000","50,000","50,000","50,000"
3156205,2MONS 서버용 SSD가이드,"1,070","1,070","1,070","1,070","1,070","1,070","1,070","1,070","1,070","1,070"
34740608,2MONS 엘-미니멀,"40,980","40,980","40,980","40,980","40,980","40,980","40,980","40,980","40,980","40,980"
122641275,2MONS 엘포즈 10,"33,980","33,980","33,980","33,980","33,980","33,980","33,980","33,980","33,980","33,980"
5660258,2MONS 엘포즈7,"29,990","29,990","29,990","29,990","29,990","29,990","29,990","29,990","29,990","29,990"
5660288,2MONS 엘포즈7 USB 4포트,"33,230","33,230","33,230","33,230","33,230","33,230","33,230","33,230","33,230","33,230"
5660313,2MONS 엘포즈7 멀티포트,"38,770","38,770","38,770","38,770","38,770","38,770","38,760","38,760","38,760","38,760"
17990840,2MONS 엘포즈8 Type C,"38,990","38,990","38,990","38,990","38,990","38,990","38,990","38,990","38,990","38,990"
103319498,2MONS 엘포즈8 type SD,"블랙_41,490","블랙_41,490","블랙_41,490","블랙_41,490","블랙_41,490","블랙_41,490","블랙_41,490","블랙_41,490","블랙_41,490","블랙_41,490"
11900881,2MONS 엘포즈9 TFX,"51,000","51,000","51,000","51,000","51,000","50,990","50,990","50,990","50,990","50,990"
49645280,2MONS 외부포트 USB 2.0 케이블 벌크,"3,290","3,290","3,290","3,290","3,290","3,290","3,290","3,290","3,290","3,290"
8141725,3RSYS EL-GUIDE,"3,050","3,050","3,050","3,050","3,050","3,050","3,050","3,050","3,050","3,050"
12204125,3RSYS J490 SILENCE,"블랙_57,720","블랙_57,720","블랙_57,720","블랙_57,720","블랙_57,720","블랙_57,720","블랙_57,720","블랙_57,720","블랙_57,720","블랙_57,720"
32043569,3RSYS J540,"37,440","37,440","37,440","37,440","37,440","37,440","37,440","37,440","37,440","37,440"
17433503,3RSYS J740 Quiet,"화이트_70,000","화이트_70,000","화이트_70,000","화이트_70,000","화이트_70,000","화이트_70,000","화이트_70,000","화이트_70,000","화이트_70,000","화이트_70,000"
58911584,3RSYS K101,"블랙_39,000","블랙_39,000","블랙_39,000","블랙_39,000","블랙_39,000","블랙_39,000","블랙_39,000","블랙_39,000","블랙_39,000","블랙_39,000"
90157475,3RSYS K105,"_블랙_32,490|_화이트_44,000","_블랙_32,490|_화이트_44,000","_블랙_32,490|_화이트_44,000","_블랙_32,490|_화이트_44,000","_블랙_32,490|_화이트_44,000","_블랙_32,490|_화이트_44,000","_블랙_32,490|_화이트_44,000","_블랙_32,490|_화이트_44,000","_블랙_31,850|_화이트_44,000","_블랙_31,850|_화이트_44,000"
91187774,3RSYS K201,"_블랙_41,470|_화이트_42,950",0,0,0,0,0,0,0,0,0
91187759,3RSYS K201,0,"_블랙_41,470|_화이트_42,950","_블랙_41,470|_화이트_42,950","_블랙_41,470|_화이트_42,950","_블랙_41,470|_화이트_42,950","_블랙_41,470|_화이트_42,950","_블랙_41,470|_화이트_42,950","_블랙_41,470|_화이트_42,950","_블랙_41,470|_화이트_42,950","_블랙_41,470|_화이트_42,950"
59928893,3RSYS K400 리버스,"_블랙_58,640|_화이트_63,540","_블랙_58,640|_화이트_63,540","_블랙_58,640|_화이트_63,540","_블랙_58,640|_화이트_63,540","_블랙_58,640|_화이트_63,540",0,"_블랙_58,640|_화이트_63,540","_블랙_58,640|_화이트_63,540","_블랙_58,640|_화이트_63,540","_블랙_58,640|_화이트_63,540"
59928902,3RSYS K400 리버스,0,0,0,0,0,"_블랙_58,640|_화이트_63,540",0,0,0,0
124217320,3RSYS L200,"_블랙_32,690|_화이트_36,590","_블랙_32,690|_화이트_36,590","_블랙_32,690|_화이트_36,590","_블랙_32,690|_화이트_36,590","_블랙_32,690|_화이트_36,590","_블랙_32,690|_화이트_36,590","_블랙_32,690|_화이트_36,590","_블랙_32,690|_화이트_36,590","_블랙_32,690|_화이트_36,590","_블랙_32,690|_화이트_36,590"
124101345,3RSYS L220 LED BAR,"_블랙_47,440|_화이트_51,890","_블랙_47,440|_화이트_51,890","_블랙_47,440|_화이트_51,890","_블랙_47,440|_화이트_51,890","_블랙_47,440|_화이트_51,890","_블랙_47,440|_화이트_51,890","_블랙_47,440|_화이트_51,890","_블랙_47,440|_화이트_51,890","_블랙_47,440|_화이트_51,890","_블랙_47,440|_화이트_51,890"
16483853,3RSYS L300 코드,"화이트_56,500","화이트_56,500","화이트_56,500","화이트_56,500","화이트_56,500","화이트_56,500","화이트_56,500","화이트_56,500","화이트_56,500","화이트_56,500"
80151344,3RSYS L330 Quiet,"_블랙_48,500|_화이트_48,300","_블랙_48,500|_화이트_48,300","_블랙_48,500|_화이트_48,300","_블랙_48,500|_화이트_48,300","_블랙_48,500|_화이트_48,300","_블랙_48,500|_화이트_48,300","_블랙_48,500|_화이트_48,300","_블랙_48,500|_화이트_48,300","_블랙_48,500|_화이트_48,300","_블랙_48,500|_화이트_48,300"
15823037,3RSYS L600,"블랙_103,000","블랙_103,000","블랙_103,000","블랙_103,000","블랙_103,000","블랙_103,000","블랙_103,000","블랙_103,000","블랙_103,000","블랙_103,000"
17409059,3RSYS L600 Quiet,"_블랙_85,560|_화이트_91,170","_블랙_90,000|_화이트_91,170","_블랙_90,000|_화이트_91,170","_블랙_90,000|_화이트_91,170","_블랙_90,000|_화이트_91,170","_블랙_90,000|_화이트_91,170","_블랙_90,000|_화이트_91,170","_블랙_90,000|_화이트_91,170","_블랙_90,000|_화이트_91,170","_블랙_90,000|_화이트_91,170"
3412899,3RSYS L900 USB3.0,"블랙_88,000","블랙_88,000","블랙_88,000","블랙_88,000","블랙_88,000","블랙_88,000","블랙_88,000","블랙_88,000","블랙_88,000","블랙_88,000"
57709235,3RSYS L904 Quiet,"_블랙_91,970|_화이트_94,900","_블랙_91,970|_화이트_94,900","_블랙_91,970|_화이트_94,900","_블랙_91,970|_화이트_94,900","_블랙_91,970|_화이트_94,900","_블랙_91,970|_화이트_94,900","_블랙_91,970|_화이트_94,900","_블랙_91,970|_화이트_94,900","_블랙_91,970|_화이트_94,900","_블랙_91,970|_화이트_94,900"
28025648,3RSYS R120,"_블랙_28,810|_화이트_31,660","_블랙_28,810|_화이트_31,660","_블랙_28,810|_화이트_31,660","_블랙_28,810|_화이트_31,660","_블랙_28,810|_화이트_31,660","_블랙_28,810|_화이트_31,660","_블랙_28,810|_화이트_31,660","_블랙_28,810|_화이트_31,660","_블랙_28,810|_화이트_31,660","_블랙_28,810|_화이트_31,660"
19881209,3RSYS R150,"_블랙_31,290|_화이트_34,230","_블랙_31,290|_화이트_34,230","_블랙_31,290|_화이트_34,230","_블랙_31,290|_화이트_34,230","_블랙_31,290|_화이트_34,230","_블랙_31,290|_화이트_34,230","_블랙_31,290|_화이트_34,230","_블랙_31,290|_화이트_34,230","_블랙_31,290|_화이트_34,230","_블랙_31,290|_화이트_34,230"
93700982,3RSYS R190,"_블랙_41,890|_화이트_43,700","_블랙_41,890|_화이트_43,700","_블랙_41,890|_화이트_43,700","_블랙_41,890|_화이트_43,700","_블랙_41,890|_화이트_43,700","_블랙_41,890|_화이트_43,700","_블랙_41,890|_화이트_43,700","_블랙_41,890|_화이트_43,700","_블랙_41,890|_화이트_43,700","_블랙_41,890|_화이트_43,700"
15738686,3RSYS R200,"_블랙_39,060|_화이트_43,000","_블랙_39,060|_화이트_43,000","_블랙_39,060|_화이트_43,000","_블랙_39,060|_화이트_43,000","_블랙_39,060|_화이트_43,000","_블랙_39,060|_화이트_43,000","_블랙_39,050|_화이트_43,000","_블랙_39,050|_화이트_43,000","_블랙_39,050|_화이트_43,000","_블랙_39,050|_화이트_43,000"
19073519,3RSYS R260,"_블랙_41,310|_화이트_53,680","_블랙_41,310|_화이트_53,680","_블랙_41,310|_화이트_53,680","_블랙_41,310|_화이트_53,680","_블랙_41,310|_화이트_53,680","_블랙_41,310|_화이트_53,680","_블랙_41,310|_화이트_53,680","_블랙_41,310|_화이트_53,110","_블랙_41,310|_화이트_52,550","_블랙_41,310|_화이트_52,550"
7241425,3RSYS R3 USB 3.0,0,0,"23,280","23,280","23,050","23,050","22,820","22,580","22,340","22,340"
28025804,3RSYS R30,"_블랙_20,010|_화이트_23,500","_블랙_20,010|_화이트_23,500","_블랙_20,010|_화이트_23,500","_블랙_20,010|_화이트_23,500","_블랙_20,010|_화이트_23,500","_블랙_20,010|_화이트_23,500","_블랙_20,010|_화이트_23,500","_블랙_20,010|_화이트_23,500","_블랙_20,010|_화이트_23,500","_블랙_20,010|_화이트_23,500"
100383761,3RSYS R370 RGB,"블랙_26,350","블랙_26,350","블랙_26,350","블랙_26,350","블랙_26,350","블랙_26,350","블랙_26,350","블랙_26,350","블랙_26,350","블랙_26,350"
74806601,3RSYS R40,"22,220","22,220","22,220","22,220","22,220","22,220","22,220","22,220","22,220","22,220"
122707971,3RSYS R407 세븐팬,"_블랙_49,600|_화이트_54,330","_블랙_49,600|_화이트_54,330","_블랙_49,600|_화이트_54,330","_블랙_49,600|_화이트_54,330","_블랙_49,600|_화이트_54,330","_블랙_49,600|_화이트_54,330","_블랙_49,600|_화이트_54,330","_블랙_49,600|_화이트_54,330","_블랙_49,600|_화이트_54,330","_블랙_49,600|_화이트_54,330"
94881062,3RSYS R50 넥스,"_블랙_38,260|_화이트_49,500","_블랙_38,260|_화이트_49,500","_블랙_38,260|_화이트_49,500","_블랙_38,260|_화이트_49,500","_블랙_38,260|_화이트_49,500","_블랙_38,260|_화이트_49,500","_블랙_38,260|_화이트_49,500","_블랙_38,260|_화이트_49,500","_블랙_38,260|_화이트_49,500","_블랙_38,260|_화이트_49,500"
91423457,3RSYS R530,"_블랙_53,780|_화이트_57,600","_블랙_53,780|_화이트_57,600","_블랙_53,780|_화이트_57,600","_블랙_53,780|_화이트_57,600","_블랙_53,780|_화이트_57,600","_블랙_53,780|_화이트_57,600","_블랙_53,780|_화이트_57,600","_블랙_53,780|_화이트_57,600","_블랙_53,780|_화이트_57,600","_블랙_53,780|_화이트_57,600"
103335953,3RSYS R630 RGB,"_블랙_68,830|_화이트_73,000","_블랙_68,830|_화이트_73,000","_블랙_68,830|_화이트_73,000",0,0,0,0,0,0,0
103335977,3RSYS R630 RGB,0,0,0,"_블랙_68,830|_화이트_73,000","_블랙_68,830|_화이트_73,000","_블랙_68,830|_화이트_73,000","_블랙_68,830|_화이트_73,000","_블랙_68,830|_화이트_73,000","_블랙_68,830|_화이트_73,000","_블랙_68,830|_화이트_73,000"
31286447,3RSYS R640 Quiet,"_블랙_96,800|_화이트_97,790","_블랙_96,800|_화이트_97,790","_블랙_96,800|_화이트_97,790","_블랙_96,800|_화이트_97,790","_블랙_96,800|_화이트_97,790",0,0,"_블랙_96,800|_화이트_97,790","_블랙_96,800|_화이트_97,790","_블랙_96,800|_화이트_97,790"
31286465,3RSYS R640 Quiet,0,0,0,0,0,"_블랙_96,800|_화이트_97,790","_블랙_96,800|_화이트_97,790",0,0,0
103750100,3RSYS RX200 RGB,"_블랙_67,930|_화이트_74,680","_블랙_67,930|_화이트_74,680","_블랙_67,930|_화이트_74,680","_블랙_67,930|_화이트_74,680","_블랙_67,930|_화이트_74,680","_블랙_67,930|_화이트_74,680","_블랙_67,930|_화이트_74,680","_블랙_67,930|_화이트_74,680","_블랙_67,930|_화이트_74,680","_블랙_67,930|_화이트_74,680"
97221194,3RSYS RX300 RGB,"_블랙_70,960|_화이트_77,860",0,0,0,0,0,"_블랙_70,960|_화이트_77,860","_블랙_70,960|_화이트_77,860","_블랙_70,960|_화이트_77,860","_블랙_70,960|_화이트_77,860"
97221221,3RSYS RX300 RGB,0,"_블랙_70,960|_화이트_77,860","_블랙_70,960|_화이트_77,860","_블랙_70,960|_화이트_77,860","_블랙_70,960|_화이트_77,860","_블랙_70,960|_화이트_77,860",0,0,0,0
73121462,3RSYS RX400 Quiet BTF,"_블랙_81,470|_화이트_84,500","_블랙_81,470|_화이트_84,500","_블랙_81,470|_화이트_84,500","_블랙_81,470|_화이트_84,500","_블랙_81,470|_화이트_84,500","_블랙_81,470|_화이트_84,500","_블랙_81,470|_화이트_84,500","_블랙_81,470|_화이트_84,500","_블랙_81,470|_화이트_90,490","_블랙_81,470|_화이트_90,490"
99049688,3RSYS RX500 Quiet,"_블랙_82,500|_화이트_86,900",0,0,0,0,0,0,0,0,0
99049709,3RSYS RX500 Quiet,0,"_블랙_82,500|_화이트_86,900","_블랙_82,500|_화이트_86,900","_블랙_82,500|_화이트_86,900","_블랙_82,500|_화이트_86,900","_블랙_82,500|_화이트_86,900","_블랙_82,500|_화이트_86,900","_블랙_82,500|_화이트_86,900","_블랙_82,500|_화이트_86,900","_블랙_82,500|_화이트_86,900"
32043641,3RSYS S315 Quiet 리버스,"화이트_79,000","화이트_79,000","화이트_79,000","화이트_79,000","화이트_79,000","화이트_79,000","화이트_79,000","화이트_79,000","화이트_79,000","화이트_79,000"
34816706,3RSYS S402 Quiet 리버스 BTF,"_블랙_88,850|_화이트_96,350","_블랙_88,850|_화이트_96,350","_블랙_88,850|_화이트_96,350",0,0,0,0,0,0,0
34816730,3RSYS S402 Quiet 리버스 BTF,0,0,0,"_블랙_88,850|_화이트_96,350","_블랙_88,850|_화이트_96,350","_블랙_88,850|_화이트_96,350","_블랙_88,850|_화이트_96,350","_블랙_88,850|_화이트_96,350","_블랙_88,850|_화이트_96,350","_블랙_88,850|_화이트_96,350"
39614225,3RSYS S404 Quiet 리버스,"_블랙_67,000|_화이트_74,000","_블랙_67,000|_화이트_74,000","_블랙_67,000|_화이트_74,000","_블랙_67,000|_화이트_74,000","_블랙_67,000|_화이트_74,000","_블랙_67,000|_화이트_74,000","_블랙_67,000|_화이트_74,000","_블랙_67,000|_화이트_74,000","_블랙_67,000|_화이트_74,000","_블랙_67,000|_화이트_74,000"
99479786,3RSYS S480 WOOD BTF,"블랙_56,480","블랙_56,480","블랙_56,480","블랙_56,480","블랙_56,480","블랙_56,480","블랙_56,480","블랙_56,480","블랙_56,480","블랙_56,480"
89605691,3RSYS T200 Quiet BTF,"블랙_103,760","블랙_103,760","블랙_103,760","블랙_103,760","블랙_103,760","블랙_103,760","블랙_110,000","블랙_110,000","블랙_110,000","블랙_110,000"
92045654,3RSYS T2000 Quiet,"_블랙_127,880|_화이트_137,000","_블랙_130,000|_화이트_137,000","_블랙_130,000|_화이트_137,000","_블랙_128,380|_화이트_137,000","_블랙_128,380|_화이트_137,000","_블랙_127,880|_화이트_137,000","_블랙_127,880|_화이트_137,000","_블랙_127,880|_화이트_137,000","_블랙_127,880|_화이트_137,000","_블랙_127,880|_화이트_137,000"
71162336,3RSYS T300 Quiet BTF,"_블랙_135,000|_화이트_145,000","_블랙_135,000|_화이트_145,000","_블랙_135,000|_화이트_145,000","_블랙_135,000|_화이트_145,000","_블랙_135,000|_화이트_145,000","_블랙_135,000|_화이트_145,000","_블랙_135,000|_화이트_145,000","_블랙_135,000|_화이트_145,000","_블랙_135,000|_화이트_145,000","_블랙_135,000|_화이트_145,000"
46100999,3RSYS T3000 Quiet,"252,240","252,240","252,240","252,240","252,240","252,240","252,240","252,240","251,100","251,100"
105679544,3RSYS T6000 워크스테이션,"457,000","457,000","457,000","457,000","457,000","457,000","457,000","457,000","450,170","450,170"
13796111,3RSYS T700,"_블랙_86,500|_화이트_68,000","_블랙_86,500|_화이트_68,000","_블랙_86,500|_화이트_68,000","_블랙_86,500|_화이트_68,000","_블랙_86,500|_화이트_68,000","_블랙_86,500|_화이트_68,000","_블랙_86,500|_화이트_68,000","_블랙_86,500|_화이트_68,000","_블랙_86,500|_화이트_68,000","_블랙_86,500|_화이트_68,000"
20031230,3RSYS T700 Quiet,"블랙_99,000","블랙_99,000","블랙_99,000","블랙_99,000","블랙_99,000","블랙_99,000","블랙_99,000","블랙_99,000","블랙_99,000","블랙_99,000"
13933289,3RSYS T840 풍통,"블랙_113,960","블랙_113,960","블랙_113,960","블랙_113,960","블랙_113,960","블랙_113,960","블랙_113,960","블랙_113,960","블랙_113,960","블랙_113,960"
102000851,3RSYS T9000 워크스테이션,"830,940","830,940","830,940","830,940","830,940","830,940","830,940","830,940","830,940","830,940"
11169117,AEROCOOL AERO ONE FROST,"49,900","49,900",0,0,0,"49,900","49,900","49,900","49,900","49,900"
2624714,AEROCOOL DS CUBE WINDOW,"_골드_77,540|그린_78,800|레드_77,540|_블루_77,540|오렌지_77,540|","_골드_77,540|그린_78,800|레드_77,540|_블루_77,540|오렌지_77,540|","_골드_77,540|그린_78,800|레드_77,540|_블루_77,540|오렌지_77,540|","_골드_77,540|그린_78,800|_레드_77,540|블루_77,540|오렌지_77,540|","_골드_77,540|그린_78,800|레드_77,540|_블루_77,540|오렌지_77,540|","_골드_77,540|그린_78,800|레드_77,540|_블루_77,540|오렌지_77,540|","_골드_77,540|그린_78,800|레드_77,540|_블루_77,540|오렌지_77,540|","_골드_77,540|그린_78,800|_레드_77,540|블루_77,540|오렌지_77,540|","_골드_76,730|그린_78,800|_레드_76,730|블루_76,730|오렌지_76,730|","_골드_76,730|그린_78,800|_레드_76,730|블루_76,730|오렌지_76,730|"
10325019,AMAQUEST K230B,0,0,0,0,0,0,"58,710","58,710","58,710","58,710"
2855634,AMAQUEST K338F 3U 랙마운트,0,0,0,0,0,0,0,"76,610","75,790","75,790"
124412175,AMAQUEST K500 Gen2,0,0,0,0,0,가격비교예정,가격비교예정,가격비교예정,가격비교예정,가격비교예정
14922485,AONE PCI-E 3.0 16X 300mm 라이저케이블,"블랙_23,900","블랙_23,900","블랙_23,900","블랙_23,900","블랙_23,900","블랙_23,900","블랙_23,900","블랙_23,900","블랙_23,900","블랙_23,900"
34335563,AONE PCI-E 4.0 16X 250mm 라이저 케이블,"_블랙_39,000|_화이트_44,910","_블랙_39,000|_화이트_44,910","_블랙_39,000|_화이트_44,910","_블랙_39,000|_화이트_44,910","_블랙_39,000|_화이트_44,910","_블랙_39,000|_화이트_44,910","_블랙_39,000|_화이트_44,910","_블랙_39,000|_화이트_44,910","_블랙_39,000|_화이트_44,910","_블랙_39,000|_화이트_44,910"
17973449,AONE PCI-E 4.0 16X 300mm 라이저케이블,"블랙_39,000","블랙_39,000","블랙_39,000","블랙_39,000","블랙_39,000","블랙_39,000","블랙_39,000","블랙_39,000","블랙_39,000","블랙_39,000"
13537256,AONE PCI-Express 1x to 16X 009S LED 라이저카드,"1,270","1,270","1,270","1,270","1,270","1,270","1,270","1,270","1,270","1,270"
41613095,APNX Creator C1,"_블랙_169,000|크로마 플레어_209,000|_화이트_172,100",0,0,0,0,0,0,0,0,0
41613188,APNX Creator C1,0,"_블랙_169,000|크로마 플레어_209,000|_화이트_172,100","_블랙_169,000|크로마 플레어_209,000|_화이트_172,100","_블랙_169,000|크로마 플레어_209,000|_화이트_172,100","_블랙_169,000|크로마 플레어_209,000|_화이트_172,100","_블랙_169,000|크로마 플레어_209,000|_화이트_172,100","_블랙_169,000|크로마 플레어_209,000|_화이트_172,100","_블랙_169,000|크로마 플레어_209,000|_화이트_172,100","_블랙_169,000|크로마 플레어_209,000|_화이트_172,100","_블랙_169,000|크로마 플레어_209,000|_화이트_172,100"
100692635,APNX V1,"블랙_148,000|_화이트_158,000|우드 블랙_169,000|_우드 화이트_178,900",0,0,0,"블랙_148,000|_화이트_158,000|우드 블랙_169,000|_우드 화이트_178,900","블랙_148,000|_화이트_158,000|우드 블랙_169,000|_우드 화이트_178,900","블랙_148,000|_화이트_158,000|우드 블랙_169,000|_우드 화이트_178,900",0,0,0
100692614,APNX V1,0,"블랙_148,000|_화이트_158,000|우드 블랙_169,000|_우드 화이트_178,900","블랙_148,000|_화이트_158,000|우드 블랙_169,000|_우드 화이트_178,900","블랙_148,000|_화이트_158,000|우드 블랙_169,000|_우드 화이트_178,900",0,0,0,0,0,0
100692575,APNX V1,0,0,0,0,0,0,0,"_블랙_148,000|화이트_158,000|우드 블랙_169,000|_우드 화이트_178,900","_블랙_148,000|화이트_158,000|우드 블랙_169,000|_우드 화이트_178,900","_블랙_148,000|화이트_158,000|우드 블랙_169,000|_우드 화이트_178,900"
104628746,APNX V2,"_블랙_155,130|_화이트_164,650","_블랙_155,130|_화이트_164,650","_블랙_155,130|_화이트_164,650","_블랙_155,130|_화이트_164,650","_블랙_155,130|_화이트_164,650","_블랙_155,130|_화이트_164,650","_블랙_155,130|_화이트_164,650","_블랙_155,130|_화이트_164,650","_블랙_155,130|_화이트_164,650","_블랙_155,130|_화이트_164,650"
104628851,APNX V2-F,"_블랙_145,070|_화이트_155,130","_블랙_145,070|_화이트_155,130",0,0,0,0,0,0,0,0
104628764,APNX V2-F,0,0,"_블랙_145,070|_화이트_155,130","_블랙_145,070|_화이트_155,130","_블랙_145,070|_화이트_155,130","_블랙_145,070|_화이트_155,130","_블랙_145,070|_화이트_155,130","_블랙_145,070|_화이트_155,130","_블랙_145,070|_화이트_155,130","_블랙_145,070|_화이트_155,130"
96771857,ARCTIC Xtender,"_블랙_197,820|_화이트_204,670","_블랙_197,820|_화이트_204,670","_블랙_197,820|_화이트_204,670","_블랙_197,820|_화이트_204,670","_블랙_197,820|_화이트_204,670","_블랙_197,820|_화이트_204,670","_블랙_197,820|_화이트_204,670","_블랙_197,820|_화이트_204,670","_블랙_197,820|_화이트_204,670","_블랙_197,820|_화이트_204,670"
96771989,ARCTIC Xtender Mirror,"블랙_197,820","블랙_197,820","블랙_197,820","블랙_197,820","블랙_197,820","블랙_197,820","블랙_197,820","블랙_197,820","블랙_197,820","블랙_197,820"
96772031,ARCTIC Xtender VG,"_블랙_238,730|_화이트_247,510","_블랙_238,730|_화이트_247,510","_블랙_238,730|_화이트_247,510",0,0,0,0,0,0,0
96772073,ARCTIC Xtender VG,0,0,0,"_블랙_238,730|_화이트_247,510","_블랙_238,730|_화이트_247,510","_블랙_238,730|_화이트_247,510","_블랙_238,680|_화이트_247,460","_블랙_238,680|_화이트_247,460","_블랙_238,680|_화이트_247,460","_블랙_238,680|_화이트_247,460"
96772118,ARCTIC Xtender VG Mirror,"블랙_238,730","블랙_238,730","블랙_238,730","블랙_238,730","블랙_238,730","블랙_238,730","블랙_238,680","블랙_238,680","블랙_238,680","블랙_238,680"
35805302,ASUS A21 PLUS,"블랙_90,700","블랙_90,700","블랙_90,700","블랙_90,700","블랙_90,700",0,"블랙_90,700","블랙_90,700","블랙_90,700","블랙_90,700"
96852605,ASUS A32 PLUS,"_블랙_122,010|_화이트_121,770","_블랙_122,010|_화이트_121,770","_블랙_122,010|_화이트_121,770","_블랙_122,010|_화이트_121,770","_블랙_122,010|_화이트_121,770","_블랙_122,010|_화이트_121,770","_블랙_122,010|_화이트_121,770","_블랙_122,010|_화이트_121,520","_블랙_122,010|_화이트_121,520","_블랙_122,010|_화이트_121,520"
17353130,ASUS PRIME AP201,0,0,0,0,0,"화이트_117,040","화이트_116,620","화이트_116,710","화이트_116,710","화이트_116,710"
94029254,ASUS PRIME AP202 ARGB,"화이트_121,520","화이트_122,010","화이트_122,010","화이트_122,010","화이트_122,010","화이트_122,010","화이트_122,010","화이트_122,010","화이트_122,010","화이트_122,010"
102007412,ASUS PRIME AP303 메쉬,0,"_블랙_135,000|_화이트_123,270","_블랙_135,000|_화이트_123,270","_블랙_135,000|_화이트_123,270","_블랙_135,000|_화이트_123,270","_블랙_135,000|_화이트_123,270","_블랙_135,000|_화이트_123,250",0,0,0
124115263,ASUS Prime AP304,"_블랙_199,600|_화이트_199,600","_블랙_199,600|_화이트_199,600","_블랙_199,600|_화이트_199,600","_블랙_199,600|_화이트_199,600","_블랙_199,600|_화이트_199,600","_블랙_199,600|_화이트_199,600","_블랙_199,600|_화이트_199,600","_블랙_199,600|_화이트_199,600","_블랙_199,600|_화이트_199,600","_블랙_199,600|_화이트_199,600"
124198048,ASUS Prime AP304 ARGB,"_블랙_195,910|_화이트_195,910","_블랙_195,910|_화이트_195,910","_블랙_195,910|_화이트_195,910","_블랙_195,910|_화이트_195,910","_블랙_195,910|_화이트_195,910","_블랙_195,910|_화이트_195,910","_블랙_195,910|_화이트_195,910","_블랙_195,910|_화이트_195,910","_블랙_195,910|_화이트_195,910","_블랙_195,910|_화이트_195,910"
101956331,ASUS ProArt PA401 우드 에디션 강화유리,"베이지_157,740","베이지_157,740","베이지_157,740","베이지_157,740","베이지_157,740","베이지_157,740","베이지_157,720","베이지_157,720","베이지_157,720","베이지_157,720"
102003803,ASUS ProArt PA401 우드 에디션 메탈,"_베이지_157,740|_블랙_134,750","_베이지_157,740|_블랙_134,750",0,0,0,0,"_베이지_157,720|_블랙_134,730",0,0,0
77380718,ASUS ProArt PA401 우드 에디션 메탈,0,0,"_베이지_157,740|_블랙_134,750","_베이지_157,740|_블랙_134,750","_베이지_157,740|_블랙_134,750","_베이지_157,730|_블랙_134,750",0,"_베이지_157,720|_블랙_134,730","_베이지_157,720|_블랙_134,730","_베이지_157,720|_블랙_134,730"
31408691,ASUS ProArt PA602,"339,160","339,160","339,160","339,160","339,160","339,160","339,160","339,160","339,160","339,160"
122692194,ASUS ROG Cronox ARGB,"_블랙_890,940|_화이트_897,990","_블랙_890,940|_화이트_897,990","_블랙_890,940|_화이트_897,990","_블랙_890,940|_화이트_897,990","_블랙_890,940|_화이트_897,990","_블랙_890,940|_화이트_897,990","_블랙_890,940|_화이트_897,990","_블랙_890,940|_화이트_897,990","_블랙_890,940|_화이트_897,990","_블랙_890,940|_화이트_897,990"
122692201,ASUS ROG Cronox ARGB,0,0,0,0,0,0,0,0,"_블랙_890,940|_화이트_897,990","_블랙_890,940|_화이트_897,990"
7706725,ASUS ROG STRIX HELIOS,"398,620","398,620","398,620","398,620","398,620","398,620","398,600","398,600","398,600","398,600"
102550838,ASUS ROG STRIX HELIOS II,"_블랙_380,950|_화이트_380,950","_블랙_380,950|_화이트_380,950","_블랙_380,950|_화이트_380,950","_블랙_380,950|_화이트_380,950","_블랙_380,950|_화이트_380,950","_블랙_380,950|_화이트_380,950","_블랙_380,950|_화이트_380,950","_블랙_380,950|_화이트_380,950","_블랙_373,350|_화이트_373,350","_블랙_373,350|_화이트_373,350"
11554955,ASUS ROG STRIX HELIOS WHITE EDITION,"466,000","466,000","466,000","466,000","466,000","466,000","466,000","466,000","466,000","466,000"
47840606,ASUS TUF Gaming GT302 ARGB,"블랙_176,000","블랙_176,000","블랙_176,000","블랙_176,000","블랙_176,000","블랙_176,000","블랙_176,000","블랙_176,000","블랙_176,000","블랙_176,000"
7335787,ASUS TUF Gaming GT501,"211,000","211,000","211,000","211,000","211,000","211,000","211,000","211,000","211,000","211,000"
11555084,ASUS TUF Gaming GT501 WHITE EDITION,"222,000","222,000","222,000","222,000","222,000","222,000","222,000","222,000","222,000","222,000"
18382964,ASUS TUF Gaming GT502,"_블랙_215,490|_화이트_227,280","_블랙_215,490|_화이트_227,280","_블랙_215,490|_화이트_227,280","_블랙_215,490|_화이트_227,280","_블랙_215,490|_화이트_227,280",0,0,0,0,0
122618461,Antec 900 MESH BTF,"311,330","311,330","311,330","311,330","311,330","311,330","311,330","311,330","311,330","311,330"
19277042,Antec AX61 ELITE MESH 강화유리,"52,090","52,090","52,090","52,090","52,090","52,090","52,090","52,090","52,090","52,090"
30499121,Antec AX81 RGB ELITE MESH 강화유리,"900,000","900,000","900,000","900,000","900,000","900,000","900,000","900,000","900,000","900,000"
123537643,Antec C2M MESH ARGB,"_블랙_67,220|_화이트_69,350","_블랙_67,220|_화이트_69,350","_블랙_67,220|_화이트_69,350","_블랙_67,220|_화이트_69,350","_블랙_67,220|_화이트_69,350","_블랙_67,220|_화이트_69,350","_블랙_67,220|_화이트_69,350","_블랙_67,220|_화이트_69,350","_블랙_67,220|_화이트_69,350","_블랙_67,220|_화이트_69,350"
123537654,Antec C2M MESH ARGB,0,0,"_블랙_67,220|_화이트_69,350","_블랙_67,220|_화이트_69,350","_블랙_67,220|_화이트_69,350","_블랙_67,220|_화이트_69,350","_블랙_67,220|_화이트_69,350",0,0,0
41615831,Antec C3 ARGB,"_블랙_95,380|_화이트_99,000","_블랙_95,380|_화이트_99,000","_블랙_95,380|_화이트_99,000","_블랙_95,380|_화이트_99,000","_블랙_95,380|_화이트_99,000","_블랙_95,380|_화이트_99,000","_블랙_95,380|_화이트_99,000","_블랙_95,380|_화이트_99,000","_블랙_95,380|_화이트_99,000","_블랙_95,380|_화이트_99,000"
54327269,Antec C5 MESH ARGB BTF,"_블랙_141,980|_화이트_142,990","_블랙_141,980|_화이트_142,990","_블랙_141,980|_화이트_142,990","_블랙_141,980|_화이트_142,990","_블랙_141,980|_화이트_142,990","_블랙_141,980|_화이트_142,990","_블랙_141,980|_화이트_142,990","_블랙_141,980|_화이트_142,990","_블랙_141,980|_화이트_142,990","_블랙_141,980|_화이트_142,990"
64464317,Antec C5 MESH BTF,"블랙_94,990","블랙_94,990","블랙_94,990","블랙_94,990","블랙_94,990","블랙_94,990","블랙_94,990","블랙_94,990","블랙_94,990","블랙_94,990"
96312719,Antec C5 MESH CURVE ARGB BTF,"_블랙_143,890|_화이트_148,990","_블랙_143,890|_화이트_148,990","_블랙_143,890|_화이트_148,990","_블랙_143,890|_화이트_148,990","_블랙_143,890|_화이트_148,990","_블랙_143,890|_화이트_148,990","_블랙_143,890|_화이트_148,990","_블랙_143,890|_화이트_148,990","_블랙_143,890|_화이트_149,000","_블랙_143,890|_화이트_149,000"
122654082,Antec C6 CURVE AIR MESH BTF,"_블랙_114,990|_화이트_124,700","_블랙_114,990|_화이트_124,700","_블랙_114,990|_화이트_124,700","_블랙_114,990|_화이트_124,700","_블랙_114,990|_화이트_124,700","_블랙_114,990|_화이트_124,700","_블랙_114,990|_화이트_124,700","_블랙_114,990|_화이트_124,700","_블랙_114,990|_화이트_124,700","_블랙_114,990|_화이트_124,700"
66334604,Antec C7 MESH ARGB BTF,"_블랙_151,980|_화이트_159,000","_블랙_151,980|_화이트_159,000","_블랙_151,980|_화이트_159,000","_블랙_151,980|_화이트_159,000","_블랙_151,980|_화이트_159,000","_블랙_151,980|_화이트_159,000","_블랙_151,980|_화이트_159,000","_블랙_151,980|_화이트_159,000","_블랙_151,980|_화이트_159,000","_블랙_151,980|_화이트_159,000"
33439418,Antec C8 MESH,"_블랙_117,000|우드_117,000|_화이트_117,000","_블랙_117,000|우드_117,000|_화이트_117,000","_블랙_117,000|우드_117,000|_화이트_117,000","_블랙_117,000|우드_117,000|_화이트_117,000","_블랙_117,000|우드_117,000|_화이트_117,000","_블랙_117,000|우드_117,000|_화이트_117,000","_블랙_117,000|우드_117,000|_화이트_117,000","_블랙_117,000|우드_117,000|_화이트_117,000","_블랙_117,000|우드_117,000|_화이트_117,000","_블랙_117,000|우드_117,000|_화이트_117,000"
94811879,Antec C8 MESH ARGB,"_블랙_179,000|_화이트_213,000","_블랙_179,000|_화이트_213,270","_블랙_179,000|_화이트_213,270","_블랙_179,000|_화이트_213,270","_블랙_179,000|_화이트_213,550","_블랙_179,000|_화이트_213,550","_블랙_179,000|_화이트_213,560","_블랙_179,000|_화이트_213,830","_블랙_179,000|_화이트_215,800","_블랙_179,000|_화이트_213,830"
71777573,Antec C8 MESH CURVE BTF,"우드_157,000","우드_157,000","우드_157,000","우드_157,000","우드_157,000","우드_157,000","우드_157,000","우드_157,000","우드_157,000","우드_157,000"
96478850,Antec C8 MESH QUAD ARGB,"_블랙_152,890|_화이트_152,590","_블랙_152,890|_화이트_152,590","_블랙_152,890|_화이트_152,590","_블랙_152,890|_화이트_152,590","_블랙_152,890|_화이트_152,590","_블랙_152,890|_화이트_152,590","_블랙_152,890|_화이트_152,590","_블랙_152,890|_화이트_152,590","_블랙_152,890|_화이트_152,590","_블랙_152,890|_화이트_152,590"
4847659,Antec CUBE,"327,420","327,420","327,420","327,420","327,420","327,420","327,420","327,420","327,420",0
37930172,Antec CX200M RGB ELITE,"_블랙_59,000|_화이트_59,000","_블랙_59,000|_화이트_59,000","_블랙_59,000|_화이트_59,000","_블랙_59,000|_화이트_59,000",0,"_블랙_59,000|_화이트_59,000",0,0,0,0
39767135,Antec CX200M RGB ELITE,0,0,0,0,"_블랙_59,000|_화이트_59,000",0,"_블랙_59,000|_화이트_59,000","_블랙_59,000|_화이트_59,000","_블랙_59,000|_화이트_59,000","_블랙_59,000|_화이트_59,000"
57304289,Antec CX500M RGB,"_블랙_69,200|_화이트_71,990","_블랙_69,200|_화이트_71,990","_블랙_69,200|_화이트_71,990","_블랙_69,200|_화이트_71,990","_블랙_69,200|_화이트_71,990","_블랙_69,200|_화이트_71,990","_블랙_69,200|_화이트_71,990","_블랙_69,200|_화이트_72,000","_블랙_69,200|_화이트_72,000","_블랙_69,200|_화이트_72,000"
13936562,Antec DARK CUBE,"254,000","247,500","252,500","250,000","242,500","252,500","245,000","242,500","247,500","245,000"
13275992,Antec DF700 FLUX MESH 강화유리,"101,900","101,900","101,900","101,900","101,900","101,900","101,900","101,900","101,900","101,900"
16079039,Antec DF800 FLUX MESH 강화유리,"블랙_115,500","블랙_115,500","블랙_115,500","블랙_115,500","블랙_115,500","블랙_115,500","블랙_115,500","블랙_115,500","블랙_115,500","블랙_115,500"
99912674,Antec FLUX M MESH,"블랙_78,000","블랙_78,000","블랙_78,000","블랙_78,000","블랙_78,000","블랙_78,000","블랙_78,000","블랙_78,000","블랙_78,000","블랙_78,000"
70001051,Antec FLUX MESH BTF,"블랙_135,000","블랙_135,000","블랙_135,000","블랙_135,000","블랙_135,000","블랙_135,000","블랙_135,000","블랙_135,000","블랙_135,000","블랙_135,000"
72470105,Antec FLUX PRO MESH,"_블랙_254,000|_화이트_236,140","_블랙_254,000|_화이트_236,140","_블랙_254,000|_화이트_236,140","_블랙_254,000|_화이트_236,140","_블랙_254,000|_화이트_236,140","_블랙_253,000|_화이트_236,140","_블랙_253,000|_화이트_236,140","_블랙_253,000|_화이트_236,140","_블랙_253,000|_화이트_231,430","_블랙_253,000|_화이트_231,430"
104939912,Antec FLUX REAR MESH BTF,"블랙_116,390","블랙_116,390","블랙_116,390","블랙_116,390","블랙_116,390","블랙_116,390","블랙_116,390","블랙_116,390","블랙_116,390","블랙_116,390"
14903585,Antec NX200M MESH 강화유리,"블랙_37,000","블랙_37,000","블랙_37,000","블랙_37,000","블랙_37,000","블랙_37,000","블랙_37,000","블랙_37,000","블랙_37,000","블랙_37,000"
17224280,Antec NX200M RGB MESH 강화유리,"43,000","43,000","43,000","43,000","43,000","43,000","43,000","43,000","43,000","43,000"
32061452,Antec NX416L ARGB MESH 강화유리,"_블랙_94,500|_화이트_94,500","_블랙_94,500|_화이트_94,500","_블랙_94,500|_화이트_94,500","_블랙_94,500|_화이트_94,500","_블랙_94,500|_화이트_94,500","_블랙_94,500|_화이트_94,500","_블랙_94,500|_화이트_94,500","_블랙_94,500|_화이트_94,500","_블랙_94,500|_화이트_94,500","_블랙_94,500|_화이트_94,500"
17033048,Antec P10 C SILENT,"112,990","112,990","112,990","112,990","112,990","112,990","112,990","112,990","112,990","112,990"
13029410,Antec P10 FLUX,"110,740","110,500","110,500","110,500","110,000","110,740","110,740","110,740","110,740","110,740"
9985203,Antec P120 CRYSTAL,"_블랙_140,980|_화이트_148,400","_블랙_140,980|_화이트_148,400","_블랙_140,980|_화이트_148,400","_블랙_140,980|_화이트_148,400","_블랙_140,980|_화이트_148,400","_블랙_140,980|_화이트_148,400","_블랙_140,980|_화이트_148,400","_블랙_140,980|_화이트_148,400","_블랙_140,980|_화이트_148,400","_블랙_140,980|_화이트_148,400"
18728459,Antec P20CE ELITE 6FAN METAL MESH SOLID,"110,990","110,990","110,990","110,990","110,990","110,990","110,990","110,990","110,990","110,990"
106223360,Antec P30 MESH ARGB,"블랙_96,890","블랙_96,890","블랙_96,890","블랙_96,890","블랙_96,890","블랙_96,890","블랙_96,890","블랙_96,890","블랙_96,890","블랙_96,890"
104939861,Antec P7 S,"블랙_75,990","블랙_75,990","블랙_75,990","블랙_75,990","블랙_75,990","블랙_75,990","블랙_75,990","블랙_75,990","블랙_75,990","블랙_75,990"
45873434,Antec PCI-E 4.0 RTX40 라이저 케이블,"화이트, 200mm_61,000","화이트, 200mm_61,000","화이트, 200mm_61,000","화이트, 200mm_61,000","화이트, 200mm_61,000","화이트, 200mm_61,000","화이트, 200mm_64,900","화이트, 200mm_64,900","화이트, 200mm_64,900","화이트, 200mm_64,900"
90960335,Antec PCI-E 4.0 RTX40 라이저 케이블 KIT V2,"화이트, 200mm_94,900",0,0,0,0,"화이트, 200mm_94,900",0,"화이트, 200mm_94,900","화이트, 200mm_94,900","화이트, 200mm_94,900"
19701731,Antec PERFORMANCE 1 FT MESH 강화유리,"_블랙_217,000|_화이트_219,000","_블랙_217,000|_화이트_219,000","_블랙_217,000|_화이트_219,000","_블랙_217,000|_화이트_219,000","_블랙_217,000|_화이트_219,000","_블랙_217,000|_화이트_219,000","_블랙_217,000|_화이트_219,000","_블랙_217,000|_화이트_219,000","_블랙_217,000|_화이트_219,000","_블랙_217,000|_화이트_219,000"
77381570,Antec PERFORMANCE 1 M,"_블랙_408,990|_아벤츄린_412,990","_블랙_408,990|_아벤츄린_412,990","_블랙_408,990|_아벤츄린_412,990","_블랙_408,990|_아벤츄린_412,990","_블랙_408,990|_아벤츄린_412,990","_블랙_408,990|_아벤츄린_412,990","_블랙_408,990|_아벤츄린_412,990","_블랙_408,990|_아벤츄린_412,990","_블랙_408,990|_아벤츄린_412,990","_블랙_408,990|_아벤츄린_412,990"
95346719,Antec SHIFT PCI-E 5.0 라이저 케이블 KIT ARGB,"_블랙, 190mm_88,900|_화이트, 190mm_93,900","_블랙, 190mm_88,900|_화이트, 190mm_93,900","_블랙, 190mm_88,900|_화이트, 190mm_93,900","_블랙, 190mm_88,900|_화이트, 190mm_93,900","_블랙, 190mm_88,900|_화이트, 190mm_93,900","_블랙, 190mm_88,900|_화이트, 190mm_93,900",0,0,0,0
95346707,Antec SHIFT PCI-E 5.0 라이저 케이블 KIT ARGB,0,0,0,0,0,0,"_블랙, 190mm_88,900|_화이트, 190mm_93,900","_블랙, 190mm_88,900|_화이트, 190mm_93,900","_블랙, 190mm_88,900|_화이트, 190mm_93,900","_블랙, 190mm_88,900|_화이트, 190mm_93,900"
123621868,Antec ST20M MESH,"19,480","19,480","19,480","19,480","19,480","19,490","19,470","19,470","19,470","19,470"
9769494,Antec STRIKER,"404,900","404,900","404,900","404,900","404,900","404,900","404,900","404,900","404,900","404,900"
8114950,Antec TORQUE,"_블랙_539,000|_화이트_538,000","_블랙_539,000|_화이트_538,000","_블랙_539,000|_화이트_538,000","_블랙_539,000|_화이트_538,000","_블랙_539,000|_화이트_538,000",0,"_블랙_539,000|_화이트_538,000","_블랙_539,000|_화이트_538,000",0,"_블랙_539,000|_화이트_538,000"
6759490,Antec TORQUE,0,0,0,0,0,"_블랙_539,000|_화이트_538,000",0,0,"_블랙_539,000|_화이트_538,000",0
18419840,BRAVOTEC GUARDIAN 3100M V2 타이탄 글래스,"_블랙_85,280|_화이트_94,000","_블랙_85,280|_화이트_94,000","_블랙_85,280|_화이트_94,000","_블랙_85,280|_화이트_94,000","_블랙_85,280|_화이트_94,000","_블랙_83,438|_화이트_94,000","_블랙_83,438|_화이트_94,000","_블랙_83,438|_화이트_94,000","_블랙_83,438|_화이트_94,000","_블랙_83,438|_화이트_94,000"
13007426,BRAVOTEC M110 마블 블랙팬서 강화유리,"19,000","19,000","19,000","19,000","19,000","19,000","19,000","19,000","19,000","19,000"
13007468,BRAVOTEC M110 마블 스파이더맨 강화유리,"44,940","44,940","44,940","44,940","44,940","44,940","44,940","44,940","44,940","44,940"
13007498,BRAVOTEC M110 마블 아이언맨 강화유리,"44,940","44,940","44,940","44,940","44,940","44,940","44,940","44,940","44,940","44,940"
36794582,BRAVOTEC SWORD S300 PATRON 타이탄 글래스,"_블랙_45,790|_화이트_51,090","_블랙_45,790|_화이트_51,090","_블랙_45,790|_화이트_51,090","_블랙_45,790|_화이트_51,090","_블랙_45,790|_화이트_51,090","_블랙_45,790|_화이트_51,090","_블랙_45,790|_화이트_51,090","_블랙_45,790|_화이트_51,090","_블랙_45,790|_화이트_51,090","_블랙_45,790|_화이트_51,090"
8173504,BRAVOTEC SWORD S830 RGB 타이탄 글래스,"블랙_56,000","블랙_56,000","블랙_56,000","블랙_56,000","블랙_56,000","블랙_56,000","블랙_56,000","블랙_56,000","블랙_56,000","블랙_56,000"
19317575,BRAVOTEC 트레저 X10 AERO,"_블랙_86,890|_화이트_95,900","_블랙_86,890|_화이트_95,900","_블랙_86,890|_화이트_95,900","_블랙_86,890|_화이트_95,900","_블랙_86,890|_화이트_95,900","_블랙_86,890|_화이트_95,900","_블랙_86,890|_화이트_95,900","_블랙_86,890|_화이트_95,900","_블랙_86,890|_화이트_95,900","_블랙_86,890|_화이트_95,900"
13050209,BRAVOTEC 트레저 X7 720T 타이탄 글래스,"_블랙_38,940|_화이트_73,000","_블랙_38,940|_화이트_73,000","_블랙_38,940|_화이트_73,000","_블랙_38,940|_화이트_73,000","_블랙_38,940|_화이트_73,000","_블랙_38,940|_화이트_73,000","_블랙_38,940|_화이트_73,000","_블랙_38,940|_화이트_73,000","_블랙_38,940|_화이트_73,000","_블랙_38,940|_화이트_73,000"
48645560,BRAVOTEC 트레저 X80 EDGE 타이탄 글래스 BTF,"블랙_96,670","블랙_96,670","블랙_96,670","블랙_96,670","블랙_96,670","블랙_96,670","블랙_96,670","블랙_96,670","블랙_96,670","블랙_96,670"
6749986,BRAVOTEC 트레저 X9 920T 타이탄 글래스,"_블랙_75,960|_화이트_86,990","_블랙_75,960|_화이트_86,990","_블랙_75,960|_화이트_86,990","_블랙_75,960|_화이트_86,990","_블랙_75,960|_화이트_86,990","_블랙_75,960|_화이트_86,990","_블랙_75,960|_화이트_86,990","_블랙_75,960|_화이트_86,990","_블랙_75,960|_화이트_86,990","_블랙_75,960|_화이트_86,990"
38455076,CORSAIR 2500D Airflow,"블랙_189,000","블랙_189,000","블랙_189,000","블랙_189,000","블랙_189,000","블랙_189,000","블랙_189,000","블랙_189,000",0,0
38455175,CORSAIR 2500X,"_블랙_189,000|_화이트_189,000","_블랙_189,000|_화이트_189,000","_블랙_189,000|_화이트_189,000","_블랙_189,000|_화이트_189,000","_블랙_189,000|_화이트_189,000","_블랙_189,000|_화이트_189,000","_블랙_189,000|_화이트_189,000","_블랙_189,000|_화이트_189,000","_블랙_189,000|_화이트_189,000","_블랙_189,000|_화이트_189,000"
42127208,CORSAIR 2500X RGB,"_블랙_267,010|_화이트_253,880","_블랙_253,890|_화이트_253,880","_블랙_253,890|_화이트_253,880","_블랙_253,880|_화이트_253,880","_블랙_253,880|_화이트_253,880","_블랙_253,880|_화이트_253,880","_블랙_253,880|_화이트_253,880","_블랙_253,880|_화이트_253,880","_블랙_253,880|_화이트_253,880","_블랙_253,880|_화이트_253,880"
56139164,CORSAIR 3500X ARGB 강화유리,"화이트_138,700","화이트_138,700","화이트_138,700","화이트_138,700","화이트_138,700","화이트_138,700","화이트_138,700","화이트_138,700","화이트_138,700","화이트_138,700"
97568777,CORSAIR 3500X LX-R RGB iCUE LINK 강화유리,"_블랙_226,720|_화이트_226,720","_블랙_226,720|_화이트_226,720","_블랙_226,720|_화이트_226,720",0,0,0,0,0,0,0
97568807,CORSAIR 3500X LX-R RGB iCUE LINK 강화유리,0,0,0,"_블랙_226,720|_화이트_226,720","_블랙_226,720|_화이트_226,720","_블랙_226,720|_화이트_226,720","_블랙_226,720|_화이트_226,720","_블랙_226,720|_화이트_226,720","_블랙_226,720|_화이트_226,720","_블랙_226,720|_화이트_226,720"
97568864,CORSAIR 3500X RS-R ARGB 강화유리,"_블랙_151,480|_화이트_151,480","_블랙_151,480|_화이트_151,480","_블랙_151,480|_화이트_151,480","_블랙_151,480|_화이트_151,480","_블랙_151,480|_화이트_151,480","_블랙_151,480|_화이트_151,480","_블랙_151,480|_화이트_151,480","_블랙_151,480|_화이트_151,480","_블랙_151,480|_화이트_151,480","_블랙_151,480|_화이트_151,480"
56139026,CORSAIR 3500X 강화유리,"화이트_129,000","화이트_129,000","화이트_129,000","화이트_129,000","화이트_129,000","화이트_129,000","화이트_129,000","화이트_129,000","화이트_129,000","화이트_129,000"
18918650,CORSAIR 4000D RGB AIRFLOW,"트루 화이트_199,000","트루 화이트_199,000","트루 화이트_199,000","트루 화이트_199,000","트루 화이트_199,000","트루 화이트_199,000","트루 화이트_199,000","트루 화이트_199,000","트루 화이트_199,000","트루 화이트_199,000"
13152377,CORSAIR 5000D,"_블랙_229,000|_화이트_119,120","_블랙_229,000|_화이트_119,120","_블랙_229,000|_화이트_119,120","_블랙_229,000|_화이트_119,120","_블랙_229,000|_화이트_119,120","_블랙_229,000|_화이트_119,120","_블랙_229,000|_화이트_119,120","_블랙_229,000|_화이트_119,120","_블랙_229,000|_화이트_119,120","_블랙_229,000|_화이트_119,120"
13152467,CORSAIR 5000D AF,"화이트_229,000","화이트_229,000","화이트_229,000","화이트_229,000","화이트_229,000","화이트_229,000","화이트_229,000","화이트_229,000","화이트_229,000","화이트_229,000"
38454563,CORSAIR 6500X,"_블랙_252,280|_화이트_243,450|화이트 세틴 그레이_305,960","_블랙_252,280|_화이트_243,450|화이트 세틴 그레이_305,960","_블랙_252,280|_화이트_240,310|화이트 세틴 그레이_305,960","_블랙_252,280|_화이트_240,300|화이트 세틴 그레이_305,970","_블랙_252,280|_화이트_240,300|화이트 세틴 그레이_305,970","_블랙_252,280|_화이트_240,300|화이트 세틴 그레이_305,970","_블랙_252,280|_화이트_240,300|화이트 세틴 그레이_305,970","_블랙_252,280|_화이트_240,300|화이트 세틴 그레이_305,970","_블랙_252,280|_화이트_240,300|화이트 세틴 그레이_305,970","_블랙_252,280|_화이트_240,300|화이트 세틴 그레이_305,970"
38454662,CORSAIR 6500X RGB,"_블랙_329,110|_화이트_329,110","_블랙_329,110|_화이트_329,110","_블랙_329,110|_화이트_329,110","_블랙_329,110|_화이트_329,110",0,0,0,0,"_블랙_329,110|_화이트_329,110","_블랙_329,110|_화이트_329,110"
38454689,CORSAIR 6500X RGB,0,0,0,0,"_블랙_329,110|_화이트_329,110","_블랙_329,110|_화이트_329,110","_블랙_329,110|_화이트_329,110","_블랙_329,110|_화이트_329,110",0,0
99476141,CORSAIR AIR 5400 LX-R RGB iCUE LINK,"_블랙_323,900|_화이트_323,900","_블랙_323,900|_화이트_323,900","_블랙_323,900|_화이트_323,900","_블랙_323,900|_화이트_323,900","_블랙_323,900|_화이트_323,900","_블랙_323,900|_화이트_323,900","_블랙_323,900|_화이트_323,900","_블랙_323,900|_화이트_323,900","_블랙_323,900|_화이트_323,900","_블랙_323,900|_화이트_323,900"
99476093,CORSAIR AIR 5400 RS-R ARGB,"_블랙_277,960|_화이트_277,960","_블랙_277,960|_화이트_277,960","_블랙_277,960|_화이트_277,960","_블랙_277,960|_화이트_277,960","_블랙_277,960|_화이트_277,960","_블랙_277,960|_화이트_277,960","_블랙_277,960|_화이트_277,960","_블랙_277,960|_화이트_277,960","_블랙_277,960|_화이트_277,960","_블랙_277,960|_화이트_277,960"
6279876,CORSAIR CRYSTAL SERIES 280X RGB 강화유리,"화이트_123,430","화이트_123,430","화이트_123,430","화이트_123,430","화이트_123,430","화이트_123,430","화이트_123,430","화이트_123,430","화이트_123,430","화이트_123,430"
122620544,CORSAIR FRAME 4000 Series LCD Mounting Kit,"_블랙_49,880|_화이트_49,880","_블랙_49,880|_화이트_49,880","_블랙_49,880|_화이트_49,880","_블랙_49,880|_화이트_49,880","_블랙_49,880|_화이트_49,880","_블랙_49,880|_화이트_49,880","_블랙_49,880|_화이트_49,880","_블랙_49,880|_화이트_49,880","_블랙_49,880|_화이트_49,880","_블랙_49,880|_화이트_49,880"
122620430,CORSAIR FRAME 4000D LCD RS ARGB,"화이트_463,970","화이트_463,970","화이트_463,970","화이트_463,970","화이트_463,970","화이트_473,960","화이트_463,970","화이트_463,970","화이트_463,970","화이트_463,970"
74011205,CORSAIR FRAME 4000D RS ARGB,"화이트_126,470","화이트_126,470","화이트_126,470","화이트_126,470","화이트_126,470","화이트_126,470","화이트_126,470","화이트_126,470","화이트_126,470","화이트_126,470"
98181404,CORSAIR FRAME 4500X LX-R RGB LINK,"_블랙_268,570|_화이트_268,570","_블랙_268,570|_화이트_268,570","_블랙_268,570|_화이트_268,570","_블랙_268,570|_화이트_268,570","_블랙_268,570|_화이트_268,570","_블랙_268,570|_화이트_268,570","_블랙_268,570|_화이트_268,570","_블랙_268,570|_화이트_268,570","_블랙_268,570|_화이트_268,570","_블랙_268,570|_화이트_268,570"
98181326,CORSAIR FRAME 4500X RS-R ARGB,"_블랙_207,930|_화이트_207,930","_블랙_207,930|_화이트_207,930","_블랙_207,930|_화이트_207,930","_블랙_207,930|_화이트_207,930",0,0,0,0,0,0
98181305,CORSAIR FRAME 4500X RS-R ARGB,0,0,0,0,"_블랙_207,930|_화이트_207,930","_블랙_207,930|_화이트_207,930","_블랙_207,930|_화이트_207,930","_블랙_207,930|_화이트_207,930","_블랙_207,930|_화이트_207,930","_블랙_207,930|_화이트_207,930"
122621807,CORSAIR FRAME 5000 Series LCD Mounting Kit,"블랙_56,380","블랙_56,380","블랙_56,380","블랙_56,380","블랙_56,380","블랙_56,380","블랙_56,380","블랙_56,380","블랙_56,380","블랙_56,380"
93016340,CORSAIR FRAME 5000D RS,"화이트_259,180","화이트_259,180","화이트_259,180","화이트_259,180","화이트_259,180","화이트_259,180","화이트_259,180","화이트_259,180","화이트_259,180","화이트_259,180"
93016370,CORSAIR FRAME 5000D RS ARGB,"_블랙_230,900|_화이트_230,900","_블랙_230,900|_화이트_230,900","_블랙_230,900|_화이트_230,900","_블랙_230,900|_화이트_230,900","_블랙_230,900|_화이트_230,900","_블랙_230,900|_화이트_230,900","_블랙_230,900|_화이트_230,900","_블랙_230,900|_화이트_230,900","_블랙_230,900|_화이트_230,900","_블랙_230,900|_화이트_230,900"
122620507,CORSAIR FRAME 5000D RS Workstation,"화이트_299,000","화이트_299,000","화이트_299,000","화이트_299,000","화이트_299,000","화이트_299,000","화이트_299,000",0,0,0
122724838,CORSAIR FRAME 5000D WOOD RS,0,0,0,0,0,0,"_블랙_324,000|_화이트_342,000","_블랙_324,000|_화이트_342,000","_블랙_324,000|_화이트_342,000","_블랙_324,000|_화이트_342,000"
20305370,CORSAIR iCUE 2000D RGB AIRFLOW,"화이트_124,330","화이트_124,330","화이트_124,330","화이트_124,330","화이트_124,330","화이트_124,330","화이트_124,330","화이트_124,330","화이트_124,330","화이트_124,330"
12279716,CORSAIR iCUE 4000X RGB,"_블랙_199,000|_화이트_91,960","_블랙_199,000|_화이트_91,960","_블랙_199,000|_화이트_91,960","_블랙_199,000|_화이트_91,960","_블랙_199,000|_화이트_91,960","_블랙_199,000|_화이트_91,960","_블랙_199,000|_화이트_91,960","_블랙_199,000|_화이트_91,960","_블랙_199,000|_화이트_91,960","_블랙_199,000|_화이트_91,960"
16413707,CORSAIR iCUE 5000T RGB,"_블랙_244,480|_화이트_244,480","_블랙_244,480|_화이트_244,480","_블랙_244,480|_화이트_244,480","_블랙_244,480|_화이트_244,480","_블랙_244,480|_화이트_244,480","_블랙_244,480|_화이트_244,480","_블랙_244,480|_화이트_244,480","_블랙_244,480|_화이트_244,480","_블랙_244,480|_화이트_244,480","_블랙_244,480|_화이트_244,480"
13152545,CORSAIR iCUE 5000X RGB,"화이트_147,300","화이트_147,300","화이트_147,300","화이트_147,300","화이트_147,300","화이트_147,300","화이트_147,300","화이트_147,300","화이트_147,300","화이트_147,300"
56139299,CORSAIR iCUE LINK 3500X RGB 강화유리,"_블랙_166,180|_화이트_166,180","_블랙_166,180|_화이트_166,180","_블랙_166,180|_화이트_166,180","_블랙_166,180|_화이트_166,180","_블랙_166,180|_화이트_166,180","_블랙_166,180|_화이트_166,180","_블랙_166,180|_화이트_166,180","_블랙_166,180|_화이트_166,180","_블랙_166,180|_화이트_166,180","_블랙_166,180|_화이트_166,180"
66039692,CORSAIR iCUE LINK 9000D RGB AIRFLOW,"_블랙_742,960|_화이트_742,960","_블랙_742,960|_화이트_742,960","_블랙_742,960|_화이트_742,960","_블랙_742,960|_화이트_742,960","_블랙_742,960|_화이트_742,960","_블랙_742,960|_화이트_742,960","_블랙_742,960|_화이트_742,960","_블랙_742,950|_화이트_742,960","_블랙_742,950|_화이트_742,960","_블랙_742,950|_화이트_742,960"
91864694,COUGAR AIRFACE PURE PRO,"화이트_54,900","화이트_54,900","화이트_54,900","화이트_54,900","화이트_54,900",0,"화이트_54,900","화이트_54,900","화이트_54,900","화이트_54,900"
70097153,COUGAR FV150 RGB,"블랙_102,900","블랙_102,900",0,0,0,0,0,0,0,"블랙_102,900"
55316822,COUGAR FV270,"_블랙_169,000|_화이트_179,000","_블랙_169,000|_화이트_179,000","_블랙_169,000|_화이트_179,000","_블랙_169,000|_화이트_179,000","_블랙_169,000|_화이트_179,000","_블랙_169,000|_화이트_179,000","_블랙_169,000|_화이트_179,000","_블랙_169,000|_화이트_179,000","_블랙_169,000|_화이트_179,000","_블랙_169,000|_화이트_179,000"
55324856,COUGAR FV270 RGB,"_블랙_183,100|_화이트_209,000","_블랙_183,100|_화이트_209,000","_블랙_183,100|_화이트_209,000","_블랙_183,100|_화이트_209,000","_블랙_183,100|_화이트_209,000","_블랙_183,100|_화이트_209,000","_블랙_183,100|_화이트_209,000","_블랙_183,100|_화이트_209,000","_블랙_183,100|_화이트_209,000","_블랙_183,100|_화이트_209,000"
55340483,COUGAR FV270 루미너스 로테이팅 플랫폼,"블랙_29,900","블랙_29,900","블랙_29,900","블랙_29,900","블랙_29,900","블랙_29,900","블랙_29,900","블랙_29,900","블랙_29,900","블랙_29,900"
69698504,COUGAR MX220 RGB,"_블랙_79,000|_화이트_79,000","_블랙_79,000|_화이트_79,000","_블랙_79,000|_화이트_79,000","_블랙_79,000|_화이트_79,000","_블랙_79,000|_화이트_79,000","_블랙_79,000|_화이트_79,000","_블랙_79,000|_화이트_79,000","_블랙_79,000|_화이트_79,000","_블랙_79,000|_화이트_79,000","_블랙_79,000|_화이트_79,000"
58023545,COUGAR MX360 RGB,"52,590","52,590",0,"52,590",0,0,0,0,0,0
70250225,COUGAR MX600 MINI RGB,"화이트_102,300","화이트_102,300","화이트_102,300","화이트_102,300","화이트_102,300","화이트_102,300","화이트_102,300","화이트_102,300","화이트_102,300","화이트_102,300"
93633530,COUGAR Omny X,"_블랙_139,000|_화이트_139,000","_블랙_139,000|_화이트_139,000","_블랙_139,000|_화이트_139,000","_블랙_139,000|_화이트_139,000","_블랙_139,000|_화이트_139,000","_블랙_139,000|_화이트_139,000","_블랙_139,000|_화이트_139,000","_블랙_139,000|_화이트_139,000",0,0
93633641,COUGAR Omny X,0,0,0,0,0,0,0,0,"_블랙_139,000|_화이트_139,000","_블랙_139,000|_화이트_139,000"
57509000,COUGAR PURITY RGB,"화이트_39,900","화이트_39,900","화이트_39,900","화이트_39,900","화이트_39,900","화이트_39,900","화이트_39,900","화이트_39,900","화이트_39,900","화이트_39,900"
56151686,COUGAR UNIFACE MINI RGB,"화이트_57,000","화이트_57,000","화이트_57,000","화이트_57,000","화이트_57,000","화이트_57,000","화이트_57,000",0,0,"화이트_57,000"
67690958,DAVEN APEX V2,"화이트_50,000","화이트_50,000","화이트_50,000","화이트_50,000","화이트_50,000","화이트_50,000","화이트_50,000","화이트_50,000","화이트_50,000","화이트_50,000"
31983662,DAVEN AQUA,"화이트_36,000","화이트_36,000","화이트_36,000","화이트_36,000","화이트_36,000","화이트_36,000","화이트_36,000","화이트_36,000","화이트_36,000","화이트_36,000"
49644662,DAVEN AQUA A900,"_블랙_76,300|_화이트_64,000","_블랙_76,300|_화이트_64,000","_블랙_76,300|_화이트_64,000","_블랙_76,300|_화이트_64,000","_블랙_76,300|_화이트_64,000","_블랙_76,300|_화이트_64,000","_블랙_76,300|_화이트_64,000","_블랙_76,300|_화이트_64,000","_블랙_76,300|_화이트_64,000","_블랙_76,300|_화이트_64,000"
50126771,DAVEN AQUA EDGE,"블랙_57,000","블랙_57,000","블랙_57,000","블랙_57,000","블랙_57,000","블랙_57,000","블랙_57,000","블랙_57,000","블랙_57,000","블랙_57,000"
94814495,DAVEN AQUA Lite,"_블랙_19,680|_화이트_22,940","_블랙_19,680|_화이트_22,940","_블랙_19,680|_화이트_22,940","_블랙_19,680|_화이트_22,940","_블랙_19,680|_화이트_22,940","_블랙_19,680|_화이트_22,490","_블랙_19,680|_화이트_22,490","_블랙_19,680|_화이트_22,490","_블랙_19,680|_화이트_22,490","_블랙_19,680|_화이트_22,490"
49644791,DAVEN AQUA M900,"_블랙_68,500|_화이트_77,000","_블랙_68,500|_화이트_77,000","_블랙_68,500|_화이트_77,000","_블랙_68,500|_화이트_77,000","_블랙_68,500|_화이트_77,000",0,0,0,0,0
49644776,DAVEN AQUA M900,0,0,0,0,0,"_블랙_68,500|_화이트_77,000","_블랙_68,500|_화이트_77,000","_블랙_68,500|_화이트_77,000","_블랙_68,500|_화이트_77,000","_블랙_68,500|_화이트_77,000"
65426303,DAVEN AQUA 다이버,"_블랙_39,180|_화이트_47,340","_블랙_39,180|_화이트_47,340","_블랙_39,180|_화이트_47,310","_블랙_39,180|_화이트_47,310","_블랙_39,180|_화이트_47,310","_블랙_39,180|_화이트_43,760","_블랙_39,180|_화이트_46,400","_블랙_39,180|_화이트_46,400","_블랙_39,180|_화이트_46,400","_블랙_39,180|_화이트_46,400"
32104556,DAVEN AQUARIUM,"_블랙_60,020|_화이트_64,000","_블랙_60,020|_화이트_64,000","_블랙_60,020|_화이트_64,000","_블랙_60,020|_화이트_64,000","_블랙_60,020|_화이트_64,000","_블랙_60,020|_화이트_64,000","_블랙_60,020|_화이트_64,000","_블랙_60,020|_화이트_64,000","_블랙_60,020|_화이트_64,000","_블랙_60,020|_화이트_64,000"
108365978,DAVEN AQUARIUM 미니,"_블랙_40,490|_화이트_44,010","_블랙_40,490|_화이트_44,010","_블랙_40,490|_화이트_44,000","_블랙_40,490|_화이트_44,000","_블랙_40,490|_화이트_43,980",0,0,0,0,0
108366056,DAVEN AQUARIUM 미니,0,0,0,0,0,"_블랙_40,490|_화이트_43,990","_블랙_40,490|_화이트_43,990","_블랙_40,490|_화이트_43,990","_블랙_40,490|_화이트_43,980","_블랙_40,490|_화이트_43,980"
19583933,DAVEN D4 MESH,"블랙_34,190","블랙_34,190","블랙_34,190","블랙_34,190","블랙_34,190","블랙_33,740","블랙_33,740","블랙_33,740","블랙_33,740","블랙_33,740"
18212909,DAVEN D6 MESH 강화유리,"_블랙_39,460|_화이트_43,380",0,0,0,"_블랙_39,460|_화이트_43,380","_블랙_39,280|_화이트_43,380","_블랙_39,280|_화이트_43,380","_블랙_39,280|_화이트_43,380","_블랙_39,280|_화이트_43,380","_블랙_39,280|_화이트_43,380"
18212936,DAVEN D6 MESH 강화유리,0,"_블랙_39,460|_화이트_43,380","_블랙_39,460|_화이트_43,380","_블랙_39,460|_화이트_43,380",0,0,0,0,0,0
102621416,DAVEN D7 Mesh 세븐팬,"_블랙_49,380|_화이트_58,130","_블랙_49,380|_화이트_58,130","_블랙_49,380|_화이트_57,610","_블랙_49,380|_화이트_58,100","_블랙_49,380|_화이트_58,080","_블랙_49,380|_화이트_58,090","_블랙_49,380|_화이트_58,090","_블랙_49,380|_화이트_58,090","_블랙_49,380|_화이트_57,570","_블랙_49,380|_화이트_58,080"
124076069,DAVEN D7 Mesh 세븐팬 ARGB PWM,"_블랙_53,544|_화이트_59,750","_블랙_53,544|_화이트_59,750","_블랙_53,544|_화이트_59,750","_블랙_53,544|_화이트_59,750","_블랙_53,544|_화이트_59,750","_블랙_68,000|_화이트_59,750","_블랙_68,000|_화이트_73,000","_블랙_68,000|_화이트_73,000","_블랙_68,000|_화이트_73,000","_블랙_68,000|_화이트_73,000"
106689278,DAVEN D9 Mesh 나인팬,"_블랙_56,100|_화이트_61,890","_블랙_56,100|_화이트_61,890","_블랙_56,100|_화이트_61,890","_블랙_56,100|_화이트_61,890","_블랙_56,100|_화이트_61,890","_블랙_55,313|_화이트_60,938","_블랙_55,310|_화이트_60,930","_블랙_55,310|_화이트_60,930","_블랙_55,310|_화이트_60,930","_블랙_55,310|_화이트_60,930"
16144583,DAVEN KAISER AIR 강화유리,"블랙_100,040","블랙_100,040","블랙_100,040","블랙_100,040","블랙_100,040","블랙_100,040","블랙_100,040","블랙_100,040","블랙_100,040","블랙_100,040"
98923769,DAVEN N1 MESH,"_블랙_37,190|_화이트_40,000","_블랙_37,190|_화이트_40,000","_블랙_37,190|_화이트_40,000","_블랙_37,190|_화이트_40,000","_블랙_37,190|_화이트_40,000","_블랙_36,563|_화이트_40,000","_블랙_36,560|_화이트_40,000","_블랙_37,830|_화이트_40,000","_블랙_37,830|_화이트_40,000","_블랙_37,830|_화이트_40,000"
40826582,DAVEN SIX FLOW,"화이트_51,800","화이트_51,800","화이트_51,800","화이트_51,800","화이트_51,800","화이트_51,800","화이트_51,800","화이트_51,800","화이트_51,800","화이트_51,800"
17472191,DAVEN THE KING ARGB 강화유리,"화이트_96,000",0,0,0,0,0,0,0,0,0
20598131,DAVEN V200,"블랙_19,090","블랙_19,090","블랙_19,090","블랙_19,090","블랙_19,090","블랙_19,090","블랙_19,090","블랙_19,090","블랙_19,090","블랙_19,090"
20685455,DAVEN V300,"블랙_39,000","블랙_39,000","블랙_39,000","블랙_39,000","블랙_39,000","블랙_39,000","블랙_39,000","블랙_39,000","블랙_39,000","블랙_39,000"
104325032,DAVEN 도파민 ARGB,"_오크 화이트_58,280|_월넛 블랙_53,610","_오크 화이트_58,280|_월넛 블랙_53,610","_오크 화이트_58,280|_월넛 블랙_53,600","_오크 화이트_58,280|_월넛 블랙_53,600","_오크 화이트_58,280|_월넛 블랙_53,580","_오크 화이트_58,280|_월넛 블랙_53,590","_오크 화이트_58,280|_월넛 블랙_53,590","_오크 화이트_58,280|_월넛 블랙_53,590",0,0
104325038,DAVEN 도파민 ARGB,0,0,0,0,0,0,0,0,"_오크 화이트_58,280|_월넛 블랙_53,580","_오크 화이트_58,280|_월넛 블랙_53,580"
17951918,DAVEN 라피네,"14,290","14,290","14,290","14,290","14,290","14,290","14,290","14,290","14,290","14,290"
99837545,DAVEN 벤투스 420 MESH ARGB,"_블랙_103,890|_화이트_113,700","_블랙_103,890|_화이트_113,700","_블랙_103,880|_화이트_113,700","_블랙_103,880|_화이트_113,700","_블랙_103,860|_화이트_113,700","_블랙_102,500|_화이트_107,758","_블랙_102,490|_화이트_113,700","_블랙_102,490|_화이트_113,700","_블랙_102,490|_화이트_113,700","_블랙_102,490|_화이트_113,700"
99637679,DAVEN 아쿠아 마린보이,"_블랙_33,190|_화이트_38,315","_블랙_33,190|_화이트_38,315","_블랙_33,190|_화이트_38,310","_블랙_33,190|_화이트_38,310","_블랙_33,190|_화이트_38,310","_블랙_33,190|_화이트_38,315","_블랙_33,190|_화이트_38,310","_블랙_33,190|_화이트_38,310","_블랙_33,190|_화이트_38,300","_블랙_33,190|_화이트_38,300"
15746174,DEEPCOOL CG560,"98,000","98,000",0,0,0,0,"98,000","98,000","98,000","98,000"
97117652,DEEPCOOL CH160 PLUS,"블랙_86,000","_블랙_82,190|_화이트_81,000","_블랙_82,190|_화이트_81,800","_블랙_82,190|_화이트_81,800","_블랙_82,190|_화이트_81,800","_블랙_82,190|_화이트_81,800","_블랙_81,000|_화이트_81,800","_블랙_81,000|_화이트_81,800","_블랙_81,000|_화이트_81,800","_블랙_82,190|_화이트_81,800"
67623128,DEEPCOOL CH170 DIGITAL,"_블랙_94,660|_화이트_96,860","_블랙_94,660|_화이트_96,860","_블랙_94,660|_화이트_96,860","_블랙_94,660|_화이트_96,860","_블랙_94,660|_화이트_96,860","_블랙_94,660|_화이트_96,860","_블랙_94,660|_화이트_96,860","_블랙_94,660|_화이트_96,860","_블랙_94,660|_화이트_96,860","_블랙_94,660|_화이트_96,850"
102411749,DEEPCOOL CH170 PLUS,"_블랙_84,000|_화이트_80,300",0,0,0,0,0,0,"_블랙_84,000|_화이트_80,300","_블랙_84,000|_화이트_80,300","_블랙_84,000|_화이트_80,300"
102411752,DEEPCOOL CH170 PLUS,0,"_블랙_84,000|_화이트_80,300","_블랙_84,000|_화이트_80,300","_블랙_84,000|_화이트_80,300","_블랙_84,000|_화이트_80,300","_블랙_84,000|_화이트_80,300","_블랙_84,000|_화이트_80,300",0,0,0
77855639,DEEPCOOL CH260,"_블랙_91,970|_화이트_95,400","_블랙_91,970|_화이트_95,400","_블랙_91,970|_화이트_95,400","_블랙_91,970|_화이트_95,400","_블랙_91,970|_화이트_95,400","_블랙_91,970|_화이트_95,400","_블랙_91,970|_화이트_95,400","_블랙_91,970|_화이트_95,400","_블랙_91,970|_화이트_95,400","_블랙_91,970|_화이트_95,400"
122641687,DEEPCOOL CH260 WOOD,"_블랙_96,860|_화이트_102,720","_블랙_96,860|_화이트_102,720","_블랙_96,860|_화이트_102,720","_블랙_96,860|_화이트_102,720","_블랙_96,860|_화이트_102,720","_블랙_96,860|_화이트_102,720","_블랙_96,860|_화이트_102,720","_블랙_96,860|_화이트_102,720","_블랙_96,860|_화이트_102,720","_블랙_96,860|_화이트_102,720"
78710921,DEEPCOOL CH270 DIGITAL,"_블랙_114,700|_화이트_121,400","_블랙_114,700|_화이트_121,400","_블랙_114,700|_화이트_121,400","_블랙_114,700|_화이트_121,400","_블랙_114,700|_화이트_121,400","_블랙_114,700|_화이트_121,400","_블랙_114,700|_화이트_121,400","_블랙_114,700|_화이트_121,400","_블랙_114,700|_화이트_121,400","_블랙_114,700|_화이트_121,400"
16139204,DEEPCOOL CK560,"_블랙_113,700|_화이트_119,400","_블랙_113,700|_화이트_119,400","_블랙_113,700|_화이트_119,400","_블랙_113,700|_화이트_119,400","_블랙_113,700|_화이트_119,400","_블랙_113,700|_화이트_119,400","_블랙_113,700|_화이트_119,400","_블랙_113,700|_화이트_119,400","_블랙_113,700|_화이트_119,400","_블랙_113,700|_화이트_119,400"
5371791,DEEPCOOL EARLKASE RGB,"95,790","95,790","95,790","95,790","95,790","95,790","95,790","95,790","95,790","95,790"
10249821,DEEPCOOL MATREXX 55 MESH ADD-RGB 4F,"84,190","84,190","84,190","84,190","84,190","84,190","84,190","84,190","84,190","84,190"
10367772,DEEPCOOL PAB 300 라이저 케이블,"46,170","46,170","46,170","46,170","46,170","46,170","46,170","46,170","46,170","46,170"
122656392,DEEPCOOL PIXEL 10,"31,300","31,300","31,300","31,300","31,300","31,300","31,300","31,300","31,300","31,300"
57308654,DEEPCOOL PIXEL Series,"_레드_6,310|_바이올렛_6,310|블루_6,500|옐로우_6,500|쿨 그레이_6,500||","_레드_6,310|_바이올렛_6,310|블루_6,500|옐로우_6,500|쿨 그레이_6,500||","_레드_6,300|_바이올렛_6,310|블루_6,500|옐로우_6,500|쿨 그레이_6,500||","_레드_6,300|바이올렛_6,300|블루_6,500|옐로우_6,500|쿨 그레이_6,500||_핑크_6,300","_레드_6,300|_바이올렛_6,300|블루_6,500|옐로우_6,500|쿨 그레이_6,500||","_레드_6,310|바이올렛_6,310|블루_6,500|옐로우_6,500|쿨 그레이_6,500||_핑크_6,310","_레드_6,310|바이올렛_6,310|블루_6,500|옐로우_6,500|쿨 그레이_6,500||_핑크_6,310","_레드_6,310|바이올렛_6,310|블루_6,500|옐로우_6,500|쿨 그레이_6,500||_핑크_6,310","_레드_6,300|바이올렛_6,310|블루_6,500|옐로우_6,500|쿨 그레이_6,500||_핑크_6,310","_레드_6,290|바이올렛_6,310|블루_6,500|옐로우_6,500|쿨 그레이_6,500||_핑크_6,310"
10909788,Fractal Design Define 7,"블랙_306,000","블랙_306,000","블랙_306,000","블랙_306,000","블랙_306,000","블랙_306,000","블랙_306,000","블랙_306,000","블랙_306,000","블랙_306,000"
11479695,Fractal Design Define 7 Compact,"블랙_196,200","블랙_196,200","블랙_196,200","블랙_196,200","블랙_196,200","블랙_196,200","블랙_196,200","블랙_196,200","블랙_196,200","블랙_196,200"
10910196,Fractal Design Define 7 Dark 강화유리,"블랙_336,640","블랙_336,640","블랙_336,640","블랙_320,150","블랙_320,150","블랙_336,990","블랙_336,640","블랙_336,640","블랙_313,410","블랙_313,410"
10958544,Fractal Design Define 7 XL,"371,600","371,600","371,600","353,400","353,400","372,000","371,600","371,600","345,960","345,960"
10958601,Fractal Design Define 7 XL Dark 강화유리,"397,570","397,570","397,570","378,100","378,100","397,990","397,570","397,570","397,570","397,570"
5353598,Fractal Design Define C 강화유리,"158,870",0,0,0,0,0,0,0,0,0
124375995,Fractal Design Define One Dark Solid,0,가격비교예정,"248,230","248,230","248,230","248,230","248,230","248,230","248,230","248,230"
124376010,Fractal Design Define One Light Solid,0,가격비교예정,"248,230","248,230","248,230","248,230","248,230","248,230","248,230","248,230"
124376047,Fractal Design Define One TG Clear Tint,0,라이트_가격비교예정,"라이트_248,230","라이트_248,230","라이트_248,230","라이트_248,230","라이트_248,230","라이트_248,230","라이트_248,230","라이트_248,230"
124376040,Fractal Design Define One TG Light Tint,0,블랙_가격비교예정,"블랙_248,230","블랙_248,230","블랙_248,230","블랙_248,230","블랙_248,230","블랙_248,230","블랙_248,230","블랙_248,230"
14839061,Fractal Design Define R6,"블랙_275,700","블랙_275,700",0,0,0,0,0,0,0,0
14840138,Fractal Design Define R6 강화유리,"블랙_235,850","블랙_235,850","블랙_235,850","블랙_235,850","블랙_235,850","블랙_235,850","블랙_235,850",0,0,0
102124145,Fractal Design Epoch RGB XL 강화유리,"_블랙_269,000|_화이트_251,870","_블랙_269,000|_화이트_251,870","_블랙_269,000|_화이트_251,870","_블랙_269,000|_화이트_251,870","_블랙_269,000|_화이트_251,870","_블랙_269,000|_화이트_251,870","_블랙_269,000|_화이트_251,870","_블랙_269,000|_화이트_251,870","_블랙_269,000|_화이트_250,170","_블랙_269,000|_화이트_250,170"
94087988,Fractal Design Epoch RGB 강화유리,"_블랙_218,770|_화이트_218,770","_블랙_218,770|_화이트_218,770","_블랙_218,770|_화이트_218,770","_블랙_208,050|_화이트_208,050","_블랙_208,050|_화이트_208,050","_블랙_218,990|_화이트_218,990","_블랙_218,770|_화이트_218,770","_블랙_218,770|_화이트_218,770","_블랙_203,670|_화이트_203,670","_블랙_203,670|_화이트_203,670"
94087853,Fractal Design Epoch Solid,"블랙_188,790","블랙_188,790","블랙_188,790","블랙_179,550","블랙_179,550","블랙_188,990","블랙_188,790","블랙_188,790","블랙_175,770","블랙_175,770"
102124007,Fractal Design Epoch XL Solid,"블랙_229,000","블랙_229,000","블랙_229,000","블랙_229,000","블랙_229,000","블랙_229,000","블랙_229,000","블랙_229,000","블랙_229,000","블랙_229,000"
102124055,Fractal Design Epoch XL 강화유리,"_블랙_229,000|_화이트_229,000","_블랙_229,000|_화이트_229,000","_블랙_229,000|_화이트_229,000","_블랙_229,000|_화이트_229,000","_블랙_229,000|_화이트_229,000","_블랙_229,000|_화이트_229,000","_블랙_229,000|_화이트_229,000","_블랙_229,000|_화이트_229,000","_블랙_229,000|_화이트_229,000","_블랙_229,000|_화이트_229,000"
94087928,Fractal Design Epoch 강화유리,"_블랙_188,790|_화이트_188,790","_블랙_188,790|_화이트_188,790",0,"_블랙_179,550|_화이트_188,790","_블랙_179,550|_화이트_188,790","_블랙_188,990|_화이트_188,990","_블랙_188,790|_화이트_188,790","_블랙_188,790|_화이트_188,790","_블랙_175,770|_화이트_188,790","_블랙_175,770|_화이트_188,790"
94087892,Fractal Design Epoch 강화유리,0,0,"_블랙_188,790|_화이트_188,790",0,0,0,0,0,0,0
68242736,Fractal Design Era2,"_미드나잇 블루_368,000|_실버_368,000","_미드나잇 블루_368,000|_실버_368,000","_미드나잇 블루_368,000|_실버_368,000","_미드나잇 블루_368,000|_실버_368,000","_미드나잇 블루_368,000|_실버_368,000","_미드나잇 블루_368,000|_실버_368,000","_미드나잇 블루_368,000|_실버_368,000","_미드나잇 블루_368,000|_실버_368,000","_미드나잇 블루_368,000|_실버_368,000","_미드나잇 블루_368,000|_실버_368,000"
11601842,Fractal Design HDD Drive Tray Kit - Type B 블랙,"2PACK_18,900","2PACK_18,900","2PACK_18,900","2PACK_18,900","2PACK_18,900","2PACK_18,900","2PACK_18,900","2PACK_18,900","2PACK_18,900","2PACK_18,900"
11601878,Fractal Design HDD Drive Tray Kit - Type B 화이트,"2PACK_18,900","2PACK_18,900","2PACK_18,900","2PACK_18,900","2PACK_18,900","2PACK_18,900","2PACK_18,900","2PACK_18,900","2PACK_18,900","2PACK_18,900"
11605937,Fractal Design Hard Drive Cage Kit - Type B,"18,900","18,900","18,900","18,900","18,900","18,900","18,900","18,900","18,900","18,900"
13489595,Fractal Design Meshify 2 Compact,"블랙_185,800","블랙_185,800","블랙_185,800","블랙_176,700","블랙_176,700","블랙_186,000","블랙_185,800","블랙_186,000","블랙_186,000","블랙_186,000"
17884586,Fractal Design Meshify 2 Compact Lite Light 강화유리,"블랙_218,300",0,0,0,0,0,0,0,0,0
12681041,Fractal Design Meshify 2 XL Light 강화유리,"351,620","351,620","351,620","351,620","351,620","351,620","351,620","351,620","351,620","351,610"
91560740,Fractal Design Meshify 3 Ambience Pro RGB 강화유리,"_블랙_348,000|_화이트_348,000","_블랙_348,000|_화이트_348,000","_블랙_348,000|_화이트_348,000","_블랙_341,050|_화이트_348,000","_블랙_341,050|_화이트_348,000","_블랙_348,000|_화이트_348,000","_블랙_348,000|_화이트_348,000",0,0,0
91560728,Fractal Design Meshify 3 Ambience Pro RGB 강화유리,0,0,0,0,0,0,0,"_블랙_348,000|_화이트_348,000","_블랙_333,870|_화이트_348,000","_블랙_333,870|_화이트_348,000"
91560869,Fractal Design Meshify 3 RGB 강화유리,"_블랙_249,000|_화이트_249,000","_블랙_249,000|_화이트_249,000","_블랙_249,000|_화이트_249,000","_블랙_249,000|_화이트_240,350","_블랙_249,000|_화이트_240,350","_블랙_249,000|_화이트_249,000","_블랙_249,000|_화이트_249,000","_블랙_249,000|_화이트_249,000","_블랙_249,000|_화이트_235,290","_블랙_249,000|_화이트_235,290"
91560968,Fractal Design Meshify 3 Solid,"블랙_213,000","블랙_213,000","블랙_213,000","블랙_213,000","블랙_213,000","블랙_213,000","블랙_213,000","블랙_213,000","블랙_213,000","블랙_213,000"
91561025,Fractal Design Meshify 3 XL Ambience Pro RGB 강화유리,"_블랙_398,570|_화이트_386,990","_블랙_398,570|_화이트_386,990","_블랙_398,570|_화이트_386,990","_블랙_398,570|_화이트_386,990","_블랙_398,570|_화이트_386,990","_블랙_398,570|_화이트_386,990","_블랙_398,570|_화이트_398,570","_블랙_398,570|_화이트_398,570","_블랙_398,570|_화이트_398,570","_블랙_398,570|_화이트_398,570"
91561406,Fractal Design Meshify 3 XL RGB 강화유리,"_블랙_298,680|_화이트_293,990","_블랙_298,680|_화이트_293,990","_블랙_298,680|_화이트_293,990",0,0,0,0,0,0,0
91561397,Fractal Design Meshify 3 XL RGB 강화유리,0,0,0,"_블랙_298,680|_화이트_293,990","_블랙_298,680|_화이트_293,990","_블랙_298,680|_화이트_293,990","_블랙_298,680|_화이트_298,680","_블랙_298,680|_화이트_298,680","_블랙_298,680|_화이트_298,680","_블랙_298,680|_화이트_298,680"
91561445,Fractal Design Meshify 3 XL Solid,"블랙_268,710","블랙_268,710","블랙_268,710","블랙_268,710","블랙_268,710","블랙_268,710","블랙_268,710","블랙_268,710","블랙_268,710","블랙_268,710"
91561427,Fractal Design Meshify 3 XL 강화유리,"블랙_269,000","블랙_269,000","블랙_269,000","블랙_269,000","블랙_269,000","블랙_269,000","블랙_269,000","블랙_269,000","블랙_269,000","블랙_269,000"
91560920,Fractal Design Meshify 3 강화유리,"_블랙_213,000|_화이트_213,000","_블랙_213,000|_화이트_213,000","_블랙_213,000|_화이트_213,000","_블랙_213,000|_화이트_208,050","_블랙_213,000|_화이트_208,050","_블랙_213,000|_화이트_213,000","_블랙_213,000|_화이트_213,000","_블랙_213,000|_화이트_213,000","_블랙_213,000|_화이트_203,670","_블랙_213,000|_화이트_203,670"
60009248,Fractal Design Mood,"_라이트 그레이_302,670|_블랙_294,000","_라이트 그레이_302,670|_블랙_294,000","_라이트 그레이_302,670|_블랙_294,000","_라이트 그레이_302,670|_블랙_294,000","_라이트 그레이_302,670|_블랙_294,000","_라이트 그레이_302,670|_블랙_294,000","_라이트 그레이_302,670|_블랙_294,000","_라이트 그레이_302,670|_블랙_294,000","_라이트 그레이_302,670|_블랙_294,000","_라이트 그레이_302,670|_블랙_294,000"
18448688,Fractal Design North Mesh,"_차콜 블랙_248,730|_초크 화이트_248,730","_차콜 블랙_248,730|_초크 화이트_248,730","_차콜 블랙_248,730|_초크 화이트_248,730","_차콜 블랙_248,730|_초크 화이트_236,550","_차콜 블랙_248,730|_초크 화이트_236,550","_차콜 블랙_248,980|_초크 화이트_248,990","_차콜 블랙_248,730|_초크 화이트_248,730","_차콜 블랙_248,730|_초크 화이트_248,730","_차콜 블랙_248,730|_초크 화이트_231,570","_차콜 블랙_248,730|_초크 화이트_231,570"
108416054,Fractal Design North Momentum Edition,"블랙_314,010","블랙_314,010","블랙_314,010","블랙_303,050","블랙_303,050","블랙_314,010","블랙_314,010","블랙_314,010","블랙_296,670","블랙_296,670"
18448790,Fractal Design North TG Clear Tint,"초크 화이트_248,730","초크 화이트_248,730","초크 화이트_248,730","초크 화이트_236,550","초크 화이트_236,550","초크 화이트_249,000","초크 화이트_248,730","초크 화이트_248,730","초크 화이트_231,570","초크 화이트_231,570"
18448748,Fractal Design North TG Dark Tint,"차콜 블랙_248,730","차콜 블랙_248,730","차콜 블랙_248,730","차콜 블랙_236,550","차콜 블랙_236,550","차콜 블랙_248,990","차콜 블랙_248,730","차콜 블랙_248,730","차콜 블랙_231,570","차콜 블랙_231,570"
40016330,Fractal Design North XL Clear 강화유리,"초크 화이트_298,680","초크 화이트_298,680","초크 화이트_298,680","초크 화이트_284,050","초크 화이트_284,050","초크 화이트_299,000","초크 화이트_298,680","초크 화이트_298,680","초크 화이트_278,070","초크 화이트_278,070"
40016360,Fractal Design North XL Dark 강화유리,"차콜 블랙_299,000","차콜 블랙_299,000","차콜 블랙_299,000","차콜 블랙_299,000","차콜 블랙_299,000","차콜 블랙_299,000","차콜 블랙_298,680","차콜 블랙_298,680","차콜 블랙_298,680","차콜 블랙_298,680"
40016375,Fractal Design North XL MESH,"_차콜 블랙_298,680|_초크 화이트_298,680","_차콜 블랙_298,680|_초크 화이트_298,680","_차콜 블랙_298,680|_초크 화이트_298,680","_차콜 블랙_284,050|_초크 화이트_284,050","_차콜 블랙_284,050|_초크 화이트_284,050","_차콜 블랙_299,000|_초크 화이트_299,000","_차콜 블랙_298,680|_초크 화이트_298,680","_차콜 블랙_298,680|_초크 화이트_298,680","_차콜 블랙_278,070|_초크 화이트_278,070","_차콜 블랙_278,070|_초크 화이트_278,070"
108416156,Fractal Design North XL Momentum Edition,"블랙_353,710","블랙_353,710","블랙_353,710","블랙_353,710","블랙_353,710","블랙_353,710","블랙_353,710","블랙_353,710","블랙_353,710","블랙_353,710"
90158330,Fractal Design North XL RC 강화유리,"_차콜 블랙_296,010|_초크 화이트_296,010",0,0,"_차콜 블랙_296,010|_초크 화이트_284,050",0,"_차콜 블랙_296,010|_초크 화이트_296,010",0,0,0,0
90158345,Fractal Design North XL RC 강화유리,0,"_차콜 블랙_296,010|_초크 화이트_296,010","_차콜 블랙_296,010|_초크 화이트_296,010",0,"_차콜 블랙_296,010|_초크 화이트_284,050",0,"_차콜 블랙_296,010|_초크 화이트_296,010","_차콜 블랙_296,010|_초크 화이트_296,010","_차콜 블랙_296,010|_초크 화이트_278,070","_차콜 블랙_296,010|_초크 화이트_278,070"
104554937,Fractal Design Pop 2 Air RGB 강화유리,"_블랙_179,000|_화이트_179,000","_블랙_179,000|_화이트_179,000","_블랙_179,000|_화이트_179,000","_블랙_179,000|_화이트_170,050","_블랙_179,000|_화이트_170,050","_블랙_179,000|_화이트_179,000","_블랙_179,000|_화이트_179,000","_블랙_179,000|_화이트_179,000","_블랙_179,000|_화이트_166,470","_블랙_179,000|_화이트_166,470"
104555042,Fractal Design Pop 2 Air Solid,"블랙_159,000","블랙_159,000","블랙_159,000","블랙_159,000","블랙_159,000","블랙_159,000","블랙_159,000","블랙_159,000","블랙_159,000","블랙_159,000"
104555225,Fractal Design Pop 2 Air 강화유리,"블랙_159,000","블랙_159,000","블랙_159,000","블랙_159,000","블랙_159,000","블랙_159,000","블랙_159,000","블랙_159,000","블랙_159,000","블랙_159,000"
122643621,Fractal Design Pop 2 Vision,"블랙_169,000","블랙_169,000","블랙_162,030","블랙_162,030","블랙_162,030","블랙_162,030","블랙_162,030","블랙_162,030","블랙_162,030","블랙_162,030"
122643690,Fractal Design Pop 2 Vision RGB,"_블랙_181,200|_화이트_181,000","_블랙_181,200|_화이트_181,000",0,"_블랙_179,550|_화이트_181,000","_블랙_179,550|_화이트_181,000","_블랙_181,200|_화이트_181,000","_블랙_181,200|_화이트_181,000","_블랙_181,200|_화이트_181,000","_블랙_175,770|_화이트_181,000","_블랙_175,770|_화이트_181,000"
122643682,Fractal Design Pop 2 Vision RGB,0,0,"_블랙_181,200|_화이트_181,000",0,0,0,0,0,0,0
17357537,Fractal Design Pop Air Clear 강화유리,"블랙_149,000","블랙_149,000","블랙_149,000","블랙_149,000","블랙_149,000","블랙_149,000","블랙_149,000","블랙_149,000","블랙_149,000","블랙_149,000"
17357132,Fractal Design Pop Air RGB Clear 강화유리,"화이트_163,000","화이트_163,000",0,"화이트_163,000","화이트_163,000",0,"화이트_163,000","화이트_163,000","화이트_163,000","화이트_163,000"
17357018,Fractal Design Pop Air RGB Clear 강화유리 Core,"시안_163,000","시안_163,000",0,"시안_163,000",0,"시안_163,000","시안_163,000","시안_163,000","시안_163,000","시안_163,000"
17357669,Fractal Design Pop Air Solid,"블랙_149,000","블랙_149,000","블랙_149,000","블랙_149,000","블랙_149,000","블랙_149,000","블랙_149,000","블랙_149,000","블랙_149,000","블랙_149,000"
17357984,Fractal Design Pop Mini Air RGB Clear 강화유리,"화이트_162,830","화이트_162,830","화이트_162,830","화이트_162,830","화이트_162,830","화이트_162,990","화이트_162,830","화이트_162,830","화이트_162,830","화이트_162,830"
17359220,Fractal Design Pop Mini Silent Solid,"블랙_98,890","블랙_98,890","블랙_98,890","블랙_94,050","블랙_94,050","블랙_99,000","블랙_98,890","블랙_98,890","블랙_92,070","블랙_92,070"
17358986,Fractal Design Pop Silent Clear 강화유리,"블랙_148,840","블랙_148,840","블랙_148,840","블랙_141,550","블랙_141,550","블랙_148,990","블랙_148,840","블랙_148,840","블랙_138,570","블랙_138,570"
17359076,Fractal Design Pop Silent Solid,"블랙_98,890","블랙_98,890","블랙_98,890","블랙_94,050","블랙_94,050","블랙_98,990","블랙_98,890","블랙_98,890","블랙_92,070","블랙_92,070"
17357855,Fractal Design Pop XL Air RGB Clear 강화유리,"_블랙_198,000|_화이트_192,010","_블랙_198,000|_화이트_192,010","_블랙_198,000|_화이트_192,010","_블랙_198,000|_화이트_192,010","_블랙_198,000|_화이트_192,010","_블랙_198,000|_화이트_192,010","_블랙_198,000|_화이트_192,010","_블랙_198,000|_화이트_192,010","_블랙_198,000|_화이트_192,010","_블랙_198,000|_화이트_192,010"
17359157,Fractal Design Pop XL Silent Solid,"블랙_181,800","블랙_181,800","블랙_181,800","블랙_172,900","블랙_172,900","블랙_181,990","블랙_181,800","블랙_181,800","블랙_169,260","블랙_169,260"
18294494,Fractal Design Ridge,"화이트_258,720","화이트_258,720","_블랙_259,000|_화이트_258,720","_블랙_250,000|_화이트_258,720","_블랙_256,000|_화이트_258,720","_블랙_253,000|_화이트_258,720","_블랙_259,000|_화이트_258,720","_블랙_250,000|_화이트_258,720","_블랙_256,000|_화이트_258,720","_블랙_250,000|_화이트_258,720"
17359541,Fractal Design SSD Bracket Kit Type D,"13,900","13,900","13,900","13,900","13,900","13,900","13,900","13,900","13,900","13,900"
11601917,Fractal Design SSD Drive Tray Kit - Type B 화이트,"2PACK_18,900","2PACK_18,900","2PACK_18,900","2PACK_18,900","2PACK_18,900","2PACK_18,900","2PACK_18,900","2PACK_18,900","2PACK_18,900","2PACK_18,900"
124376190,Fractal Design Summit Ambience Blackout TG Light Tint,0,블랙_가격비교예정,"블랙_342,170","블랙_342,170","블랙_342,170","블랙_342,170","블랙_342,170","블랙_342,170","블랙_342,170","블랙_342,170"
124376193,Fractal Design Summit Blackout TG Light Tint,0,블랙_가격비교예정,"블랙_284,980","블랙_284,980","블랙_284,980","블랙_284,980","블랙_284,980","블랙_284,980","블랙_284,980","블랙_284,980"
124376101,Fractal Design Summit Solid,0,_블랙_가격비교예정|_초크 화이트_가격비교예정,"_블랙_284,980|_초크 화이트_284,980","_블랙_284,980|_초크 화이트_284,980","_블랙_284,980|_초크 화이트_284,980","_블랙_284,980|_초크 화이트_284,980","_블랙_284,980|_초크 화이트_284,980","_블랙_284,980|_초크 화이트_284,980","_블랙_284,980|_초크 화이트_284,980","_블랙_284,980|_초크 화이트_284,980"
124376240,Fractal Design Summit TG Clear Tint,0,_블랙_가격비교예정|_초크 화이트_가격비교예정,"_블랙_284,980|_초크 화이트_284,980","_블랙_284,980|_초크 화이트_284,980","_블랙_284,980|_초크 화이트_284,980","블랙_284,980","블랙_284,980","블랙_284,980","블랙_284,980","블랙_284,980"
124376239,Fractal Design Summit TG Clear Tint,0,0,0,0,0,"초크 화이트_284,980","초크 화이트_284,980","초크 화이트_284,980","초크 화이트_284,980","초크 화이트_284,980"
20344595,Fractal Design Terra,"_그라파이트_389,000|실버_538,200|_제이드_388,590","_그라파이트_389,000|실버_538,200|_제이드_388,590","_그라파이트_389,000|실버_538,200|_제이드_388,590","_그라파이트_389,000|실버_538,200|_제이드_369,550","_그라파이트_389,000|실버_538,200|_제이드_369,550","_그라파이트_389,000|실버_538,200|_제이드_389,000","_그라파이트_389,000|실버_538,200|_제이드_388,590","_그라파이트_389,000|실버_538,200|_제이드_388,590","_그라파이트_389,000|실버_538,200|_제이드_388,590","_그라파이트_389,000|실버_538,200|_제이드_388,590"
16407419,Fractal Design Torrent Nano Black Solid,"173,000","173,000","173,000","173,000","173,000","173,000","173,000","173,000","173,000","173,000"
15025229,Fractal Design Torrent Solid,"블랙_328,650","블랙_328,650","블랙_328,650","블랙_328,650","블랙_328,650","블랙_328,990","블랙_328,650","블랙_329,000","블랙_329,000","블랙_329,000"
17359469,Fractal Design USB-C 10Gbps Cable Model D,"17,800","17,800","17,900","17,900","17,900","17,900","17,900","17,900","17,900","17,900"
17076743,Fractal Design USB-C 10Gbps Cable Model E,"17,880","17,880","17,880","17,880","17,880","17,890","17,880","17,880","17,880","17,880"
14807990,G.SKILL Z5i,"259,000","259,000","259,000","259,000","259,000","259,000","259,000","259,000","259,000","259,000"
70332935,GAMDIAS ATHENA M3,"_블랙_69,830|_화이트_72,310","_블랙_69,830|_화이트_72,310","_블랙_69,830|_화이트_72,310",0,0,0,0,0,0,0
70332923,GAMDIAS ATHENA M3,0,0,0,"_블랙_69,830|_화이트_72,310","_블랙_69,830|_화이트_72,310","_블랙_69,900|_화이트_72,310","_블랙_69,830|_화이트_72,310","_블랙_69,830|_화이트_72,310","_블랙_69,830|_화이트_72,310","_블랙_69,830|_화이트_72,310"
104224775,GAMDIAS ATHENA M4M,"_블랙_71,690|_우드_73,200","_블랙_71,690|_우드_73,200","_블랙_71,690|_우드_73,200","_블랙_71,690|_우드_73,200","_블랙_71,690|_우드_73,200","_블랙_71,690|_우드_73,200","_블랙_71,690|_우드_73,200","_블랙_71,690|_우드_73,200","_블랙_71,690|_우드_73,200","_블랙_71,690|_우드_73,200"
74420531,GAMDIAS ATLAS P1,"170,230","170,230","170,230","170,230","170,230","170,230","170,230","170,230","170,230","170,230"
80621498,GAMDIAS AURA GC10M ARGB,"_블랙_57,080|_화이트_59,900","_블랙_57,080|_화이트_59,900","_블랙_57,080|_화이트_59,900","_블랙_57,080|_화이트_59,900",0,0,"_블랙_57,080|_화이트_59,900","_블랙_57,080|_화이트_59,900","_블랙_57,080|_화이트_59,900","_블랙_57,080|_화이트_59,900"
80625593,GAMDIAS AURA GC10M ARGB,0,0,0,0,"_블랙_57,080|_화이트_59,900","_블랙_57,080|_화이트_59,900",0,0,0,0
79559915,GAMDIAS AURA GC4 ELITE,"월넛_59,530","월넛_59,530","월넛_59,530","월넛_59,530","월넛_59,530","월넛_59,530","월넛_59,470","월넛_59,470","월넛_59,470","월넛_59,470"
28191824,GAMDIAS NESO P1,"_블랙레드_198,780|블랙화이트_199,000|_화이트화이트_198,510","_블랙레드_198,780|블랙화이트_199,000|_화이트화이트_198,510","_블랙레드_198,780|블랙화이트_199,000|_화이트화이트_198,510","_블랙레드_198,780|블랙화이트_199,000|_화이트화이트_198,510","_블랙레드_198,780|블랙화이트_199,000|_화이트화이트_198,510","_블랙레드_198,780|블랙화이트_199,000|_화이트화이트_198,690","_블랙레드_198,780|블랙화이트_199,000|_화이트화이트_192,100","_블랙레드_198,780|블랙화이트_199,000|_화이트화이트_192,100","_블랙레드_198,780|블랙화이트_199,000|_화이트화이트_192,100","_블랙레드_198,780|블랙화이트_199,000|_화이트화이트_192,100"
70332863,GAMDIAS NESO P1 PRO,"_블랙_222,810|_화이트_220,080","_블랙_222,810|_화이트_220,080","_블랙_222,810|_화이트_220,080","_블랙_227,940|_화이트_220,080","_블랙_222,810|_화이트_220,080","_블랙_222,810|_화이트_220,080","_블랙_220,590|_화이트_220,080","_블랙_220,590|_화이트_220,080","_블랙_220,590|_화이트_220,080","_블랙_220,590|_화이트_220,080"
28058369,GAMDIAS PCIE 4.0 라이저 케이블,"_240mm, 블랙_76,240|_240mm, 화이트_76,250","_240mm, 블랙_76,240|_240mm, 화이트_76,250","_240mm, 블랙_76,240|_240mm, 화이트_76,250","_240mm, 블랙_76,240|_240mm, 화이트_76,250","_240mm, 블랙_76,240|_240mm, 화이트_76,250","_240mm, 블랙_76,240|_240mm, 화이트_76,250","_240mm, 블랙_76,240|_240mm, 화이트_76,250","_240mm, 블랙_76,240|_240mm, 화이트_76,250","_240mm, 블랙_76,240|_240mm, 화이트_76,250","_240mm, 블랙_76,240|_240mm, 화이트_76,250"
53783126,GAMDIAS TALOS E3 메쉬,"_블랙_39,900|_화이트_42,200","_블랙_39,900|_화이트_42,200","_블랙_39,900|_화이트_42,200","_블랙_39,900|_화이트_42,200","_블랙_39,900|_화이트_42,200","_블랙_39,900|_화이트_42,200","_블랙_39,900|_화이트_42,200","_블랙_39,900|_화이트_42,200","_블랙_39,900|_화이트_41,760","_블랙_39,900|_화이트_41,760"
72417266,GAMEMAX Forge AB,"블랙_56,700","블랙_56,700","블랙_56,700","블랙_56,700","블랙_56,700","블랙_56,700",0,0,0,0
18750509,GEO메트릭퓨처 Model4 킹 아서,"_블랙_86,500|_화이트_84,950","_블랙_86,500|_화이트_84,950","_블랙_86,500|_화이트_84,950","_블랙_86,500|_화이트_84,950","_블랙_86,500|_화이트_84,950","_블랙_86,500|_화이트_84,950",0,0,0,0
18750473,GEO메트릭퓨처 Model4 킹 아서,0,0,0,0,0,0,"_블랙_86,500|_화이트_84,950","_블랙_86,500|_화이트_84,950","_블랙_86,500|_화이트_84,950","_블랙_86,500|_화이트_84,950"
53416733,GEO메트릭퓨처 Model4 킹 아서 + Silence GI 120 ARGB,"화이트 패키지_89,000","화이트 패키지_89,000","화이트 패키지_89,000","화이트 패키지_89,000","화이트 패키지_89,000","화이트 패키지_89,000","화이트 패키지_89,000","화이트 패키지_89,000","화이트 패키지_89,000","화이트 패키지_89,000"
69565505,GEO메트릭퓨처 Model5,"_블랙_91,130|_화이트_95,780","_블랙_91,130|_화이트_95,780","_블랙_91,130|_화이트_95,780","_블랙_91,130|_화이트_95,780","_블랙_91,130|_화이트_95,780",0,0,0,0,0
69565475,GEO메트릭퓨처 Model5,0,0,0,0,0,"_블랙_91,130|_화이트_95,780","_블랙_91,130|_화이트_95,780","_블랙_91,130|_화이트_95,780","_블랙_91,130|_화이트_95,780","_블랙_91,130|_화이트_95,780"
71503091,GEO메트릭퓨처 Model5 + Silence GI 140 ARGB,"_블랙 패키지_166,000|_화이트 패키지_171,000","_블랙 패키지_166,000|_화이트 패키지_171,000","_블랙 패키지_166,000|_화이트 패키지_171,000","_블랙 패키지_166,000|_화이트 패키지_171,000","_블랙 패키지_166,000|_화이트 패키지_171,000","_블랙 패키지_166,000|_화이트 패키지_171,000","_블랙 패키지_166,000|_화이트 패키지_171,000","_블랙 패키지_166,000|_화이트 패키지_171,000","_블랙 패키지_166,000|_화이트 패키지_171,000","_블랙 패키지_166,000|_화이트 패키지_171,000"
71503163,GEO메트릭퓨처 Model5 벤트 + Silence GI 140 ARGB,"화이트 패키지_176,000","화이트 패키지_176,000","화이트 패키지_176,000","화이트 패키지_176,000","화이트 패키지_176,000","화이트 패키지_176,000","화이트 패키지_176,000","화이트 패키지_176,000","화이트 패키지_176,000","화이트 패키지_176,000"
16555982,GEO메트릭퓨처 Model6 달리,"83,790","83,790","83,790","83,790","83,790","83,790","83,790","83,790","83,790","83,790"
16556030,GEO메트릭퓨처 Model6 반고흐,"88,990","88,990","88,990","88,990","88,990","88,990","88,990","88,990","88,990","88,990"
16555925,GEO메트릭퓨처 Model6 세잔,"81,000","81,000","81,000","81,000","81,000","81,000","81,000","81,000","81,000","81,000"
94026527,GIGABYTE C201 PANORAMIC,"59,000","59,000","59,000","59,000","59,000","59,000","59,000","59,000","59,000","59,000"
31946360,GIGABYTE C301 GLASS V2,"_블랙_77,000|_화이트_77,000","_블랙_77,000|_화이트_77,000","_블랙_77,000|_화이트_77,000","_블랙_77,000|_화이트_77,000","_블랙_77,000|_화이트_77,000","_블랙_77,000|_화이트_77,000","_블랙_77,000|_화이트_77,000","_블랙_77,000|_화이트_77,000","_블랙_77,000|_화이트_77,000","_블랙_77,000|_화이트_77,000"
6577122,GIGABYTE PCI-E 3.0 x16 라이저 케이블,"40,500","40,500","40,500","40,500","40,500","40,500","40,500","40,500","40,500","40,500"
101012108,HAVN BF 360,"_블랙_243,560|_화이트_243,560","_블랙_243,560|_화이트_243,560","_블랙_243,560|_화이트_243,560","_블랙_243,560|_화이트_243,560","_블랙_243,560|_화이트_243,560","_블랙_243,560|_화이트_243,560","_블랙_243,560|_화이트_243,560","_블랙_243,560|_화이트_243,560","_블랙_243,560|_화이트_243,560","_블랙_243,560|_화이트_243,560"
101012141,HAVN BF 360 FLOW,"_블랙_290,060|_화이트_295,550","_블랙_290,060|_화이트_295,550","_블랙_290,060|_화이트_295,550","_블랙_290,060|_화이트_295,550",0,0,"_블랙_290,060|_화이트_295,550","_블랙_290,060|_화이트_295,550","_블랙_290,060|_화이트_295,550","_블랙_290,060|_화이트_295,550"
101012153,HAVN BF 360 FLOW,0,0,0,0,"_블랙_290,060|_화이트_295,550","_블랙_290,060|_화이트_295,550",0,0,0,0
124335127,HAVN BF 360 Flow Solid Side Panel,"_블랙_24,360|_화이트_24,360","_블랙_24,360|_화이트_24,360","_블랙_24,360|_화이트_24,360","_블랙_24,360|_화이트_24,360","_블랙_24,360|_화이트_24,360","_블랙_24,360|_화이트_24,360","_블랙_24,360|_화이트_24,360","_블랙_24,360|_화이트_24,360","_블랙_24,360|_화이트_24,360","_블랙_24,360|_화이트_24,360"
124363174,HAVN HS 360,"_블랙_258,400|_화이트_258,400","_블랙_258,400|_화이트_258,400","_블랙_258,400|_화이트_258,400","_블랙_258,400|_화이트_258,400","_블랙_258,400|_화이트_258,400","_블랙_258,400|_화이트_258,400","_블랙_258,400|_화이트_258,400","_블랙_258,400|_화이트_258,400","_블랙_258,400|_화이트_258,400","_블랙_258,400|_화이트_258,400"
124363197,HAVN HS 360 VGPU,"_블랙_372,770|_화이트_372,770","_블랙_372,770|_화이트_372,770","_블랙_372,770|_화이트_372,770","_블랙_372,770|_화이트_372,770","_블랙_372,770|_화이트_372,770","_블랙_372,770|_화이트_372,770","_블랙_372,770|_화이트_372,770","_블랙_372,770|_화이트_372,770","_블랙_372,770|_화이트_372,770","_블랙_372,770|_화이트_372,770"
69053777,HAVN HS 420,"_블랙_287,790|_화이트_290,790",0,"_블랙_287,790|_화이트_290,790","_블랙_287,790|_화이트_290,790","_블랙_287,790|_화이트_290,790","_블랙_287,790|_화이트_290,790","_블랙_287,790|_화이트_290,790","_블랙_287,790|_화이트_290,790","_블랙_287,790|_화이트_290,790","_블랙_287,790|_화이트_290,790"
69053759,HAVN HS 420,0,"_블랙_287,790|_화이트_290,790",0,0,0,0,0,0,0,0
94692482,HAVN HS 420 Limited Edition,"화이트_474,050","화이트_474,050","화이트_474,050","화이트_474,050","화이트_474,050","화이트_474,050","화이트_474,050","화이트_469,060","화이트_469,000","화이트_469,000"
69053852,HAVN HS 420 VGPU,"_블랙_399,000|_화이트_438,520","_블랙_399,000|_화이트_438,520","_블랙_399,000|_화이트_434,150","_블랙_399,000|_화이트_434,150","_블랙_399,000|_화이트_434,150","_블랙_399,000|_화이트_438,530",0,0,0,0
69053828,HAVN HS 420 VGPU,0,0,0,0,0,0,"_블랙_399,000|_화이트_433,320","_블랙_399,000|_화이트_433,320","_블랙_399,000|_화이트_433,320","_블랙_399,000|_화이트_433,320"
94081511,HAVN HS 420 수직 마운트 앵글 팬 브라켓 세트,"_블랙_93,190|_화이트_93,190","_블랙_93,190|_화이트_93,190","_블랙_93,190|_화이트_93,190","_블랙_93,190|_화이트_93,190","_블랙_93,190|_화이트_93,190","_블랙_93,190|_화이트_93,190","_블랙_93,190|_화이트_93,190","_블랙_93,190|_화이트_93,190","_블랙_93,190|_화이트_93,190","_블랙_93,190|_화이트_93,190"
124335120,HAVN UNIVERSAL VGPU Kit,"_블랙_139,000|_화이트_139,000","_블랙_129,200|_화이트_129,200","_블랙_129,200|_화이트_129,200","_블랙_129,200|_화이트_129,200","_블랙_129,200|_화이트_129,200","_블랙_129,200|_화이트_129,200","_블랙_129,200|_화이트_129,200","_블랙_129,200|_화이트_129,200","_블랙_129,200|_화이트_129,200","_블랙_129,200|_화이트_129,200"
124335122,HAVN UNIVERSAL VGPU Kit,"_블랙_139,000|_화이트_139,000","_블랙_129,200|_화이트_129,200","_블랙_129,200|_화이트_129,200","_블랙_129,200|_화이트_129,200","_블랙_129,200|_화이트_129,200","_블랙_129,200|_화이트_129,200","_블랙_129,200|_화이트_129,200",0,0,"_블랙_129,200|_화이트_129,200"
99913133,HYTE PCIe 5.0 하이퍼 라이저 케이블,"말차 밀크_82,390|블랙 체리_115,750|_스노우 화이트_82,820|타로 밀크_82,820|_피치 블랙_82,820","말차 밀크_82,820|블랙 체리_115,750|_스노우 화이트_82,820|타로 밀크_82,820|_피치 블랙_82,820","말차 밀크_82,820|블랙 체리_115,890|_스노우 화이트_82,820|타로 밀크_82,820|_피치 블랙_82,820","말차 밀크_82,820|블랙 체리_115,890|_스노우 화이트_80,340|타로 밀크_82,820|_피치 블랙_80,340","말차 밀크_82,820|블랙 체리_116,050|_스노우 화이트_80,640|타로 밀크_82,820|_피치 블랙_80,640","말차 밀크_82,820|블랙 체리_116,050|_스노우 화이트_82,820|타로 밀크_82,820|_피치 블랙_82,820","말차 밀크_82,820|블랙 체리_116,060|_스노우 화이트_82,820|타로 밀크_82,820|_피치 블랙_82,820","_말차 밀크_82,820|블랙 체리_116,060|스노우 화이트_82,820|타로 밀크_84,900|_피치 블랙_82,820","_말차 밀크_82,340|블랙 체리_117,270|스노우 화이트_78,950|타로 밀크_84,890|_피치 블랙_78,950","_말차 밀크_82,390|블랙 체리_116,200|스노우 화이트_78,950|타로 밀크_84,890|_피치 블랙_78,950"
94881146,HYTE Powered USB Hub,"38,020","38,020","38,020","38,020","38,020","38,020","38,020","38,020","38,020","38,020"
16384043,HYTE Revolt 3,"블랙_183,000","블랙_183,000","블랙_183,000","블랙_183,000","블랙_183,000","블랙_183,000","블랙_183,000","블랙_183,000","블랙_183,000","블랙_183,000"
99739235,HYTE X50,"말차 밀크_191,150|_스노우 화이트_191,150|_스트로베리 밀크_191,150||와일드 체리_191,150|타로 밀크_191,150|","말차 밀크_191,150|_스노우 화이트_191,150|_스트로베리 밀크_191,150||와일드 체리_191,150|타로 밀크_191,150|","말차 밀크_191,150|_스노우 화이트_191,150|_스트로베리 밀크_191,150||와일드 체리_191,150|타로 밀크_191,150|","말차 밀크_184,300|_스노우 화이트_184,300|_스트로베리 밀크_184,300||와일드 체리_184,300|타로 밀크_191,150|","말차 밀크_184,300|_스노우 화이트_184,300|_스트로베리 밀크_184,300||와일드 체리_184,300|타로 밀크_191,150|","말차 밀크_191,150|_스노우 화이트_191,150|_스트로베리 밀크_191,150||와일드 체리_191,150|타로 밀크_191,150|","말차 밀크_191,150|_스노우 화이트_191,150|_스트로베리 밀크_191,150||와일드 체리_191,150|타로 밀크_191,150|",0,"말차 밀크_180,420|_스노우 화이트_180,420|_스트로베리 밀크_180,420||와일드 체리_180,420|타로 밀크_191,100|",0
99739202,HYTE X50,0,0,0,0,0,0,0,"말차 밀크_191,100|_스노우 화이트_191,100|_스트로베리 밀크_191,100||와일드 체리_191,100|타로 밀크_191,100|",0,"말차 밀크_180,420|_스노우 화이트_180,420|_스트로베리 밀크_180,420||와일드 체리_180,420|타로 밀크_191,100|"
99739475,HYTE X50 AIR,"_스노우 화이트_156,630|_피치 블랙_156,630","_스노우 화이트_156,630|_피치 블랙_156,630","_스노우 화이트_156,630|_피치 블랙_156,630","_스노우 화이트_151,050|_피치 블랙_151,050","_스노우 화이트_151,050|_피치 블랙_151,050","_스노우 화이트_156,630|_피치 블랙_156,630","_스노우 화이트_156,630|_피치 블랙_156,630",0,0,0
99739454,HYTE X50 AIR,0,0,0,0,0,0,0,"_스노우 화이트_156,630|_피치 블랙_156,630","_스노우 화이트_147,870|_피치 블랙_147,870","_스노우 화이트_147,870|_피치 블랙_147,870"
18846299,HYTE Y40,"_레드_209,000|_블랙_209,000","_레드_209,000|_블랙_209,000","_레드_209,000|_블랙_209,000",0,0,0,0,0,0,0
18846368,HYTE Y40,0,0,0,"_레드_209,000|_블랙_209,000","_레드_209,000|_블랙_209,000","_레드_209,000|_블랙_209,000","_레드_209,000|_블랙_209,000","_레드_209,000|_블랙_209,000","_레드_209,000|_블랙_209,000","_레드_209,000|_블랙_209,000"
124237307,HYTE Y50 RGB,"_블랙 체리_147,630|_스노우 화이트_147,630|스트로베리 밀크_147,630|타로 밀크_147,630|피치 블랙_147,630","_블랙 체리_147,630|_스노우 화이트_147,630|스트로베리 밀크_147,630|타로 밀크_147,630|피치 블랙_147,630","_블랙 체리_147,630|_스노우 화이트_147,630|스트로베리 밀크_147,630|타로 밀크_147,630|피치 블랙_147,630","_블랙 체리_141,550|_스노우 화이트_141,550|스트로베리 밀크_141,550|타로 밀크_141,550|피치 블랙_141,550","_블랙 체리_141,550|_스노우 화이트_141,550|스트로베리 밀크_141,550|타로 밀크_141,550|피치 블랙_141,550","_블랙 체리_144,530|_스노우 화이트_147,630|스트로베리 밀크_144,530|타로 밀크_144,530|피치 블랙_147,630","_블랙 체리_147,630|_스노우 화이트_147,630|스트로베리 밀크_147,630|타로 밀크_147,630|피치 블랙_147,630","_블랙 체리_147,630|_스노우 화이트_147,630|스트로베리 밀크_147,630|타로 밀크_147,630|피치 블랙_147,630","블랙 체리_138,570|_스노우 화이트_138,570|_스트로베리 밀크_138,570|타로 밀크_138,570|피치 블랙_138,570","블랙 체리_138,570|_스노우 화이트_138,570|_스트로베리 밀크_138,570|타로 밀크_138,570|피치 블랙_138,570"
124237329,HYTE Y50 RGB,"_블랙 체리_147,630|_스노우 화이트_147,630|스트로베리 밀크_147,630|타로 밀크_147,630|피치 블랙_147,630","_블랙 체리_147,630|_스노우 화이트_147,630|스트로베리 밀크_147,630|타로 밀크_147,630|피치 블랙_147,630","_블랙 체리_147,630|_스노우 화이트_147,630|스트로베리 밀크_147,630|타로 밀크_147,630|피치 블랙_147,630","_블랙 체리_141,550|_스노우 화이트_141,550|스트로베리 밀크_141,550|타로 밀크_141,550|피치 블랙_141,550","_블랙 체리_141,550|_스노우 화이트_141,550|스트로베리 밀크_141,550|타로 밀크_141,550|피치 블랙_141,550","_블랙 체리_144,530|_스노우 화이트_147,630|스트로베리 밀크_144,530|타로 밀크_144,530|피치 블랙_147,630","_블랙 체리_147,630|_스노우 화이트_147,630|스트로베리 밀크_147,630|타로 밀크_147,630|피치 블랙_147,630","_블랙 체리_147,630|_스노우 화이트_147,630|스트로베리 밀크_147,630|타로 밀크_147,630|피치 블랙_147,630","블랙 체리_138,570|_스노우 화이트_138,570|_스트로베리 밀크_138,570|타로 밀크_138,570|피치 블랙_138,570","블랙 체리_138,570|_스노우 화이트_138,570|_스트로베리 밀크_138,570|타로 밀크_138,570|피치 블랙_138,570"
16859912,HYTE Y60,"레드_269,000|_블랙_266,000|스노우 화이트_266,000|_화이트_266,110","레드_269,000|_블랙_266,000|스노우 화이트_266,000|_화이트_266,110","레드_269,000|_블랙_266,000|_스노우 화이트_266,000|화이트_266,110","레드_269,000|_블랙_255,550|_스노우 화이트_266,000|화이트_266,110","레드_269,000|_블랙_255,550|_스노우 화이트_266,000|화이트_266,110","레드_269,000|_블랙_266,000|_스노우 화이트_266,000|화이트_266,110","레드_269,000|_블랙_266,000|_스노우 화이트_269,000|화이트_266,110","레드_269,000|_블랙_266,000|스노우 화이트_269,000|_화이트_266,220",0,0
19278527,HYTE Y60,0,0,0,0,0,0,0,0,"레드_269,000|_블랙_250,170|_스노우 화이트_269,000|화이트_266,220","레드_269,000|_블랙_250,170|_스노우 화이트_269,000|화이트_266,220"
42287372,HYTE Y70,"레드_328,650|말차 밀크_322,360|_블랙_279,000|블루베리 밀크_327,280|타로 밀크_328,650|_스노우 화이트_329,000|",0,0,0,0,0,0,0,0,0
42287291,HYTE Y70,0,"레드_328,650|말차 밀크_322,360|_블랙_279,000|블루베리 밀크_327,280|타로 밀크_328,650|_스노우 화이트_329,000|","레드_328,460|말차 밀크_322,360|_블랙_279,000|블루베리 밀크_327,280|타로 밀크_328,460|_스노우 화이트_329,000|","레드_328,460|말차 밀크_322,360|_블랙_279,000|블루베리 밀크_327,280|타로 밀크_328,460|_스노우 화이트_329,000|","레드_328,460|말차 밀크_322,360|_블랙_279,000|블루베리 밀크_327,280|타로 밀크_328,460|_스노우 화이트_329,000|","레드_328,460|말차 밀크_322,360|_블랙_279,000|블루베리 밀크_327,280|타로 밀크_328,990|_스노우 화이트_329,000|","레드_325,460|말차 밀크_322,360|_블랙_279,000|블루베리 밀크_325,460|스트로베리 밀크_329,000||_스노우 화이트_325,460|","레드_325,460|말차 밀크_322,360|_블랙_279,000|블루베리 밀크_325,460|스트로베리 밀크_329,000||_스노우 화이트_325,460|","레드_325,460|말차 밀크_322,360|_블랙_279,000|블루베리 밀크_325,460|스트로베리 밀크_329,000||_스노우 화이트_325,460|","레드_319,700|말차 밀크_322,360|_블랙_279,000|블루베리 밀크_325,460|스트로베리 밀크_328,800||_스노우 화이트_325,460|"
31477355,HYTE Y70 Touch,"화이트_625,900","화이트_625,900","화이트_625,900","화이트_625,900","화이트_625,900","화이트_625,900","화이트_625,910","화이트_625,910","화이트_625,910","화이트_625,900"
61844234,HYTE Y70 Touch Infinite,"_블랙 체리_665,160|_스노우 화이트_679,000|피치 블랙_679,000",0,"블랙 체리_665,160|_스노우 화이트_679,000|_피치 블랙_679,000","블랙 체리_665,160|_스노우 화이트_679,000|_피치 블랙_679,000","블랙 체리_665,160|_스노우 화이트_679,000|_피치 블랙_679,000","블랙 체리_665,160|_스노우 화이트_679,000|_피치 블랙_679,000","블랙 체리_665,160|_스노우 화이트_669,020|판다_679,000|_피치 블랙_679,000","블랙 체리_665,160|_스노우 화이트_669,020|판다_679,000|_피치 블랙_679,000","블랙 체리_665,160|_스노우 화이트_669,020|판다_679,000|_피치 블랙_679,000","블랙 체리_665,160|_스노우 화이트_669,020|판다_679,000|_피치 블랙_679,000"
61844228,HYTE Y70 Touch Infinite,0,"블랙 체리_665,160|_스노우 화이트_679,000|_피치 블랙_679,000",0,0,0,0,0,0,0,0
65303732,HYTE Y70 Touch Infinite Display Upgrade,"_피치 블랙_389,000|_스노우 화이트_388,990|스트로베리 밀크_389,000",0,"_피치 블랙_389,000|_스노우 화이트_388,990|스트로베리 밀크_389,000","_피치 블랙_389,000|_스노우 화이트_389,000|스트로베리 밀크_369,550","_피치 블랙_389,000|_스노우 화이트_388,990|스트로베리 밀크_369,550","_피치 블랙_389,000|_스노우 화이트_388,990|스트로베리 밀크_389,000","_피치 블랙_384,510|_스노우 화이트_384,510|스트로베리 밀크_384,510","_피치 블랙_384,510|_스노우 화이트_384,500|스트로베리 밀크_384,510","_피치 블랙_384,510|_스노우 화이트_384,500|스트로베리 밀크_361,770","_피치 블랙_384,510|_스노우 화이트_384,500|스트로베리 밀크_361,770"
65303711,HYTE Y70 Touch Infinite Display Upgrade,0,"_피치 블랙_389,000|스노우 화이트_388,990|_스트로베리 밀크_389,000",0,0,0,0,0,0,0,0
123972558,HYTE Y70 Touch Infinite 건담 윙 에디션,"831,730","831,730","831,730","819,000","819,000","831,730","831,730","831,730","819,000","819,000"
123972541,HYTE Y70 토키도키 X 홀로라이브 어드벤트 에디션,"459,490","459,490","459,490","459,490","459,490","459,490","459,490","459,490","459,490","459,490"
10085070,JONSBO A4,"실버_208,000","실버_208,000","실버_208,000","실버_208,000","실버_208,000","실버_208,000","실버_208,000","실버_208,000","실버_208,000","실버_208,000"
20037794,JONSBO C6,"_블랙_58,930|_화이트_56,500","_블랙_58,930|_화이트_56,500","_블랙_58,750|_화이트_56,500","_블랙_58,750|_화이트_56,500","_블랙_58,750|_화이트_56,500","_블랙_58,900|_화이트_56,500",0,0,0,0
20037818,JONSBO C6,0,0,0,0,0,0,"_블랙_58,930|_화이트_56,500","_블랙_58,930|_화이트_56,500","_블랙_58,300|_화이트_56,500","_블랙_58,300|_화이트_56,500"
20555807,JONSBO C6 HANDLE,"블랙_63,800","블랙_63,800","블랙_63,790","블랙_63,790","블랙_63,790","블랙_63,800","블랙_63,800","블랙_63,800","블랙_63,790","블랙_63,790"
75071384,JONSBO C6 MAX,"_블랙_67,980|_화이트_66,000","_블랙_67,980|_화이트_66,000","_블랙_67,970|_화이트_66,000","_블랙_67,970|_화이트_66,000","_블랙_67,970|_화이트_66,000","_블랙_67,980|_화이트_66,000","_블랙_67,980|_화이트_66,000","_블랙_67,980|_화이트_66,000","_블랙_67,970|_화이트_66,000","_블랙_67,970|_화이트_66,000"
63559784,JONSBO C6-ITX,"_블랙_61,780|_화이트_61,560","_블랙_61,780|_화이트_61,560","_블랙_61,780|_화이트_61,560","_블랙_61,780|_화이트_61,560","_블랙_61,780|_화이트_61,560","_블랙_61,780|_화이트_61,560","_블랙_61,780|_화이트_61,560","_블랙_61,780|_화이트_61,560","_블랙_61,780|_화이트_61,560","_블랙_61,780|_화이트_61,560"
98181554,JONSBO D200,"_블랙_75,200|_화이트_75,280","_블랙_75,200|_화이트_75,280","_블랙_75,200|_화이트_75,280","_블랙_75,200|_화이트_75,280","_블랙_75,200|_화이트_75,280","_블랙_74,062|_화이트_74,062","_블랙_74,060|_화이트_74,060","_블랙_74,060|_화이트_74,060","_블랙_74,060|_화이트_74,060","_블랙_74,060|_화이트_74,060"
47487935,JONSBO D300,"_블랙_79,000|_화이트_79,000","_블랙_79,000|_화이트_79,000","_블랙_79,000|_화이트_79,000","_블랙_79,000|_화이트_79,000","_블랙_79,000|_화이트_79,000","_블랙_79,000|_화이트_79,000","_블랙_79,000|_화이트_79,000","_블랙_79,000|_화이트_79,000","_블랙_79,000|_화이트_79,000","_블랙_79,000|_화이트_79,000"
18637934,JONSBO D31 MESH SCREEN,"화이트_193,200","화이트_174,300","화이트_174,300","화이트_174,300","화이트_174,300","화이트_174,300","화이트_174,300","화이트_174,300","화이트_174,300","화이트_174,300"
75071522,JONSBO D32 PRO BTF,"_블랙_75,990|_화이트_80,490","_블랙_75,990|_화이트_80,490","_블랙_75,990|_화이트_80,490","_블랙_75,990|_화이트_80,490","_블랙_75,990|_화이트_80,490","_블랙_74,060|_화이트_78,750","_블랙_74,060|_화이트_78,750","_블랙_74,060|_화이트_78,750","_블랙_74,060|_화이트_78,750","_블랙_74,060|_화이트_78,750"
122688310,JONSBO D33 BTF,"_블랙_114,030|우드 화이트_131,650|_우드블랙_133,740|화이트_112,620","_블랙_114,030|우드 화이트_131,650|_우드블랙_133,740|화이트_112,620","_블랙_114,020|우드 화이트_131,650|_우드블랙_133,740|화이트_112,620","_블랙_114,020|우드 화이트_131,650|_우드블랙_133,740|화이트_112,620","_블랙_114,020|우드 화이트_131,650|_우드블랙_133,740|화이트_112,620","_블랙_114,030|우드 화이트_131,650|_우드블랙_133,740|화이트_112,620","_블랙_114,010|_우드 화이트_131,650|우드블랙_133,740|화이트_112,620","_블랙_114,010|_우드 화이트_131,650|우드블랙_133,740|화이트_112,620","_블랙_114,000|_우드 화이트_131,650|우드블랙_133,740|화이트_112,620","_블랙_114,000|_우드 화이트_131,650|우드블랙_133,740|화이트_112,620"
122688345,JONSBO D33 BTF,0,0,0,0,0,0,"_블랙_114,010|_우드 화이트_131,650|우드블랙_133,740|화이트_112,620","_블랙_114,010|_우드 화이트_131,650|우드블랙_133,740|화이트_112,620","_블랙_114,000|_우드 화이트_131,650|우드블랙_133,740|화이트_112,620","_블랙_114,000|_우드 화이트_131,650|우드블랙_133,740|화이트_112,620"
124076499,JONSBO D34 DIGITAL BTF,"_블랙_105,720|_화이트_115,420","_블랙_105,720|_화이트_115,420","_블랙_105,720|_화이트_115,420","_블랙_105,720|_화이트_115,420","_블랙_105,720|_화이트_115,420","_블랙_103,541|_화이트_113,958","_블랙_103,540|_화이트_113,950","_블랙_103,540|_화이트_113,950","_블랙_103,540|_화이트_113,950","_블랙_103,540|_화이트_113,950"
92186165,JONSBO D400 BTF,"_블랙_131,990|_화이트_131,990",0,"_블랙_131,990|_화이트_131,990",0,0,0,"_블랙_131,990|_화이트_131,990","_블랙_131,990|_화이트_131,990","_블랙_131,990|_화이트_131,990",0
92186180,JONSBO D400 BTF,0,"_블랙_131,990|_화이트_131,990",0,"_블랙_131,990|_화이트_131,990","_블랙_131,990|_화이트_131,990","_블랙_126,531|_화이트_126,531",0,0,0,"_블랙_131,990|_화이트_131,990"
104988587,JONSBO D401 BTF,"블랙_93,400","블랙_93,400","블랙_93,400","블랙_93,400","블랙_93,400","블랙_93,125","블랙_93,120","블랙_93,120","블랙_93,120","블랙_93,120"
10128603,JONSBO MOD3,"화이트_450,000","화이트_450,000","화이트_450,000","화이트_450,000","화이트_450,000","화이트_450,000","화이트_450,000","화이트_450,000","화이트_450,000","화이트_450,000"
10419432,JONSBO MOD4,"그레이_231,500","그레이_231,500","그레이_231,500","그레이_231,500","그레이_231,500","그레이_231,500","그레이_231,500","그레이_231,500","그레이_231,500","그레이_231,500"
52155758,JONSBO N4 for NAS,"_블랙_123,570|_화이트_123,890","_블랙_123,570|_화이트_123,890","_블랙_123,570|_화이트_123,890","_블랙_123,570|_화이트_123,890","_블랙_123,570|_화이트_123,890","_블랙_119,000|_화이트_123,890","_블랙_119,000|_화이트_123,890","_블랙_119,000|_화이트_123,890","_블랙_119,000|_화이트_123,890","_블랙_119,000|_화이트_123,890"
68436584,JONSBO N5,"256,500","256,500","256,500","256,500","256,500","256,500","256,500","256,500","256,500","256,500"
122622411,JONSBO N6,"블랙_181,070","블랙_181,070","블랙_181,070","블랙_181,070","블랙_181,070","블랙_181,070","블랙_181,070","블랙_181,070","블랙_181,070","블랙_181,070"
94694234,JONSBO NV10,"_블랙_75,800|_실버_75,800","_블랙_75,800|_실버_75,800","_블랙_75,800|_실버_75,800","_블랙_75,730|_실버_75,730","_블랙_75,800|_실버_75,730","_블랙_74,060|_실버_74,062",0,"_블랙_74,060|_실버_74,060","_블랙_74,060|_실버_74,060",0
94694240,JONSBO NV10,0,0,0,0,0,0,"_블랙_74,060|_실버_74,060",0,0,"_블랙_74,060|_실버_74,060"
96060407,JONSBO T7,"_블랙_200,063|_실버_187,890","_블랙_200,063|_실버_187,890","_블랙_200,063|_실버_187,890","_블랙_200,063|_실버_187,890","_블랙_200,063|_실버_187,890","_블랙_196,250|_실버_187,890","_블랙_196,250|_실버_187,890",0,0,0
96060419,JONSBO T7,0,0,0,0,0,0,0,"_블랙_196,250|_실버_187,890","_블랙_196,250|_실버_187,890","_블랙_196,250|_실버_187,890"
64300145,JONSBO TK-0,"_블랙_151,990|_화이트_151,250","_블랙_151,990|_화이트_151,250","_블랙_151,990|_화이트_151,250","_블랙_151,990|_화이트_151,250","_블랙_151,990|_화이트_151,250","_블랙_146,175|_화이트_151,250","_블랙_151,990|_화이트_151,250","_블랙_151,990|_화이트_151,250","_블랙_151,990|_화이트_151,250","_블랙_151,990|_화이트_151,250"
29876945,JONSBO TK-1,"_블랙_151,990|_화이트_151,990","_블랙_151,990|_화이트_151,990","_블랙_151,990|_화이트_151,990","_블랙_151,990|_화이트_151,990","_블랙_151,990|_화이트_151,990","_블랙_151,990|_화이트_151,990","_블랙_151,990|_화이트_151,990","_블랙_151,990|_화이트_151,990","_블랙_151,990|_화이트_151,990","_블랙_151,990|_화이트_151,990"
32003387,JONSBO TK-2,"_블랙_181,330|_화이트_180,600","_블랙_181,330|_화이트_180,600","_블랙_181,300|_화이트_180,600","_블랙_181,300|_화이트_180,600","_블랙_181,300|_화이트_180,600","_블랙_181,310|_화이트_180,600","_블랙_181,310|_화이트_180,600","_블랙_181,310|_화이트_180,600","_블랙_181,300|_화이트_180,600","_블랙_181,300|_화이트_180,600"
52156076,JONSBO TK-3 BTF,"_블랙_114,310|_화이트_114,200","_블랙_114,310|_화이트_114,200","_블랙_114,300|_화이트_114,200","_블랙_114,300|_화이트_114,200","_블랙_114,300|_화이트_114,200","_블랙_113,950|_화이트_113,958","_블랙_113,950|_화이트_113,950","_블랙_113,950|_화이트_113,950","_블랙_113,940|_화이트_113,950","_블랙_113,940|_화이트_113,950"
99052271,JONSBO TK-4 BTF,"_블랙_208,990|_우드_265,830|화이트_208,990","_블랙_208,990|_우드_265,830|화이트_208,990","_블랙_208,990|_우드_265,830|화이트_208,990","_블랙_208,990|_우드_265,830|화이트_208,990","_블랙_208,990|_우드_265,830|화이트_208,990","_블랙_208,990|_우드_265,830|화이트_208,990","_블랙_208,990|_우드_265,830|화이트_208,990","_블랙_208,990|_우드_265,830|화이트_208,990","블랙_208,990|_우드_265,830|_화이트_208,990","블랙_208,990|_우드_265,830|_화이트_208,990"
122688280,JONSBO TK-5 BTF,"_블랙_161,400|_화이트_161,400","_블랙_161,400|_화이트_161,400","_블랙_161,400|_화이트_161,400","_블랙_161,400|_화이트_161,400","_블랙_161,400|_화이트_161,400","_블랙_161,400|_화이트_161,400","_블랙_161,400|_화이트_161,400","_블랙_161,400|_화이트_161,400","_블랙_161,400|_화이트_161,400","_블랙_161,400|_화이트_161,400"
122688284,JONSBO TK-5 BTF,0,0,0,0,0,"_블랙_161,400|_화이트_161,400","_블랙_161,400|_화이트_161,400","_블랙_161,400|_화이트_161,400","_블랙_161,400|_화이트_161,400","_블랙_161,400|_화이트_161,400"
94566908,JONSBO V12,"_블랙_141,990|_화이트_141,990","_블랙_141,990|_화이트_141,990","_블랙_141,990|_화이트_141,990","_블랙_141,990|_화이트_141,990","_블랙_141,990|_화이트_141,990","_블랙_141,990|_화이트_141,990","_블랙_141,990|_화이트_141,990","_블랙_141,990|_화이트_141,990","_블랙_141,990|_화이트_141,990","_블랙_141,990|_화이트_141,990"
17006102,JONSBO VR3 PCIe 4.0,"블랙_201,900","블랙_201,900","블랙_201,900","블랙_201,900","블랙_201,900","블랙_201,900","블랙_201,900","블랙_201,900","블랙_201,900","블랙_201,900"
104987549,JONSBO X400 BTF,"_그레이_151,600|_화이트_151,600","_그레이_151,600|_화이트_151,600","_그레이_151,600|_화이트_151,600","_그레이_151,600|_화이트_151,600","_그레이_151,600|_화이트_151,600","_그레이_151,600|_화이트_151,600","_그레이_151,600|_화이트_151,600","_그레이_151,600|_화이트_151,600","_그레이_151,600|_화이트_151,600","_그레이_151,600|_화이트_151,600"
104988524,JONSBO X400 PRO BTF,"그레이_269,000","그레이_269,000","그레이_269,000","그레이_269,000","그레이_269,000","그레이_269,000","그레이_269,000","그레이_269,000","그레이_269,000","그레이_269,000"
75071696,JONSPLUS BO400 BTF,"그레이_351,230","그레이_351,230","그레이_351,230","그레이_351,230","그레이_351,230","그레이_351,230","그레이_351,230","그레이_351,230","그레이_351,230","그레이_351,230"
98544041,JONSPLUS BO400CG BTF,"실버_378,590","실버_378,590","실버_378,590","실버_378,590","실버_378,590","실버_378,990","실버_378,590","실버_378,590","실버_378,590","실버_378,590"
124076152,JONSPLUS BO400CG V2 BTF,"367,610","367,610","367,610","367,610","367,610","367,610","367,610","367,610","367,610","367,610"
47841839,JONSPLUS Z20,"_블랙_95,090|블랙 오렌지_110,000|_화이트_94,070","_블랙_95,090|블랙 오렌지_110,000|_화이트_94,070","_블랙_95,090|블랙 오렌지_110,000|_화이트_94,070",0,0,"_블랙_92,083|블랙 오렌지_110,000|_화이트_86,637","_블랙_92,083|블랙 오렌지_110,000|_화이트_92,083","_블랙_92,083|블랙 오렌지_110,000|_화이트_92,083","_블랙_92,083|블랙 오렌지_110,000|_화이트_92,083","_블랙_92,083|블랙 오렌지_110,000|_화이트_92,083"
47841830,JONSPLUS Z20,0,0,0,"_블랙_95,090|블랙 오렌지_110,000|_화이트_94,070","_블랙_95,090|블랙 오렌지_110,000|_화이트_94,070",0,0,0,0,0
13240022,JONSPLUS i100 Pro,"블랙_218,000","블랙_218,000","블랙_218,000","블랙_218,000","블랙_218,000","블랙_218,000","블랙_218,000","블랙_218,000","블랙_218,000","블랙_218,000"
98227619,MONTECH HS01 PRO BTF,"_블랙_134,000|_화이트_139,000","_블랙_134,000|_화이트_139,000","_블랙_134,000|_화이트_139,000","_블랙_134,000|_화이트_139,000","_블랙_134,000|_화이트_139,000","_블랙_134,000|_화이트_139,000","_블랙_134,000|_화이트_139,000","_블랙_134,000|_화이트_139,000","_블랙_134,000|_화이트_139,000","_블랙_134,000|_화이트_139,000"
98227676,MONTECH HS02 PRO BTF,"_블랙_143,200|_화이트_148,000","_블랙_143,200|_화이트_148,000","_블랙_143,200|_화이트_148,000","_블랙_143,200|_화이트_148,200","_블랙_143,200|_화이트_148,200","_블랙_143,200|_화이트_148,200","_블랙_143,200|_화이트_148,200","_블랙_143,200|_화이트_148,200","_블랙_143,200|_화이트_148,200","_블랙_143,200|_화이트_148,200"
72061472,MONTECH KING 65 PRO,"_블랙_105,000|_화이트_110,000","_블랙_105,000|_화이트_110,000","_블랙_105,000|_화이트_110,000","_블랙_105,000|_화이트_110,000","_블랙_105,000|_화이트_110,000","_블랙_105,000|_화이트_110,000",0,0,0,"_블랙_104,160|_화이트_109,280"
72061460,MONTECH KING 65 PRO,0,0,0,0,0,0,"_블랙_105,000|_화이트_110,000","_블랙_105,000|_화이트_110,000","_블랙_104,160|_화이트_109,280",0
31339514,MONTECH KING 95,"_레드_180,420|_블랙_157,140","_레드_180,420|_블랙_157,140","_레드_180,420|_블랙_157,140","_레드_180,420|_블랙_157,140","_레드_180,420|_블랙_157,140","_레드_180,420|_블랙_157,140",0,0,0,0
35810675,MONTECH KING 95,0,0,0,0,0,0,"_레드_180,420|_블랙_157,140","_레드_180,420|_블랙_157,140","_레드_180,420|_블랙_157,140","_레드_180,420|_블랙_157,140"
27475526,MONTECH SKY TWO ARGB 강화유리,"블루_114,480","블루_114,480","블루_114,480","블루_114,480","블루_114,480","블루_114,480","블루_114,480","블루_114,480","블루_114,480","블루_114,480"
55083089,MSI MAG PANO 100L 프로젝트 제로,"_블랙_119,000|_화이트_119,000","_블랙_119,000|_화이트_119,000","_블랙_118,990|_화이트_115,700","_블랙_118,990|_화이트_115,700","_블랙_118,990|_화이트_115,700","_블랙_118,990|_화이트_119,000","_블랙_118,990|_화이트_119,000","_블랙_118,990|_화이트_119,000","_블랙_115,690|_화이트_115,700","_블랙_115,690|_화이트_115,700"
63031403,MSI MAG PANO 100R 프로젝트 제로,"_블랙_137,470|_화이트_138,850","_블랙_137,470|_화이트_139,000","_블랙_137,470|_화이트_138,630","_블랙_137,470|_화이트_138,500","_블랙_137,470|_화이트_138,500","_블랙_137,470|_화이트_132,500","_블랙_137,400|_화이트_139,000","_블랙_136,000|_화이트_139,000","_블랙_135,990|_화이트_134,960","_블랙_135,990|_화이트_132,460"
48926018,MSI MAG PANO M100R 프로젝트 제로,"_블랙_94,000|_화이트_99,000","_블랙_94,000|_화이트_99,000","_블랙_94,000|_화이트_99,000","_블랙_94,000|_화이트_99,000","_블랙_94,000|_화이트_99,000","_블랙_94,000|_화이트_99,000","_블랙_94,000|_화이트_99,000","_블랙_94,000|_화이트_99,000","_블랙_94,000|_화이트_99,000","_블랙_94,000|_화이트_99,000"
15031841,MSI MAG 뱀파이어 300R,"90,000","90,000","90,000","90,000","90,000","90,000","90,000",0,0,0
30249392,MSI MAG 포지 120A 에어플로우,"39,850","39,900","39,530","39,400","39,400","39,400","39,900","39,900","39,900","39,900"
30249503,MSI MAG 포지 320R 에어플로우,"_블랙_59,000|_화이트_64,000","_블랙_59,000|_화이트_64,000","_블랙_59,000|_화이트_64,000","_블랙_59,000|_화이트_64,000","_블랙_59,000|_화이트_64,000","_블랙_59,000|_화이트_64,000","_블랙_59,000|_화이트_64,000","_블랙_59,000|_화이트_64,000","_블랙_59,000|_화이트_62,640","_블랙_59,000|_화이트_62,640"
54484445,MSI MAG 포지 321R 에어플로우,"블랙_69,000","블랙_69,000","블랙_69,000","블랙_69,000","블랙_69,000","블랙_69,000","블랙_69,000","블랙_69,000","블랙_69,000","블랙_69,000"
18072896,MSI MAG 포지 M100A,"36,300","36,300","36,300","36,300","36,300","36,300","36,300",0,0,0
123774868,MSI MEG PCI-E 5.0 X16 라이저,"블랙_65,660","블랙_65,660","블랙_63,920","블랙_63,790","블랙_65,650","블랙_63,970","블랙_65,650","블랙_65,650","블랙_63,970","블랙_63,910"
124335144,MSI MPG VIXTA 300R PZ,"블랙_157,400","블랙_157,400","블랙_157,390","블랙_157,390","블랙_157,390","블랙_157,390","블랙_159,000","블랙_159,000","블랙_159,000","블랙_159,000"
28394378,MSI MPG 궁니르 300R 에어플로우,"_블랙_199,000|_화이트_199,000","_블랙_199,000|_화이트_199,000","_블랙_199,000|_화이트_198,510","_블랙_199,000|_화이트_198,510","_블랙_199,000|_화이트_198,510",0,0,0,0,0
29679023,MSI MPG 궁니르 300R 에어플로우,0,0,0,0,0,"_블랙_199,000|_화이트_199,000","_블랙_199,000|_화이트_199,000","_블랙_199,000|_화이트_199,000","_블랙_199,000|_화이트_192,100","_블랙_199,000|_화이트_192,100"
20592965,MSI MPG 벨록스 100R,"화이트_109,000","화이트_109,000","화이트_109,000","화이트_109,000","화이트_109,000","화이트_109,000","화이트_109,000","화이트_109,000","화이트_109,000","화이트_109,000"
29311724,MSI PCI-E 4.0 X16 라이저 케이블,"180mm, 화이트_21,630","180mm, 화이트_21,630","180mm, 화이트_21,630","180mm, 화이트_21,630","180mm, 화이트_21,630","180mm, 화이트_21,630","180mm, 화이트_21,630","180mm, 화이트_21,630","180mm, 화이트_21,630","_180mm, 블랙_76,700|_180mm, 화이트_21,630"
122666137,MSI PRO P050R ARGB,"_블랙_48,270|_화이트_51,490","_블랙_48,270|_화이트_51,490","_블랙_48,270|_화이트_51,490","_블랙_48,270|_화이트_51,490","_블랙_48,270|_화이트_51,490","_블랙_48,270|_화이트_51,490","_블랙_48,270|_화이트_51,490","_블랙_48,270|_화이트_51,490","_블랙_47,320|_화이트_50,470","_블랙_47,320|_화이트_50,470"
90889313,NZXT H3 Flow,"_블랙_94,520|_화이트_94,900","_블랙_94,520|_화이트_94,900","_블랙_93,950|_화이트_92,170","_블랙_93,950|_화이트_92,170","_블랙_93,950|_화이트_92,170","_블랙_94,520|_화이트_94,500","_블랙_93,670|_화이트_93,670","_블랙_93,670|_화이트_93,670","_블랙_93,670|_화이트_89,200",0
90889289,NZXT H3 Flow,0,0,0,0,0,0,0,0,0,"_블랙_93,660|_화이트_89,190"
122721323,NZXT H3 Flow SI RGB,"_블랙_132,660|_화이트_132,660","_블랙_132,660|_화이트_132,660","_블랙_132,660|_화이트_132,660","_블랙_132,660|_화이트_132,660","_블랙_132,660|_화이트_132,660","_블랙_132,660|_화이트_132,660","_블랙_132,660|_화이트_132,660","_블랙_132,660|_화이트_132,660","_블랙_132,660|_화이트_132,660","_블랙_132,650|_화이트_132,650"
79556231,NZXT H5 Flow RGB V2,"_블랙_129,270|_화이트_139,000","_블랙_129,270|_화이트_139,000","_블랙_129,270|_화이트_139,000","_블랙_129,270|_화이트_139,000","_블랙_129,270|_화이트_139,000","_블랙_129,270|_화이트_139,000","_블랙_129,270|_화이트_139,000","_블랙_129,270|_화이트_139,000","_블랙_129,270|_화이트_139,000","_블랙_129,270|_화이트_139,000"
79556075,NZXT H5 Flow V2,"화이트_193,220","화이트_193,220","화이트_193,220","화이트_193,220","화이트_193,220","화이트_193,220","화이트_193,220","화이트_193,220","화이트_193,220","화이트_193,220"
7743760,NZXT H500 OVERWATCH,"198,000","198,000","198,000","198,000","198,000","198,000","198,000","198,000","198,000","197,980"
122721270,NZXT H6,"_블랙_168,000|_화이트_166,450","_블랙_168,000|_화이트_166,450","_블랙_168,000|_화이트_166,450","_블랙_168,000|_화이트_166,450","_블랙_168,000|_화이트_166,450","_블랙_168,000|_화이트_166,450","_블랙_167,760|_화이트_166,450","_블랙_167,760|_화이트_166,450","_블랙_167,760|_화이트_166,450","_블랙_167,750|_화이트_166,440"
79556882,NZXT H6 Flow,"_블랙_137,230|_화이트_129,941","_블랙_138,330|_화이트_129,941","_블랙_137,460|_화이트_137,230","_블랙_137,460|_화이트_137,230","_블랙_137,460|_화이트_137,230","_블랙_138,330|_화이트_137,230",0,0,"_블랙_137,350|_화이트_135,650",0
79556873,NZXT H6 Flow,0,0,0,0,0,0,"_블랙_138,330|_화이트_135,650","_블랙_138,330|_화이트_135,650",0,"_블랙_137,340|_화이트_135,640"
79556969,NZXT H6 Flow RGB,"_블랙_169,000|_화이트_166,310","_블랙_169,000|_화이트_168,300","_블랙_169,000|_화이트_167,130","_블랙_169,000|_화이트_167,130","_블랙_169,000|_화이트_167,130","_블랙_169,000|_화이트_168,300","_블랙_169,000|_화이트_165,040","_블랙_169,000|_화이트_165,040","_블랙_169,000|_화이트_165,040","_블랙_169,000|_화이트_165,030"
124012459,NZXT H6 RGB PLUS + KRAKEN ELITE 360 RGB v2,"블랙 패키지_628,010","블랙 패키지_628,010","블랙 패키지_649,140","블랙 패키지_649,140","블랙 패키지_649,140","블랙 패키지_649,140","블랙 패키지_615,320","블랙 패키지_649,140","블랙 패키지_615,320","블랙 패키지_615,320"
124247329,NZXT H6 RGB PLUS + Kraken Plus 360 RGB,"화이트 패키지_534,280","화이트 패키지_537,540","화이트 패키지_537,540","화이트 패키지_537,540","화이트 패키지_537,540","화이트 패키지_537,540","화이트 패키지_537,540","화이트 패키지_537,540","화이트 패키지_537,540","화이트 패키지_537,540"
122721291,NZXT H6 RGB+,"_블랙_332,640|_화이트_332,640","_블랙_332,640|_화이트_332,640","_블랙_332,640|_화이트_332,640","_블랙_332,640|_화이트_332,640","_블랙_332,640|_화이트_332,640","_블랙_332,640|_화이트_332,640","_블랙_332,640|_화이트_332,640","_블랙_332,640|_화이트_332,640","_블랙_332,640|_화이트_332,640","_블랙_332,630|_화이트_332,630"
122721295,NZXT H6 RGB+,0,0,"_블랙_332,640|_화이트_332,640","_블랙_332,640|_화이트_332,640","_블랙_332,640|_화이트_332,640","_블랙_332,640|_화이트_332,640","_블랙_332,640|_화이트_332,640","_블랙_332,640|_화이트_332,640","_블랙_332,640|_화이트_332,640","_블랙_332,630|_화이트_332,630"
77379680,NZXT H7 Flow RGB V2,"_매트 화이트_236,610|_매트 블랙_236,610","_매트 화이트_219,000|_매트 블랙_236,610","_매트 화이트_218,500|_매트 블랙_236,610","_매트 화이트_218,500|_매트 블랙_236,610","_매트 화이트_218,500|_매트 블랙_236,610","_매트 화이트_218,500|_매트 블랙_236,610","_매트 화이트_218,500|_매트 블랙_232,790","_매트 화이트_218,000|_매트 블랙_232,790","_매트 화이트_218,000|_매트 블랙_232,790","_매트 화이트_217,990|_매트 블랙_232,780"
77379563,NZXT H7 Flow V2,"_매트 블랙_207,000|_매트 화이트_207,000","_매트 블랙_207,000|_매트 화이트_207,000","_매트 블랙_207,000|_매트 화이트_207,000","_매트 블랙_207,000|_매트 화이트_207,000","_매트 블랙_207,000|_매트 화이트_207,000","_매트 블랙_207,000|_매트 화이트_207,000","_매트 블랙_207,000|_매트 화이트_207,000","_매트 블랙_207,000|_매트 화이트_207,000","_매트 블랙_207,000|_매트 화이트_207,000","_매트 블랙_207,000|_매트 화이트_207,000"
79556768,NZXT H9 Elite,"_블랙_382,000|_화이트_355,260","_블랙_382,000|_화이트_355,260","_블랙_382,000|_화이트_355,260","_블랙_382,000|_화이트_355,260","_블랙_382,000|_화이트_355,260","_블랙_382,000|_화이트_355,260","_블랙_382,000|_화이트_355,260","_블랙_382,000|_화이트_355,260","_블랙_382,000|_화이트_355,260","_블랙_382,000|_화이트_355,260"
79556465,NZXT H9 Flow,"_블랙_240,000|_화이트_237,150",0,0,0,0,0,0,0,0,0
79556423,NZXT H9 Flow,0,"_블랙_230,000|_화이트_237,150","_블랙_230,000|_화이트_237,150","_블랙_230,000|_화이트_237,150","_블랙_230,000|_화이트_237,150","_블랙_230,000|_화이트_237,150","_블랙_230,000|_화이트_255,000","_블랙_230,000|_화이트_255,000","_블랙_230,000|_화이트_255,000","_블랙_230,000|_화이트_255,000"
79557863,NZXT H9 Flow RGB V2,"_화이트_252,030|_블랙_252,030","_화이트_249,000|_블랙_249,000","_화이트_249,000|_블랙_249,000","_화이트_249,000|_블랙_249,000","_화이트_249,000|_블랙_249,000","_화이트_249,000|_블랙_249,000","_화이트_249,000|_블랙_249,000","_화이트_249,000|_블랙_249,000","_화이트_249,000|_블랙_249,000","_화이트_248,990|_블랙_248,990"
79558178,NZXT H9 Flow RGB+ V2,"_블랙_370,140|_화이트_382,140",0,0,0,0,0,0,0,"_블랙_359,000|_화이트_358,500","_블랙_358,990|_화이트_358,490"
79558145,NZXT H9 Flow RGB+ V2,0,"_블랙_359,000|_화이트_359,000","_블랙_359,000|_화이트_358,500","_블랙_359,000|_화이트_358,500","_블랙_359,000|_화이트_358,500","_블랙_359,000|_화이트_358,500","_블랙_359,000|_화이트_358,500","_블랙_359,000|_화이트_358,500",0,0
79557563,NZXT H9 Flow V2,"_블랙_250,200|_화이트_250,200","_블랙_253,200|_화이트_253,200","_블랙_252,170|_화이트_252,170",0,0,0,0,0,0,0
79557590,NZXT H9 Flow V2,0,0,0,"_블랙_252,170|_화이트_252,170","_블랙_252,170|_화이트_252,170","_블랙_254,500|_화이트_253,200","_블랙_248,520|_화이트_248,520","_블랙_248,520|_화이트_248,520","_블랙_248,520|_화이트_248,520","_블랙_248,510|_화이트_248,510"
124021794,NZXT PCIe 4.0x16 라이저 케이블,"200m, 블랙_116,540","200m, 블랙_115,000","200m, 블랙_115,000","200m, 블랙_115,000","200m, 블랙_115,000","200m, 블랙_115,000","200m, 블랙_115,000","200m, 블랙_115,000","200m, 블랙_115,000","200m, 블랙_115,000"
124336226,NZXT S5 RGB DELUXE,"_블랙_84,900|_화이트_84,900","_블랙_84,900|_화이트_84,900","_블랙_84,870|_화이트_84,870","_블랙_84,870|_화이트_84,870","_블랙_84,870|_화이트_84,870","_블랙_84,870|_화이트_84,870","_블랙_84,900|_화이트_84,900","_블랙_84,050|_화이트_84,050","_블랙_84,050|_화이트_84,050","_블랙_84,040|_화이트_84,040"
124336247,NZXT S5 RGB DELUXE,0,0,0,0,0,0,0,0,0,"_블랙_84,040|_화이트_84,040"
17339888,NZXT Vertical GPU Mounting Kit 브라보텍,"_블랙_141,000|_화이트_130,100","_블랙_141,000|_화이트_129,000","_블랙_141,000|_화이트_129,000","_블랙_141,000|_화이트_129,000","_블랙_141,000|_화이트_129,000","_블랙_141,000|_화이트_129,000","_블랙_141,000|_화이트_129,000","_블랙_141,000|_화이트_129,000","_블랙_141,000|_화이트_129,000","_블랙_141,000|_화이트_129,000"
54963227,PCCOOLER CPS C3 D510,"_블랙_67,390|_화이트_72,720","_블랙_67,390|_화이트_72,720","_블랙_67,390|_화이트_72,720",0,0,0,0,0,0,0
54963182,PCCOOLER CPS C3 D510,0,0,0,"_블랙_67,390|_화이트_72,720","_블랙_67,390|_화이트_72,720","_블랙_67,390|_화이트_72,720","_블랙_67,390|_화이트_72,720","_블랙_67,390|_화이트_72,720","_블랙_67,390|_화이트_72,720","_블랙_67,390|_화이트_72,720"
29757155,PCCOOLER CPS C3 T500,"블랙_72,990","블랙_72,990","블랙_72,990","블랙_72,990","블랙_72,990","블랙_72,990","블랙_72,990","블랙_72,990","블랙_72,990","블랙_72,990"
92103647,PCCOOLER CPS C3 T700 ARGB,"화이트_69,900","화이트_69,900","화이트_69,720","화이트_69,720","화이트_69,720","화이트_69,900","화이트_69,900","화이트_69,900","화이트_69,900","화이트_69,900"
106716959,PCCOOLER CPS K101 MESH,"_그레이_131,600|_화이트_124,960","_그레이_131,600|_화이트_124,960","_그레이_131,600|_화이트_124,960","_그레이_131,600|_화이트_124,960","_그레이_131,600|_화이트_124,960","_그레이_131,730|_화이트_124,960","_그레이_131,730|_화이트_124,960","_그레이_131,730|_화이트_124,960","_그레이_131,730|_화이트_124,960","_그레이_131,730|_화이트_124,960"
108415868,PCCOOLER CPS K101 MESH + RC400-53,"그레이 패키지_180,980","그레이 패키지_180,980","그레이 패키지_180,980","그레이 패키지_180,980","그레이 패키지_180,980","그레이 패키지_184,590","그레이 패키지_184,590","그레이 패키지_184,590","그레이 패키지_184,590","그레이 패키지_184,590"
20639669,PCCOOLER PLATINUM LM300 ARGB,"_블랙_59,900|_화이트_44,900",0,0,0,0,"_블랙_59,900|_화이트_44,900","_블랙_59,900|_화이트_44,900","_블랙_59,900|_화이트_44,900","_블랙_59,900|_화이트_44,900","_블랙_59,900|_화이트_44,900"
20639660,PCCOOLER PLATINUM LM300 ARGB,0,"_블랙_59,900|_화이트_44,900","_블랙_59,900|_화이트_44,900","_블랙_59,900|_화이트_44,900","_블랙_59,900|_화이트_44,900",0,0,0,0,0
122715948,PCCOOLER RC205 5.0 라이저 케이블,"65,000","65,000","65,000","65,000","65,000","66,410","67,880","67,880","67,880","67,880"
73123424,Phanteks ECLIPSE G400A,0,0,0,0,0,"_블랙_156,000|_화이트_148,380",0,0,0,0
9822933,Phanteks ECLIPSE P400A,"_블랙_135,850|_화이트_135,840","_블랙_135,850|_화이트_135,840","_블랙_135,850|_화이트_135,840","_블랙_135,850|_화이트_135,840","_블랙_135,850|_화이트_135,840","_블랙_141,990|_화이트_135,840","_블랙_138,770|_화이트_135,840","_블랙_138,770|_화이트_135,840","_블랙_138,770|_화이트_135,840","_블랙_138,770|_화이트_135,840"
2908392,Phanteks ENTHOO EVOLV,"_블랙_198,550|그레이_198,550|_화이트_212,130","_블랙_198,550|그레이_198,550|_화이트_212,130","_블랙_198,550|그레이_198,550|_화이트_212,130","_블랙_198,550|그레이_198,550|_화이트_212,130","_블랙_198,550|그레이_198,550|_화이트_212,130","_블랙_201,890|그레이_199,890|_화이트_220,990","_블랙_201,890|그레이_199,890|_화이트_216,690","_블랙_201,890|그레이_199,890|_화이트_216,690","_블랙_201,890|그레이_199,890|_화이트_216,690",0
2908396,Phanteks ENTHOO EVOLV,0,0,0,0,0,0,0,0,0,"_블랙_201,890|그레이_199,890|_화이트_216,690"
4037771,Phanteks ENTHOO EVOLV ATX TG,"_AG_316,620|_GS_316,620","_AG_316,620|_GS_316,620","_AG_316,620|_GS_316,620","_AG_316,620|_GS_316,620","_AG_316,620|_GS_316,620","_AG_323,420|_GS_323,420","_AG_323,420|_GS_323,420","_AG_323,420|_GS_323,420","_AG_323,420|_GS_323,420","_AG_323,420|_GS_323,420"
3013190,Phanteks ENTHOO Mini XL,"246,610","246,610","246,610","246,610","246,610","251,920","251,920","251,920","251,920","251,920"
123605150,Phanteks ENTHOO PRO 2 SERVER V2,"272,170","272,170","272,170","272,170","272,170","272,170","272,170","272,170","272,170","272,170"
12177311,Phanteks ENTHOO PRO 2 TG,"302,100","302,100","302,100","302,100","302,100","302,100","302,100","302,100","302,100","302,100"
6152004,Phanteks ENTHOO PRO TG,"블랙_189,000","블랙_189,000","블랙_189,000","블랙_189,000","블랙_189,000","블랙_189,000","블랙_189,000","블랙_189,000","블랙_189,000","블랙_189,000"
75376649,Phanteks EVOLV X2,"_블랙_218,220|_화이트_237,200","_블랙_225,720|_화이트_237,200","_블랙_223,220|_화이트_237,200","_블랙_215,720|_화이트_237,200","_블랙_225,720|_화이트_237,200","_블랙_234,990|_화이트_237,200","_블랙_215,570|_화이트_237,200","_블랙_218,070|_화이트_237,200","_블랙_215,570|_화이트_237,200","_블랙_230,570|_화이트_237,200"
124351596,Phanteks EX5,가격비교예정,"176,860","176,860","176,860","176,860","176,860","176,860","176,860","176,860","176,860"
124351602,Phanteks EX5 MAX,가격비교예정,"335,710","335,710","335,710","335,710","335,710","335,710","335,710","335,710","335,710"
124351651,Phanteks EX5 PLUS,가격비교예정,"247,810","247,810","247,810","247,810","247,810","247,810","247,810","247,810","247,810"
21674921,Phanteks G300A TRIPLE FAN EDITION,"100,310","100,310","100,310","100,310","100,310","100,310","100,310","100,310","100,310","100,310"
17477102,Phanteks G360A DRGB,"_블랙_137,930|_매트 화이트_155,700","_블랙_137,930|_매트 화이트_155,700","_블랙_137,930|_매트 화이트_155,700","_블랙_137,930|_매트 화이트_155,700","_블랙_137,930|_매트 화이트_155,700","_블랙_137,930|_매트 화이트_155,700","_블랙_137,930|_매트 화이트_155,700","_블랙_137,930|_매트 화이트_155,700","_블랙_137,930|_매트 화이트_155,700","_블랙_137,930|_매트 화이트_155,700"
18570371,Phanteks G500A DRGB,"_블랙_261,240|_매트 화이트_261,230","_블랙_261,240|_매트 화이트_261,230","_블랙_261,240|_매트 화이트_261,230","_블랙_261,240|_매트 화이트_261,230","_블랙_261,240|_매트 화이트_261,230","_블랙_269,990|_매트 화이트_261,230","_블랙_266,860|_매트 화이트_261,230","_블랙_266,860|_매트 화이트_261,230","_블랙_266,860|_매트 화이트_261,230","_블랙_266,860|_매트 화이트_261,230"
17676848,Phanteks NEO QUBE 2 DRGB,"_블랙_199,580|_화이트_199,580","_블랙_199,580|_화이트_199,580","_블랙_199,580|_화이트_199,580",0,0,0,0,0,0,0
17676842,Phanteks NEO QUBE 2 DRGB,0,0,0,"_블랙_199,580|_화이트_199,580","_블랙_199,580|_화이트_199,580","_블랙_199,580|_화이트_199,580","_블랙_199,580|_화이트_199,580","_블랙_199,580|_화이트_199,580","_블랙_199,580|_화이트_199,580","_블랙_199,580|_화이트_199,580"
17676860,Phanteks NEO QUBE 2 DRGB IM,"_블랙_245,560|_화이트_245,560","_블랙_245,560|_화이트_245,560","_블랙_245,560|_화이트_245,560","_블랙_245,560|_화이트_245,560","_블랙_245,560|_화이트_245,560",0,0,0,0,0
17676863,Phanteks NEO QUBE 2 DRGB IM,0,0,0,0,0,"_블랙_245,560|_화이트_245,560","_블랙_245,560|_화이트_245,560","_블랙_245,560|_화이트_245,560","_블랙_245,560|_화이트_245,560","_블랙_245,560|_화이트_245,560"
123859914,Phanteks NV5X,"블랙_150,370","블랙_150,370","블랙_150,370","블랙_150,370","블랙_150,370","블랙_150,370","블랙_150,370","블랙_150,370","블랙_150,370","블랙_150,370"
20050019,Phanteks NV7,"_블랙_313,480|_매트 화이트_313,480","_블랙_313,480|_매트 화이트_313,480",0,0,0,0,0,"_블랙_313,480|_매트 화이트_313,480","_블랙_313,480|_매트 화이트_313,480","_블랙_313,480|_매트 화이트_313,480"
20050028,Phanteks NV7,0,0,"_블랙_313,480|_매트 화이트_313,480","_블랙_313,480|_매트 화이트_313,480","_블랙_313,480|_매트 화이트_313,480","_블랙_313,480|_매트 화이트_313,480","_블랙_313,480|_매트 화이트_313,480",0,0,0
12010583,Phanteks P300A,"86,730","86,730","86,730","86,730","86,730","86,730","86,730","86,730","86,730","86,730"
104988644,Phanteks PREMIUM GEN5 VERTICAL GPU BRACKET,0,0,"_블랙_129,990|_화이트_129,990","_블랙_129,990|_화이트_129,990","_블랙_129,990|_화이트_129,990","_블랙_129,990|_화이트_129,990","_블랙_129,990|_화이트_129,990","_블랙_129,990|_화이트_129,990","_블랙_129,990|_화이트_129,990","_블랙_129,990|_화이트_129,990"
6558632,Phanteks STACKABLE HDD BRACKET,0,"15,990","15,990","15,990","15,990","15,990","15,990","15,990","15,990","15,990"
20218466,Phanteks VERTICAL GPU KIT 4.0 WT,"105,590","105,590","105,590","105,590","105,590","105,590","105,590","105,590","105,590","105,590"
7825297,Phanteks VERTICAL GPU RISER EXTENDER,"Flatline 220mm/90_40,750|_Flatline 300mm/180_41,490|Slimline 220mm/90_41,500|_Premium 220mm/90_60,600","Flatline 220mm/90_40,750|_Flatline 300mm/180_41,490|Slimline 220mm/90_41,500|_Premium 220mm/90_60,600","Flatline 220mm/90_40,750|_Flatline 300mm/180_41,490|Slimline 220mm/90_41,500|_Premium 220mm/90_60,600","Flatline 220mm/90_40,750|_Flatline 300mm/180_41,490|Slimline 220mm/90_41,500|_Premium 220mm/90_60,600","Flatline 220mm/90_40,750|_Flatline 300mm/180_41,490|Slimline 220mm/90_41,500|_Premium 220mm/90_60,600","Flatline 220mm/90_40,750|_Flatline 300mm/180_41,490|Slimline 220mm/90_41,500|_Premium 220mm/90_60,600","Flatline 220mm/90_40,750|_Flatline 300mm/180_41,490|Slimline 220mm/90_41,500|_Premium 220mm/90_60,600","Flatline 220mm/90_40,750|_Flatline 300mm/180_41,490|Slimline 220mm/90_41,500|_Premium 220mm/90_60,600","Flatline 220mm/90_40,750|_Flatline 300mm/180_41,490|Slimline 220mm/90_41,500|_Premium 220mm/90_60,450","Flatline 220mm/90_40,750|_Flatline 300mm/180_41,490|Slimline 220mm/90_41,500|_Premium 220mm/90_60,450"
20218475,Phanteks VERTICAL GPU RISER EXTENDER PCIe 4.0 WT,"Flatline 220mm/90_89,990","Flatline 220mm/90_89,990","Flatline 220mm/90_89,990","Flatline 220mm/90_89,990","Flatline 220mm/90_89,990","Flatline 220mm/90_89,990","Flatline 220mm/90_89,990","Flatline 220mm/90_89,990","Flatline 220mm/90_89,990","Flatline 220mm/90_89,990"
9823071,Phanteks Vertical GPU Kit 2,"61,700","61,700","61,700","61,700","61,700","61,700","61,700","61,700","61,560","61,560"
123695321,Phanteks XT M5,"89,280","89,280","89,280","89,280","89,280","89,280","89,280","89,280","89,280","89,280"
123695338,Phanteks XT V5,"89,280","89,280","89,280","89,280","89,280","89,280","89,280","89,280","89,280","89,280"
93917090,SSUPD MESHROOM D V2,"_블랙_174,110|_화이트_179,000","_블랙_174,110|_화이트_179,000","_블랙_174,110|_화이트_179,000","_블랙_170,050|_화이트_179,000","_블랙_170,050|_화이트_179,000","_블랙_174,110|_화이트_179,000","_블랙_176,900|_화이트_177,860","_블랙_176,900|_화이트_177,860","_블랙_166,470|_화이트_177,860","_블랙_166,470|_화이트_177,860"
31050650,SSUPD MESHROOM Extender 브라켓,"_블랙_67,000|_화이트_66,560","_블랙_67,000|_화이트_66,560","_블랙_67,000|_화이트_66,560","_블랙_67,000|_화이트_66,560","_블랙_67,000|_화이트_66,560","_블랙_67,000|_화이트_66,560","_블랙_67,000|_화이트_66,560","_블랙_67,000|_화이트_66,560","_블랙_67,000|_화이트_66,560","_블랙_67,000|_화이트_66,560"
28058153,SSUPD MESHROOM Exterior 360mm 팬 브래킷,"블랙_47,490","블랙_47,490","블랙_47,490","블랙_47,490","블랙_47,490","블랙_47,490","블랙_47,490","블랙_47,490","블랙_47,490","블랙_47,490"
17982779,SSUPD MESHROOM S,"_세이지 그린_282,900|_파슬 그레이_285,690","_세이지 그린_282,900|_파슬 그레이_285,690","_세이지 그린_282,900|_파슬 그레이_285,690","_세이지 그린_282,900|_파슬 그레이_271,700","_세이지 그린_282,900|_파슬 그레이_271,700","_세이지 그린_282,900|_파슬 그레이_285,990","_세이지 그린_282,910|_파슬 그레이_282,910","_세이지 그린_282,910|_파슬 그레이_282,910","_세이지 그린_282,910|_파슬 그레이_265,980","_세이지 그린_282,910|_파슬 그레이_265,980"
42291314,SSUPD MESHROOM S V2,"_스노우 화이트_186,000|_차콜 블랙_186,000","_스노우 화이트_186,000|_차콜 블랙_186,000","_스노우 화이트_186,000|_차콜 블랙_186,000","_스노우 화이트_186,000|_차콜 블랙_186,000","_스노우 화이트_186,000|_차콜 블랙_186,000","_스노우 화이트_186,000|_차콜 블랙_186,000","_스노우 화이트_186,000|_차콜 블랙_186,000","_스노우 화이트_186,000|_차콜 블랙_186,000","_스노우 화이트_186,000|_차콜 블랙_186,000","_스노우 화이트_186,000|_차콜 블랙_186,000"
94696607,SSUPD MESHROOM S V2 Ver.2,"_블랙_183,730|_화이트_183,190",0,0,0,0,0,0,0,0,0
94696580,SSUPD MESHROOM S V2 Ver.2,0,"_블랙_183,730|_화이트_183,190","_블랙_183,730|_화이트_183,190","_블랙_183,730|_화이트_183,190","_블랙_183,730|_화이트_183,190","_블랙_186,000|_화이트_183,190","_블랙_183,740|_화이트_183,200","_블랙_183,740|_화이트_183,200","_블랙_183,740|_화이트_183,200","_블랙_183,740|_화이트_183,200"
94696649,SSUPD MESHROOM S V2 Ver.2 PCIe 5.0,"블랙_298,000","블랙_298,000","블랙_298,000","블랙_298,000","블랙_298,000","블랙_298,000","블랙_293,170","블랙_293,170","블랙_293,170","블랙_293,170"
94696658,SSUPD MESHROOM S V2 Ver.2 PCIe 5.0 B,"_블랙_285,610|_화이트_298,000","_블랙_285,610|_화이트_298,000","_블랙_285,610|_화이트_298,000","_블랙_285,610|_화이트_298,000","_블랙_285,610|_화이트_298,000","_블랙_285,610|_화이트_298,000","_블랙_285,610|_화이트_298,000","_블랙_285,610|_화이트_298,000","_블랙_285,610|_화이트_298,000","_블랙_285,610|_화이트_298,000"
28058237,SSUPD MESHROOM 알루미늄 피트 4.5cm,"39,850","39,850","39,850","39,850","39,850","39,900","39,850","39,850","39,850","39,850"
98918633,SSUPD PCIE 5.0 라이저 케이블,"_200mm, 피메일 리버스_149,000|320mm, 스트레이트_154,930|_440mm, 피메일 리버스_164,680","_200mm, 피메일 리버스_149,000|320mm, 스트레이트_154,930|_440mm, 피메일 리버스_164,680","_200mm, 피메일 리버스_149,000|320mm, 스트레이트_154,930|_440mm, 피메일 리버스_164,680","_200mm, 피메일 리버스_149,000|_320mm, 스트레이트_154,930|440mm, 피메일 리버스_164,680",0,0,0,0,0,0
98918648,SSUPD PCIE 5.0 라이저 케이블,0,0,0,0,"_200mm, 피메일 리버스_149,000|320mm, 스트레이트_154,930|_440mm, 피메일 리버스_164,680","_200mm, 피메일 리버스_149,000|320mm, 스트레이트_154,930|_440mm, 피메일 리버스_164,680","_200mm, 피메일 리버스_144,680|320mm, 스트레이트_154,940|_440mm, 피메일 리버스_164,680","200mm, 피메일 리버스_144,680|_320mm, 스트레이트_154,940|_440mm, 피메일 리버스_164,680","200mm, 피메일 리버스_144,680|_320mm, 스트레이트_154,940|_440mm, 피메일 리버스_164,680","200mm, 피메일 리버스_144,680|_320mm, 스트레이트_154,940|_440mm, 피메일 리버스_164,680"
74809523,SSUPD XHUTTLE,"_블랙_256,560|_화이트_256,490","_블랙_256,560|_화이트_256,490","_블랙_256,560|_화이트_256,490","_블랙_256,560|_화이트_256,490","_블랙_256,560|_화이트_256,490","_블랙_256,560|_화이트_256,490","_블랙_256,560|_화이트_256,560",0,0,0
74809541,SSUPD XHUTTLE,0,0,0,0,0,0,0,"_블랙_256,560|_화이트_256,560","_블랙_256,560|_화이트_256,560","_블랙_256,560|_화이트_256,560"
58023131,STCOM ST208B-750M,"1,034,000",0,0,0,0,0,0,0,0,0
63482279,STCOM ST208B-750M + CRPS 1600W 리던던트 패키지,"1,990,000","1,990,000","1,990,000",0,0,0,0,0,0,0
93913328,Segotep Nexus1 PRO KR 아트홀,"화이트_64,930","화이트_64,930","화이트_65,000","화이트_65,000","화이트_65,000","화이트_65,000","화이트_65,000","화이트_65,000","화이트_64,300","화이트_64,300"
73121021,SilverStone ALTA F2,"1,437,000","1,437,000","1,437,000","1,437,000","1,437,000","1,437,000","1,437,000","1,437,000","1,437,000","1,437,000"
73121255,SilverStone ALTA G1M,"블랙_210,170","블랙_210,170","블랙_210,170","블랙_210,170","블랙_210,170","블랙_210,170","블랙_210,170","블랙_210,170","블랙_210,170","블랙_210,170"
32927750,SilverStone RM400,"248,340","248,340","248,340","248,340","248,340","248,340","248,340","248,340","248,340","248,340"
32919194,SilverStone RM51,"624,000","624,000","624,000","624,000","624,000","624,000","624,000","624,000","624,000","624,000"
33037838,SilverStone RMS05-22 마이크로닉스,"144,780","144,780","144,780","144,780","144,780","144,780","144,780","144,780","144,780","144,780"
33039626,SilverStone RMS06-22,"98,920","98,920","98,920","98,920","98,920","98,090","96,640","99,640","96,640","99,640"
73121354,SilverStone SST-ALTA D1 마이크로닉스,"블랙_1,211,940","블랙_1,204,250","블랙_1,211,940","블랙_1,202,950","블랙_1,211,940","블랙_1,211,940","블랙_1,202,940","블랙_1,202,940","블랙_1,202,940","블랙_1,202,940"
105181832,SilverStone SST-CS383 마이크로닉스,"블랙_509,190","블랙_509,190","블랙_509,180","블랙_509,180","블랙_509,180","블랙_509,180","블랙_509,180","블랙_509,180","블랙_509,180","블랙_509,180"
93500879,SilverStone SST-FLP01W 마이크로닉스,"140,300","140,300","140,300","140,300","140,300","140,300","140,300","140,300","140,300","140,300"
100694585,SilverStone SST-FLP02W 마이크로닉스,"271,820","271,820","271,810","271,810","271,810","271,810","271,810","271,810","271,810","271,810"
124011204,SilverStone SST-FLP03W 마이크로닉스,"234,300","234,300","234,300","234,300","234,300","243,040","239,450","239,450","239,450","239,450"
122638772,SilverStone SST-RM100 마이크로닉스,"228,780","228,780","228,770","228,770","228,770","228,770","228,770","228,770","228,770","228,770"
63034253,SilverStone SST-RM21-304 마이크로닉스,"582,000","582,000","582,000","582,000","582,000","582,000","582,000","582,000","582,000","582,000"
63034277,SilverStone SST-RM21-308 마이크로닉스,"642,000","642,000","642,000","642,000","642,000","642,000","642,000","642,000","642,000","642,000"
63034286,SilverStone SST-RM22-308 마이크로닉스,"534,750","534,750","534,740","534,740","534,740","534,740","534,740","534,740","534,740","534,740"
63034319,SilverStone SST-RM22-312 마이크로닉스,"647,280","647,280","647,270","647,270","647,270","647,270","647,270","647,270","647,270","647,270"
64300355,SilverStone SST-RM23-502 마이크로닉스,"181,000","181,000","181,000","181,000","181,000","181,000","181,000","181,000","181,000","181,000"
63034373,SilverStone SST-RM23-502-MINI 마이크로닉스,"173,390","173,390","173,380","173,380","173,380","173,380","173,380","173,380","173,380","173,380"
63034448,SilverStone SST-RM41-506 마이크로닉스,"265,050","265,050","265,040","265,040","265,040","265,040","265,040","265,040","265,040","265,040"
63034538,SilverStone SST-RM41-H08 마이크로닉스,"492,900","492,900","492,890","492,890","492,890","492,890","492,890","492,890","492,890","492,890"
63034661,SilverStone SST-RM42-502 마이크로닉스,"390,600","390,600","390,590","390,590","390,590","390,590","390,590","390,590","390,590","390,590"
63034964,SilverStone SST-RM43-320-RS 마이크로닉스,"1,054,520","1,054,520","1,054,510","1,054,510","1,054,510","1,054,510","1,054,510","1,054,510","1,054,510","1,054,510"
63035051,SilverStone SST-RM44 마이크로닉스,"380,000","380,000","400,000","400,000","400,000","400,000","400,000","400,000","400,000","400,000"
74117300,SilverStone SST-RM45-360 마이크로닉스,"450,020","450,020","450,020","450,020","450,020","450,020","450,020","450,020","450,020","450,020"
63035120,SilverStone SST-RM46-502-I 마이크로닉스,"474,300","474,300","474,290","474,290","474,290","474,290","474,290","474,290","474,290","474,290"
63035153,SilverStone SST-RM47-502-I 마이크로닉스,"539,400","539,400","539,390","539,390","539,390","539,390","539,390","539,390","539,390","539,390"
101632493,SilverStone SST-RM4A 마이크로닉스,"282,000","282,000","279,170","279,170","279,170","281,600","281,980","281,980","278,960","278,960"
63032180,SilverStone SST-RM52 마이크로닉스,"689,000","689,000","688,980","688,980","688,980","688,980","688,980","688,980","688,980","688,980"
100693148,SilverStone SST-RM53-502 마이크로닉스,"703,370","703,370","703,360","703,360","703,360","703,360","703,360","703,360","703,360","703,360"
63035309,SilverStone SST-RM600 마이크로닉스,"935,480","935,480","935,470","935,470","935,470","935,470","935,470","935,470","935,470","935,470"
63035258,SilverStone SST-RM61-312 마이크로닉스,"1,148,640","1,148,640","1,148,630","1,148,630","1,148,630","1,148,630","1,148,630","1,148,630","1,148,630","1,148,630"
63035342,SilverStone SST-RMS03-26 마이크로닉스,"148,270","148,270","148,260","148,260","148,260","148,260","148,260","148,260","148,260","148,260"
70766837,SilverStone SST-RMS09-20 마이크로닉스,"100,320","100,320","100,310","100,310","100,310","100,310","100,310","100,310","100,310","100,310"
106766849,TRYX FLOVA F50 BTF,"_블랙_218,920|_화이트_218,000","_블랙_218,920|_화이트_218,000","_블랙_218,920|_화이트_218,000","_블랙_218,920|_화이트_218,000","_블랙_218,920|_화이트_218,000","_블랙_218,920|_화이트_218,000","_블랙_218,920|_화이트_218,000","_블랙_218,920|_화이트_218,000","_블랙_218,920|_화이트_218,000","_블랙_218,920|_화이트_218,000"
68576840,TRYX LUCA L70,"_블랙_333,000|_화이트_333,000","_블랙_333,000|_화이트_333,000","_블랙_333,000|_화이트_333,000","_블랙_333,000|_화이트_333,000","_블랙_333,000|_화이트_333,000",0,0,0,0,0
68576819,TRYX LUCA L70,0,0,0,0,0,"_블랙_333,000|_화이트_333,000","_블랙_333,000|_화이트_333,000","_블랙_333,000|_화이트_333,000","_블랙_333,000|_화이트_333,000","_블랙_333,000|_화이트_333,000"
99321359,TRYX STRING PCIE 5.0 라이저 케이블,"_200mm, 블랙_85,000|_200mm, 화이트_85,000","_200mm, 블랙_85,000|_200mm, 화이트_85,000","_200mm, 블랙_85,000|_200mm, 화이트_85,000","_200mm, 블랙_85,000|_200mm, 화이트_85,000","_200mm, 블랙_85,000|_200mm, 화이트_85,000","_200mm, 블랙_83,438|_200mm, 화이트_83,438","_200mm, 블랙_83,438|_200mm, 화이트_83,438","_200mm, 블랙_83,438|_200mm, 화이트_83,438",0,0
99321395,TRYX STRING PCIE 5.0 라이저 케이블,0,0,0,0,0,0,0,0,"_200mm, 블랙_83,438|_200mm, 화이트_83,438","_200mm, 블랙_83,438|_200mm, 화이트_83,438"
122656199,Thermalright A70,"_블랙_133,220|_화이트_133,220","_블랙_133,220|_화이트_133,220","_블랙_133,220|_화이트_133,220","_블랙_133,220|_화이트_133,220","_블랙_133,220|_화이트_133,220","_블랙_133,220|_화이트_133,220","_블랙_133,220|_화이트_133,220","_블랙_133,220|_화이트_133,220","_블랙_133,220|_화이트_133,220","_블랙_133,220|_화이트_133,220"
106718006,Thermalright A70 ARGB,"_블랙_161,920|_화이트_161,920","_블랙_161,920|_화이트_161,920","_블랙_161,920|_화이트_161,920","_블랙_160,550|_화이트_160,550","_블랙_160,550|_화이트_160,550","_블랙_161,920|_화이트_161,920","_블랙_161,920|_화이트_161,920","_블랙_161,920|_화이트_161,920","_블랙_157,170|_화이트_157,170","_블랙_157,170|_화이트_157,170"
122713041,Thermalright A70 WITH M12Q SERIES,"_블랙_209,890|_화이트_209,890","_블랙_209,890|_화이트_209,890","_블랙_209,890|_화이트_209,890","_블랙_208,050|_화이트_208,050","_블랙_208,050|_화이트_208,050","_블랙_209,890|_화이트_209,890","_블랙_209,890|_화이트_209,890","_블랙_209,890|_화이트_209,890","_블랙_203,670|_화이트_203,670","_블랙_203,670|_화이트_203,670"
97224434,Thermalright TL-M10,"_블랙_85,240|_화이트_85,240",0,0,0,0,0,0,0,0,0
97224392,Thermalright TL-M10,0,"_블랙_85,240|_화이트_85,240","_블랙_85,240|_화이트_85,240","_블랙_84,550|_화이트_84,550","_블랙_84,550|_화이트_84,550","_블랙_85,240|_화이트_85,240","_블랙_85,250|_화이트_85,250","_블랙_85,250|_화이트_85,250","_블랙_82,770|_화이트_82,770","_블랙_82,770|_화이트_82,770"
97224545,Thermalright TL-M10 VISION,"_블랙_133,220|_화이트_133,220","_블랙_133,220|_화이트_133,220","_블랙_133,220|_화이트_133,220","_블랙_132,050|_화이트_132,050","_블랙_132,050|_화이트_132,050","_블랙_133,220|_화이트_133,220","_블랙_133,230|_화이트_133,230",0,0,"_블랙_129,270|_화이트_129,270"
97224500,Thermalright TL-M10 VISION,0,0,0,0,0,0,0,"_블랙_133,230|_화이트_133,230","_블랙_129,270|_화이트_129,270",0
48647222,be quiet DARK BASE 701,"_블랙_379,000|_화이트_399,000","_블랙_379,000|_화이트_399,000",0,0,0,"_블랙_379,000|_화이트_399,000","_블랙_379,000|_화이트_414,000","_블랙_379,000|_화이트_414,000",0,0
48647198,be quiet DARK BASE 701,0,0,"_블랙_379,000|_화이트_399,000","_블랙_379,000|_화이트_399,000","_블랙_379,000|_화이트_399,000",0,0,0,"_블랙_379,000|_화이트_414,000","_블랙_379,000|_화이트_414,000"
49536398,be quiet HDD CAGE 2,"12,900","12,900","12,900","12,900","12,900","12,900","13,000","13,000","13,000","13,000"
14837864,be quiet HDD CAGE 서린,"9,000","9,000","9,500","9,500","9,500","9,500","9,500","9,500","9,500",0
122616610,be quiet LIGHT BASE 500,"블랙_199,000","블랙_199,000","블랙_199,000","블랙_199,000","블랙_199,000","블랙_208,100","블랙_208,100","블랙_208,100","블랙_208,100","블랙_208,100"
122616648,be quiet LIGHT BASE 500 LX,"_블랙_239,000|_화이트_249,000","_블랙_239,000|_화이트_249,000","_블랙_239,000|_화이트_249,000","_블랙_239,000|_화이트_249,000","_블랙_239,000|_화이트_249,000","_블랙_239,000|_화이트_249,000","_블랙_251,300|_화이트_261,900","_블랙_251,300|_화이트_261,900","_블랙_246,280|_화이트_256,670","_블랙_246,280|_화이트_256,670"
71277167,be quiet LIGHT BASE 600 DX,"_블랙_177,460|_화이트_184,790","_블랙_179,000|_화이트_186,000","_블랙_179,000|_화이트_186,000","_블랙_179,000|_화이트_186,000","_블랙_179,000|_화이트_186,000","_블랙_179,000|_화이트_186,000","_블랙_179,000|_화이트_186,000",0,0,0
71277161,be quiet LIGHT BASE 600 DX,0,0,0,0,0,0,0,"_블랙_179,000|_화이트_186,000","_블랙_179,000|_화이트_186,000","_블랙_179,000|_화이트_186,000"
71277218,be quiet LIGHT BASE 600 LX,"_블랙_223,460|_화이트_230,990","_블랙_225,000|_화이트_232,000",0,0,0,0,0,0,0,0
71277224,be quiet LIGHT BASE 600 LX,0,0,"_블랙_225,000|_화이트_232,000","_블랙_225,000|_화이트_232,000","_블랙_225,000|_화이트_232,000","_블랙_225,000|_화이트_232,000","_블랙_225,000|_화이트_232,000","_블랙_225,000|_화이트_232,000","_블랙_225,000|_화이트_232,000","_블랙_225,000|_화이트_232,000"
71277794,be quiet LIGHT BASE 900 DX,"화이트_222,640","화이트_230,000","화이트_230,000","화이트_230,000","화이트_230,000","화이트_230,000","화이트_311,570","화이트_311,570","화이트_311,570","화이트_311,570"
71277872,be quiet LIGHT BASE 900 FX,"_블랙_287,000|_화이트_295,000",0,0,0,0,0,0,0,0,0
71277848,be quiet LIGHT BASE 900 FX,0,"_블랙_287,000|_화이트_295,000","_블랙_287,000|_화이트_285,900","_블랙_287,000|_화이트_285,900","_블랙_287,000|_화이트_285,900","_블랙_287,000|_화이트_285,900","_블랙_287,000|_화이트_285,900","_블랙_287,000|_화이트_285,900","_블랙_287,000|_화이트_285,900","_블랙_287,000|_화이트_285,900"
14837960,be quiet PSU SHROUD for DARK BASE PRO 900 서린,"32,900","32,900","32,900","32,900","32,900","32,900","32,900","32,900","32,900","32,900"
9647886,be quiet PURE BASE 500 WINDOW,"화이트_127,490","화이트_127,490","화이트_127,490","화이트_127,490","화이트_127,490","화이트_132,000","화이트_130,230","화이트_130,230","화이트_130,230","화이트_130,230"
93018971,be quiet PURE BASE 501,"119,000","119,000","119,000","119,000","119,000","119,000",0,0,0,0
93019016,be quiet PURE BASE 501 Airflow,"화이트_153,000","화이트_153,000","화이트_153,000","화이트_153,000","화이트_153,000","화이트_153,000","화이트_153,000",0,0,0
93020132,be quiet PURE BASE 501 Airflow Window,"화이트_163,000","화이트_163,000","화이트_163,000","화이트_163,000","화이트_163,000","화이트_163,000",0,"화이트_163,000","화이트_163,000","화이트_163,000"
93020354,be quiet PURE BASE 501 DX,"_블랙_176,000|_화이트_189,000","_블랙_176,000|_화이트_189,000",0,0,0,0,"_블랙_185,000|_화이트_198,800","_블랙_185,000|_화이트_198,800","_블랙_181,300|_화이트_194,830","_블랙_181,300|_화이트_194,830"
93020333,be quiet PURE BASE 501 DX,0,0,"_블랙_176,000|_화이트_189,000","_블랙_176,000|_화이트_189,000","_블랙_176,000|_화이트_189,000","_블랙_176,000|_화이트_189,000",0,0,0,0
93020219,be quiet PURE BASE 501 LX,"_블랙_199,000|_화이트_209,000","_블랙_199,000|_화이트_209,000","_블랙_199,000|_화이트_209,000","_블랙_199,000|_화이트_209,000",0,0,"_블랙_209,300|_화이트_219,800","_블랙_209,300|_화이트_219,800","_블랙_205,120|_화이트_219,800","_블랙_205,120|_화이트_219,800"
93020210,be quiet PURE BASE 501 LX,0,0,0,0,"_블랙_199,000|_화이트_209,000","_블랙_199,000|_화이트_209,000",0,0,0,0
28804916,be quiet SHADOW BASE 800,"블랙_219,000","블랙_219,000","블랙_219,000","블랙_219,000","블랙_219,000","블랙_219,000","블랙_204,800","블랙_204,800","블랙_204,800","블랙_204,800"
28804850,be quiet SHADOW BASE 800 DX,"_블랙_239,000|_화이트_239,000","_블랙_239,000|_화이트_239,000","_블랙_239,000|_화이트_239,000","_블랙_239,000|_화이트_239,000","_블랙_239,000|_화이트_239,000","_블랙_239,000|_화이트_239,000","_블랙_225,500|_화이트_225,500","_블랙_225,500|_화이트_225,500","_블랙_225,500|_화이트_225,500",0
28804802,be quiet SHADOW BASE 800 DX,0,0,0,0,0,0,0,0,0,"_블랙_225,500|_화이트_225,500"
14644682,be quiet Silent Base 802,"화이트_265,000","화이트_265,000","화이트_265,000","화이트_265,000","화이트_265,000","화이트_265,000","화이트_265,000","화이트_265,000","화이트_265,000","화이트_265,000"
17485355,be quiet WINDOW SIDE PANEL for DARK BASE 900,"45,000","45,000","45,000","45,000","45,000","45,000",0,0,0,0
73885538,darkFlash DB330X RGB 강화유리,"_블랙_47,500|_화이트_45,000","_블랙_47,500|_화이트_45,000","_블랙_47,500|_화이트_45,000","_블랙_47,500|_화이트_45,000","_블랙_47,500|_화이트_45,000","_블랙_47,500|_화이트_45,000","_블랙_47,500|_화이트_45,000","_블랙_47,500|_화이트_45,000","_블랙_47,500|_화이트_43,650","_블랙_47,500|_화이트_43,650"
80464100,darkFlash DB460M MESH RGB,"_블랙_40,830|_화이트_45,550","_블랙_40,830|_화이트_45,550","_블랙_40,830|_화이트_45,550","_블랙_40,830|_화이트_45,550","_블랙_40,830|_화이트_45,550","_블랙_40,830|_화이트_45,550","_블랙_40,830|_화이트_45,550",0,0,0
80468717,darkFlash DB460M MESH RGB,0,0,0,0,0,0,0,"_블랙_40,830|_화이트_45,550","_블랙_40,830|_화이트_45,550","_블랙_40,830|_화이트_45,550"
72723491,darkFlash DCM30 RGB 강화유리,"_블랙_34,500|_화이트_39,000","_블랙_34,500|_화이트_39,000","_블랙_34,500|_화이트_39,000","_블랙_34,500|_화이트_39,000","_블랙_34,500|_화이트_39,000","_블랙_34,500|_화이트_39,000","_블랙_34,500|_화이트_39,000","_블랙_34,500|_화이트_39,000","_블랙_33,950|_화이트_38,315","_블랙_33,940|_화이트_38,310"
89861615,darkFlash DCM33 RGB,"_블랙_35,560|_화이트_38,500",0,0,0,0,0,0,0,0,0
89861651,darkFlash DCM33 RGB,0,"_블랙_35,560|_화이트_38,500","_블랙_35,560|_화이트_38,500","_블랙_35,560|_화이트_38,500","_블랙_35,560|_화이트_38,500","_블랙_35,560|_화이트_38,500","_블랙_35,560|_화이트_38,500","_블랙_35,560|_화이트_38,500","_블랙_35,560|_화이트_38,315","_블랙_35,560|_화이트_38,310"
20255537,darkFlash DF2100 MESH RGB 강화유리,"화이트_69,000","화이트_69,000","화이트_69,000","화이트_69,000","화이트_69,000","화이트_69,000","화이트_69,000","화이트_69,000","화이트_69,000","화이트_69,000"
76946687,darkFlash DF4100 MESH ARGB BTF,"_블랙_78,500|_화이트_82,390","_블랙_78,500|_화이트_82,390","_블랙_78,500|_화이트_82,390","_블랙_78,500|_화이트_82,390",0,0,0,0,0,0
76946669,darkFlash DF4100 MESH ARGB BTF,0,0,0,0,"_블랙_78,500|_화이트_82,390","_블랙_78,500|_화이트_82,390","_블랙_78,500|_화이트_82,390","_블랙_78,500|_화이트_82,390","_블랙_76,630|_화이트_82,390","_블랙_76,620|_화이트_82,390"
37693031,darkFlash DF5000 VB-F 4.0 라이저 케이블 지지대 KIT,"_블랙_48,990|_화이트_48,990","_블랙_48,990|_화이트_48,990","_블랙_48,990|_화이트_48,990","_블랙_48,990|_화이트_48,990","_블랙_48,990|_화이트_48,990","_블랙_48,990|_화이트_48,990","_블랙_48,990|_화이트_48,990","_블랙_48,990|_화이트_48,990","_블랙_48,990|_화이트_48,990","_블랙_48,990|_화이트_48,990"
17669537,darkFlash DF7100 VB-F 4.0 라이저 케이블 지지대 KIT,"68,000","68,000",0,0,0,0,0,0,0,0
16542008,darkFlash DK1000 MESH 강화유리,"_블랙_67,900|_화이트_87,600","_블랙_67,900|_화이트_87,600","_블랙_67,900|_화이트_87,600","_블랙_67,900|_화이트_87,600","_블랙_67,900|_화이트_87,600","_블랙_67,900|_화이트_87,600","_블랙_67,900|_화이트_87,600","_블랙_67,900|_화이트_87,600","_블랙_67,706|_화이트_87,600","_블랙_67,700|_화이트_87,600"
17976938,darkFlash DK110,"19,060","19,060","19,060","19,060","19,060","19,060","19,050","19,050","19,050","19,040"
122699730,darkFlash DK200 NEO MESH RGB 식스팬,"블랙_44,210","블랙_44,210","블랙_44,210","블랙_44,210","블랙_44,210","블랙_44,210","블랙_44,210","블랙_44,210","블랙_44,210","블랙_44,210"
18053684,darkFlash DK200 RGB ADVANCED 강화유리,"_블랙_36,840|_화이트_42,890","_블랙_36,840|_화이트_42,890","_블랙_36,840|_화이트_42,890","_블랙_36,840|_화이트_42,890","_블랙_36,840|_화이트_42,890","_블랙_36,840|_화이트_42,890","_블랙_36,840|_화이트_42,890","_블랙_36,840|_화이트_42,890","_블랙_36,840|_화이트_42,680","_블랙_36,840|_화이트_42,670"
13381634,darkFlash DK200 RGB 강화유리,"_블랙_40,380|_화이트_44,500","_블랙_40,380|_화이트_44,500","_블랙_40,380|_화이트_44,500","_블랙_40,380|_화이트_44,500","_블랙_40,380|_화이트_44,500","_블랙_40,380|_화이트_44,500","_블랙_40,380|_화이트_44,500",0,0,0
13381619,darkFlash DK200 RGB 강화유리,0,0,0,0,0,0,0,"_블랙_40,380|_화이트_44,500","_블랙_40,380|_화이트_44,500","_블랙_40,380|_화이트_44,500"
16676309,darkFlash DK210 그래피티 ARGB 강화유리,"52,000","52,000","52,000","52,000","52,000","52,000","52,000","52,000","52,000","52,000"
36935618,darkFlash DK290 Air MESH RGB 강화유리,"블랙_54,600","블랙_54,600","블랙_54,600","블랙_54,600","블랙_54,600","블랙_54,600","블랙_54,600","블랙_54,600","블랙_54,600","블랙_54,600"
59762132,darkFlash DK301M RGB MESH 강화유리,"블랙_36,500","블랙_36,500","블랙_36,500","블랙_36,500","블랙_36,500","블랙_36,500","블랙_36,500","블랙_36,500","블랙_35,890","블랙_35,880"
17783147,darkFlash DK360 MESH RGB 강화유리,"화이트_51,000","화이트_51,000","화이트_51,000","화이트_51,000","화이트_51,000","화이트_51,000","화이트_51,000","화이트_51,000","화이트_51,000","화이트_51,000"
74338778,darkFlash DK370 MESH RGB 강화유리,"화이트_44,600","화이트_44,600","화이트_44,600","화이트_44,600","화이트_44,600","화이트_44,600","화이트_44,600","화이트_45,900","화이트_45,590","화이트_45,590"
13818002,darkFlash DLH21,"_민트_45,105|블랙_71,810|_핑크_45,000|화이트_100,600","_민트_45,105|블랙_71,820|_핑크_45,000|화이트_100,600","_민트_45,105|블랙_82,800|_핑크_45,000|화이트_100,600","_민트_45,105|블랙_82,800|_핑크_45,000|화이트_100,600","_민트_45,105|블랙_82,800|_핑크_45,000|화이트_100,600","_민트_45,105|블랙_82,800|_핑크_45,000|화이트_100,600",0,0,0,0
12985601,darkFlash DLH21,0,0,0,0,0,0,"_민트_45,105|_블랙_99,600|핑크_45,000|화이트_100,600","_민트_45,105|_블랙_99,600|핑크_45,000|화이트_100,600","민트_45,105|_블랙_99,600|_핑크_45,000|화이트_100,600","민트_45,105|_블랙_99,600|_핑크_45,000|화이트_100,600"
9376470,darkFlash DLM21 RGB MESH 강화유리,"_블랙_57,190|_화이트_55,980","_블랙_57,190|_화이트_55,980","_블랙_57,190|_화이트_55,980","_블랙_57,190|_화이트_55,980","_블랙_57,190|_화이트_55,980","_블랙_57,190|_화이트_55,980","_블랙_57,190|_화이트_55,980","_블랙_57,190|_화이트_55,980","_블랙_57,190|_화이트_55,980","_블랙_57,190|_화이트_55,980"
28212629,darkFlash DLM4000 GLASS,"_블랙_69,300|_화이트_89,000","_블랙_69,300|_화이트_89,000","_블랙_69,300|_화이트_89,000","_블랙_69,300|_화이트_89,000","_블랙_69,300|_화이트_89,000","_블랙_69,300|_화이트_89,000","_블랙_69,300|_화이트_89,000","_블랙_69,300|_화이트_89,000","_블랙_69,300|_화이트_89,000","_블랙_69,300|_화이트_89,000"
122617755,darkFlash DLX ULTRA MESH,"_블랙_143,000|_화이트_148,000","_블랙_143,000|_화이트_148,000","_블랙_143,000|_화이트_148,000","_블랙_143,000|_화이트_148,000","_블랙_143,000|_화이트_148,000","_블랙_143,000|_화이트_148,000","_블랙_143,000|_화이트_148,000","_블랙_143,000|_화이트_148,000","_블랙_140,650|_화이트_144,530","_블랙_140,640|_화이트_144,520"
122617886,darkFlash DLX ULTRA MESH ARGB,"_블랙_153,000|_화이트_157,990","_블랙_153,000|_화이트_157,990","_블랙_153,000|_화이트_157,990","_블랙_153,000|_화이트_157,990","_블랙_153,000|_화이트_157,990","_블랙_153,000|_화이트_157,990","_블랙_153,000|_화이트_157,990","_블랙_153,000|_화이트_157,990","_블랙_150,350|_화이트_154,230","_블랙_150,340|_화이트_154,220"
17525405,darkFlash DLX200 MESH RGB 강화유리,"화이트_140,000","화이트_140,000","화이트_140,000","화이트_140,000","화이트_140,000","화이트_140,000","화이트_140,000","화이트_140,000","화이트_140,000",0
11884168,darkFlash DLX21 RGB MESH 강화유리,"_블랙_92,790|_화이트_103,500","_블랙_92,790|_화이트_103,500","_블랙_92,790|_화이트_103,500","_블랙_92,790|_화이트_103,500","_블랙_92,790|_화이트_103,500","_블랙_92,790|_화이트_103,500","_블랙_92,790|_화이트_103,500","_블랙_92,790|_화이트_103,500","_블랙_92,790|_화이트_101,850","_블랙_92,790|_화이트_101,840"
62071772,darkFlash DMO11,"_블랙_20,440|_화이트_25,000","_블랙_20,440|_화이트_25,000","_블랙_20,440|_화이트_25,000","_블랙_20,440|_화이트_25,000","_블랙_20,440|_화이트_25,000","_블랙_20,440|_화이트_25,000","_블랙_20,440|_화이트_25,000","_블랙_20,440|_화이트_25,000","_블랙_20,440|_화이트_24,250","_블랙_20,440|_화이트_24,240"
123993804,darkFlash DMO21,"블랙_20,680","블랙_20,680","블랙_20,680","블랙_20,680","블랙_20,680","블랙_20,680","블랙_20,680","블랙_21,390","블랙_20,660","블랙_20,650"
18922775,darkFlash DNM600 MESH RGB,"화이트_48,290","화이트_48,290","화이트_48,290","화이트_48,290","화이트_48,290","화이트_48,290","화이트_49,490","화이트_49,210","화이트_48,015","화이트_48,015"
18769988,darkFlash DNX700 MESH RGB,"_블랙_69,000|_화이트_74,980","_블랙_69,000|_화이트_74,980","_블랙_69,000|_화이트_74,980","_블랙_69,000|_화이트_74,980","_블랙_69,000|_화이트_74,980","_블랙_69,000|_화이트_74,980","_블랙_69,000|_화이트_74,980","_블랙_69,000|_화이트_74,980","_블랙_69,000|_화이트_72,750","_블랙_69,000|_화이트_72,740"
71904299,darkFlash DP360 MESH RGB 강화유리,"_블랙_44,150|_화이트_46,000","_블랙_44,150|_화이트_46,000","_블랙_44,150|_화이트_46,000","_블랙_44,150|_화이트_46,000","_블랙_44,150|_화이트_46,000","_블랙_44,150|_화이트_46,000","_블랙_44,150|_화이트_46,000","_블랙_44,150|_화이트_46,000","_블랙_44,150|_화이트_45,590","_블랙_44,150|_화이트_45,580"
71904638,darkFlash DP430 MESH RGB 강화유리,"화이트_48,500","화이트_48,500","화이트_48,500","화이트_48,500","화이트_48,500","화이트_48,500","화이트_48,500","화이트_48,500","화이트_48,015","화이트_48,010"
100271096,darkFlash DPF70 ARGB,"_블랙_64,500|_화이트_68,000","_블랙_64,500|_화이트_68,000","_블랙_64,500|_화이트_68,000","_블랙_64,500|_화이트_68,000","_블랙_64,500|_화이트_68,000","_블랙_64,500|_화이트_68,000","_블랙_64,500|_화이트_68,000","_블랙_64,500|_화이트_68,000","_블랙_63,050|_화이트_67,415","_블랙_63,040|_화이트_67,400"
122655434,darkFlash DPH70M ARGB,"_블랙_54,500|_화이트_57,190","_블랙_54,500|_화이트_57,190","_블랙_54,500|_화이트_57,190","_블랙_54,500|_화이트_57,190","_블랙_54,500|_화이트_57,190","_블랙_54,500|_화이트_57,190","_블랙_54,500|_화이트_57,190","_블랙_54,500|_화이트_57,190","_블랙_53,350|_화이트_57,190","_블랙_53,340|_화이트_57,190"
57307040,darkFlash DPW90M ARGB 강화유리,"블랙_61,740","블랙_61,740","블랙_61,740","블랙_61,740","블랙_61,740","블랙_61,740","블랙_61,740","블랙_61,740","블랙_61,740","블랙_61,740"
53417006,darkFlash DPX90 ARGB 강화유리,"_블랙_58,000|_화이트_68,500","_블랙_58,000|_화이트_68,500","_블랙_58,000|_화이트_68,500","_블랙_58,000|_화이트_68,500","_블랙_58,000|_화이트_68,500","_블랙_58,000|_화이트_68,500","_블랙_58,000|_화이트_68,500","_블랙_58,000|_화이트_68,500","_블랙_58,000|_화이트_66,930","_블랙_58,000|_화이트_66,920"
72723323,darkFlash DQX80 ARGB BTF,"_블랙_84,530|_화이트_94,500","_블랙_84,530|_화이트_94,000","_블랙_84,530|_화이트_94,000","_블랙_84,530|_화이트_94,000","_블랙_84,530|_화이트_94,000","_블랙_84,530|_화이트_94,000","_블랙_84,530|_화이트_94,000","_블랙_84,530|_화이트_94,000","_블랙_84,530|_화이트_92,150","_블랙_84,530|_화이트_92,140"
70874867,darkFlash DRX50 MESH RGB 강화유리,"블랙_39,900","블랙_39,900","블랙_39,900","블랙_39,900","블랙_39,900","블랙_39,900","블랙_39,900","블랙_39,900","블랙_39,900","블랙_39,900"
31413674,darkFlash DRX70 MESH RGB 강화유리,"_블랙_54,500|_화이트_57,500","_블랙_54,500|_화이트_57,500","_블랙_54,500|_화이트_57,500","_블랙_54,500|_화이트_57,500","_블랙_54,500|_화이트_57,500","_블랙_54,500|_화이트_57,500","_블랙_54,500|_화이트_57,500","_블랙_54,500|_화이트_57,500","_블랙_53,350|_화이트_56,260","_블랙_53,340|_화이트_56,250"
122679640,darkFlash DRX90 AERO MESH RGB,"_블랙_59,000|_화이트_64,500","_블랙_59,000|_화이트_64,500","_블랙_59,000|_화이트_64,500","_블랙_59,000|_화이트_64,500","_블랙_59,000|_화이트_64,500","_블랙_59,000|_화이트_64,500","_블랙_59,000|_화이트_64,500","_블랙_59,000|_화이트_64,500","_블랙_58,006|_화이트_63,050","_블랙_58,000|_화이트_63,040"
49645922,darkFlash DRX90 MESH RGB 강화유리,"블랙_58,500","블랙_58,500","블랙_58,500","블랙_58,500","블랙_58,500","블랙_58,500","블랙_58,500","블랙_58,500","블랙_57,230","블랙_57,220"
17954255,darkFlash DS2000 MESH 강화유리,"화이트_85,510","화이트_85,510","화이트_85,510","화이트_85,510","화이트_85,510","화이트_85,510","화이트_85,510","화이트_85,510","화이트_85,510","화이트_85,510"
78530048,darkFlash DS500 RGB,"_블랙_44,500|_화이트_48,500","_블랙_44,500|_화이트_48,500","_블랙_44,500|_화이트_48,500","_블랙_44,500|_화이트_48,500","_블랙_44,500|_화이트_48,500","_블랙_44,500|_화이트_48,500","_블랙_44,500|_화이트_48,500","_블랙_44,500|_화이트_48,500","_블랙_43,650|_화이트_48,015","_블랙_43,640|_화이트_48,010"
18190976,darkFlash DS5000 MESH 강화유리,"_블랙_125,000|_화이트_128,480","_블랙_125,000|_화이트_128,480","_블랙_125,000|_화이트_128,480","_블랙_125,000|_화이트_128,480","_블랙_125,000|_화이트_128,480","_블랙_125,000|_화이트_128,480",0,0,0,0
18190991,darkFlash DS5000 MESH 강화유리,0,0,0,0,0,0,"_블랙_125,000|_화이트_128,480","_블랙_125,000|_화이트_128,480","_블랙_121,250|_화이트_128,040","_블랙_121,250|_화이트_128,030"
18515759,darkFlash DS5000 전면 강화유리 KIT,"_블랙_15,000|_화이트_15,000","_블랙_15,000|_화이트_15,000","_블랙_15,000|_화이트_15,000","_블랙_15,000|_화이트_15,000","_블랙_15,000|_화이트_15,000","_블랙_15,000|_화이트_15,000","_블랙_15,000|_화이트_15,000","_블랙_15,000|_화이트_15,000","_블랙_15,000|_화이트_15,000",0
18515747,darkFlash DS5000 전면 강화유리 KIT,0,0,0,0,0,0,0,0,0,"_블랙_14,980|_화이트_15,000"
101013590,darkFlash DS500M RGB,"_블랙_41,690|_화이트_46,500","_블랙_41,690|_화이트_46,500","_블랙_41,690|_화이트_46,500","_블랙_41,690|_화이트_46,500","_블랙_41,690|_화이트_46,500","_블랙_41,690|_화이트_46,500","_블랙_41,690|_화이트_46,500","_블랙_41,690|_화이트_46,500",0,0
101013629,darkFlash DS500M RGB,0,0,0,0,0,0,0,0,"_블랙_41,690|_화이트_45,590","_블랙_41,690|_화이트_45,580"
32861099,darkFlash DS900 ARGB 강화유리,"_블랙_64,200|블랙 우드_65,000|_화이트_67,500|화이트 우드_69,000","_블랙_64,200|블랙 우드_65,000|_화이트_67,500|화이트 우드_69,000","_블랙_64,200|블랙 우드_65,000|_화이트_67,500|화이트 우드_69,000","_블랙_64,200|블랙 우드_65,000|_화이트_67,500|화이트 우드_69,000","_블랙_64,200|블랙 우드_65,000|_화이트_67,500|화이트 우드_69,000","_블랙_64,200|블랙 우드_65,000|_화이트_67,500|화이트 우드_69,000","_블랙_64,200|블랙 우드_65,000|_화이트_67,500|화이트 우드_69,000","_블랙_64,200|블랙 우드_65,000|_화이트_67,500|화이트 우드_69,000","_블랙_63,050|블랙 우드_65,000|_화이트_66,930|화이트 우드_69,000","_블랙_63,040|블랙 우드_64,500|_화이트_66,920|화이트 우드_69,000"
105816371,darkFlash DS900 PRO ARGB,"_블랙_74,790|_화이트_79,000","_블랙_74,790|_화이트_79,000","_블랙_74,790|_화이트_79,000","_블랙_74,790|_화이트_79,000","_블랙_74,790|_화이트_79,000","_블랙_74,790|_화이트_79,000","_블랙_74,780|_화이트_79,000","_블랙_74,780|_화이트_79,000","_블랙_72,750|_화이트_77,406","_블랙_72,740|_화이트_77,400"
93804134,darkFlash DS900G ARGB,"_블랙_84,000|_화이트_86,290","_블랙_84,000|_화이트_86,290","_블랙_84,000|_화이트_86,290","_블랙_84,000|_화이트_86,290","_블랙_84,000|_화이트_86,290","_블랙_84,000|_화이트_86,290","_블랙_84,000|_화이트_86,290","_블랙_84,000|_화이트_86,290","_블랙_82,450|_화이트_86,290","_블랙_82,440|_화이트_86,290"
60321872,darkFlash DS900M RGB 강화유리,"_블랙_47,500|_화이트_47,280","_블랙_47,500|_화이트_47,280","_블랙_47,500|_화이트_47,280","_블랙_47,500|_화이트_47,280","_블랙_47,500|_화이트_47,280","_블랙_47,500|_화이트_47,280","_블랙_47,500|_화이트_47,280","_블랙_47,500|_화이트_47,280","_블랙_46,560|_화이트_47,280","_블랙_46,550|_화이트_47,280"
94880948,darkFlash DS900XL 우드 ARGB,"_블랙_95,890|_화이트_101,680","_블랙_95,890|_화이트_101,680","_블랙_95,890|_화이트_101,680","_블랙_95,890|_화이트_101,680","_블랙_95,890|_화이트_101,680","_블랙_95,890|_화이트_101,680","_블랙_95,890|_화이트_101,680","_블랙_95,890|_화이트_101,680","_블랙_95,890|_화이트_101,680","_블랙_95,890|_화이트_101,680"
108390941,darkFlash DS950V ARGB 디스플레이,"_블랙_94,680|_화이트_104,000","_블랙_94,680|_화이트_104,000","_블랙_94,680|_화이트_104,000","_블랙_94,680|_화이트_104,000","_블랙_94,680|_화이트_104,000","_블랙_94,680|_화이트_104,000","_블랙_94,680|_화이트_104,000","_블랙_94,680|_화이트_104,000","_블랙_94,680|_화이트_101,850","_블랙_94,680|_화이트_101,840"
92187578,darkFlash DW500 우드 MESH RGB,"_블랙_69,000|_화이트_72,580","_블랙_69,000|_화이트_72,580","_블랙_69,000|_화이트_72,580","_블랙_69,000|_화이트_72,580","_블랙_69,000|_화이트_72,580","_블랙_69,000|_화이트_72,580","_블랙_69,000|_화이트_72,580","_블랙_69,000|_화이트_72,580","_블랙_67,706|_화이트_72,580","_블랙_67,700|_화이트_72,580"
99735548,darkFlash DY460 ARGB BTF,"_블랙_96,500|_화이트_94,790","_블랙_96,500|_화이트_94,790","_블랙_96,500|_화이트_94,790","_블랙_96,500|_화이트_94,790","_블랙_96,500|_화이트_94,790","_블랙_96,500|_화이트_94,790","_블랙_96,500|_화이트_94,790","_블랙_96,500|_화이트_94,790",0,0
99735608,darkFlash DY460 ARGB BTF,0,0,0,0,0,0,0,0,"_블랙_95,060|_화이트_94,790","_블랙_95,050|_화이트_94,790"
68440847,darkFlash DY470 ARGB 강화유리,"_블랙_121,630|_화이트_126,000","_블랙_121,630|_화이트_126,000","_블랙_121,630|_화이트_126,000","_블랙_121,630|_화이트_126,000","_블랙_121,630|_화이트_126,000",0,0,0,0,0
68440877,darkFlash DY470 ARGB 강화유리,0,0,0,0,0,"_블랙_121,630|_화이트_126,000","_블랙_121,630|_화이트_126,000","_블랙_121,630|_화이트_126,000","_블랙_121,250|_화이트_125,130","_블랙_121,240|_화이트_125,120"
91497431,darkFlash DY570 ARGB BTF,"_블랙_214,990|_화이트_218,980","_블랙_214,990|_화이트_218,980","_블랙_214,990|_화이트_218,980","_블랙_214,990|_화이트_218,980","_블랙_214,990|_화이트_218,980","_블랙_214,990|_화이트_218,980",0,0,0,0
91497413,darkFlash DY570 ARGB BTF,0,0,0,0,0,0,"_블랙_214,990|_화이트_218,980","_블랙_214,990|_화이트_218,980","_블랙_214,990|_화이트_218,980","_블랙_214,990|_화이트_218,980"
123134408,darkFlash FLOATRON F1 ARGB,"_블랙_121,700|_화이트 블랙_121,700","_블랙_121,700|_화이트 블랙_121,700","_블랙_121,700|_화이트 블랙_121,700","_블랙_121,700|_화이트 블랙_121,700","_블랙_121,700|_화이트 블랙_121,700","_블랙_121,700|_화이트 블랙_121,700","_블랙_121,700|_화이트 블랙_121,700","_블랙_121,700|_화이트 블랙_121,700","_블랙_117,020|_화이트 블랙_117,020","_블랙_117,010|_화이트 블랙_117,020"
68577197,darkFlash GCB470 라이저 케이블 지지대 KIT,"_블랙_36,650|_화이트_38,380","_블랙_36,650|_화이트_38,380","_블랙_36,650|_화이트_38,380","_블랙_36,650|_화이트_38,380","_블랙_36,650|_화이트_38,380","_블랙_36,650|_화이트_38,380","_블랙_36,650|_화이트_38,380","_블랙_36,650|_화이트_38,380","_블랙_36,270|_화이트_38,380","_블랙_36,260|_화이트_38,380"
17989952,darkFlash LP20 ARGB PANEL,"_블랙_15,000|_화이트_15,000","_블랙_15,000|_화이트_15,000","_블랙_15,000|_화이트_15,000","_블랙_15,000|_화이트_15,000","_블랙_15,000|_화이트_15,000","_블랙_15,000|_화이트_15,000","_블랙_15,000|_화이트_15,000","_블랙_15,000|_화이트_15,000","_블랙_15,000|_화이트_15,000","_블랙_14,980|_화이트_14,980"
60063428,darkFlash PCIe 4.0 라이저 케이블,"160mm_37,120","160mm_37,120","160mm_37,120","160mm_37,120","160mm_37,120","160mm_37,120","160mm_37,120","160mm_37,120","160mm_36,730","160mm_36,730"
17396630,darkFlash V4.0 라이저 케이블,"215mm_58,000","215mm_58,000","215mm_58,000","215mm_58,000","215mm_58,000","215mm_58,000","215mm_58,000","215mm_58,000","215mm_58,000","215mm_58,000"
17584163,darkFlash VB-X 4.0 라이저 케이블 지지대 KIT 215mm,"네오민트_65,100|_블랙_67,980|_핑크_67,980|화이트_68,000","네오민트_65,100|_블랙_67,980|_핑크_67,980|화이트_68,000","네오민트_65,100|_블랙_67,980|_핑크_67,980|화이트_68,000","네오민트_65,100|_블랙_67,980|_핑크_67,980|화이트_68,000","네오민트_65,100|_블랙_67,980|_핑크_67,980|화이트_68,000","네오민트_65,100|_블랙_67,980|_핑크_67,980|화이트_68,000","네오민트_65,100|_블랙_67,980|_핑크_67,980|화이트_68,000","_네오민트_65,100|_블랙_67,980|핑크_67,980|화이트_68,000","_네오민트_65,100|_블랙_67,980|핑크_67,980|화이트_68,000","_네오민트_65,090|_블랙_67,980|핑크_67,980|화이트_68,000"
12192491,darkFlash VB-X 라이저 케이블 지지대 KIT,"네오민트_41,000","네오민트_41,000","네오민트_41,000","네오민트_41,000","네오민트_41,000","네오민트_41,000","네오민트_41,000","네오민트_41,000","네오민트_41,000","네오민트_41,000"
90642539,대양케이스 ARIGUE 240 RGB,"_블랙_35,770|_화이트_39,050","_블랙_37,890|_화이트_39,050","_블랙_37,890|_화이트_39,050","_블랙_37,890|_화이트_39,050","_블랙_37,890|_화이트_39,050","_블랙_37,890|_화이트_39,050","_블랙_37,600|_화이트_39,050","_블랙_37,890|_화이트_39,050","_블랙_37,890|_화이트_39,050","_블랙_37,890|_화이트_39,050"
90642467,대양케이스 ARIGUE 360 ARGB,"_블랙_55,590|_화이트_60,360",0,"_블랙_55,590|_화이트_60,360",0,0,"_블랙_55,590|_화이트_60,360",0,0,0,0
90642461,대양케이스 ARIGUE 360 ARGB,0,"_블랙_55,590|_화이트_60,360",0,"_블랙_55,590|_화이트_60,360","_블랙_55,590|_화이트_60,360",0,"_블랙_55,590|_화이트_60,360","_블랙_55,590|_화이트_60,360","_블랙_55,590|_화이트_60,360","_블랙_55,590|_화이트_60,360"
92358206,대양케이스 ARTISTIC ARGB,"_블랙_62,310|_화이트_68,830","_블랙_62,310|_화이트_68,830","_블랙_62,310|_화이트_66,000","_블랙_62,310|_화이트_68,500","_블랙_62,310|_화이트_68,830","_블랙_62,310|_화이트_68,830","_블랙_62,310|_화이트_66,000","_블랙_62,310|_화이트_68,500","_블랙_62,310|_화이트_68,830",0
92358197,대양케이스 ARTISTIC ARGB,0,0,0,0,0,0,0,0,0,"_블랙_62,310|_화이트_68,830"
9795630,대양케이스 ME NO.8 RGB 강화유리,"화이트_87,000","화이트_87,000","화이트_87,000","화이트_87,000","화이트_87,000","화이트_87,000","화이트_87,000","화이트_87,000","화이트_87,000","화이트_87,000"
98768852,리안리 8.8인치 Universal Screen,"_블랙_139,000|_화이트_138,990","_블랙_139,000|_화이트_138,990","_블랙_139,000|_화이트_138,990","_블랙_139,000|_화이트_131,550","_블랙_139,000|_화이트_132,040","_블랙_139,000|_화이트_138,990","_블랙_139,000|_화이트_138,990","_블랙_139,000|_화이트_138,990",0,0
98768879,리안리 8.8인치 Universal Screen,0,0,0,0,0,0,0,0,"_블랙_139,000|_화이트_129,260","_블랙_139,000|_화이트_129,260"
61845671,리안리 A3-1 라이저 케이블 킷,"화이트, A3-1W, 200mm_78,910","화이트, A3-1W, 200mm_78,910","화이트, A3-1W, 200mm_78,730","화이트, A3-1W, 200mm_78,730","화이트, A3-1W, 200mm_78,730","화이트, A3-1W, 200mm_78,900","화이트, A3-1W, 200mm_78,910","화이트, A3-1W, 200mm_78,910","화이트, A3-1W, 200mm_78,070","화이트, A3-1W, 200mm_78,070"
61845713,리안리 A3-2 강화유리 사이드 패널,"_블랙, A3-2X_21,980|_화이트, A3-2W_21,980","_블랙, A3-2X_21,980|_화이트, A3-2W_21,980","_블랙, A3-2X_21,790|_화이트, A3-2W_21,790","_블랙, A3-2X_21,790|_화이트, A3-2W_21,790","_블랙, A3-2X_21,790|_화이트, A3-2W_21,790","_블랙, A3-2X_21,900|_화이트, A3-2W_21,990","_블랙, A3-2X_21,980|_화이트, A3-2W_21,980","_블랙, A3-2X_21,980|_화이트, A3-2W_21,980",0,"_블랙, A3-2X_21,740|_화이트, A3-2W_21,740"
61845692,리안리 A3-2 강화유리 사이드 패널,0,0,0,0,0,0,0,0,"_블랙, A3-2X_21,740|_화이트, A3-2W_21,740",0
68329244,리안리 A3-mATX,"블랙_119,000|_우드 블랙_147,000|우드 화이트_147,000|_화이트_119,000","블랙_119,000|_우드 블랙_147,000|우드 화이트_147,000|_화이트_119,000","블랙_119,000|_우드 블랙_147,000|우드 화이트_146,800|_화이트_119,000","블랙_119,000|_우드 블랙_147,000|우드 화이트_146,800|_화이트_118,900","블랙_119,000|_우드 블랙_147,000|우드 화이트_146,800|_화이트_118,900","블랙_119,000|_우드 블랙_147,000|우드 화이트_147,000|_화이트_118,900","_블랙_119,000|_우드 블랙_147,000|우드 화이트_147,000|화이트_119,000","_블랙_119,000|_우드 블랙_147,000|우드 화이트_147,000|화이트_119,000","_블랙_119,000|_우드 블랙_146,890|우드 화이트_146,890|화이트_119,000",0
60069011,리안리 A3-mATX,0,0,0,0,0,0,0,0,0,"_블랙_119,000|_우드 블랙_146,890|우드 화이트_146,890|화이트_119,000"
122829168,리안리 A4-H2O PCle 5.0,"_블랙_272,370|_실버_272,370","_블랙_272,370|_실버_272,370","_블랙_272,370|_실버_272,370","_블랙_264,100|_실버_264,100","_블랙_264,100|_실버_264,100","_블랙_269,660|_실버_272,370","_블랙_272,370|_실버_272,370","_블랙_272,370|_실버_272,370","_블랙_258,540|_실버_258,540","_블랙_258,540|_실버_258,540"
123133670,리안리 B4-mATX,"블랙_126,440|_우드 블랙_154,820|우드 화이트_154,820|_화이트_126,440","블랙_126,440|_우드 블랙_154,820|우드 화이트_154,820|_화이트_126,440","_블랙_126,440|_우드 블랙_154,820|우드 화이트_154,820|화이트_126,440","_블랙_126,440|_우드 블랙_154,820|우드 화이트_154,820|화이트_126,440","_블랙_125,130|_우드 블랙_153,260|우드 화이트_154,820|화이트_125,130","_블랙_126,440|_우드 블랙_154,820|우드 화이트_154,820|화이트_125,130","_블랙_126,440|_우드 블랙_154,820|우드 화이트_154,820|화이트_126,440","_블랙_126,440|_우드 블랙_154,820|우드 화이트_154,820|화이트_126,440","_블랙_125,130|_우드 블랙_153,260|우드 화이트_154,820|화이트_125,130","_블랙_125,130|_우드 블랙_153,260|우드 화이트_154,820|화이트_125,130"
123133696,리안리 B4-mATX,"블랙_126,440|_우드 블랙_154,820|우드 화이트_154,820|_화이트_126,440","블랙_126,440|_우드 블랙_154,820|우드 화이트_154,820|_화이트_126,440","_블랙_126,440|_우드 블랙_154,820|우드 화이트_154,820|화이트_126,440","_블랙_126,440|_우드 블랙_154,820|우드 화이트_154,820|화이트_126,440","_블랙_125,130|_우드 블랙_153,260|우드 화이트_154,820|화이트_125,130","_블랙_126,440|_우드 블랙_154,820|우드 화이트_154,820|화이트_125,130",0,0,0,0
89861942,리안리 DK07,"_블랙_1,990,000|_우드_2,439,190","_블랙_1,990,000|_우드_2,439,190","_블랙_1,990,000|_우드_2,439,190",0,"_블랙_1,990,000|_우드_2,439,190","_블랙_1,990,000|_우드_2,439,190",0,"_블랙_1,990,000|_우드_2,439,190","_블랙_1,956,250|_우드_2,439,190",0
124166842,리안리 DK07,0,0,0,"_블랙_1,990,000|_우드_2,439,190","_블랙_1,990,000|_우드_2,439,190","_블랙_1,990,000|_우드_2,439,190","_블랙_1,990,000|_우드_2,439,190","_블랙_1,990,000|_우드_2,439,190","_블랙_1,956,250|_우드_2,439,190","_블랙_1,956,250|_우드_2,439,190"
73767929,리안리 LAN207-1 전면 먼지 필터,"_블랙_6,900|_화이트_6,900","_블랙_6,900|_화이트_6,900","_블랙_6,900|_화이트_6,900","_블랙_6,900|_화이트_6,900","_블랙_6,900|_화이트_6,900","_블랙_6,900|_화이트_6,900","_블랙_6,900|_화이트_6,900","_블랙_6,900|_화이트_6,900","_블랙_6,900|_화이트_6,900","_블랙_6,900|_화이트_6,900"
18642950,리안리 LAN216-1W ARGB Control & USB Module,"화이트_20,900","화이트_20,900","화이트_20,900","화이트_20,420","화이트_20,420","화이트_20,900","화이트_20,900","화이트_20,900","화이트_19,990","화이트_19,990"
18642944,리안리 LAN216-1X ARGB Control & USB Module,"블랙_21,500","블랙_21,500","블랙_21,500","블랙_21,500","블랙_21,500","블랙_21,500","블랙_21,500","블랙_21,500","블랙_21,500","블랙_21,500"
19176308,리안리 LAN3-1X Dust Filter Kit,"블랙_14,900","블랙_14,900","블랙_14,900","블랙_14,900","블랙_14,900","블랙_14,900","블랙_14,900","블랙_14,900","블랙_14,900","블랙_14,900"
54814049,리안리 LANCOOL 206,"화이트_112,890","화이트_112,890",0,0,0,0,0,"화이트_112,890","화이트_112,890","화이트_112,890"
70619144,리안리 LANCOOL 207,"_블랙_109,000|_화이트_116,000",0,0,0,0,0,0,0,0,0
70619111,리안리 LANCOOL 207,0,"_블랙_109,000|_화이트_116,000","_블랙_108,800|_화이트_115,800","_블랙_108,800|_화이트_115,800","_블랙_108,800|_화이트_115,800","_블랙_109,000|_화이트_115,900","_블랙_109,000|_화이트_116,000","_블랙_109,000|_화이트_116,000","_블랙_108,620|_화이트_115,660","_블랙_108,620|_화이트_115,660"
90156461,리안리 LANCOOL 207 DIGITAL,"블랙_158,830","블랙_158,830","블랙_158,640","블랙_158,640","블랙_158,640","블랙_158,890","블랙_158,830","블랙_158,830","블랙_157,120","블랙_157,120"
18538823,리안리 LANCOOL 216,"블랙_124,840","블랙_124,840","블랙_124,840","블랙_124,840","블랙_124,840","블랙_124,840","블랙_124,840","블랙_124,840","블랙_124,840","블랙_124,840"
18538847,리안리 LANCOOL 216 RGB,"_블랙_126,000|_화이트_136,000","_블랙_126,000|_화이트_136,000","_블랙_126,000|_화이트_136,000","_블랙_126,000|_화이트_136,000","_블랙_126,000|_화이트_136,000","_블랙_126,000|_화이트_136,000","_블랙_126,000|_화이트_136,000","_블랙_126,000|_화이트_136,000","_블랙_126,000|_화이트_136,000","화이트_138,380"
90647099,리안리 LANCOOL 217,"_블랙_199,000|_화이트_198,780","_블랙_199,000|_화이트_198,780","_블랙_209,880|_화이트_198,600","_블랙_209,880|_화이트_189,050","_블랙_209,880|_화이트_189,050","_블랙_209,880|_화이트_198,900","_블랙_209,880|_화이트_198,780",0,0,0
90647105,리안리 LANCOOL 217,0,0,0,0,0,0,0,"_블랙_209,880|_화이트_198,780","_블랙_209,880|_화이트_185,070","_블랙_209,880|_화이트_185,070"
103449203,리안리 LANCOOL 217 INF,"_블랙_207,000|_화이트_201,000",0,0,0,0,0,0,0,0,0
103449227,리안리 LANCOOL 217 INF,0,"_블랙_207,000|_화이트_206,780","_블랙_207,000|_화이트_203,780","_블랙_196,650|_화이트_203,590","_블랙_196,650|_화이트_206,590","_블랙_207,000|_화이트_206,790","_블랙_207,000|_화이트_200,780","_블랙_207,000|_화이트_203,780","_블랙_192,510|_화이트_204,460","_블랙_192,510|_화이트_204,460"
12001715,리안리 LANCOOL II MESH RGB,"블랙_129,000","블랙_129,000",0,0,"블랙_129,000","블랙_129,000","블랙_129,000","블랙_129,000","블랙_129,000","블랙_129,000"
10288131,리안리 LANCOOL II-2X,"18,500","18,500","18,500","18,500","18,500","18,500","18,500","18,500","18,500","18,500"
17661059,리안리 LANCOOL III,"블랙_198,780","블랙_198,780","블랙_198,600","블랙_189,050","블랙_189,050","블랙_198,790","블랙_198,780","블랙_198,780","블랙_185,070","블랙_185,070"
17661170,리안리 LANCOOL III RGB,"_블랙_212,770|_화이트_228,760","_블랙_212,770|_화이트_228,760","_블랙_212,580|_화이트_228,570","_블랙_202,350|_화이트_228,570","_블랙_202,350|_화이트_228,570","_블랙_212,790|_화이트_228,990","_블랙_212,770|_화이트_228,760","_블랙_212,770|_화이트_228,760","_블랙_198,090|_화이트_226,300","_블랙_198,090|_화이트_226,300"
97123115,리안리 Multi-Directional Vertical GPU Bracket Kit,"_블랙_128,990|_화이트_128,870","_블랙_128,990|_화이트_123,870",0,0,0,0,0,0,0,"_블랙_128,150|_화이트_126,410"
97123091,리안리 Multi-Directional Vertical GPU Bracket Kit,0,0,"_블랙_128,990|_화이트_128,670","_블랙_128,900|_화이트_121,170","_블랙_128,890|_화이트_126,170","_블랙_128,890|_화이트_123,670","_블랙_128,990|_화이트_128,860","_블랙_128,990|_화이트_128,860","_블랙_128,160|_화이트_123,910",0
70678232,리안리 O11 VISION COMPACT,"_블랙_206,780|_화이트_206,780","_블랙_206,780|_화이트_206,780","_블랙_206,590|_화이트_206,590","_블랙_196,650|_화이트_206,590","_블랙_196,650|_화이트_206,590","_블랙_206,990|_화이트_206,790","_블랙_206,780|_화이트_206,780","_블랙_206,780|_화이트_206,780","_블랙_204,550|_화이트_204,550","_블랙_204,550|_화이트_204,550"
123972627,리안리 O11 VISION COMPACT 5FAN,"_블랙_234,090|_화이트_234,090","_블랙_234,090|_화이트_234,090","_블랙_234,090|_화이트_234,090","_블랙_227,050|_화이트_227,050","_블랙_227,050|_화이트_227,050","_블랙_234,090|_화이트_231,830","_블랙_234,090|_화이트_234,090","_블랙_234,090|_화이트_234,090","_블랙_222,270|_화이트_222,270","_블랙_222,270|_화이트_222,270"
123972630,리안리 O11 VISION COMPACT 5FAN,"_블랙_234,090|_화이트_234,090","_블랙_234,090|_화이트_234,090","_블랙_234,090|_화이트_234,090","_블랙_227,050|_화이트_227,050","_블랙_227,050|_화이트_227,050","_블랙_234,090|_화이트_231,830",0,0,"_블랙_222,270|_화이트_222,270","_블랙_222,270|_화이트_222,270"
122673693,리안리 O11 VISION-M,"_블랙_133,220|_화이트_133,220",0,0,0,0,0,0,"_블랙_133,220|_화이트_133,220","_블랙_133,220|_화이트_133,220","_블랙_133,220|_화이트_133,220"
122673705,리안리 O11 VISION-M,"_블랙_133,220|_화이트_133,220","_블랙_133,220|_화이트_133,220","_블랙_133,220|_화이트_133,220","_블랙_133,220|_화이트_133,220","_블랙_133,220|_화이트_133,220","_블랙_133,220|_화이트_133,220","_블랙_133,220|_화이트_133,220",0,0,0
124033116,리안리 O11 VISION-M Digital,"_블랙_214,550|_화이트_214,550","_블랙_214,550|_화이트_214,550","_블랙_214,550|_화이트_214,550","_블랙_214,550|_화이트_208,050","_블랙_214,550|_화이트_208,050","_블랙_214,550|_화이트_214,550","_블랙_214,550|_화이트_214,550","_블랙_214,550|_화이트_214,550","_블랙_214,550|_화이트_203,670","_블랙_214,550|_화이트_203,670"
95056937,리안리 O11D MINI V2,"_블랙_143,000|_화이트_142,840","_블랙_133,500|_화이트_142,840","_블랙_133,500|_화이트_142,660","_블랙_133,500|_화이트_142,660",0,"_블랙_133,500|_화이트_142,890","화이트_142,840","화이트_142,840","화이트_141,300","화이트_141,300"
95056910,리안리 O11D MINI V2,0,0,0,0,"_블랙_133,500|_화이트_142,660",0,0,0,0,0
95057027,리안리 O11D MINI V2 FLOW,"화이트_162,830","화이트_162,830","화이트_162,640","화이트_162,640","화이트_162,640","화이트_162,890","화이트_162,830","화이트_162,830","화이트_161,080","화이트_161,080"
28213517,리안리 O11DEXL-1 업라이트 GPU 브라켓,"_블랙_10,900|_화이트_10,500","_블랙_10,900|_화이트_10,500","_블랙_10,900|_화이트_10,500","_블랙_10,900|_화이트_10,500","_블랙_10,900|_화이트_10,500","_블랙_10,900|_화이트_10,500","_블랙_10,900|_화이트_10,500","_블랙_10,900|_화이트_10,500","_블랙_10,900|_화이트_10,500","_블랙_10,900|_화이트_10,500"
14654723,리안리 O11DMINI-1W-4,"화이트_97,000",0,0,0,0,0,0,0,0,0
14654675,리안리 O11DMINI-1X-4,"블랙_97,000","블랙_97,000",0,0,0,0,0,0,0,0
30329966,리안리 PC-O11 VISION,"블랙_202,600|_크롬_226,000|_화이트_215,400","블랙_202,600|_크롬_226,000|_화이트_215,400","블랙_202,600|_크롬_226,000|_화이트_215,400","블랙_202,600|_크롬_226,000|_화이트_215,400","블랙_202,600|_크롬_226,000|_화이트_215,400","블랙_202,600|_크롬_226,000|_화이트_215,400","블랙_202,600|_크롬_226,000|_화이트_215,400","_블랙_202,600|크롬_226,000|_화이트_215,400","_블랙_202,600|크롬_226,000|_화이트_215,400",0
30329945,리안리 PC-O11 VISION,0,0,0,0,0,0,0,0,0,"_블랙_202,600|크롬_226,000|_화이트_215,400"
32074448,리안리 PC-O11D EVO RGB,"_블랙_278,700|_화이트_278,700","_블랙_278,700|_화이트_278,700","_블랙_278,510|_화이트_278,510","_블랙_278,510|_화이트_265,050","_블랙_278,510|_화이트_265,050","_블랙_278,990|_화이트_278,990",0,0,0,0
32074469,리안리 PC-O11D EVO RGB,0,0,0,0,0,0,"_블랙_278,700|_화이트_278,700","_블랙_278,700|_화이트_278,700","_블랙_275,700|_화이트_259,470","_블랙_275,700|_화이트_259,470"
36156659,리안리 PC-O11D EVO RGB 프론트 메쉬 킷,"_블랙_29,800|_화이트_29,870","_블랙_29,800|_화이트_29,870","_블랙_29,800|_화이트_29,680","_블랙_28,410|_화이트_29,680","_블랙_28,410|_화이트_29,680","_블랙_29,800|_화이트_29,870","_블랙_29,800|_화이트_29,870","_블랙_29,800|_화이트_29,870","_블랙_27,810|_화이트_29,540","_블랙_27,810|_화이트_29,540"
27499688,리안리 PC-O11D EVO XL,"_블랙_407,560|_화이트_417,550","_블랙_407,560|_화이트_417,550","_블랙_407,370|_화이트_417,360","_블랙_387,600|_화이트_397,100","_블랙_387,600|_화이트_397,100","_블랙_407,890|_화이트_417,800","_블랙_407,560|_화이트_417,550","_블랙_407,560|_화이트_417,550","_블랙_379,440|_화이트_412,520","_블랙_379,440|_화이트_412,520"
16910258,리안리 PC-O11D EVO 업라이트 GPU 브라켓,"화이트_9,900","화이트_9,900","화이트_9,900","화이트_9,900","화이트_9,900","화이트_9,900","화이트_9,900","화이트_9,900","화이트_9,900","화이트_9,900"
16338878,리안리 PC-O11D EVO 탑 패널 IO 킷,"그레이_18,900","그레이_18,900","그레이_18,900","그레이_18,900","그레이_18,900","그레이_18,900","그레이_18,900","그레이_18,900","그레이_18,900","그레이_18,900"
16339118,리안리 PC-O11D EVO 프론트 메쉬 킷,"화이트_26,900",0,0,0,0,0,0,0,0,0
15794921,리안리 PC-O11D XL LOL 영혼의 꽃 아리 에디션,"349,000","349,000","349,000","331,550","331,550","349,000","349,000","349,000","324,570","324,570"
13480289,리안리 PW-PCI-420,"92,000","92,000","92,000","92,000",0,0,0,"92,000","92,000",0
95200685,리안리 PW-PCI-520X 라이저 케이블,"200mm_98,890","200mm_98,890","200mm_98,700","200mm_98,700","200mm_98,700","200mm_98,700","200mm_98,880","200mm_98,880","200mm_97,010","200mm_97,010"
59542682,리안리 SUP01,"_블랙_198,780|_화이트_198,780","_블랙_198,780|_화이트_198,780",0,0,0,0,0,0,0,"_블랙_196,640|_화이트_196,640"
59542694,리안리 SUP01,0,0,"_블랙_198,600|_화이트_198,600","_블랙_198,600|_화이트_198,600","_블랙_198,600|_화이트_198,600","_블랙_198,790|_화이트_198,790","_블랙_198,780|_화이트_198,780","_블랙_198,780|_화이트_198,780","_블랙_196,640|_화이트_196,640",0
92682122,리안리 Vector V100,"_블랙_77,000|_화이트_77,000","_블랙_77,000|_화이트_77,000","_블랙_77,000|_화이트_77,000","_블랙_77,000|_화이트_77,000","_블랙_77,000|_화이트_77,000","_블랙_77,000|_화이트_77,000","_블랙_77,000|_화이트_77,000","_블랙_77,000|_화이트_77,000","_블랙_77,000|_화이트_77,000",0
92682095,리안리 Vector V100,0,0,0,0,0,0,0,0,0,"_블랙_77,000|_화이트_77,000"
92682194,리안리 Vector V100 ARGB,"_블랙_98,890|_화이트_98,890","_블랙_98,890|_화이트_98,890","_블랙_98,710|_화이트_98,710","_블랙_98,710|_화이트_98,710","_블랙_98,710|_화이트_98,710","_블랙_98,890|_화이트_98,890","_블랙_98,890|_화이트_98,890","_블랙_98,890|_화이트_98,890","_블랙_97,820|_화이트_97,820","_블랙_97,820|_화이트_97,820"
105677921,리안리 Vector V100 ARGB MINI,"블랙_86,740","블랙_86,740","블랙_86,740","블랙_86,740","블랙_86,740","블랙_86,740","블랙_86,740","블랙_86,740","블랙_86,740","블랙_86,740"
105678098,리안리 Vector V100 MINI,"블랙_65,340","블랙_65,340","블랙_65,340","블랙_65,340","블랙_65,340","블랙_65,340","블랙_65,340","블랙_65,340","블랙_65,340","블랙_65,340"
29655500,마이크로닉스 ANGEL MINI,"39,900","39,900","39,900","39,900","39,900","39,900","39,900","39,900","39,900","39,900"
6456172,마이크로닉스 BOHEMIAN GUSTO,"42,800","42,800","42,800","42,800","42,800","42,800","42,800","42,800","42,800","42,800"
15906290,마이크로닉스 COOLMAX BANSHEE,"42,500","42,500",0,0,0,"42,500","42,500","42,500","42,500","42,500"
17791067,마이크로닉스 COOLMAX HEAVEN,"_블랙_25,000|_화이트_28,000","_블랙_25,000|_화이트_28,000","_블랙_25,000|_화이트_28,000","_블랙_25,000|_화이트_28,000","_블랙_25,000|_화이트_28,000","_블랙_25,000|_화이트_28,000","_블랙_25,000|_화이트_28,000","_블랙_25,000|_화이트_28,000","_블랙_25,000|_화이트_28,000","_블랙_25,000|_화이트_28,000"
100269845,마이크로닉스 COOLMAX V6,"_블랙_72,770|_화이트_79,240","_블랙_72,770|_화이트_79,240",0,0,"_블랙_72,770|_화이트_78,290","_블랙_72,770|_화이트_79,240","_블랙_72,770|_화이트_79,240","_블랙_72,770|_화이트_79,240","_블랙_72,770|_화이트_75,770","_블랙_77,500|_화이트_75,770"
100269842,마이크로닉스 COOLMAX V6,0,0,"_블랙_72,770|_화이트_78,290","_블랙_72,770|_화이트_78,290",0,0,0,0,0,0
10165092,마이크로닉스 COOLMAX 가성비 NO.2,"22,040","22,040","22,040","22,040","22,040","22,040","22,040","22,040","22,040","22,040"
67510613,마이크로닉스 COOLMAX 댄디,"16,900","16,900","16,900","19,110","24,000","24,000","24,000","24,000","24,000","24,000"
59927054,마이크로닉스 COOLMAX 레디,"35,130","35,130","35,500","35,500","35,500","35,500","35,880","35,880","35,510","35,510"
56156075,마이크로닉스 COOLMAX 멜로디 View,"_블랙_36,900|_화이트_41,900",0,0,"_블랙_36,900|_화이트_41,500",0,0,0,0,0,0
56156108,마이크로닉스 COOLMAX 멜로디 View,0,"_블랙_36,900|_화이트_41,900","_블랙_36,900|_화이트_41,890",0,"_블랙_36,900|_화이트_41,500","_블랙_36,900|_화이트_41,890","_블랙_36,900|_화이트_41,890","_블랙_36,900|_화이트_41,890","_블랙_36,900|_화이트_41,450","_블랙_36,900|_화이트_41,450"
63481523,마이크로닉스 COOLMAX 멜로디 XL View,"_블랙_39,900|_화이트_47,900",0,0,0,0,0,0,0,0,0
63481544,마이크로닉스 COOLMAX 멜로디 XL View,0,"_블랙_39,900|_화이트_47,900","_블랙_39,460|_화이트_47,890","_블랙_39,460|_화이트_47,890","_블랙_39,460|_화이트_47,890","_블랙_39,890|_화이트_47,890","_블랙_39,890|_화이트_47,890","_블랙_39,890|_화이트_47,890","_블랙_39,470|_화이트_47,890","_블랙_39,470|_화이트_47,890"
44906552,마이크로닉스 COOLMAX 버디,"19,900","19,900","19,900","19,900","19,900","19,900","19,900","19,900","19,900","19,900"
48648926,마이크로닉스 COOLMAX 스테디,"_블랙_45,910|_화이트_46,900","_블랙_45,910|_화이트_46,900","_블랙_45,900|_화이트_46,900","_블랙_45,900|_화이트_46,900","_블랙_45,900|_화이트_46,900","_블랙_45,900|_화이트_46,900","_블랙_45,900|_화이트_46,900","_블랙_45,900|_화이트_46,900","_블랙_45,900|_화이트_46,900","_블랙_45,900|_화이트_46,900"
98778077,마이크로닉스 COOLMAX 크리스탈,"블랙_38,180","블랙_38,180","블랙_38,170","블랙_38,170","블랙_38,170","블랙_38,170","블랙_38,170","블랙_38,170","블랙_37,190","블랙_37,190"
103518248,마이크로닉스 COOLMAX 크리스탈 WOODY,"블랙_45,380","블랙_45,380","블랙_45,370","블랙_45,370","블랙_45,370","블랙_45,370","블랙_45,370","블랙_45,370","블랙_44,160","블랙_44,160"
28857275,마이크로닉스 COOLMAX 투헤븐,"52,710","52,710","52,710","52,710","52,710","52,710","52,710","52,710","52,710","52,710"
19743740,마이크로닉스 EH1-몬드리안,"블랙_59,400","블랙_59,400","블랙_59,400","블랙_59,400","블랙_59,400","블랙_59,400","블랙_59,400","블랙_59,400","블랙_59,400","블랙_59,400"
57709328,마이크로닉스 EM1-Woofer 시그니처 에디션,"팝핀 레드_45,500","팝핀 레드_45,500","팝핀 레드_45,500","팝핀 레드_45,500","팝핀 레드_45,500","팝핀 레드_47,200","팝핀 레드_47,200","팝핀 레드_47,200","팝핀 레드_47,200","팝핀 레드_47,200"
29823077,마이크로닉스 GH5-미다스,"_블랙_90,000|_화이트_64,893","_블랙_90,000|_화이트_64,893","_블랙_90,000|_화이트_64,890","_블랙_90,000|_화이트_64,890","_블랙_90,000|_화이트_64,890","_블랙_90,000|_화이트_64,890","_블랙_90,000|_화이트_64,890","_블랙_90,000|_화이트_64,890","_블랙_90,000|_화이트_64,890","_블랙_90,000|_화이트_64,890"
16710428,마이크로닉스 GM3-문,"49,000","49,000","49,000","49,000","49,000","49,000","49,000","49,000","49,000","49,000"
12964061,마이크로닉스 GX1-PUNCH 강화유리,"108,000","108,000","108,000","108,000","108,000","108,000","108,000","108,000","108,000","108,000"
17451719,마이크로닉스 GX2-뉴런 글래스,"108,640","108,640","108,640","108,640","108,640","108,640","108,640","108,640","108,640","108,640"
16445945,마이크로닉스 Glory,"31,816","31,816","32,660","32,660","32,660","32,660","32,800","32,800","32,800","32,800"
16298882,마이크로닉스 LO1- FINO Plus,"51,900","51,900","51,900","51,900","51,900","51,900","51,900","51,900","51,900","51,900"
20461073,마이크로닉스 MANIC GM4-윙,"74,000","74,000","74,000","74,000","74,000","74,000","74,000","74,000","74,000","74,000"
32102741,마이크로닉스 ML-420 BTF,"_블랙_137,740|_화이트_138,900","_블랙_137,740|_화이트_138,900","_블랙_137,740|_화이트_138,900","_블랙_137,740|_화이트_138,900","_블랙_137,740|_화이트_138,900","_블랙_137,740|_화이트_138,900",0,"_블랙_137,740|_화이트_138,900","_블랙_137,740|_화이트_138,900","_블랙_137,740|_화이트_138,900"
32102759,마이크로닉스 ML-420 BTF,0,0,0,0,0,0,"_블랙_137,740|_화이트_138,900",0,0,0
33362510,마이크로닉스 ML-420 View BTF,"_블랙_145,790|_화이트_154,000","_블랙_145,790|_화이트_154,000","_블랙_145,790|_화이트_154,000","_블랙_145,790|_화이트_154,000","_블랙_145,790|_화이트_154,000","_블랙_145,790|_화이트_154,000",0,0,0,0
52066547,마이크로닉스 ML-420 View BTF,0,0,0,0,0,0,"_블랙_145,790|_화이트_154,000","_블랙_145,790|_화이트_154,000","_블랙_145,790|_화이트_154,000","_블랙_145,790|_화이트_154,000"
14566301,마이크로닉스 Master M60 + Classic II 600W 화이트 패키지,"122,000","122,000","122,000","122,000","122,000","122,000","122,000","122,000","122,000","122,000"
10423167,마이크로닉스 Master M60 메쉬,"_블랙_48,380|_화이트_49,900","_블랙_48,380|_화이트_49,900","_블랙_48,290|_화이트_49,900","_블랙_48,290|_화이트_49,900","_블랙_48,290|_화이트_49,900","_블랙_48,290|_화이트_49,900","_블랙_48,290|_화이트_49,900","_블랙_48,290|_화이트_49,900","_블랙_48,290|_화이트_49,900","_블랙_48,290|_화이트_49,900"
9735324,마이크로닉스 Master Z4 강화유리,"_블랙_87,990|_화이트_86,400",0,0,0,0,0,0,0,"_블랙_87,990|_화이트_86,400","_블랙_87,990|_화이트_86,400"
9735348,마이크로닉스 Master Z4 강화유리,0,"_블랙_87,990|_화이트_86,400","_블랙_87,990|_화이트_86,400","_블랙_87,990|_화이트_86,400","_블랙_87,990|_화이트_86,400","_블랙_87,990|_화이트_86,400","_블랙_87,990|_화이트_86,400","_블랙_87,990|_화이트_86,400",0,0
18963641,마이크로닉스 PCIE 4.0 라이저 케이블,"_100mm_46,600|_200mm_49,500","_100mm_46,600|_200mm_49,500","_100mm_46,600|_200mm_49,490","_100mm_46,600|_200mm_49,490","_100mm_46,600|_200mm_49,490","_100mm_46,600|_200mm_49,490","_100mm_46,600|_200mm_49,490","_100mm_46,600|_200mm_49,490","_100mm_46,600|_200mm_49,490","_100mm_46,600|_200mm_49,490"
12399140,마이크로닉스 POCO ITX 강화유리,"119,310","119,310","119,300","119,300","119,300","119,300","119,300","119,300","119,300","119,300"
3108227,마이크로닉스 QUANTA HMR-145N1,0,0,0,0,0,0,0,"160,000","160,000","160,000"
3095050,마이크로닉스 QUANTA HMR-245N1,0,0,0,0,0,0,"142,500","142,500","142,500","142,500"
13199333,마이크로닉스 QUANTA HMR-340SE,"106,000","106,000","106,000","106,000","106,000","106,000","106,000","106,000","106,000","106,000"
3092287,마이크로닉스 QUANTA HMR-345N1,"150,000","150,000","149,980","149,980","149,980","149,980","149,980","149,980","149,980","149,980"
3089595,마이크로닉스 QUANTA HMR-445N1,"134,000","134,000","134,000","134,000","134,000","134,000","134,000","134,000","134,000","134,000"
90956399,마이크로닉스 QUANTA HMR-445N1-GPU,"128,000","128,000","127,980","127,980","127,980","127,980","127,980","127,980","124,890","124,890"
3597766,마이크로닉스 QUANTA HMR-445SE,"99,000","99,000","99,000","99,000","99,000","99,000","99,000","99,000","99,000","99,000"
90956324,마이크로닉스 QUANTA HMR-445SE-GPU,"99,000","99,000","98,980","98,980","98,980","98,980","98,980","98,980","97,200","97,200"
3088902,마이크로닉스 QUANTA HMR-455N1,"151,000","151,000","151,000","151,000","151,000","151,000","151,000","151,000","151,000","151,000"
123962607,마이크로닉스 WIZMAX AI AIRZEN 160,"46,790","46,790","46,790","46,790","46,790","46,790","46,790","46,790","46,790","46,790"
93913109,마이크로닉스 WIZMAX CHILL 세븐팬,"48,890","48,890","48,890","48,890","48,890","48,890","48,890","47,433","47,433","47,433"
75071627,마이크로닉스 WIZMAX H100 V2,"24,056","24,056","24,050","24,050","24,050","24,050","24,050","24,050","24,050","24,050"
74545637,마이크로닉스 WIZMAX ML-360,"55,193","55,193","55,190","55,190","55,190","55,190","55,190","55,190","55,190","55,190"
67690019,마이크로닉스 WIZMAX ML-360 View,"_블랙_48,800|_화이트_54,070",0,"_블랙_48,800|_화이트_54,070","_블랙_48,800|_화이트_54,070","_블랙_48,800|_화이트_54,070","_블랙_48,800|_화이트_54,070",0,0,0,0
67690010,마이크로닉스 WIZMAX ML-360 View,0,"_블랙_48,800|_화이트_54,070",0,0,0,0,"_블랙_48,800|_화이트_54,070","_블랙_48,800|_화이트_54,070","_블랙_48,800|_화이트_54,070","_블랙_48,800|_화이트_54,070"
75657164,마이크로닉스 WIZMAX ML-360 WIDE BTF,"_블랙_111,800|_화이트_89,240","_블랙_111,800|_화이트_89,240","_블랙_111,800|_화이트_89,230","_블랙_111,800|_화이트_89,230","_블랙_111,800|_화이트_89,230","_블랙_111,800|_화이트_89,230","_블랙_111,800|_화이트_89,230","_블랙_111,800|_화이트_89,230","_블랙_111,800|_화이트_89,230","_블랙_111,800|_화이트_89,230"
62791454,마이크로닉스 WIZMAX ML-360 WIDE View BTF,"_블랙_91,020|_화이트_91,990",0,"_블랙_91,020|_화이트_91,990","_블랙_91,020|_화이트_91,990","_블랙_91,020|_화이트_91,990","_블랙_91,020|_화이트_91,990","_블랙_91,020|_화이트_91,990","_블랙_91,020|_화이트_91,990","_블랙_91,020|_화이트_91,990","_블랙_91,020|_화이트_91,990"
62791472,마이크로닉스 WIZMAX ML-360 WIDE View BTF,0,"_블랙_91,020|_화이트_91,990",0,0,0,0,0,0,0,0
90270587,마이크로닉스 WIZMAX ML-360 WIDE View BTF 카잔 에디션,"블랙_94,000","블랙_94,000",0,0,"블랙_94,000","블랙_94,000","블랙_94,000","블랙_94,000","블랙_94,000","블랙_94,000"
124166730,마이크로닉스 WIZMAX ML-420 에어로,"_블랙_160,440|_화이트_160,440","_블랙_160,440|_화이트_160,440","_블랙_160,430|_화이트_160,430","_블랙_160,430|_화이트_160,430","_블랙_160,430|_화이트_160,430","_블랙_160,430|_화이트_160,430","_블랙_160,000|_화이트_160,410","_블랙_160,000|_화이트_160,400","_블랙_160,000|_화이트_160,400","_블랙_160,000|_화이트_160,400"
94885829,마이크로닉스 WIZMAX 루프탑,"_블랙_93,760|_화이트_96,030","_블랙_93,760|_화이트_96,030","_블랙_93,760|_화이트_96,020","_블랙_93,760|_화이트_96,020","_블랙_93,760|_화이트_96,020","_블랙_93,760|_화이트_96,020","_블랙_93,760|_화이트_96,020","_블랙_93,760|_화이트_96,020","_블랙_93,760|_화이트_96,020",0
92045816,마이크로닉스 WIZMAX 루프탑,0,0,0,0,0,0,0,0,0,"_블랙_93,760|_화이트_96,020"
124412147,마이크로닉스 WIZMAX 릿지 MAX,0,0,0,0,0,가격비교예정,가격비교예정,"85,100","85,100","85,100"
122654161,마이크로닉스 WIZMAX 릿지 PRO,"블랙_56,820","블랙_38,900","블랙_38,900","블랙_38,900","블랙_38,900","블랙_56,820","블랙_56,820","블랙_38,900","블랙_38,900","블랙_38,900"
99290720,마이크로닉스 WIZMAX 모노크롬,"46,463","46,463","46,460","46,460","46,460","46,460","46,400","46,400","46,400","46,400"
72224144,마이크로닉스 WIZMAX 문,"블랙_50,343","블랙_50,343","블랙_50,340","블랙_50,340","블랙_50,340","블랙_50,340","블랙_50,340","블랙_50,340","블랙_50,340","블랙_50,340"
74809850,마이크로닉스 WIZMAX 문 + MANIC 트윙클 Digital RGB Sync,"트윙클 패키지_64,670","트윙클 패키지_64,670","트윙클 패키지_64,660","트윙클 패키지_64,660","트윙클 패키지_64,660","트윙클 패키지_64,660","트윙클 패키지_64,660","트윙클 패키지_64,660","트윙클 패키지_64,630","트윙클 패키지_64,630"
72753428,마이크로닉스 WIZMAX 벨라,"40,770","42,486","42,480","42,480","42,480","42,480","42,480","42,480","42,480","42,480"
123133770,마이크로닉스 WIZMAX 샤인,"188,990","188,990","188,990","188,990","188,990","188,990","188,990","188,990","188,990","188,990"
103480457,마이크로닉스 WIZMAX 스텔라,"93,800","93,800","93,800","93,800","93,800","93,800","93,800","93,800","93,800","93,800"
101643917,마이크로닉스 WIZMAX 슬로프,"_블랙_93,980|_화이트_102,170","_블랙_93,980|_화이트_102,170","_블랙_93,980|_화이트_102,170","_블랙_93,980|_화이트_102,170","_블랙_93,980|_화이트_102,170","_블랙_93,980|_화이트_102,170","_블랙_93,980|_화이트_102,170","_블랙_93,980|_화이트_102,170","_블랙_93,980|_화이트_102,170","_블랙_93,980|_화이트_102,170"
106702019,마이크로닉스 WIZMAX 슬로프 C30,"_블랙_103,870|_화이트_112,870","_블랙_103,870|_화이트_112,870",0,0,0,0,0,0,0,0
106702013,마이크로닉스 WIZMAX 슬로프 C30,0,0,"_블랙_103,870|_화이트_112,870","_블랙_103,870|_화이트_112,870","_블랙_103,870|_화이트_112,870","_블랙_103,870|_화이트_112,870","_블랙_103,870|_화이트_112,870","_블랙_103,870|_화이트_112,870","_블랙_103,870|_화이트_112,870","_블랙_103,870|_화이트_112,870"
74116568,마이크로닉스 WIZMAX 아트리안,"65,766","65,766","65,760","65,760","65,760","65,760","65,760","65,760","65,760","65,760"
99053390,마이크로닉스 WIZMAX 에어리안 130,"블랙_40,780","블랙_40,780","블랙_40,780","블랙_40,780","블랙_40,780","블랙_40,780","블랙_40,780","블랙_40,780","블랙_40,780","블랙_40,780"
79559438,마이크로닉스 WIZMAX 오닉스,"28,990","28,990","28,990","28,990","28,990","28,990","28,990","28,990","28,990","28,990"
72224189,마이크로닉스 WIZMAX 오로라,"달고나_24,420|_블랙_23,765|_화이트_26,578",0,"달고나_24,250|_블랙_23,760|_화이트_26,570",0,"달고나_24,250|_블랙_23,760|_화이트_26,570",0,0,"달고나_24,410|_블랙_23,760|_화이트_26,570","달고나_24,230|_블랙_23,760|_화이트_26,570",0
72224177,마이크로닉스 WIZMAX 오로라,0,"달고나_24,420|_블랙_23,765|_화이트_26,578",0,"달고나_24,250|_블랙_23,760|_화이트_26,570",0,"달고나_24,410|_블랙_23,760|_화이트_26,570","달고나_24,410|_블랙_23,760|_화이트_26,570",0,0,"_달고나_24,230|_블랙_23,760|화이트_26,570"
79559156,마이크로닉스 WIZMAX 우드리안 MAX,"84,330","84,330","84,330","84,330","84,330","84,330","84,330","84,330","84,330","84,330"
100692953,마이크로닉스 WIZMAX 우드리안 MAX 스텔라 블레이드 에디션,"88,800","88,800","88,800","88,800","88,800","88,800","88,800","88,800","88,800","88,800"
106746335,마이크로닉스 WIZMAX 우드리안 PRIME,"93,880","93,880","93,880","93,880","93,880","93,880","93,880","93,880","93,880","93,880"
79558676,마이크로닉스 WIZMAX 우드리안 PRO,"54,630","54,630","54,630","54,630","54,630","54,630","54,630","54,630","54,630","54,630"
91767113,마이크로닉스 WIZMAX 우드리안 ULTRA,"140,410","140,410","140,410","140,410","140,410","140,410","140,410","140,410","140,410","140,410"
96773051,마이크로닉스 WIZMAX 우퍼 딥톤,"_블랙_33,853|_화이트_37,130",0,"_블랙_33,850|_화이트_37,130","_블랙_33,850|_화이트_37,130","_블랙_33,850|_화이트_37,130","_블랙_33,850|_화이트_37,130","_블랙_33,850|_화이트_37,130","_블랙_33,850|_화이트_37,130","_블랙_33,850|_화이트_37,130","_블랙_33,850|_화이트_37,130"
96773036,마이크로닉스 WIZMAX 우퍼 딥톤,0,"_블랙_33,853|_화이트_37,130",0,0,0,0,0,0,0,0
10359000,마이크로닉스 오피스,"34,500","34,500","34,490","34,490","34,490","34,490","34,490","34,490","34,490","34,490"
122681028,몬스타 가츠 LINKUP PCIe 5.0 라이저케이블 화이트,"_200mm_89,000|_300mm_99,000","_200mm_89,000|_300mm_99,000","_200mm_89,000|_300mm_99,000","_200mm_89,000|_300mm_99,000","_200mm_89,000|_300mm_99,000",0,0,0,0,0
122660870,몬스타 가츠 X20 심플,"화이트_22,660",0,0,0,0,0,0,0,0,0
88232735,몬스타 가츠 X225 모델0,0,"블랙_29,690","블랙_29,690","블랙_29,690","블랙_29,690",0,0,0,0,0
47488814,몬스타 가츠 X420A,"_블랙_29,770|_화이트_34,270","_블랙_29,770|_화이트_34,200","_블랙_29,770|_화이트_34,270","_블랙_29,770|_화이트_34,270","_블랙_29,770|_화이트_34,270",0,0,0,0,0
73883561,몬스타 가츠 Y300M 철가방,"_블랙_27,160|_화이트_27,160","_블랙_27,160|_화이트_27,160","_블랙_27,160|_화이트_27,160","_블랙_27,160|_화이트_27,160","_블랙_27,160|_화이트_27,160",0,0,0,0,0
73250738,몬스타 가츠 Y360M 엣지,"_블랙_43,880|_화이트_44,470","_블랙_43,880|_화이트_43,650",0,0,"_블랙_43,880|_화이트_43,650","_블랙_44,480|_화이트_43,650",0,0,0,0
64295855,몬스타 가츠 Y623A 아쿠아,"_블랙_54,860|_화이트_60,080",0,0,0,0,"_블랙_55,900|_화이트_61,220",0,0,0,0
77788898,비티즈 BC20 MINI,0,"_블랙_24,990|_화이트_27,360","_블랙_24,990|_화이트_27,360",0,0,0,0,0,0,0
123235966,슈퍼스페이스 SS-PC1,"블랙_15,350","블랙_15,350","블랙_15,350","블랙_15,350","블랙_15,350","블랙_15,350","블랙_15,350","블랙_15,350","블랙_15,350","블랙_15,350"
90157958,싸이번 EDGE CV-R5,"_블랙_46,490|_화이트_52,500","_블랙_46,490|_화이트_52,500","_블랙_46,490|_화이트_52,500","_블랙_46,490|_화이트_52,500","_블랙_46,490|_화이트_52,500","_블랙_46,490|_화이트_52,500","_블랙_46,490|_화이트_52,500","_블랙_46,490|_화이트_52,500","_블랙_46,490|_화이트_52,500","_블랙_46,490|_화이트_52,500"
90157820,싸이번 EDGE CV-Z3 iCafe,"_블랙_39,900|_화이트_42,900","_블랙_39,900|_화이트_42,900","_블랙_39,900|_화이트_42,900","_블랙_39,900|_화이트_42,900",0,0,0,0,0,0
90157793,싸이번 EDGE CV-Z3 iCafe,0,0,0,0,"_블랙_39,900|_화이트_42,900","_블랙_39,900|_화이트_42,900","_블랙_39,900|_화이트_42,900","_블랙_39,900|_화이트_42,900","_블랙_39,900|_화이트_42,900","_블랙_39,900|_화이트_42,900"
77015099,싸이번 Edge CV-Z9,"_블랙_135,000|_화이트_150,000","_블랙_135,000|_화이트_150,000","_블랙_135,000|_화이트_150,000","_블랙_135,000|_화이트_150,000","_블랙_135,000|_화이트_150,000","_블랙_135,000|_화이트_150,000","_블랙_135,000|_화이트_150,000","_블랙_135,000|_화이트_150,000",0,0
77015135,싸이번 Edge CV-Z9,0,0,0,0,0,0,0,0,"_블랙_135,000|_화이트_150,000","_블랙_135,000|_화이트_150,000"
103518575,싸이번 Edge CV-Z9 바이오스 LCD,"_블랙_113,900|_화이트_120,720","_블랙_113,900|_화이트_120,720","_블랙_113,900|_화이트_120,720","_블랙_113,900|_화이트_120,720","_블랙_113,900|_화이트_120,720","_블랙_113,900|_화이트_120,720","_블랙_113,900|_화이트_120,720","_블랙_113,900|_화이트_120,720","_블랙_113,900|_화이트_120,720","_블랙_113,900|_화이트_120,720"
76943861,싸이번 LIMPID Micro-1,"블랙_21,000","블랙_21,000","블랙_21,000","블랙_21,000","블랙_21,000","블랙_21,000","블랙_21,000","블랙_21,000","블랙_21,000","블랙_21,000"
77783486,싸이번 LIMPID SC-M5,"_블랙_38,350|_화이트_43,500",0,0,0,0,0,"_블랙_39,900|_화이트_43,500","_블랙_39,900|_화이트_43,500","_블랙_39,900|_화이트_43,500","_블랙_39,900|_화이트_43,500"
77783474,싸이번 LIMPID SC-M5,0,"_블랙_38,350|_화이트_43,500","_블랙_38,350|_화이트_43,500","_블랙_38,350|_화이트_43,500","_블랙_38,350|_화이트_43,500","_블랙_38,350|_화이트_43,500",0,0,0,0
98072684,싸이번 LIMPID SC-M5 PLUS BONITO Edition,"_블랙_61,590|_화이트_65,000","_블랙_61,590|_화이트_65,000","_블랙_61,590|_화이트_65,000","_블랙_61,590|_화이트_65,000","_블랙_61,590|_화이트_65,000","_블랙_61,590|_화이트_65,000","_블랙_61,590|_화이트_65,000","_블랙_61,590|_화이트_65,000","_블랙_61,590|_화이트_65,000","_블랙_61,590|_화이트_65,000"
90157658,싸이번 LIMPID SC-X7 BTF,"_블랙_76,900|_화이트_79,900","_블랙_76,900|_화이트_79,900",0,0,0,0,0,0,0,0
90157679,싸이번 LIMPID SC-X7 BTF,0,0,"_블랙_76,900|_화이트_79,900","_블랙_76,900|_화이트_79,900","_블랙_76,900|_화이트_79,900","_블랙_76,900|_화이트_79,900","_블랙_76,900|_화이트_79,900","_블랙_76,900|_화이트_79,900","_블랙_76,900|_화이트_79,900","_블랙_76,900|_화이트_79,900"
99732599,싸이번 SD600 도미닉 RGB,"블랙_34,900","블랙_34,900","블랙_34,900","블랙_34,900","블랙_34,900","블랙_34,900","블랙_34,900","블랙_34,900","블랙_34,900","블랙_34,900"
81718196,써멀테이크 The Tower 600 스탠드 키트,0,0,"그래벌 샌드_47,030|라이트이어 그린_47,020|말차 그린_47,020|_버블 핑크_47,020|_범블비_47,010||||",0,0,0,0,0,0,0
122682859,아이구주 HATCH GM10,"_블랙_13,490|_화이트_14,850","_블랙_13,490|_화이트_14,850","_블랙_13,490|_화이트_14,850","_블랙_13,490|_화이트_14,850","_블랙_13,490|_화이트_14,850","_블랙_13,446|_화이트_15,160","_블랙_13,440|_화이트_15,160","_블랙_13,440|_화이트_15,160","_블랙_13,440|_화이트_15,160","_블랙_13,440|_화이트_15,160"
122682963,아이구주 HATCH PM10,"_블랙_20,990|_화이트_23,990","_블랙_20,990|_화이트_23,990","_블랙_20,990|_화이트_23,990","_블랙_20,990|_화이트_23,990","_블랙_20,990|_화이트_23,990","_블랙_20,619|_화이트_23,859","_블랙_20,930|_화이트_23,850","_블랙_20,930|_화이트_23,850","_블랙_20,930|_화이트_23,850","_블랙_20,930|_화이트_23,850"
122719086,아이구주 HATCH S100,"_블랙_44,490|_화이트_48,490","_블랙_44,490|_화이트_48,490","_블랙_44,490|_화이트_48,490","_블랙_44,490|_화이트_48,490","_블랙_44,490|_화이트_48,490","_블랙_43,794|_화이트_47,529","_블랙_44,440|_화이트_48,250","_블랙_44,440|_화이트_48,250","_블랙_44,440|_화이트_48,250","_블랙_44,440|_화이트_48,250"
122719092,아이구주 HATCH S100,0,"_블랙_44,490|_화이트_48,490","_블랙_44,490|_화이트_48,490",0,0,0,0,0,0,0
122719131,아이구주 HATCH S200,"_블랙_48,490|_화이트_52,490","_블랙_48,490|_화이트_52,490","_블랙_48,490|_화이트_52,490","_블랙_48,490|_화이트_52,490","_블랙_48,490|_화이트_52,490","_블랙_47,529|_화이트_51,588","_블랙_48,250|_화이트_52,370","_블랙_48,250|_화이트_52,370","_블랙_48,250|_화이트_52,370","_블랙_48,250|_화이트_52,370"
122702674,아이구주 HATCH S600 V2,"_블랙_68,990|_화이트_72,990","_블랙_68,990|_화이트_72,990","_블랙_68,990|_화이트_72,990","_블랙_68,990|_화이트_72,990","_블랙_68,990|_화이트_72,990","_블랙_68,990|_화이트_72,650","_블랙_68,990|_화이트_72,650","_블랙_68,990|_화이트_72,650","_블랙_68,990|_화이트_72,650","_블랙_68,990|_화이트_72,650"
76329191,아이구주 VENTI P5000L,"_블랙_47,990|_화이트_50,990","_블랙_47,990|_화이트_50,990",0,"_블랙_47,990|_화이트_50,990","_블랙_47,990|_화이트_50,990",0,0,0,0,0
123537617,아이구주 VENTI P700 BTF,"_블랙_63,990|_화이트_68,990","_블랙_63,990|_화이트_68,990","_블랙_63,990|_화이트_68,990","_블랙_63,990|_화이트_68,990","_블랙_63,990|_화이트_68,990","_블랙_63,990|_화이트_68,990","_블랙_63,990|_화이트_68,990","_블랙_63,990|_화이트_68,990","_블랙_63,990|_화이트_68,990","_블랙_63,990|_화이트_68,990"
96308750,앱코 C10M 컴팩트,"블랙_17,900","블랙_17,900","블랙_17,900","블랙_17,900","블랙_17,900","블랙_17,900","블랙_17,900","블랙_17,900","블랙_17,900","블랙_17,900"
28058570,앱코 G15 세이퍼 아크릴,"_블랙_38,500|_화이트_43,900","_블랙_38,500|_화이트_43,900","_블랙_38,500|_화이트_43,900","_블랙_38,500|_화이트_43,900","_블랙_38,500|_화이트_43,900","_블랙_38,500|_화이트_43,900","_블랙_38,500|_화이트_43,900","_블랙_38,500|_화이트_43,900","_블랙_38,500|_화이트_43,900","_블랙_38,500|_화이트_43,900"
31646468,앱코 G20 에픽 강화유리,"_블랙_38,500|_화이트_39,900","_블랙_38,500|_화이트_39,900","_블랙_38,500|_화이트_39,900","_블랙_38,500|_화이트_39,900","_블랙_38,500|_화이트_39,900","_블랙_38,500|_화이트_39,900",0,0,0,0
31646423,앱코 G20 에픽 강화유리,0,0,0,0,0,0,"_블랙_38,500|_화이트_39,900","_블랙_38,500|_화이트_39,900","_블랙_38,500|_화이트_39,900","_블랙_38,500|_화이트_39,900"
27762230,앱코 G21M 니트,"52,500","52,500","52,500","52,500","52,500","52,500","52,500","52,500","52,500","52,500"
31986053,앱코 G25 매그넘 강화유리,"화이트_48,000","화이트_48,000","화이트_48,000","화이트_48,000","화이트_48,000","화이트_48,000","화이트_48,000","화이트_48,000","화이트_48,000","화이트_48,000"
94088714,앱코 G26 메가플로우 MESH,"_블랙_39,900|_화이트_45,900","_블랙_39,900|_화이트_45,900","_블랙_39,900|_화이트_45,900","_블랙_39,900|_화이트_45,900","_블랙_39,900|_화이트_45,900","_블랙_39,900|_화이트_45,900","_블랙_39,900|_화이트_45,900","_블랙_39,900|_화이트_45,900","_블랙_39,900|_화이트_45,900","_블랙_39,900|_화이트_45,900"
94088324,앱코 G26M 메가플로우 미니 MESH,"블랙_39,190","블랙_40,530","블랙_39,810","블랙_39,910","블랙_40,170","블랙_40,170","블랙_39,290","블랙_40,010","블랙_40,010","블랙_39,600"
105967793,앱코 G31 오메가포스 세븐팬,"_블랙_47,900|_화이트_50,900","_블랙_47,900|_화이트_50,900","_블랙_47,900|_화이트_50,900","_블랙_47,900|_화이트_50,900","_블랙_47,900|_화이트_50,900","_블랙_47,900|_화이트_50,900","_블랙_47,900|_화이트_50,900","_블랙_47,900|_화이트_50,900","_블랙_47,900|_화이트_50,900","_블랙_47,900|_화이트_50,900"
99640949,앱코 G50 빅플로우 MESH ARGB BTF,"_블랙_107,000|_화이트_99,000","_블랙_107,000|_화이트_99,000","_블랙_107,000|_화이트_98,250","_블랙_107,000|_화이트_99,000","_블랙_107,000|_화이트_99,000","_블랙_107,000|_화이트_99,000","_블랙_107,000|_화이트_99,000","_블랙_107,000|_화이트_99,000","_블랙_107,000|_화이트_99,000","_블랙_107,000|_화이트_99,000"
15063971,앱코 NCORE G30 트루포스,"_블랙_49,000|_화이트_45,000","_블랙_49,000|_화이트_45,000","_블랙_49,000|_화이트_45,000","_블랙_49,000|_화이트_45,000","_블랙_49,000|_화이트_45,000","_블랙_49,000|_화이트_45,000","_블랙_49,000|_화이트_45,000",0,0,0
14705840,앱코 NCORE G30 트루포스,0,0,0,0,0,0,0,"_블랙_49,000|_화이트_45,000","_블랙_49,000|_화이트_45,000","_블랙_49,000|_화이트_45,000"
30140324,앱코 NCORE R320 SYNC,"90,750","90,750","90,750","90,750","90,750","90,750","90,750","90,750","90,750","90,750"
10487241,앱코 NCORE 미라클 강화유리 LUMIA,"화이트_84,000","화이트_84,000","화이트_84,000","화이트_84,000","화이트_84,000","화이트_84,000",0,0,0,"화이트_84,000"
5638749,앱코 NCORE 벨루스 풀 아크릴,0,"21,000","21,000","21,000","21,000","21,000","21,000","21,000","21,000","21,000"
8043859,앱코 NCORE 언더바,"23,700","23,700","23,700","23,700","23,700","23,700","23,700","23,700","23,700","23,700"
123763386,앱코 NCORE 언더바 (리퍼비시),0,0,0,0,0,0,0,0,"15,000","15,000"
11626910,앱코 NCORE 커넬 강화유리,"35,800","35,800","35,800","35,800","35,800","35,800","35,800","35,800","35,800","35,800"
4033315,앱코 NCORE 픽셀,"31,320","31,320","31,320","31,320","31,320","31,320","31,320","31,320","31,320","31,320"
31412510,앱코 O10M 오피스 라이트,"_블랙_19,600|_화이트_22,000","_블랙_19,600|_화이트_22,000","_블랙_19,600|_화이트_22,000","_블랙_19,600|_화이트_22,000","_블랙_19,600|_화이트_22,000","_블랙_19,600|_화이트_22,000","_블랙_19,590|_화이트_22,000","_블랙_19,590|_화이트_22,000","_블랙_19,590|_화이트_22,000","_블랙_19,590|_화이트_22,000"
27922328,앱코 O20M 오피스,"_블랙_23,600|_화이트_25,400","_블랙_23,600|_화이트_25,400","_블랙_23,600|_화이트_25,400","_블랙_23,600|_화이트_25,400","_블랙_23,600|_화이트_25,400","_블랙_23,600|_화이트_25,400","_블랙_23,600|_화이트_25,400","_블랙_23,600|_화이트_25,400","_블랙_23,600|_화이트_25,400","_블랙_23,600|_화이트_25,400"
14799467,앱코 PUBG 배틀그라운드 하자드 에디션,"53,550","53,550","53,550","53,550","53,550","53,550","53,550","53,550","53,550","53,550"
9295779,앱코 SUITMASTER 321X 듀얼리티 강화유리 스펙트럼 Dualight,"_블랙_55,000|_화이트_56,000","_블랙_55,000|_화이트_56,000","_블랙_55,000|_화이트_56,000","_블랙_55,000|_화이트_56,000","_블랙_55,000|_화이트_56,000","_블랙_55,000|_화이트_56,000","_블랙_55,000|_화이트_56,000","_블랙_55,000|_화이트_56,000","_블랙_55,000|_화이트_56,000","_블랙_55,000|_화이트_56,000"
9456939,앱코 SUITMASTER 322S 인테이커 강화유리 스펙트럼 Dualight,"화이트_49,450","화이트_45,560","화이트_45,560","화이트_45,560","화이트_45,560","화이트_45,560","화이트_45,560","화이트_45,560","화이트_45,560","화이트_45,560"
5718431,앱코 SUITMASTER 361G 칼리스토 강화유리 DOUBLING,"화이트_89,000","화이트_89,000","화이트_89,000","화이트_89,000","화이트_89,000","화이트_89,000","화이트_89,000","화이트_89,000","화이트_89,000","화이트_89,000"
9916125,앱코 SUITMASTER 760S 어트랙션 강화유리 스펙트럼 Duplex,"_블랙_67,470|_화이트_55,310","_블랙_67,470|_화이트_55,310","_블랙_67,470|_화이트_55,310","_블랙_67,470|_화이트_55,310","_블랙_67,470|_화이트_55,310","_블랙_67,470|_화이트_55,310","_블랙_67,470|_화이트_55,310","_블랙_67,470|_화이트_55,310","_블랙_67,470|_화이트_55,310","_블랙_67,470|_화이트_55,310"
12689864,앱코 SUITMASTER AL1000,"레드와인_289,990","레드와인_289,990","레드와인_289,990","레드와인_289,990","레드와인_289,990","레드와인_289,990","레드와인_289,990","레드와인_289,990","레드와인_289,990","레드와인_289,990"
12648995,앱코 SUITMASTER AL300M 강화유리,"_로즈골드_71,980|_미드나잇블루_71,980","_로즈골드_71,980|_미드나잇블루_71,980","_로즈골드_71,980|_미드나잇블루_71,980","_로즈골드_71,980|_미드나잇블루_71,980",0,0,0,0,"_로즈골드_71,989|_미드나잇블루_71,989","_로즈골드_71,989|_미드나잇블루_71,989"
12649013,앱코 SUITMASTER AL300M 강화유리,0,0,0,0,"_로즈골드_71,980|_미드나잇블루_71,980","_로즈골드_71,980|_미드나잇블루_71,980","_로즈골드_71,989|_미드나잇블루_71,989","_로즈골드_71,989|_미드나잇블루_71,989",0,0
15894449,앱코 SUITMASTER H2000 스마트 쿨링,"화이트_78,000","화이트_78,000","화이트_78,000","화이트_78,000","화이트_78,000","화이트_78,000","화이트_78,000","화이트_78,000","화이트_78,000","화이트_78,000"
29905487,앱코 SUITMASTER M2000 NOVA ARGB 강화유리,"화이트_59,900","화이트_59,900","화이트_59,900","화이트_59,900","화이트_59,900","화이트_59,900","화이트_59,900","화이트_59,900","화이트_59,900","화이트_59,900"
41495963,앱코 SUITMASTER M3000 뉴본 ARGB 강화유리,"화이트_108,000","화이트_108,000","화이트_108,000","화이트_108,000","화이트_108,000","화이트_108,000","화이트_108,000","화이트_108,000","화이트_108,000","화이트_108,000"
73616639,앱코 SUITMASTER MF360 리얼우드,"_블랙_73,900|_화이트_76,900","_블랙_73,900|_화이트_76,900","_블랙_73,900|_화이트_76,900","_블랙_73,900|_화이트_76,900","_블랙_73,900|_화이트_76,900","_블랙_73,900|_화이트_76,900","_블랙_73,900|_화이트_76,900","_블랙_73,900|_화이트_76,900","_블랙_73,900|_화이트_76,900","_블랙_73,900|_화이트_76,900"
15050393,앱코 SUITMASTER P1000 강화유리,"화이트_59,000","화이트_59,000","화이트_59,000","화이트_59,000","화이트_59,000","화이트_59,000","화이트_59,000","화이트_59,000","화이트_59,000","화이트_59,000"
10558761,앱코 SUITMASTER TA210 플라즈마 아크릴 LUNAR,"53,160","53,160","53,160","53,160","53,160","53,160","53,160","53,160","53,160","53,160"
18412487,앱코 SUITMASTER U1000 ONE ARGB,"화이트_78,900","화이트_78,900","화이트_78,900","화이트_78,900","화이트_78,900","화이트_78,900","화이트_78,900","화이트_78,900","화이트_78,900","화이트_78,900"
21583037,앱코 SUITMASTER U3000 갤러리 ARGB 강화유리,"_블랙_65,900|_화이트_65,900","_블랙_65,900|_화이트_65,900","_블랙_65,900|_화이트_65,900","_블랙_65,900|_화이트_65,900","_블랙_65,900|_화이트_65,900","_블랙_65,900|_화이트_65,900",0,0,0,0
21583046,앱코 SUITMASTER U3000 갤러리 ARGB 강화유리,0,0,0,0,0,0,"_블랙_65,900|_화이트_65,900","_블랙_65,900|_화이트_65,900","_블랙_65,900|_화이트_65,900","_블랙_65,900|_화이트_65,900"
34336412,앱코 SUITMASTER U3000M 갤러리 미니 리버스 ARGB BTF,"_블랙_58,000|_화이트_58,000","_블랙_58,000|_화이트_58,000","_블랙_58,000|_화이트_58,000","_블랙_58,000|_화이트_58,000","_블랙_58,000|_화이트_58,000","_블랙_58,000|_화이트_58,000","_블랙_58,000|_화이트_58,000","_블랙_58,000|_화이트_58,000","_블랙_58,000|_화이트_58,000","_블랙_58,000|_화이트_58,000"
16604054,앱코 SUITMASTER V2000 베놈 ARGB,"화이트_47,620","화이트_47,620","화이트_47,620","화이트_47,620","화이트_47,620","화이트_47,620","화이트_47,620","화이트_47,620","화이트_47,620","화이트_47,620"
101632583,앱코 U10M 큐빅 라이트,"_블랙_19,900|_화이트_22,500","_블랙_19,900|_화이트_22,500","_블랙_19,900|_화이트_22,500","_블랙_19,900|_화이트_22,500","_블랙_19,900|_화이트_22,500","_블랙_19,900|_화이트_22,500","_블랙_19,900|_화이트_22,500","_블랙_19,900|_화이트_22,500","_블랙_19,900|_화이트_22,500","_블랙_19,900|_화이트_22,500"
32865761,앱코 U20 큐빅 강화유리,"화이트_37,500","화이트_37,500","화이트_37,500","화이트_37,500","화이트_37,500","화이트_37,500","화이트_37,500","화이트_37,500","화이트_37,500","화이트_37,500"
56138000,앱코 U20M 큐빅 미니,"_블랙_34,700|_화이트_38,070","_블랙_34,700|_화이트_38,070","_블랙_34,700|_화이트_38,070","_블랙_34,700|_화이트_38,070","_블랙_34,700|_화이트_38,070","_블랙_34,700|_화이트_38,070","_블랙_34,700|_화이트_38,070",0,0,0
56138012,앱코 U20M 큐빅 미니,0,0,0,0,0,0,0,"_블랙_34,700|_화이트_38,070","_블랙_34,700|_화이트_38,070","_블랙_34,700|_화이트_38,070"
95424719,앱코 U20MP 큐빅 미니+ 디스플레이,"블랙_39,900","블랙_39,900","블랙_39,900","블랙_39,900","블랙_39,900","블랙_39,900","블랙_39,900","블랙_39,900","블랙_39,900","블랙_39,900"
53783243,앱코 U30 마린,"_블랙_41,900|_화이트_49,900","_블랙_41,900|_화이트_49,900","_블랙_41,900|_화이트_49,900","_블랙_41,900|_화이트_49,900","_블랙_41,900|_화이트_49,900","_블랙_41,900|_화이트_49,900","_블랙_41,890|_화이트_49,890",0,"_블랙_41,900|_화이트_49,890","_블랙_41,900|_화이트_49,890"
53783246,앱코 U30 마린,0,0,0,0,0,0,0,"_블랙_41,900|_화이트_49,890",0,0
94812776,앱코 U30P 마린+ 디스플레이,"_블랙_46,900|_화이트_49,900","_블랙_46,900|_화이트_49,900","_블랙_46,900|_화이트_49,900",0,0,"_블랙_46,900|_화이트_49,900","_블랙_46,900|_화이트_49,900",0,"_블랙_46,900|_화이트_49,900","_블랙_46,900|_화이트_49,900"
94812809,앱코 U30P 마린+ 디스플레이,0,0,0,"_블랙_46,900|_화이트_49,900","_블랙_46,900|_화이트_49,900",0,0,"_블랙_46,900|_화이트_49,900",0,0
64392029,앱코 U40M 웨일샤크 ARGB BTF,"_블랙_56,000|_블랙화이트_62,000|화이트_62,000","_블랙_56,000|_블랙화이트_62,000|화이트_62,000","_블랙_56,000|_블랙화이트_62,000|화이트_62,000","_블랙_56,000|_블랙화이트_62,000|화이트_62,000","_블랙_56,000|_블랙화이트_62,000|화이트_62,000","_블랙_56,000|_블랙화이트_62,000|화이트_62,000","_블랙_56,000|_블랙화이트_62,000|화이트_62,000","_블랙_56,000|_블랙화이트_62,000|화이트_62,000","_블랙_56,000|_블랙화이트_62,000|화이트_62,000","_블랙_56,000|_블랙화이트_62,000|화이트_62,000"
91348970,앱코 UD20M 미니웨일,"블랙_25,700","블랙_25,700","블랙_25,700","블랙_25,700","블랙_25,700","블랙_25,700","블랙_25,700","블랙_25,700","블랙_25,700","블랙_25,700"
68574686,앱코 UD50 블루웨일 ARGB BTF,"_블랙_65,900|_화이트_69,900","_블랙_65,900|_화이트_69,900","_블랙_65,900|_화이트_69,900","_블랙_65,900|_화이트_69,900","_블랙_65,900|_화이트_69,900",0,0,0,0,0
68574671,앱코 UD50 블루웨일 ARGB BTF,0,0,0,0,0,"_블랙_65,900|_화이트_69,900","_블랙_65,900|_화이트_69,900","_블랙_65,900|_화이트_69,900","_블랙_65,900|_화이트_69,900","_블랙_65,900|_화이트_69,900"
93320456,앱코 UD50C 루시드 앰비언트 풀커브드 ARGB BTF,"_블랙_139,000|_화이트_125,000","_블랙_139,000|_화이트_125,000","_블랙_139,000|_화이트_125,000","_블랙_139,000|_화이트_125,000","_블랙_139,000|_화이트_125,000","_블랙_139,000|_화이트_125,000","_블랙_139,000|_화이트_125,000","_블랙_139,000|_화이트_125,000","_블랙_139,000|_화이트_125,000","_블랙_139,000|_화이트_125,000"
105968012,앱코 UD51 엑시드 ARGB BTF,"_블랙_95,680|_화이트_103,990","_블랙_95,680|_화이트_103,990","_블랙_95,680|_화이트_103,990","_블랙_95,680|_화이트_103,990","_블랙_95,680|_화이트_103,990","_블랙_95,680|_화이트_103,990","_블랙_95,680|_화이트_103,990","_블랙_95,680|_화이트_103,990","_블랙_93,780|_화이트_103,990","_블랙_93,780|_화이트_103,990"
122678036,앱코 UD51L 엑시드 LCD 강화유리 ARGB BTF,"_블랙_159,000|_화이트_158,830","_블랙_159,000|_화이트_159,000","_블랙_159,000|_화이트_159,000","_블랙_159,000|_화이트_159,000","_블랙_159,000|_화이트_159,000","_블랙_159,000|_화이트_159,000","_블랙_159,000|_화이트_159,000","_블랙_159,000|_화이트_159,000",0,0
122678063,앱코 UD51L 엑시드 LCD 강화유리 ARGB BTF,0,0,0,0,0,0,0,0,"_블랙_159,000|_화이트_159,000","_블랙_159,000|_화이트_159,000"
124022090,앱코 UD51L 엑시드 LCD 강화유리 ARGB BTF (리퍼비시),"110,000","110,000","110,000","110,000",0,0,0,0,0,0
123776286,앱코 UF40 에어로직 파노라믹 뷰 VGA쿨링 ARGB,"_블랙_89,000|_화이트_89,900","_블랙_89,000|_화이트_89,900","_블랙_89,000|_화이트_89,900","_블랙_89,000|_화이트_89,900","_블랙_89,000|_화이트_89,900","_블랙_89,000|_화이트_89,900","_블랙_89,000|_화이트_89,900","_블랙_89,000|_화이트_89,900","_블랙_88,060|_화이트_88,940","_블랙_88,060|_화이트_88,940"
76160312,앱코 UH40 킬러웨일 ARGB,"_블랙_63,000|_화이트_68,500","_블랙_63,990|_화이트_68,500","_블랙_63,990|_화이트_68,500","_블랙_63,990|_화이트_68,500","_블랙_63,990|_화이트_68,500","_블랙_63,990|_화이트_68,500","_블랙_63,990|_화이트_68,500","_블랙_63,990|_화이트_68,500","_블랙_63,990|_화이트_68,500","_블랙_63,990|_화이트_68,500"
32485628,에디 A0,"_블랙_26,270|_화이트_27,450","_블랙_26,100|_화이트_28,690","_블랙_26,270|_화이트_28,690",0,0,0,0,0,"_블랙_26,100|_화이트_28,690","_블랙_26,100|_화이트_28,690"
124258875,오쓰 CV-4기통 140 RGB,"_블랙_42,600|_화이트_45,300","_블랙_42,600|_화이트_45,300","_블랙_42,600|_화이트_45,300","_블랙_42,600|_화이트_45,300","_블랙_42,600|_화이트_45,300","_블랙_42,600|_화이트_45,300","_블랙_42,600|_화이트_45,300","_블랙_42,600|_화이트_45,300","_블랙_42,600|_화이트_45,300","_블랙_42,600|_화이트_45,300"
124276419,오쓰 CV-5,"_블랙_52,940|_화이트_58,240","_블랙_52,940|_화이트_58,240","_블랙_52,940|_화이트_58,240","_블랙_52,940|_화이트_58,240","_블랙_52,940|_화이트_58,240","_블랙_52,940|_화이트_58,240","_블랙_52,940|_화이트_58,240","_블랙_52,940|_화이트_58,240","_블랙_52,940|_화이트_58,240","_블랙_52,940|_화이트_58,240"
124276428,오쓰 CV-5,0,0,0,0,"_블랙_52,940|_화이트_58,240","_블랙_52,940|_화이트_58,240","_블랙_52,940|_화이트_58,240",0,0,0
122664932,오쓰 JETTA,"블랙_14,510","블랙_14,510","블랙_14,510","블랙_14,510","블랙_14,510","블랙_14,510","블랙_14,510","블랙_14,510","블랙_14,510","블랙_14,510"
122673623,오쓰 NICE,"_블랙_40,940|_화이트_50,800","_블랙_40,940|_화이트_50,800","_블랙_40,940|_화이트_50,800","_블랙_40,940|_화이트_50,800","_블랙_40,940|_화이트_50,800","_블랙_40,940|_화이트_50,800","_블랙_40,940|_화이트_50,800","_블랙_40,940|_화이트_50,800","_블랙_40,940|_화이트_50,800","_블랙_40,940|_화이트_50,800"
122694968,오쓰 SOLID FULL MESH,"_블랙_63,530|_화이트_68,830","_블랙_63,530|_화이트_68,830","_블랙_63,530|_화이트_68,830","_블랙_63,530|_화이트_68,830","_블랙_63,530|_화이트_68,830","_블랙_63,530|_화이트_68,830","_블랙_63,530|_화이트_68,830","_블랙_63,530|_화이트_68,830","_블랙_63,530|_화이트_68,830","_블랙_63,530|_화이트_68,830"
122706771,오쓰 ULTRA 세븐팬,"_블랙_50,830|_화이트_59,300","_블랙_50,830|_화이트_59,300","_블랙_50,830|_화이트_59,300","_블랙_50,830|_화이트_59,300","_블랙_50,830|_화이트_59,300","_블랙_50,830|_화이트_59,300","_블랙_50,830|_화이트_59,300","_블랙_50,830|_화이트_59,300","_블랙_50,830|_화이트_59,300","_블랙_50,830|_화이트_59,300"
124130149,이그닉 마스터 강화유리 어항케이스,"화이트_36,890","화이트_36,890","화이트_33,890","화이트_33,890","화이트_33,890","화이트_33,890","화이트_33,890","화이트_33,890","화이트_33,890","화이트_33,890"
122712426,이그닉 젠지 강화유리 어항케이스,"_블랙_23,900|_화이트_24,900","_블랙_23,900|_화이트_24,900","_블랙_23,900|_화이트_24,900","_블랙_23,900|_화이트_24,900","_블랙_23,900|_화이트_24,900","_블랙_23,900|_화이트_24,900","_블랙_23,900|_화이트_24,900","_블랙_23,900|_화이트_24,900","_블랙_23,900|_화이트_24,900","_블랙_23,900|_화이트_24,900"
122685219,이그닉리트 빅타워 어항케이스 강화유리,"화이트_29,890","화이트_29,890","화이트_29,890","화이트_29,890","화이트_29,890","화이트_29,890","화이트_29,890","화이트_29,890","화이트_29,890","화이트_29,890"
122726052,이그닉리트 스탠다드 사무용 케이스,"블랙_11,890","블랙_11,890","블랙_11,890","블랙_11,890","블랙_11,890","블랙_11,890","블랙_11,890","블랙_11,890","블랙_11,890","블랙_11,890"
72300917,이엠텍 레드빗 EFFICMIZER,"379,440","379,440","379,440","379,440","379,440","404,100","404,100","404,100","398,930","398,930"
98182850,이엠텍 레드빗 MAXIMIZER PRO,"356,190","356,190","356,190","356,190","356,190","363,850","363,850","363,850","363,850","363,850"
122699191,이엠텍 레드빗 MAXIMIZER PRO 2000W 리던던트 파워 패키지,"2,050,790","2,050,790","2,050,790","2,050,790","2,050,790","2,050,790","2,050,790","2,050,790","2,050,790","2,050,790"
122699224,이엠텍 레드빗 MAXIMIZER PRO 3000W 리던던트 파워 패키지,"3,253,980","3,253,980","3,253,980","3,253,980","3,253,980","3,253,980","3,253,980","3,253,980","3,253,980","3,253,980"
17865833,이엠텍 레드빗 OPTIMIZER B TYPE,"303,960","303,960","303,960","303,960","303,960","303,960","303,960","303,960","303,960","303,960"
96772616,이엠텍 레드빗 OPTIMIZER PRO A,"228,780","228,780","228,780","228,780","228,780","228,780","233,700","233,700","233,700","233,700"
98612912,이엠텍 레드빗 OPTIMIZER PRO B,"228,780","228,780","228,780","228,780","228,780","233,700","233,700","233,700","233,700","233,700"
68365325,이엠텍 레드빗 PERFORMIZER,"267,840","267,840","267,840","267,840","267,840","277,690","273,600","273,600","273,600","273,600"
56063507,이엠텍 레드빗 서버 케이스 전용 레일 키트 V2,"55,750","55,750","55,750","55,750","55,750","55,750","55,750","55,750","55,750","55,750"
123993152,잘만 D30,"43,840","43,840","43,840","43,840","43,840","43,840","43,840","43,840","43,840","43,840"
123776368,잘만 D40,"_블랙_67,770|_화이트_73,600","_블랙_67,770|_화이트_73,600","_블랙_67,770|_화이트_73,600","_블랙_67,770|_화이트_73,600","_블랙_67,770|_화이트_73,600","_블랙_67,780|_화이트_78,910","_블랙_67,770|_화이트_75,300","_블랙_67,770|_화이트_75,290","_블랙_67,770|_화이트_75,290","_블랙_67,770|_화이트_75,290"
123805559,잘만 D40F,"블랙_54,960","블랙_54,960","블랙_54,960","블랙_54,960","블랙_54,960","블랙_54,960","블랙_54,960","블랙_54,960","블랙_54,960","블랙_54,960"
122650745,잘만 D50,"_블랙_93,890|_화이트_97,190","_블랙_93,890|_화이트_97,190","_블랙_92,960|_화이트_97,190","_블랙_92,960|_화이트_97,190","_블랙_92,960|_화이트_97,190","_블랙_93,720|_화이트_97,190","_블랙_93,780|_화이트_97,190","_블랙_93,780|_화이트_97,190","_블랙_92,330|_화이트_97,190","_블랙_92,330|_화이트_97,190"
28418435,잘만 M4,"화이트_60,960","화이트_60,960","화이트_60,960","화이트_60,960","화이트_60,960","화이트_60,960","화이트_60,960","화이트_60,960","화이트_60,960","화이트_60,960"
103877330,잘만 M4 SE,"블랙_36,290","블랙_36,290","블랙_36,290","블랙_36,290","블랙_36,290","블랙_36,290","블랙_36,290","블랙_36,290","블랙_36,290","블랙_36,290"
15931955,잘만 N3 FM 강화유리,"_블랙_36,180|_화이트_38,010",0,"_블랙_36,180|_화이트_38,010",0,0,0,0,"_블랙_36,180|_화이트_38,010","_블랙_35,810|_화이트_38,010","_블랙_35,810|_화이트_38,010"
14916101,잘만 N3 FM 강화유리,0,"_블랙_36,180|_화이트_38,010",0,"_블랙_36,180|_화이트_38,010","_블랙_36,180|_화이트_38,010","_블랙_36,180|_화이트_38,010","_블랙_36,180|_화이트_38,010",0,0,0
96580280,잘만 N30 백사십,"_블랙_42,690|_화이트_47,000","_블랙_42,690|_화이트_47,000","_블랙_42,690|_화이트_47,000","_블랙_42,690|_화이트_47,000","_블랙_42,690|_화이트_47,000","_블랙_42,690|_화이트_47,000","_블랙_42,690|_화이트_47,000","_블랙_42,690|_화이트_47,000","_블랙_42,690|_화이트_47,000","_블랙_42,690|_화이트_47,000"
96580325,잘만 N30 백사십 PLUS,"_블랙_46,890|_화이트_49,890","_블랙_46,890|_화이트_49,890","_블랙_46,890|_화이트_49,890","_블랙_46,890|_화이트_49,890","_블랙_46,890|_화이트_49,890","_블랙_46,890|_화이트_49,890","_블랙_46,890|_화이트_49,890","_블랙_46,890|_화이트_49,890","_블랙_46,890|_화이트_49,890","_블랙_46,890|_화이트_49,890"
17234591,잘만 N4 CTRL,"42,050","42,050","42,050","42,050","42,050","42,330","42,330","42,330","42,330","42,330"
99556778,잘만 N6 백사십,"_블랙_36,090|_화이트_39,890","_블랙_36,090|_화이트_39,890","_블랙_36,090|_화이트_39,890","_블랙_36,090|_화이트_39,890","_블랙_36,090|_화이트_39,890","_블랙_36,090|_화이트_39,890","_블랙_36,090|_화이트_39,890","_블랙_36,090|_화이트_39,890","_블랙_36,090|_화이트_39,890","_블랙_36,090|_화이트_39,890"
20136923,잘만 N7,"블랙_43,000","블랙_43,000","블랙_43,000","블랙_43,000","블랙_43,000","블랙_43,000","블랙_43,000","블랙_43,000","블랙_43,000","블랙_43,000"
91765937,잘만 N7 Plus V2,"블랙_39,570","블랙_39,570","블랙_39,570","블랙_39,570","블랙_39,570","블랙_39,570","블랙_39,570","블랙_39,570","블랙_39,570","블랙_39,570"
35224325,잘만 P10,"_블랙_50,750|_화이트_53,480","_블랙_50,750|_화이트_53,480","_블랙_50,750|_화이트_53,480","_블랙_50,750|_화이트_53,480","_블랙_50,750|_화이트_53,480","_블랙_50,750|_화이트_53,480","_블랙_50,750|_화이트_53,480","_블랙_50,750|_화이트_53,480","_블랙_50,750|_화이트_53,480","_블랙_50,750|_화이트_53,480"
78100139,잘만 P10 NAMU,"_블랙_76,910|_화이트_73,390","_블랙_76,910|_화이트_73,390","_블랙_76,140|_화이트_73,390","_블랙_76,140|_화이트_73,390",0,0,0,0,0,0
78100109,잘만 P10 NAMU,0,0,0,0,"_블랙_76,140|_화이트_73,390","_블랙_76,910|_화이트_73,390","_블랙_76,910|_화이트_73,390","_블랙_76,910|_화이트_73,390","_블랙_76,090|_화이트_73,390","_블랙_76,090|_화이트_73,390"
27678284,잘만 P30,"_블랙_87,350|블랙화이트_93,720|_화이트_92,990","_블랙_87,350|블랙화이트_93,720|_화이트_92,990","_블랙_87,350|블랙화이트_93,720|_화이트_92,990","블랙_87,350|_블랙화이트_93,720|_화이트_92,990","_블랙_87,350|블랙화이트_93,720|_화이트_92,990","_블랙_87,350|블랙화이트_93,720|_화이트_96,780","_블랙_87,350|블랙화이트_93,720|_화이트_96,780","_블랙_87,350|블랙화이트_93,720|_화이트_96,780","_블랙_87,350|블랙화이트_93,720|_화이트_96,780","블랙_87,350|_블랙화이트_93,720|_화이트_96,780"
35225579,잘만 P30 Air BTF,"_블랙_92,950|_화이트_94,980","_블랙_92,950|_화이트_94,980","_블랙_92,950|_화이트_94,980","_블랙_92,950|_화이트_94,980","_블랙_92,950|_화이트_94,980","_블랙_94,990|_화이트_94,980","_블랙_94,990|_화이트_94,980","_블랙_94,990|_화이트_94,980","_블랙_94,990|_화이트_94,980","_블랙_94,990|_화이트_94,980"
90156788,잘만 P40 DS,"_블랙_155,300|_화이트_162,690","_블랙_155,300|_화이트_162,690","_블랙_155,300|_화이트_162,690","_블랙_155,300|_화이트_162,690","_블랙_155,300|_화이트_162,690","_블랙_155,300|_화이트_162,690","_블랙_155,300|_화이트_162,690","_블랙_155,300|_화이트_162,690","_블랙_155,300|_화이트_162,690","_블랙_155,300|_화이트_162,690"
92234435,잘만 P40 NAMU,"_블랙_108,520|_화이트_114,380","_블랙_108,520|_화이트_114,380",0,0,0,0,0,0,0,0
92234381,잘만 P40 NAMU,0,0,"_블랙_108,520|_화이트_114,380","_블랙_108,520|_화이트_114,380","_블랙_108,520|_화이트_114,380","_블랙_108,520|_화이트_114,380","_블랙_108,520|_화이트_114,380","_블랙_108,520|_화이트_114,380","_블랙_108,520|_화이트_114,380","_블랙_108,520|_화이트_114,380"
71217980,잘만 P40 PRISM,"_블랙_106,260|_화이트_114,380",0,0,0,0,0,0,0,"_블랙_106,260|_화이트_114,380","_블랙_106,260|_화이트_114,380"
71217944,잘만 P40 PRISM,0,"_블랙_106,260|_화이트_114,380","_블랙_106,260|_화이트_114,380","_블랙_106,260|_화이트_114,380","_블랙_106,260|_화이트_114,380","_블랙_106,260|_화이트_114,380","_블랙_106,260|_화이트_114,380","_블랙_106,260|_화이트_114,380",0,0
54328352,잘만 P50 DS,"_블랙_126,280|_화이트_131,940","_블랙_126,280|_화이트_131,940","_블랙_126,280|_화이트_131,940","_블랙_126,280|_화이트_131,940","_블랙_126,280|_화이트_131,940","_블랙_126,280|_화이트_131,940","_블랙_126,280|_화이트_131,940","_블랙_126,280|_화이트_131,940","_블랙_126,280|_화이트_131,940",0
54328283,잘만 P50 DS,0,0,0,0,0,0,0,0,0,"_블랙_126,280|_화이트_131,940"
98231549,잘만 P60,"_블랙_126,480|_화이트_131,940","_블랙_126,480|_화이트_131,940","_블랙_126,480|_화이트_131,940","_블랙_126,480|_화이트_131,940","_블랙_126,480|_화이트_131,940","_블랙_126,480|_화이트_131,940","_블랙_126,480|_화이트_131,940","_블랙_126,480|_화이트_131,940","_블랙_126,480|_화이트_131,940","_블랙_126,480|_화이트_131,940"
19814957,잘만 T3 PLUS,"30,990","30,990","30,990","30,990","30,990","31,960","31,960","31,960","31,620","31,620"
72755741,잘만 T4 PLUS,"_블랙_33,490|_화이트_36,090","_블랙_33,490|_화이트_36,090","_블랙_33,490|_화이트_36,090","_블랙_33,490|_화이트_36,090","_블랙_33,490|_화이트_36,090","_블랙_33,490|_화이트_36,090","_블랙_33,490|_화이트_36,090","_블랙_33,490|_화이트_36,090","_블랙_33,490|_화이트_36,090","_블랙_33,490|_화이트_36,090"
7689277,잘만 T6,"27,720","27,720","27,720","27,720","27,720","28,020","28,020","27,730","27,440","27,440"
13392233,잘만 T8,0,"30,300","30,300","30,300","30,300","30,300","29,370","29,370","29,370","29,370"
9306483,잘만 X3 RGB 강화유리,"_블랙_129,000|_화이트_129,000","블랙_129,000",0,0,0,0,0,0,0,0
13289675,잘만 Z-Machine 500,"950,000","950,000","950,000","950,000","950,000","950,000","950,000","950,000","950,000","950,000"
17185946,잘만 Z10,"78,950","78,950","78,950","78,950","78,950","80,400","80,400","83,980","83,980","83,980"
64270742,잘만 Z10 DS,"블랙_230,000","블랙_230,000","블랙_230,000","블랙_230,000","블랙_230,000","블랙_230,000","블랙_230,000","블랙_230,000","블랙_230,000","블랙_230,000"
17192525,잘만 Z10 DUO,"블랙_108,800","블랙_108,800","블랙_108,800","블랙_108,800","블랙_108,800","블랙_108,800","블랙_108,800","블랙_108,800","블랙_108,800","블랙_108,800"
17192498,잘만 Z10 PLUS,"블랙_94,430","블랙_94,430","블랙_94,430","블랙_94,430","블랙_94,430","블랙_94,430","블랙_94,430","블랙_94,430","블랙_94,430","블랙_94,430"
124056914,잘만 Z20 DS,"176,730","176,730","176,730","176,730","176,730","176,730","176,730","176,730","176,730","176,730"
27678524,잘만 Z9 아이스버그 MS,"블랙_129,000","블랙_129,000","블랙_129,000","블랙_129,000","블랙_129,000","블랙_129,000","블랙_129,000","블랙_129,000","블랙_129,000","블랙_129,000"
14482634,잘만 ZM-RCG422 PCIe 4.0 x16 라이저 케이블,"72,480","72,480","72,480","72,480","72,480","72,480","72,480","72,480","72,480","72,480"
20516348,잘만 i3 NEO,"화이트_57,000","화이트_57,000","화이트_57,000","화이트_57,000","화이트_57,000","화이트_57,000","화이트_57,000","화이트_57,000","화이트_57,000","화이트_57,000"
20230046,잘만 i3 NEO TG,"_블랙_69,900|_화이트_69,350","_블랙_69,900|_화이트_69,350","_블랙_69,900|_화이트_69,350","_블랙_69,900|_화이트_69,350","_블랙_69,900|_화이트_69,350","_블랙_69,900|_화이트_69,350","_블랙_69,900|_화이트_69,350","_블랙_69,900|_화이트_69,350","_블랙_69,900|_화이트_69,350","_블랙_69,900|_화이트_69,350"
107989136,잘만 i3 NEO V2,"_블랙_73,140|_화이트_76,400","_블랙_73,140|_화이트_76,400","_블랙_73,140|_화이트_76,400","_블랙_73,140|_화이트_76,400","_블랙_73,140|_화이트_76,400","_블랙_73,140|_화이트_76,400","_블랙_73,140|_화이트_76,400","_블랙_73,140|_화이트_76,400",0,0
107989175,잘만 i3 NEO V2,0,0,0,0,0,0,0,0,"_블랙_73,140|_화이트_76,400","_블랙_73,140|_화이트_76,400"
104550662,잘만 i3 NEO V2 ARGB,"화이트_86,900","화이트_86,900","화이트_86,900","화이트_86,900","화이트_86,900","화이트_86,900","화이트_86,900","화이트_86,900","화이트_86,900","화이트_86,900"
21496067,잘만 i4,"블랙_57,690","블랙_57,690","블랙_57,260","블랙_57,260","블랙_57,260","블랙_57,690","블랙_57,830","블랙_57,830","블랙_57,210","블랙_57,210"
20136848,잘만 i6,"_블랙_82,420|_화이트_69,490","_블랙_82,420|_화이트_69,490","_블랙_82,420|_화이트_69,490","_블랙_82,420|_화이트_69,490","_블랙_82,420|_화이트_69,490","_블랙_82,420|_화이트_69,490","_블랙_82,420|_화이트_69,490","_블랙_82,420|_화이트_69,490","_블랙_82,420|_화이트_69,490","_블랙_82,420|_화이트_69,490"
100328753,잘만 i8 백사십 터보,"_블랙_57,940|_화이트_60,140","_블랙_57,940|_화이트_60,140","_블랙_57,940|_화이트_60,140","_블랙_57,940|_화이트_60,140","_블랙_57,940|_화이트_60,140","_블랙_59,580|_화이트_60,140","_블랙_59,580|_화이트_60,140","_블랙_59,580|_화이트_60,140","_블랙_59,180|_화이트_60,140","_블랙_59,180|_화이트_60,140"
69467498,컴이지 킹덤 비바리움 나노,0,0,0,0,"_블랙_19,500|_화이트_20,370","_블랙_19,500|_화이트_20,370","_블랙_19,500|_화이트_20,370","_블랙_19,500|_화이트_20,370",0,0
124011413,컴이지 킹덤 비바리움 듀얼 미니,"_블랙_32,290|_화이트_34,940","_블랙_32,290|_화이트_34,940","_블랙_32,290|_화이트_34,940","_블랙_32,290|_화이트_34,940","_블랙_32,290|_화이트_34,940","_블랙_32,290|_화이트_34,940","_블랙_32,290|_화이트_34,940","_블랙_32,290|_화이트_34,940","_블랙_32,290|_화이트_34,940","_블랙_32,290|_화이트_34,940"
102411875,쿨러마스터 COSMOS ALPHA 강화유리,"블랙_645,780","블랙_645,780","블랙_645,780","블랙_645,780","블랙_645,780","블랙_645,780","블랙_645,780","블랙_645,780","블랙_645,780","블랙_654,460"
8869058,쿨러마스터 COSMOS C700P 강화유리 BLACK EDITION,"529,000","529,000","529,000","529,000","529,000","529,000","529,000","529,000","529,000","529,000"
96775775,쿨러마스터 ELITE 600 SEVEN ARGB,"_블랙_147,320|_화이트_154,840","_블랙_147,320|_화이트_154,840","_블랙_147,320|_화이트_154,840",0,0,0,0,0,0,0
96775784,쿨러마스터 ELITE 600 SEVEN ARGB,0,0,0,"_블랙_147,320|_화이트_154,840","_블랙_147,320|_화이트_154,840","_블랙_147,990|_화이트_154,840","_블랙_147,990|_화이트_154,840","_블랙_147,990|_화이트_154,840","_블랙_147,480|_화이트_154,840","_블랙_147,480|_화이트_154,840"
16121369,쿨러마스터 HAF 500,"_블랙_115,980|_화이트_122,250",0,0,0,0,0,0,0,0,"_블랙_115,980|_화이트_122,250"
16121708,쿨러마스터 HAF 500,0,"_블랙_115,980|_화이트_122,250","_블랙_115,980|_화이트_122,250","_블랙_115,980|_화이트_122,250","_블랙_115,980|_화이트_122,250","_블랙_115,980|_화이트_122,250","_블랙_115,980|_화이트_122,250","_블랙_115,980|_화이트_122,250","_블랙_115,980|_화이트_122,250",0
123669938,쿨러마스터 HAF II 500,"277,420","277,420","274,650","274,650","274,650","280,970","280,970","280,970","280,970","280,970"
2585051,쿨러마스터 HAF STACKER 935 상단커버,"24,990","24,990","24,990","24,990","24,990","24,990","24,990","24,990","24,990","24,990"
2585065,쿨러마스터 HAF STACKER 935 하단 레일,"19,850","19,850","19,850","19,850","19,850","19,850","19,850","19,850","19,850","19,850"
28059506,쿨러마스터 MASTER BOX TD500 Mesh V2 Street Fighter 6 Chun-Li,"91,630","91,630","91,630","91,630","91,630","91,630","91,630","91,630","91,630","91,630"
28059635,쿨러마스터 MASTER BOX TD500 Mesh V2 Street Fighter 6 Ryu,"91,640","91,640","91,640","91,640","91,640","91,640","91,640","91,640","91,640","91,640"
51549617,쿨러마스터 MASTERBOX 600 BTF,"_블랙_138,000|_화이트_172,200","_블랙_138,000|_화이트_172,200","_블랙_138,000|_화이트_172,200","_블랙_138,000|_화이트_172,200","_블랙_138,000|_화이트_172,200","_블랙_138,000|_화이트_172,200","_블랙_138,000|_화이트_172,200","_블랙_138,000|_화이트_172,200","_블랙_138,000|_화이트_172,200","_블랙_138,000|_화이트_172,200"
101079275,쿨러마스터 MASTERFRAME 400 MESH,"_블랙_206,990|_실버_202,720","_블랙_206,990|_실버_202,720","_블랙_206,990|_실버_202,720","_블랙_206,990|_실버_202,720","_블랙_206,990|_실버_202,720","_블랙_206,980|_실버_202,720","_블랙_206,980|_실버_202,720",0,0,0
101079269,쿨러마스터 MASTERFRAME 400 MESH,0,0,0,0,0,0,0,"_블랙_206,980|_실버_202,720","_블랙_206,980|_실버_202,720","_블랙_206,980|_실버_202,720"
100695728,쿨러마스터 MASTERFRAME PANEL NETURAL,"_블랙_77,320|_실버_77,320","_블랙_77,320|_실버_77,320","_블랙_77,320|_실버_77,320","_블랙_77,320|_실버_77,320","_블랙_77,320|_실버_77,320","_블랙_77,320|_실버_77,320","_블랙_77,320|_실버_77,320","_블랙_77,320|_실버_77,320","_블랙_77,320|_실버_77,320","_블랙_77,320|_실버_77,320"
100695740,쿨러마스터 MASTERFRAME PANEL STONE,"_블랙_77,320|_실버_77,320","_블랙_77,320|_실버_77,320","_블랙_77,320|_실버_77,320","_블랙_77,320|_실버_77,320","_블랙_77,320|_실버_77,320","_블랙_77,320|_실버_77,320","_블랙_77,320|_실버_77,320","_블랙_77,320|_실버_77,320","_블랙_77,320|_실버_77,320","_블랙_77,320|_실버_77,320"
27526691,쿨러마스터 MasterAccessory GEM,"_블랙_39,710|_화이트_39,710","_블랙_39,710|_화이트_39,710","_블랙_39,710|_화이트_39,710","_블랙_39,710|_화이트_39,710","_블랙_39,710|_화이트_39,710","_블랙_39,710|_화이트_39,710","_블랙_39,710|_화이트_39,710","_블랙_39,710|_화이트_39,710","_블랙_39,710|_화이트_39,710","_블랙_39,710|_화이트_39,710"
15511673,쿨러마스터 MasterAccessory Riser Cable PCIe4.0 x16,"_200mm_92,000|_300mm_91,960","_200mm_92,000|_300mm_91,960","_200mm_92,000|_300mm_91,960","_200mm_92,000|_300mm_91,960","_200mm_92,000|_300mm_91,960","_200mm_92,000|_300mm_94,630","_200mm_92,000|_300mm_93,940","_200mm_92,000|_300mm_93,940","_200mm_92,000|_300mm_93,940","_200mm_92,000|_300mm_93,940"
16177940,쿨러마스터 MasterBox 500,"블랙_106,000","블랙_106,000",0,0,0,0,0,"블랙_106,000","블랙_106,000","블랙_106,000"
14298059,쿨러마스터 MasterBox 540,"95,080","95,080","95,080","95,080","95,080","95,080","95,080","95,080","95,080","95,080"
11096313,쿨러마스터 MasterBox MB311L ARGB,"54,850","54,850","54,850","54,850","54,850","54,850","54,850","54,850","54,850","54,850"
11096421,쿨러마스터 MasterBox MB320L ARGB,"54,860","54,860","54,860","54,860","54,860","54,860","54,860","54,860","54,860","54,860"
12454685,쿨러마스터 MasterBox NR200P,"화이트_83,590","화이트_83,590","화이트_83,590","화이트_83,590","화이트_83,590","화이트_83,590","화이트_83,590","화이트_83,590","화이트_83,590","화이트_83,590"
15690299,쿨러마스터 MasterBox NR200P MAX,"522,470","522,470","522,470","522,470","522,470","522,470","522,470","522,470","522,470","522,470"
16178309,쿨러마스터 MasterBox TD300 Mesh,"_블랙_57,680|_화이트_61,120","_블랙_57,680|_화이트_61,120","_블랙_57,680|_화이트_61,120","_블랙_57,680|_화이트_61,120","_블랙_57,680|_화이트_61,120","_블랙_57,680|_화이트_61,120","_블랙_57,680|_화이트_61,120","_블랙_57,680|_화이트_61,120","_블랙_57,680|_화이트_61,120","_블랙_57,680|_화이트_61,120"
19389065,쿨러마스터 MasterBox TD500 Mesh V2,"화이트_159,000","화이트_159,000",0,"화이트_159,000","화이트_159,000",0,"화이트_159,000",0,"화이트_159,000","화이트_159,000"
4398158,쿨러마스터 MasterCase Glass Side Panel,"57,470","57,470","57,470","57,470","57,470","57,470","57,470","57,470","57,470","57,470"
101956211,쿨러마스터 MasterFrame 360 스테이지 LCD,"블랙_462,780","블랙_462,780","블랙_462,780","블랙_462,780","블랙_462,780","블랙_462,780","블랙_462,780","블랙_462,780","블랙_462,780","블랙_462,780"
101956163,쿨러마스터 MasterFrame 360 스테이지 미러,"블랙_323,930","블랙_323,930","블랙_323,930","블랙_323,930","블랙_323,930","블랙_323,930","블랙_323,930","블랙_323,930","블랙_323,930","블랙_323,930"
101956157,쿨러마스터 MasterFrame 360 파노라마,"블랙_327,240","블랙_327,240","블랙_327,240","블랙_327,240","블랙_327,240","블랙_327,240","블랙_327,240","블랙_327,240","블랙_327,240","블랙_327,240"
80548145,쿨러마스터 MasterFrame 600,"_블랙_375,270|_실버_364,680","_블랙_375,270|_실버_364,680","_블랙_375,270|_실버_364,680","_블랙_375,270|_실버_364,680","_블랙_375,270|_실버_364,680","_블랙_380,000|_실버_364,680","_블랙_380,000|_실버_364,680","_블랙_380,000|_실버_364,680","_블랙_372,870|_실버_364,680","_블랙_372,870|_실버_364,680"
95845229,쿨러마스터 MasterFrame 600 MESH ARGB,"_블랙_296,770|_실버_296,770","_블랙_296,770|_실버_296,770","_블랙_296,770|_실버_296,770","_블랙_296,770|_실버_296,770",0,0,"_블랙_296,770|_실버_296,770",0,0,0
95845220,쿨러마스터 MasterFrame 600 MESH ARGB,0,0,0,0,"_블랙_296,770|_실버_296,770","_블랙_296,770|_실버_296,770",0,"_블랙_296,770|_실버_296,770","_블랙_296,770|_실버_296,770","_블랙_296,770|_실버_296,770"
95845592,쿨러마스터 Masterframe 500 MESH ARGB,"_블랙_257,120|_실버_259,150","_블랙_257,120|_실버_259,150","_블랙_257,120|_실버_259,150","_블랙_257,120|_실버_259,150","_블랙_257,120|_실버_259,150",0,0,0,0,0
95845601,쿨러마스터 Masterframe 500 MESH ARGB,0,0,0,0,0,"_블랙_257,120|_실버_259,150","_블랙_257,120|_실버_259,150","_블랙_257,120|_실버_259,150","_블랙_257,120|_실버_259,150","_블랙_257,120|_실버_259,150"
95845367,쿨러마스터 Masterframe 500 MESH NON ARGB,"_블랙_233,270|_실버_235,110","_블랙_233,270|_실버_235,110","_블랙_233,270|_실버_235,110","_블랙_233,270|_실버_235,110","_블랙_233,270|_실버_235,110","_블랙_233,270|_실버_235,110","_블랙_233,270|_실버_235,110","_블랙_233,270|_실버_235,110","_블랙_233,270|_실버_235,110","_블랙_233,270|_실버_235,110"
74012729,쿨러마스터 NCORE 100 AIR,"_블랙_271,680|_화이트_273,420","_블랙_271,680|_화이트_273,420","_블랙_271,680|_화이트_273,420","_블랙_271,680|_화이트_273,420","_블랙_271,680|_화이트_273,420","_블랙_271,680|_화이트_273,420","_블랙_271,680|_화이트_273,420","_블랙_271,680|_화이트_273,420","_블랙_271,680|_화이트_273,420","_블랙_271,680|_화이트_273,420"
14751968,쿨러마스터 NR200P,"_민트_93,510|_핑크_93,510","_민트_93,510|_핑크_93,510","_민트_93,510|_핑크_93,510","_민트_93,510|_핑크_93,510","_민트_93,510|_핑크_93,510","_민트_93,510|_핑크_93,510","_민트_93,510|_핑크_93,510","_민트_93,510|_핑크_93,510","_민트_93,510|_핑크_93,510",0
14751392,쿨러마스터 NR200P,0,0,0,0,0,0,0,0,0,"_민트_93,510|_핑크_93,510"
32127659,쿨러마스터 Ncore 100 MAX,"브론즈_539,690","브론즈_539,690","브론즈_539,690","브론즈_539,690","브론즈_539,690","브론즈_539,690","브론즈_539,690","브론즈_539,690","브론즈_539,690","브론즈_539,690"
122701094,쿨러마스터 Q300L V3,"_블랙_57,440|_화이트_60,000","_블랙_57,440|_화이트_60,000","_블랙_57,440|_화이트_60,000","_블랙_57,440|_화이트_60,000","_블랙_57,440|_화이트_60,000","_블랙_57,440|_화이트_60,000","_블랙_57,440|_화이트_60,000","_블랙_57,440|_화이트_60,000","_블랙_57,440|_화이트_60,000","_블랙_57,440|_화이트_60,000"
122701140,쿨러마스터 QUBE 340,"_블랙_72,100|_화이트_72,100","_블랙_72,100|_화이트_72,100","_블랙_72,100|_화이트_72,100","_블랙_72,100|_화이트_72,100","_블랙_72,100|_화이트_72,100","_블랙_72,100|_화이트_72,100","_블랙_72,100|_화이트_72,100","_블랙_72,100|_화이트_72,100","_블랙_71,610|_화이트_71,610","_블랙_71,610|_화이트_71,610"
101079218,쿨러마스터 QUBE 540,"_문스톤_93,990|_스타더스트 아이언_92,890","_문스톤_93,990|_스타더스트 아이언_92,890","_문스톤_93,990|_스타더스트 아이언_92,890","_문스톤_93,990|_스타더스트 아이언_92,890","_문스톤_93,990|_스타더스트 아이언_92,890","_문스톤_93,990|_스타더스트 아이언_92,890","_문스톤_93,990|_스타더스트 아이언_92,890","_문스톤_93,990|_스타더스트 아이언_92,890","_문스톤_93,990|_스타더스트 아이언_92,890","_문스톤_93,990|_스타더스트 아이언_92,890"
7738663,쿨러마스터 RISER CABLE PCI-E 3.0 x16 (200mm),"33,480","33,480","33,470","33,470","33,470","33,470","33,470","33,470","33,470","33,470"
11719853,쿨러마스터 RISER CABLE PCI-E 3.0 x16 Ver.2,"300mm_34,990","300mm_34,990","300mm_34,990","300mm_34,990","300mm_34,990","300mm_34,990","300mm_34,990","300mm_34,990","300mm_34,990","300mm_34,990"
9341127,쿨러마스터 Rotatable Graphics Card Bracket,"37,930","37,930","37,930","37,930","37,930","37,930","37,930","37,930","37,930","37,930"
93567272,쿨러마스터 SHARK X,"_화이트_5,114,990|_블랙_5,172,470","_화이트_5,114,990|_블랙_5,172,470","_화이트_5,114,990|_블랙_5,172,470","_화이트_5,114,990|_블랙_5,172,470","_화이트_5,114,990|_블랙_5,172,470","_화이트_5,114,990|_블랙_5,172,470","_화이트_5,114,990|_블랙_5,172,470","_화이트_5,114,990|_블랙_5,172,470","_화이트_5,114,990|_블랙_5,172,470","_화이트_5,283,700|_블랙_5,242,040"
52370321,쿨러마스터 SNEAKER X,"1,422,170","1,422,170","1,422,170","1,422,170","1,422,170","1,422,170","1,422,170","1,422,170","1,422,170","1,452,750"
1359127,쿨러마스터 USB 3.0 Adapter 대양케이스,"17,970","17,970","17,970","17,970","17,970","17,970","17,970","17,970","17,970","17,970"
11610125,쿨러마스터 Universal Vertical GPU Holder Kit Ver.2,"35,910","35,910","35,910","35,910","35,910","35,910","35,910","35,910","35,910","35,910"
19448786,쿨러마스터 Vertical Graphics Card Holder Kit V3,"화이트_125,490","화이트_125,490","화이트_125,490","화이트_125,490","화이트_125,490","화이트_125,490","화이트_125,490","화이트_125,490","화이트_124,350","화이트_124,350"
92149919,투민시스템 TA100 RGB 강화유리,0,0,0,0,0,0,"_블랙_19,560|화이트_23,480|_블랙화이트_23,500","_블랙_19,560|화이트_23,480|_블랙화이트_23,500","_블랙_19,150|화이트_22,580|_블랙화이트_22,580","_블랙_19,150|_화이트_22,580|블랙화이트_22,580"
102007919,투민시스템 TM300 RGB 강화유리,0,0,0,0,0,"_블랙_19,370|_화이트_23,160",0,"_블랙_19,370|_화이트_23,240",0,0
98780594,투민시스템 TM40,"_블랙_12,690|_화이트_14,310",0,"_블랙_12,810|_화이트_14,470","_블랙_12,790|_화이트_14,450","_블랙_12,770|_화이트_14,430","_블랙_12,760|_화이트_14,420",0,0,0,0
