Id,Name,2026-10-01 14:11:47,2026-10-02 14:01:21,2026-10-03 13:44:16,2026-10-04 14:15:57,2026-10-05 13:59:53,2026-10-06 14:47:40,2026-10-07 14:18:42
103752341,1stPlayer FM7 120 ARGB PWM,"_블랙_8,440|_화이트_8,440","_블랙_8,440|_화이트_8,440","_블랙_8,440|_화이트_8,440","_블랙_8,440|_화이트_8,440","_블랙_8,440|_화이트_8,440","_블랙_8,440|_화이트_8,440","_블랙_8,440|_화이트_8,440"
103752401,1stPlayer FM7 120 ARGB PWM 리버스,"_블랙_8,440|_화이트_8,440","_블랙_8,440|_화이트_8,440","_블랙_8,440|_화이트_8,440","_블랙_8,440|_화이트_8,440","_블랙_8,440|_화이트_8,440","_블랙_8,440|_화이트_8,440","_블랙_8,440|_화이트_8,440"
123589464,1stPlayer HUB2,"9,900","9,900","9,900","9,900","9,900","9,900","9,900"
100383728,1stPlayer TS4 360 ARGB,"_블랙_83,000|_화이트_88,990","_블랙_83,010|_화이트_89,000","_블랙_83,010|_화이트_89,000","_블랙_83,010|_화이트_89,000","_블랙_83,010|_화이트_89,000","_블랙_82,510|_화이트_89,000","_블랙_82,510|_화이트_89,000"
28122920,1stPlayer WING 120,"_블랙_6,440|_화이트_6,440","_블랙_6,440|_화이트_6,440","_블랙_6,440|_화이트_6,440","_블랙_6,440|_화이트_6,440","_블랙_6,440|_화이트_6,440","_블랙_6,440|_화이트_6,440","_블랙_6,440|_화이트_6,440"
28123250,1stPlayer WING-R 120,"_블랙_6,440|_화이트_12,320","_블랙_6,440|_화이트_12,320","_블랙_6,440|_화이트_12,320","_블랙_6,440|_화이트_12,320","_블랙_6,440|_화이트_12,320","_블랙_6,440|_화이트_12,320","_블랙_6,440|_화이트_12,320"
67976123,3RSYS AM5 세이프티 브라켓,"블랙_5,070","블랙_5,070","블랙_5,070","블랙_5,070","블랙_5,070","블랙_5,070","블랙_5,070"
12806516,3RSYS AMD 세이프티 브라켓,"5,110","5,110","5,110","5,110","5,110","5,110","5,110"
11845318,3RSYS APB BAR,"410mm_8,990","410mm_8,990","410mm_8,990","410mm_8,990","410mm_8,990","410mm_8,990","410mm_8,990"
64376207,3RSYS CH10 ARGB AND PWM HUB,"11,510","11,510","11,510","11,510","11,510","11,510","11,510"
13067489,3RSYS ICEAGE G5 이정표 그래픽카드 지지대,"_골드_8,890|_실버_8,900","_골드_8,890|_실버_8,900","_골드_8,890|_실버_8,900","_골드_8,890|_실버_8,900","_골드_8,890|_실버_8,900","_골드_8,890|_실버_8,900","_골드_8,890|_실버_8,900"
28236212,3RSYS ICEAGE G7 그래픽카드 & CPU쿨러 지지대,"_블랙_19,450|_실버_19,450","_블랙_19,450|_실버_19,450","_블랙_19,450|_실버_19,450","_블랙_19,450|_실버_19,450","_블랙_19,450|_실버_19,450","_블랙_19,450|_실버_19,450","_블랙_19,450|_실버_19,450"
28886321,3RSYS ICEAGE G7-Parts,"실버_4,380","실버_4,380","실버_4,380","실버_4,380","실버_4,380","실버_4,380","실버_4,380"
3662491,3RSYS ICEAIR A-2 PLUS,"화이트_6,290","화이트_6,290","화이트_6,290","화이트_6,290","화이트_6,290","화이트_6,290","화이트_6,290"
56144393,3RSYS JS 120 RGB 리버스,"_블랙_4,020|_화이트_4,470","_블랙_4,020|_화이트_4,470","_블랙_4,020|_화이트_4,470","_블랙_4,020|_화이트_4,470","_블랙_4,020|_화이트_4,470","_블랙_4,020|_화이트_4,470",0
56144408,3RSYS JS 120 RGB 리버스,0,0,0,0,0,0,"_블랙_4,020|_화이트_4,470"
14494886,3RSYS PF-12025,"_화이트_12,600|_5팩, 화이트_23,000","_화이트_12,600|_5팩, 화이트_23,000","_화이트_12,600|_5팩, 화이트_23,000",0,0,0,0
14494868,3RSYS PF-12025,0,0,0,"_화이트_12,600|_5팩, 화이트_23,000","_화이트_12,600|_5팩, 화이트_23,000","_화이트_12,600|_5팩, 화이트_23,000","_화이트_12,600|_5팩, 화이트_46,200"
14495018,3RSYS PH-12025 ARGB,"5팩, 블랙_24,000|_화이트_4,980|_5팩, 화이트_23,300","5팩, 블랙_24,000|_화이트_4,980|_5팩, 화이트_23,300","5팩, 블랙_24,000|_화이트_4,980|_5팩, 화이트_23,300","5팩, 블랙_24,000|_화이트_4,980|_5팩, 화이트_23,300","5팩, 블랙_24,000|_화이트_4,980|_5팩, 화이트_23,300","5팩, 블랙_24,000|_화이트_4,980|_5팩, 화이트_23,300","5팩, 블랙_24,000|_화이트_4,980|_5팩, 화이트_23,300"
123537896,3RSYS RC1500 ARGB 쌍철봉 LITE,"_블랙_44,510|_화이트_44,500","_블랙_44,510|_화이트_44,500","_블랙_44,510|_화이트_44,500","_블랙_44,510|_화이트_44,500","_블랙_44,510|_화이트_44,500","_블랙_44,510|_화이트_44,500","_블랙_44,510|_화이트_44,500"
123537923,3RSYS RC1500N PWM 쌍철봉 LITE,"_블랙_41,560|_화이트_41,550","_블랙_41,560|_화이트_41,550","_블랙_41,560|_화이트_41,550","_블랙_41,560|_화이트_41,550","_블랙_41,560|_화이트_41,550","_블랙_41,560|_화이트_41,550","_블랙_41,560|_화이트_41,550"
123693723,3RSYS RC380N PWM 무뽑방지 키트,"블랙_20,770","블랙_20,770","블랙_20,770","블랙_20,770","블랙_20,770","블랙_20,770","블랙_20,770"
124298494,3RSYS RC90N PWM,블랙_가격비교예정,블랙_가격비교예정,블랙_가격비교예정,블랙_가격비교예정,블랙_가격비교예정,블랙_가격비교예정,블랙_가격비교예정
124115515,3RSYS RING FLOW DR120 ARGB,"_블랙_5,280|_화이트_5,290","_블랙_5,280|_화이트_5,290","_블랙_5,280|_화이트_5,290","_블랙_5,280|_화이트_5,290","_블랙_5,280|_화이트_5,290","_블랙_5,280|_화이트_5,290","_블랙_5,280|_화이트_5,290"
124115535,3RSYS RING FLOW DR120 리버스 ARGB,"_블랙_5,280|_화이트_5,280","_블랙_5,280|_화이트_5,280","_블랙_5,280|_화이트_5,280","_블랙_5,280|_화이트_5,280","_블랙_5,280|_화이트_5,280","_블랙_5,280|_화이트_5,280","_블랙_5,280|_화이트_5,280"
18793703,3RSYS RTC12 써멀그리스,"_2g_7,700|_4g_12,700","_2g_7,700|_4g_12,700","_2g_7,700|_4g_12,700","_2g_7,700|_4g_12,700","_2g_7,700|_4g_12,700","_2g_7,700|_4g_12,700","_2g_7,700|_4g_12,700"
18563291,3RSYS SCV 5000,"6,990","6,990","6,990","6,990","6,990","6,990","6,990"
19080341,3RSYS SILENCE SE 140,"화이트_12,750","화이트_12,750","화이트_12,750","화이트_12,750","화이트_12,750","화이트_12,750","화이트_12,750"
21437228,3RSYS Silence GI 120 ARGB,"_블랙_14,820|3팩, 블랙_34,090|_화이트_15,870|3팩, 화이트_36,830","_블랙_14,820|3팩, 블랙_34,090|_화이트_15,870|3팩, 화이트_36,830","_블랙_14,820|3팩, 블랙_34,090|_화이트_15,870|3팩, 화이트_36,830","_블랙_14,820|3팩, 블랙_34,090|화이트_15,870|_3팩, 화이트_36,830","_블랙_14,820|3팩, 블랙_34,090|화이트_15,870|_3팩, 화이트_36,830",0,"_블랙_14,820|3팩, 블랙_34,090|화이트_15,870|_3팩, 화이트_36,830"
28629356,3RSYS Silence GI 120 ARGB,0,0,0,0,0,"블랙_14,820|3팩, 블랙_34,090|_화이트_15,870|_3팩, 화이트_36,830",0
31077890,3RSYS Silence GI 120 데이지체인,"블랙_17,650|_3팩, 블랙_35,730|화이트_18,630|_3팩, 화이트_36,990","블랙_17,650|_3팩, 블랙_35,730|화이트_18,630|_3팩, 화이트_36,990","블랙_17,650|_3팩, 블랙_35,730|화이트_18,630|_3팩, 화이트_36,990",0,0,0,0
31077950,3RSYS Silence GI 120 데이지체인,0,0,0,"블랙_17,650|_3팩, 블랙_35,730|화이트_18,630|_3팩, 화이트_36,990","블랙_17,650|_3팩, 블랙_35,730|화이트_18,630|_3팩, 화이트_36,990","블랙_17,650|_3팩, 블랙_35,730|화이트_18,630|_3팩, 화이트_36,990","블랙_17,650|_3팩, 블랙_35,730|화이트_18,630|_3팩, 화이트_36,990"
31078118,3RSYS Silence GI 120 데이지체인 리버스,"블랙_17,660|_3팩, 블랙_34,200|화이트_17,860|_3팩, 화이트_37,350","블랙_17,660|_3팩, 블랙_34,200|화이트_17,860|_3팩, 화이트_37,350","블랙_17,660|_3팩, 블랙_34,200|화이트_17,860|_3팩, 화이트_37,350","블랙_17,660|_3팩, 블랙_34,200|화이트_17,860|_3팩, 화이트_37,350","블랙_17,660|_3팩, 블랙_34,200|화이트_17,860|_3팩, 화이트_37,350",0,0
31078175,3RSYS Silence GI 120 데이지체인 리버스,0,0,0,0,0,"블랙_17,660|_3팩, 블랙_34,200|화이트_17,860|_3팩, 화이트_37,350","블랙_17,660|_3팩, 블랙_34,200|화이트_17,860|_3팩, 화이트_37,350"
28628861,3RSYS Silence GI 120 리버스,"_블랙_14,280|_화이트_15,460","_블랙_14,280|_화이트_15,460","_블랙_14,280|_화이트_15,460","_블랙_14,280|_화이트_15,460","_블랙_14,280|_화이트_15,460","_블랙_14,280|_화이트_15,460","_블랙_14,280|_화이트_15,460"
89613041,3RSYS Silence GI 120-N PWM,"_블랙_11,330|_화이트_11,990","_블랙_11,330|_화이트_11,990","_블랙_11,330|_화이트_11,990","_블랙_11,330|_화이트_11,990","_블랙_11,330|_화이트_11,990","_블랙_11,330|_화이트_11,990",0
89613047,3RSYS Silence GI 120-N PWM,0,0,0,0,0,0,"_블랙_11,330|_화이트_11,990"
89613161,3RSYS Silence GI 120-N 데이지체인,"_3팩, 블랙_34,940|_3팩, 화이트_36,990","_3팩, 블랙_34,940|_3팩, 화이트_36,990","_3팩, 블랙_34,940|_3팩, 화이트_36,990","_3팩, 블랙_34,940|_3팩, 화이트_36,990","_3팩, 블랙_34,940|_3팩, 화이트_36,990","_3팩, 블랙_34,940|_3팩, 화이트_36,990","_3팩, 블랙_34,940|_3팩, 화이트_36,990"
89613239,3RSYS Silence GI 120-N 데이지체인 리버스,"_3팩, 블랙_34,940|_3팩, 화이트_36,990","_3팩, 블랙_34,940|_3팩, 화이트_36,990","_3팩, 블랙_34,940|_3팩, 화이트_36,990","_3팩, 블랙_34,940|_3팩, 화이트_36,990","_3팩, 블랙_34,940|_3팩, 화이트_36,990","_3팩, 블랙_34,940|_3팩, 화이트_36,990","_3팩, 블랙_34,940|_3팩, 화이트_36,990"
71427308,3RSYS Silence GI 140 데이지체인 리버스 메인,"_블랙_22,420|_화이트_21,790","_블랙_22,420|_화이트_21,790","_블랙_22,420|_화이트_21,790","_블랙_22,420|_화이트_21,790","_블랙_22,420|_화이트_21,790","_블랙_22,420|_화이트_21,790",0
71427281,3RSYS Silence GI 140 데이지체인 리버스 메인,0,0,0,0,0,0,"_블랙_22,420|_화이트_21,790"
71427356,3RSYS Silence GI 140 데이지체인 리버스 서브,"_블랙_20,280|_화이트_20,250","_블랙_20,280|_화이트_20,250","_블랙_20,280|_화이트_20,250","_블랙_20,280|_화이트_20,250","_블랙_20,280|_화이트_20,250","_블랙_20,280|_화이트_20,250","_블랙_20,280|_화이트_20,250"
71426909,3RSYS Silence GI 140 데이지체인 메인,"_블랙_22,420|_화이트_22,420","_블랙_22,420|_화이트_22,420","_블랙_22,420|_화이트_22,420","_블랙_22,420|_화이트_22,420","_블랙_22,420|_화이트_22,420","_블랙_22,420|_화이트_22,420","_블랙_22,420|_화이트_22,420"
71427131,3RSYS Silence GI 140 데이지체인 서브,"_블랙_19,600|_화이트_20,360","_블랙_19,600|_화이트_20,360","_블랙_19,600|_화이트_20,360","_블랙_19,600|_화이트_20,360","_블랙_19,600|_화이트_20,360","_블랙_19,600|_화이트_20,360",0
71427080,3RSYS Silence GI 140 데이지체인 서브,0,0,0,0,0,0,"_블랙_19,600|_화이트_20,360"
69565934,3RSYS Socoool B7 메모리 방열판,"_블랙_8,490|_화이트_8,530","_블랙_8,490|_화이트_8,530","_블랙_8,490|_화이트_8,530","_블랙_8,490|_화이트_8,530","_블랙_8,490|_화이트_8,530","_블랙_8,490|_화이트_8,530",0
69565769,3RSYS Socoool B7 메모리 방열판,0,0,0,0,0,0,"_블랙_8,490|_화이트_8,530"
18371054,3RSYS Socoool BLAIDD 12 ARGB,"_블랙_9,890|_화이트_6,480","_블랙_9,890|_화이트_6,200",0,0,"_블랙_6,400|_화이트_6,200","_블랙_6,400|_화이트_6,200","_블랙_6,400|_화이트_6,200"
18371051,3RSYS Socoool BLAIDD 12 ARGB,0,0,"_블랙_6,400|_화이트_6,200","_블랙_6,400|_화이트_6,200",0,0,0
60168905,3RSYS Socoool BYK 360 ARGB,"화이트_83,000","화이트_83,000","화이트_83,000","화이트_83,000","화이트_83,000","화이트_83,000","화이트_83,000"
92152679,3RSYS Socoool BYK 360 Quiet,"화이트_89,000","화이트_89,000","화이트_89,000","화이트_89,000","화이트_89,000","화이트_89,000","화이트_89,000"
60168752,3RSYS Socoool BYK 480 ARGB,"블랙_100,640","블랙_100,640","블랙_100,640","블랙_100,640","블랙_100,640","블랙_100,640","블랙_100,640"
15299693,3RSYS Socoool CSI-TUBE 330 ARGB,"58,980","58,980","58,980","58,980","58,980","58,980","58,980"
15435350,3RSYS Socoool HOLD CLIP,"블랙_4,500","블랙_4,500","블랙_4,500","블랙_4,500","블랙_4,500","블랙_4,500","블랙_4,500"
20478650,3RSYS Socoool L12N PWM,"화이트_4,380","화이트_7,500","화이트_7,500","화이트_7,500","화이트_7,500","화이트_7,500","화이트_7,500"
28533302,3RSYS Socoool RAVEN 120 PWM,"25,000","25,000","25,000","25,000","25,000","25,000","25,000"
11813689,3RSYS Socoool RC 1000,"79,000","79,000","79,000","79,000","79,000","79,000","79,000"
27808526,3RSYS Socoool RC 1100 PWM,"55,980","55,980","55,980","55,980","55,980","55,980","55,980"
29481635,3RSYS Socoool RC-1300 ARGB,"화이트_51,000","화이트_51,000","화이트_51,000","화이트_51,000","화이트_51,000","화이트_51,000","화이트_51,000"
28604933,3RSYS Socoool RC-1800 Quiet 솔더링,"화이트_65,590","화이트_65,590","화이트_65,590","화이트_65,590","화이트_65,590","화이트_65,590","화이트_65,590"
8180158,3RSYS Socoool RC100 RGB,"실버_17,980","실버_17,980","실버_17,980","실버_17,980","실버_17,980","실버_17,980","실버_17,980"
67512098,3RSYS Socoool RC1050 ARGB 램프리,"_블랙_31,790|_화이트_31,700","_블랙_31,790|_화이트_31,700","_블랙_31,790|_화이트_31,700","_블랙_31,790|_화이트_31,700","_블랙_31,790|_화이트_31,700","_블랙_31,790|_화이트_31,700",0
67512092,3RSYS Socoool RC1050 ARGB 램프리,0,0,0,0,0,0,"_블랙_31,790|_화이트_31,700"
67512074,3RSYS Socoool RC1050N PWM 램프리,"_블랙_28,380|_화이트_28,380",0,"_블랙_28,380|_화이트_28,380","_블랙_28,380|_화이트_28,380","_블랙_28,380|_화이트_28,380","_블랙_28,380|_화이트_28,380",0
67512053,3RSYS Socoool RC1050N PWM 램프리,0,"_블랙_28,380|_화이트_28,380",0,0,0,0,"_블랙_28,380|_화이트_28,380"
94025255,3RSYS Socoool RC1080 오토 RGB,"_블랙_27,860|_화이트_28,140","_블랙_27,860|_화이트_28,140","_블랙_27,860|_화이트_28,140","_블랙_27,860|_화이트_28,140","_블랙_27,860|_화이트_28,140","_블랙_27,860|_화이트_28,140","_블랙_27,860|_화이트_28,140"
89604731,3RSYS Socoool RC1400 Quiet 쌍철봉,"_블랙_41,570|_화이트_41,560","_블랙_41,570|_화이트_41,560","_블랙_41,570|_화이트_41,560","_블랙_41,570|_화이트_41,560","_블랙_41,570|_화이트_41,560","_블랙_41,570|_화이트_39,080","_블랙_41,570|_화이트_41,560"
91349579,3RSYS Socoool RC1400N Quiet 쌍철봉,"_블랙_38,580|_화이트_37,520","_블랙_38,580|_화이트_37,520","_블랙_38,580|_화이트_37,520","_블랙_38,580|_화이트_37,520","_블랙_38,580|_화이트_37,520","_블랙_38,580|_화이트_37,520","_블랙_38,580|_화이트_37,520"
18475733,3RSYS Socoool RC150 RGB,"17,410","17,410","17,410","17,410","17,410","17,410","17,410"
20360744,3RSYS Socoool RC1800 LITE,"화이트_74,060","화이트_74,060","화이트_74,060","화이트_74,060","화이트_75,230","화이트_74,060","화이트_74,150"
51815528,3RSYS Socoool RC1900 ARGB 솔더링,"_블랙_80,480|_화이트_81,440","_블랙_80,480|_화이트_81,440","_블랙_80,480|_화이트_81,440","_블랙_80,480|_화이트_81,440","_블랙_80,480|_화이트_81,440","_블랙_80,480|_화이트_81,440","_블랙_80,480|_화이트_81,440"
52261076,3RSYS Socoool RC1900N 솔더링,"_블랙_76,160|_화이트_79,298","_블랙_76,160|_화이트_79,298","_블랙_76,160|_화이트_80,390","_블랙_76,160|_화이트_80,390","_블랙_76,160|_화이트_80,390","_블랙_76,160|_화이트_80,390","_블랙_76,160|_화이트_80,390"
90889283,3RSYS Socoool RC1910 Quiet 쌍철봉,"_블랙_83,610|_화이트_85,710","_블랙_83,610|_화이트_85,710","_블랙_83,610|_화이트_85,710","_블랙_83,610|_화이트_85,710","_블랙_83,610|_화이트_85,710","_블랙_83,610|_화이트_85,710","_블랙_83,610|_화이트_85,710"
103186868,3RSYS Socoool RC1910N Quiet 쌍철봉,"_블랙_80,830|_화이트_83,040","_블랙_80,830|_화이트_83,040","_블랙_80,830|_화이트_83,040","_블랙_80,830|_화이트_83,040","_블랙_80,830|_화이트_83,040","_블랙_80,830|_화이트_83,040","_블랙_80,820|_화이트_83,040"
77621870,3RSYS Socoool RC1920 DIGITAL 쌍철봉,"_블랙_88,390|_화이트_90,320","_블랙_88,390|_화이트_90,320","_블랙_88,390|_화이트_90,320","_블랙_88,390|_화이트_90,320","_블랙_88,390|_화이트_90,320","_블랙_88,390|_화이트_90,320","_블랙_88,390|_화이트_90,320"
56144294,3RSYS Socoool RC250 ARGB,"_블랙_20,250|_화이트_21,330","_블랙_20,250|_화이트_21,330","_블랙_20,250|_화이트_21,330","_블랙_20,250|_화이트_21,330","_블랙_20,250|_화이트_21,330","_블랙_20,250|_화이트_21,330","_블랙_20,250|_화이트_21,330"
79398914,3RSYS Socoool RC260N PWM,"블랙_18,460","블랙_18,460","블랙_18,460","블랙_18,460","블랙_18,460","블랙_18,460","블랙_18,460"
79399121,3RSYS Socoool RC270 ARGB,"_블랙_23,830|_화이트_24,340","_블랙_23,830|_화이트_24,340","_블랙_23,830|_화이트_24,340","_블랙_23,830|_화이트_24,340","_블랙_23,830|_화이트_24,340",0,0
79399088,3RSYS Socoool RC270 ARGB,0,0,0,0,0,"_블랙_23,830|_화이트_24,340","_블랙_23,830|_화이트_24,340"
67511930,3RSYS Socoool RC370 ARGB 램프리,"_블랙_22,500|_화이트_22,500","_블랙_22,500|_화이트_22,500","_블랙_22,500|_화이트_22,500","_블랙_22,500|_화이트_22,500","_블랙_22,500|_화이트_22,500","_블랙_22,500|_화이트_22,500","_블랙_22,500|_화이트_22,500"
67511990,3RSYS Socoool RC370N PWM 램프리,"_블랙_20,500|_화이트_20,500","_블랙_20,500|_화이트_20,500","_블랙_20,500|_화이트_20,500","_블랙_20,500|_화이트_20,500","_블랙_20,500|_화이트_20,500","_블랙_20,500|_화이트_20,500","_블랙_20,500|_화이트_20,500"
74421305,3RSYS Socoool RC450N PWM,"18,410","18,410","18,410","18,410","18,410","18,410","18,410"
56144339,3RSYS Socoool RC750N PWM,"25,800","25,800","25,800","25,800","25,800","25,800","25,800"
101075261,3RSYS Socoool RC980N 쌍철봉,"_블랙_28,170|_화이트_28,030","_블랙_28,170|_화이트_28,030","_블랙_28,170|_화이트_28,030","_블랙_28,170|_화이트_28,030","_블랙_28,170|_화이트_28,030","_블랙_28,170|_화이트_28,030","_블랙_28,170|_화이트_28,030"
10403325,3RSYS Socoool RTC-6.5,"_5g_3,700|_20g_15,650","_5g_3,700|_20g_15,650","_5g_3,700|_20g_15,650","_5g_12,880|_20g_15,650","_5g_3,700|_20g_15,650","_5g_3,700|_20g_15,650","_5g_3,700|_20g_15,650"
64376240,3RSYS Socoool RTC15 써멀그리스,"2g_6,790","2g_6,790","2g_6,790","2g_6,790","2g_6,790","2g_6,790","2g_6,790"
15299834,3RSYS Socoool SC100,"_블랙_7,280|_화이트_7,280","_블랙_7,280|_화이트_7,280","_블랙_7,280|_화이트_7,280","_블랙_7,280|_화이트_7,280","_블랙_7,280|_화이트_7,280",0,0
15299867,3RSYS Socoool SC100,0,0,0,0,0,"_블랙_7,280|_화이트_7,280","_블랙_7,280|_화이트_7,280"
16503233,3RSYS Socoool Shield Cover W15,"9,490","9,490","9,490","9,490","9,490","9,490","9,490"
18294458,3RSYS Socoool Shield Cover W15 PLUS,"10,540","10,540","10,540","10,540","10,540","10,540","10,540"
97564514,3RSYS Socoool 고요 ARGB,"_블랙_60,400|_화이트_60,930","_블랙_60,400|_화이트_60,930","_블랙_60,400|_화이트_60,930","_블랙_60,400|_화이트_60,930","_블랙_60,400|_화이트_60,930","_블랙_60,400|_화이트_60,930","_블랙_60,400|_화이트_60,930"
97565075,3RSYS Socoool 고요N PWM,"_블랙_56,840|_화이트_57,440","_블랙_56,840|_화이트_57,440","_블랙_56,840|_화이트_57,440","_블랙_56,840|_화이트_57,440","_블랙_56,840|_화이트_57,440","_블랙_56,840|_화이트_57,440",0
97565336,3RSYS Socoool 고요N PWM,0,0,0,0,0,0,"_블랙_56,840|_화이트_57,440"
18371147,3RSYS Socoool 라니 SE 240 ARGB,"_블랙_147,150|_화이트_115,000","_블랙_147,150|_화이트_115,000","_블랙_147,150|_화이트_115,000","_블랙_147,150|_화이트_115,000","_블랙_147,150|_화이트_115,000","_블랙_147,150|_화이트_115,000","_블랙_147,150|_화이트_115,000"
18371246,3RSYS Socoool 라니 SE 360 ARGB,"화이트_137,000","화이트_137,000","화이트_137,000","화이트_137,000","화이트_137,000","화이트_137,000","화이트_137,000"
16605650,3RSYS TEAMMOST RC800 ARGB,"23,420","23,420","23,420","23,420","23,420","23,420","23,420"
16745747,3RSYS TEAMMOST TMF12025,"_1팩_7,490|_3팩_19,390","_1팩_7,490|_3팩_19,390",0,"_1팩_7,490|_3팩_19,390",0,"_1팩_7,490|_3팩_19,390",0
16745708,3RSYS TEAMMOST TMF12025,0,0,"_1팩_7,490|_3팩_19,390",0,"_1팩_7,490|_3팩_19,390",0,"_1팩_7,490|_3팩_19,390"
16745849,3RSYS TEAMMOST TMH12025 ARGB,"블랙_8,800","블랙_8,800","블랙_8,800","블랙_8,800","블랙_8,800","블랙_8,800","블랙_8,800"
97851518,3RSYS 라니 FC 360 ARGB,"_블랙_162,490|_화이트_162,000","_블랙_162,490|_화이트_162,000","_블랙_162,490|_화이트_162,000","_블랙_162,490|_화이트_162,000","_블랙_162,490|_화이트_162,000","_블랙_162,490|_화이트_162,000","_블랙_162,490|_화이트_162,000"
106721621,3RSYS 라니 SF 360 ARGB,"_블랙_121,940|_화이트_121,940","_블랙_121,940|_화이트_121,940","_블랙_121,940|_화이트_121,940","_블랙_121,940|_화이트_121,940","_블랙_121,940|_화이트_121,940","_블랙_121,940|_화이트_121,940","_블랙_121,940|_화이트_121,940"
106721645,3RSYS 라니 SF 360N PWM,"_블랙_119,250|_화이트_117,890",0,0,0,0,"_블랙_119,250|_화이트_117,890","_블랙_119,250|_화이트_117,890"
106721636,3RSYS 라니 SF 360N PWM,0,"_블랙_119,250|_화이트_117,890","_블랙_119,250|_화이트_117,890","_블랙_119,250|_화이트_117,890","_블랙_119,250|_화이트_117,890",0,0
106721654,3RSYS 라니 SF 480N PWM,"블랙_156,230","블랙_156,230","블랙_156,230","블랙_156,230","블랙_156,230","블랙_156,230","블랙_156,230"
98780345,3RSYS 라니 WV 360 ARGB,"_블랙_166,000|_화이트_166,200","_블랙_166,000|_화이트_166,200","_블랙_166,000|_화이트_166,200","_블랙_166,000|_화이트_166,200","_블랙_166,000|_화이트_166,200","_블랙_166,000|_화이트_166,200","_블랙_166,000|_화이트_166,200"
52068776,3RSYS 빙하 D50 ARGB 램 쿨러,"_블랙_19,790|_화이트_19,480","_블랙_19,790|_화이트_19,480","_블랙_19,790|_화이트_19,480","_블랙_19,790|_화이트_19,480","_블랙_19,790|_화이트_19,480","_블랙_19,790|_화이트_19,480","_블랙_19,790|_화이트_19,480"
21446975,3RSYS 빙하 G5 메모리 방열판,"_블랙_8,900|_실버_8,900","_블랙_8,900|_실버_8,900","_블랙_8,900|_실버_8,900","_블랙_8,900|_실버_8,900","_블랙_8,900|_실버_8,900","_블랙_8,900|_실버_8,900","_블랙_8,900|_실버_8,900"
21233819,3RSYS 빙하10 M.2 SSD 방열판,"14,410","14,410","14,410","14,410","14,410","14,840","14,730"
73121666,3RSYS 빙하12 PS5 전용 M.2 SSD 방열판,"10,800","10,800","10,800","10,800","10,800","10,800","10,800"
15794822,3RSYS 빙하6 M.2 SSD 방열판,"7,230","7,230","7,230","7,230","7,230","7,230","7,230"
15565829,3RSYS 빙하7 PLUS M.2 SSD 방열판,"_블랙_7,840|_레드_8,290|블루_8,180|실버_7,940","_블랙_7,840|_레드_8,290|블루_8,180|실버_7,940","_블랙_7,840|_레드_8,290|블루_8,180|실버_7,940","_블랙_7,840|_레드_8,290|블루_8,180|실버_7,940","_블랙_7,840|_레드_8,290|블루_8,180|실버_7,940","_블랙_7,840|_레드_8,290|블루_8,180|실버_7,940","_블랙_7,840|_레드_8,290|블루_8,180|실버_7,940"
18732806,3RSYS 빙하8 M.2 SSD 방열판,"17,460","17,460","17,460","17,460","17,460","17,460","17,300"
18732881,3RSYS 빙하9 M.2 SSD 방열판,"19,430","19,430","19,430","19,430","19,430","19,850","19,850"
124424598,3RSYS 하이브리드 SF 360 ARGB,0,0,0,0,0,0,_블랙_가격비교예정|_화이트_가격비교예정
124424606,3RSYS 하이브리드 SF 360N PWM,0,0,0,0,0,0,_블랙_가격비교예정|_화이트_가격비교예정
2672691,AEROCOOL AIR FORCE 12,"_레드 에디션_15,670|_블랙 에디션_13,580|블루 에디션_15,670|오렌지 에디션_15,670|화이트 에디션_15,670","_레드 에디션_15,670|_블랙 에디션_13,580|블루 에디션_15,670|오렌지 에디션_15,670|화이트 에디션_15,670","_레드 에디션_15,670|_블랙 에디션_13,580|블루 에디션_15,670|오렌지 에디션_15,670|화이트 에디션_15,670","_레드 에디션_15,670|_블랙 에디션_13,580|블루 에디션_15,670|오렌지 에디션_15,670|화이트 에디션_15,670","_레드 에디션_15,670|_블랙 에디션_13,580|블루 에디션_15,670|오렌지 에디션_15,670|화이트 에디션_15,670","_레드 에디션_15,670|_블랙 에디션_13,580|블루 에디션_15,670|오렌지 에디션_15,670|화이트 에디션_15,670","_레드 에디션_15,670|_블랙 에디션_13,580|블루 에디션_15,670|오렌지 에디션_15,670|화이트 에디션_15,670"
2672740,AEROCOOL AIR FORCE 14,"_레드 에디션_17,780|_블랙 에디션_15,670|블루 에디션_17,770|오렌지 에디션_17,770|화이트 에디션_17,770","_레드 에디션_17,780|_블랙 에디션_15,670|블루 에디션_17,770|오렌지 에디션_17,770|화이트 에디션_17,770","_레드 에디션_17,780|_블랙 에디션_15,670|블루 에디션_17,770|오렌지 에디션_17,770|화이트 에디션_17,770","_레드 에디션_17,780|_블랙 에디션_15,670|블루 에디션_17,770|오렌지 에디션_17,770|화이트 에디션_17,770","_레드 에디션_17,780|_블랙 에디션_15,670|블루 에디션_17,770|오렌지 에디션_17,770|화이트 에디션_17,770","_레드 에디션_17,780|_블랙 에디션_15,670|블루 에디션_17,770|오렌지 에디션_17,770|화이트 에디션_17,770","_레드 에디션_17,780|_블랙 에디션_15,670|블루 에디션_17,770|오렌지 에디션_17,770|화이트 에디션_17,770"
11223474,AEROCOOL Astro 12F PWM,"14,890","14,890","14,890","14,890","14,890","14,890","14,890"
10145457,AEROCOOL Baraf-S,"3.5g_3,690","3.5g_3,690","3.5g_3,690","3.5g_3,690","3.5g_3,690","3.5g_3,690","3.5g_3,690"
2672625,AEROCOOL DS 12,"레드 에디션_21,940|_블랙 에디션_20,900|_블루 에디션_21,940|화이트 에디션_21,940","레드 에디션_21,940|_블랙 에디션_20,900|_블루 에디션_21,940|화이트 에디션_21,940","레드 에디션_21,940|_블랙 에디션_20,900|_블루 에디션_21,940|화이트 에디션_21,940","레드 에디션_21,940|_블랙 에디션_20,900|_블루 에디션_21,940|화이트 에디션_21,940","레드 에디션_21,940|_블랙 에디션_20,900|_블루 에디션_21,940|화이트 에디션_21,940","레드 에디션_21,940|_블랙 에디션_20,900|_블루 에디션_21,940|화이트 에디션_21,940","레드 에디션_21,940|_블랙 에디션_20,900|_블루 에디션_21,940|화이트 에디션_21,940"
2659436,AEROCOOL DS 14,"_레드 에디션_24,030|블랙 에디션_21,940|_블루 에디션_24,030","_레드 에디션_24,030|블랙 에디션_21,940|_블루 에디션_24,030","_레드 에디션_24,030|블랙 에디션_21,940|_블루 에디션_24,030","_레드 에디션_24,030|블랙 에디션_21,940|_블루 에디션_24,030","_레드 에디션_24,030|블랙 에디션_21,940|_블루 에디션_24,030","_레드 에디션_24,030|블랙 에디션_21,940|_블루 에디션_24,030","_레드 에디션_24,030|블랙 에디션_21,940|_블루 에디션_24,030"
16964660,AEROCOOL RIME 4,"29,890","29,890","29,890","29,890","29,890","29,890","29,890"
16964816,AEROCOOL RIME 4 DUAL,"39,890","39,890","39,890","39,890","39,890","39,890","39,890"
27779522,ALPHACOOL Core1 워터블럭,"_블랙_221,760|_실버_175,550|카본_298,440|화이트_193,030",0,0,0,0,0,0
122930965,ALSEYE C-RAM-Alpha-B,"블랙_34,900","블랙_34,900","블랙_34,900","블랙_34,900","블랙_34,900","블랙_34,900","블랙_34,900"
122930953,ALSEYE C-RAM-Alpha-S,"실버_34,900","실버_34,900","실버_34,900","실버_34,900","실버_34,900","실버_34,900","실버_34,900"
122930977,ALSEYE C-RAM-Beta-B,"블랙_37,900","블랙_37,900","블랙_37,900","블랙_37,900","블랙_37,900","블랙_37,900","블랙_37,900"
122930981,ALSEYE C-RAM-Beta-S,"실버_37,900","실버_37,900","실버_37,900","실버_37,900","실버_37,900","실버_37,900","실버_37,900"
104227637,ALSEYE DM12- B(Clear Frame),"블랙_10,240","블랙_10,240","블랙_10,240","블랙_10,240","블랙_10,240","블랙_10,240","블랙_10,240"
104227658,ALSEYE DM12- W(Clear Frame),"화이트_10,240","화이트_10,240","화이트_10,240","화이트_10,240","화이트_10,240","화이트_10,240","화이트_10,240"
16123430,ALSEYE M120D PLUS,"_블랙_65,840|_화이트_70,500","_블랙_65,840|_화이트_70,500","_블랙_65,840|_화이트_70,500","_블랙_65,840|_화이트_70,500","_블랙_65,840|_화이트_70,500","_블랙_67,347|_화이트_70,500","_블랙_67,250|_화이트_70,500"
104045033,ALSEYE Q120DT Plus,"블랙_36,740","블랙_36,740","블랙_36,740","블랙_36,740","블랙_36,740","블랙_36,740","블랙_36,740"
104045393,ALSEYE Q120S Plus,"블랙_20,900","블랙_20,900","블랙_20,900","블랙_20,900","블랙_20,900","블랙_20,900","블랙_20,900"
21487916,ALSEYE T10,"2g_8,090","2g_8,090","2g_8,090","2g_8,090","2g_8,090","2g_8,090","2g_8,090"
104045414,ALSEYE T12,"_2g_4,550|_4g_12,900","_2g_4,550|_4g_12,900","_2g_4,550|_4g_12,900","_2g_4,550|_4g_12,900","_2g_4,550|_4g_12,900","_2g_4,550|_4g_12,900","_2g_4,550|_4g_12,900"
104045012,ALSEYE W700 Pro,"레드_79,900|_블랙_71,580|_옐로우_79,900|화이트_79,900","레드_79,900|_블랙_71,580|_옐로우_79,900|화이트_79,900","레드_79,900|_블랙_71,580|_옐로우_79,900|화이트_79,900","레드_79,900|_블랙_71,580|옐로우_79,900|_화이트_79,900","레드_79,900|_블랙_71,580|옐로우_79,900|_화이트_79,900","레드_79,900|_블랙_71,580|옐로우_79,900|_화이트_79,900","레드_79,900|_블랙_71,580|옐로우_79,900|_화이트_79,900"
17928218,ALSEYE Warrior W12 ARGB,"_블랙_21,500|_화이트_21,090","_블랙_21,500|_화이트_21,090","_블랙_21,500|_화이트_21,090","_블랙_21,500|_화이트_21,090","_블랙_21,500|_화이트_21,090","_블랙_21,500|_화이트_21,090","_블랙_21,500|_화이트_21,090"
104224196,ALSEYE i12,"3팩, 블랙_37,510|3팩, 화이트_37,510|_블랙_13,070|_화이트_13,060","3팩, 블랙_37,510|3팩, 화이트_37,510|_블랙_13,070|_화이트_13,060","3팩, 블랙_37,510|3팩, 화이트_37,510|_블랙_13,070|_화이트_13,060","3팩, 블랙_37,510|3팩, 화이트_37,510|_블랙_13,070|_화이트_13,060","3팩, 블랙_37,510|3팩, 화이트_37,510|_블랙_13,070|_화이트_13,060","3팩, 블랙_37,510|3팩, 화이트_37,510|_블랙_13,070|_화이트_13,060","3팩, 블랙_37,510|3팩, 화이트_37,510|_블랙_13,070|_화이트_13,060"
13019285,AMD Wraith Prism,0,0,"23,050","23,050","23,050","24,970","21,800"
10854153,AMD Wraith Stealth,"1,590","1,590","1,590","1,590","1,590","1,590","1,590"
4631853,AMD 정품 쿨러,"1,600","1,600","1,590","1,590","1,590",0,0
6445771,AONE DOUBLERING FAN 120,"화이트_3,820","화이트_3,820","화이트_3,820","화이트_3,820","화이트_3,820","화이트_3,820","화이트_3,820"
10522779,AONE RC-100 RGB 컨트롤러,"7,890","7,890","7,890","7,890","7,890","7,890","7,890"
5838073,AONE STORM 120-4P 120mm,"1,830","1,830","1,830","1,830","1,830","1,830","1,830"
6036616,AONE STORM 80-3P 80mm,"1,190","1,190","1,190","1,190","1,190","1,190","1,190"
6523164,AONE STORM 80-4P 80mm,"1,190","1,190","1,190","1,190","1,190","1,190","1,190"
8175577,AONE STORM ARGB DOUBLERING 120,"블랙_8,000|컨트롤러/1팩, 블랙_19,300|컨트롤러/3팩, 블랙_24,000|컨트롤러/5팩, 블랙_35,000|_화이트_5,880|컨트롤러/1팩, 화이트_13,870|_컨트롤러/3팩, 화이트_25,000|","블랙_8,000|컨트롤러/1팩, 블랙_19,300|컨트롤러/3팩, 블랙_24,000|컨트롤러/5팩, 블랙_35,000|_화이트_5,880|컨트롤러/1팩, 화이트_13,870|_컨트롤러/3팩, 화이트_25,000|","블랙_8,000|컨트롤러/1팩, 블랙_19,300|컨트롤러/3팩, 블랙_24,000|컨트롤러/5팩, 블랙_35,000|_화이트_5,880|컨트롤러/1팩, 화이트_13,870|_컨트롤러/3팩, 화이트_25,000|","블랙_8,000|컨트롤러/1팩, 블랙_19,300|컨트롤러/3팩, 블랙_24,000|컨트롤러/5팩, 블랙_35,000|_화이트_5,880|컨트롤러/1팩, 화이트_13,870|_컨트롤러/3팩, 화이트_25,000|","블랙_8,000|컨트롤러/1팩, 블랙_19,300|컨트롤러/3팩, 블랙_24,000|컨트롤러/5팩, 블랙_35,000|_화이트_5,880|컨트롤러/1팩, 화이트_13,870|_컨트롤러/3팩, 화이트_25,000|","블랙_8,000|컨트롤러/1팩, 블랙_19,300|컨트롤러/3팩, 블랙_24,000|컨트롤러/5팩, 블랙_35,000|_화이트_5,880|컨트롤러/1팩, 화이트_13,870|_컨트롤러/3팩, 화이트_25,000|","블랙_8,000|컨트롤러/1팩, 블랙_19,300|컨트롤러/3팩, 블랙_24,000|컨트롤러/5팩, 블랙_35,000|_화이트_5,880|컨트롤러/1팩, 화이트_13,870|_컨트롤러/3팩, 화이트_25,000|"
58936712,AONE STORM INFINITY ARGB PWM 120,"3팩, 블랙_31,050|_3팩, 화이트_20,550|블랙_11,620|_화이트_7,290","3팩, 블랙_31,050|_3팩, 화이트_20,550|블랙_11,620|_화이트_7,290","3팩, 블랙_31,050|_3팩, 화이트_20,550|블랙_11,620|_화이트_7,290","3팩, 블랙_31,050|_3팩, 화이트_20,550|블랙_11,620|_화이트_7,290","3팩, 블랙_31,050|_3팩, 화이트_20,550|블랙_11,620|_화이트_7,290","3팩, 블랙_31,050|_3팩, 화이트_20,550|블랙_11,620|_화이트_7,290","3팩, 블랙_31,050|_3팩, 화이트_20,550|블랙_11,620|_화이트_7,290"
74251442,AONE STORM INFINITY ARGB PWM 120 KIT,"_컨트롤러/3팩, 블랙_46,260|_컨트롤러/3팩, 화이트_32,320","_컨트롤러/3팩, 블랙_46,260|_컨트롤러/3팩, 화이트_32,320","_컨트롤러/3팩, 블랙_46,260|_컨트롤러/3팩, 화이트_32,320","_컨트롤러/3팩, 블랙_46,260|_컨트롤러/3팩, 화이트_32,320","_컨트롤러/3팩, 블랙_46,260|_컨트롤러/3팩, 화이트_32,320","_컨트롤러/3팩, 블랙_46,260|_컨트롤러/3팩, 화이트_32,320","_컨트롤러/3팩, 블랙_46,260|_컨트롤러/3팩, 화이트_32,320"
74251493,AONE STORM INFINITY ARGB PWM 120 리버스,"_3팩, 블랙_25,000|_3팩, 화이트_20,550","_3팩, 블랙_25,000|_3팩, 화이트_20,550","_3팩, 블랙_25,000|_3팩, 화이트_20,550","_3팩, 블랙_25,000|_3팩, 화이트_20,550","_3팩, 블랙_25,000|_3팩, 화이트_20,550","_3팩, 블랙_25,000|_3팩, 화이트_20,550","_3팩, 블랙_25,000|_3팩, 화이트_20,550"
74251592,AONE STORM INFINITY ARGB PWM 120 리버스 KIT,"_컨트롤러/3팩, 블랙_48,260|_컨트롤러/3팩, 화이트_24,720","_컨트롤러/3팩, 블랙_48,260|_컨트롤러/3팩, 화이트_24,720","_컨트롤러/3팩, 블랙_48,260|_컨트롤러/3팩, 화이트_25,500","_컨트롤러/3팩, 블랙_48,260|_컨트롤러/3팩, 화이트_24,720","_컨트롤러/3팩, 블랙_48,260|_컨트롤러/3팩, 화이트_24,720","_컨트롤러/3팩, 블랙_48,260|_컨트롤러/3팩, 화이트_24,720","_컨트롤러/3팩, 블랙_48,260|_컨트롤러/3팩, 화이트_24,720"
58936829,AONE STORM INFINITY ARGB PWM 리버스 120,"화이트_7,290","화이트_7,290","화이트_7,290","화이트_7,290","화이트_7,290","화이트_7,290","화이트_7,290"
99892244,AONE STORM INFINITY PRO 120 오토 RGB 벌크,"화이트_7,480","화이트_7,480","화이트_7,480","화이트_7,480","화이트_7,480","화이트_7,480","화이트_7,480"
104228321,AONE STORM INFINITY PRO-120 ARGB PWM,"_3팩, 블랙_17,270|3팩, 화이트_17,400|_블랙_5,900|컨트롤러/3팩, 블랙_29,400|컨트롤러/3팩, 화이트_29,400|화이트_5,900","_3팩, 블랙_17,400|3팩, 화이트_17,400|_블랙_5,900|컨트롤러/3팩, 블랙_29,400|컨트롤러/3팩, 화이트_28,890|화이트_5,900","_3팩, 블랙_17,400|3팩, 화이트_17,400|_블랙_5,900|컨트롤러/3팩, 블랙_29,400|컨트롤러/3팩, 화이트_28,890|화이트_5,900","_3팩, 블랙_17,400|3팩, 화이트_17,400|_블랙_5,900|컨트롤러/3팩, 블랙_29,400|컨트롤러/3팩, 화이트_28,890|화이트_5,900","_3팩, 블랙_17,400|3팩, 화이트_17,400|_블랙_5,900|컨트롤러/3팩, 블랙_29,400|컨트롤러/3팩, 화이트_28,890|화이트_5,900",0,0
99739310,AONE STORM INFINITY PRO-120 ARGB PWM,0,0,0,0,0,"_3팩, 블랙_17,400|3팩, 화이트_17,400|_블랙_5,900|컨트롤러/3팩, 블랙_29,400|컨트롤러/3팩, 화이트_28,890|화이트_5,900","_3팩, 블랙_17,400|3팩, 화이트_17,400|_블랙_5,900|컨트롤러/3팩, 블랙_29,400|컨트롤러/3팩, 화이트_28,890|화이트_5,900"
99739367,AONE STORM INFINITY PRO-120 ARGB PWM REVERSE,"3팩, 블랙_17,400|3팩, 화이트_17,400|_블랙_5,900|컨트롤러/3팩, 블랙_29,400|컨트롤러/3팩, 화이트_29,400|_화이트_5,900","3팩, 블랙_17,400|3팩, 화이트_17,400|_블랙_5,900|_컨트롤러/3팩, 블랙_29,400|컨트롤러/3팩, 화이트_29,400|화이트_5,900",0,0,0,0,0
104228345,AONE STORM INFINITY PRO-120 ARGB PWM REVERSE,0,0,"3팩, 블랙_17,400|3팩, 화이트_17,400|_블랙_5,900|_컨트롤러/3팩, 블랙_29,400|컨트롤러/3팩, 화이트_29,400|화이트_5,900","3팩, 블랙_17,400|3팩, 화이트_17,400|_블랙_5,900|_컨트롤러/3팩, 블랙_29,400|컨트롤러/3팩, 화이트_29,400|화이트_5,900","3팩, 블랙_17,400|3팩, 화이트_17,400|_블랙_5,900|_컨트롤러/3팩, 블랙_29,400|컨트롤러/3팩, 화이트_29,400|화이트_5,900","_3팩, 블랙_17,400|3팩, 화이트_17,400|블랙_5,900|_컨트롤러/3팩, 블랙_29,400|컨트롤러/3팩, 화이트_29,400|화이트_5,900",0
104228339,AONE STORM INFINITY PRO-120 ARGB PWM REVERSE,0,0,0,0,0,0,"_3팩, 블랙_17,400|3팩, 화이트_17,400|블랙_5,900|_컨트롤러/3팩, 블랙_29,400|컨트롤러/3팩, 화이트_29,400|화이트_5,900"
71063900,AONE STORM 오토 RGB DOUBLERING 140,"화이트_6,260","화이트_6,260","화이트_6,260","화이트_6,260","화이트_6,260","화이트_6,260","화이트_6,260"
5184091,AONE 튜닝 LED바 레드-350,"5,100","5,100","5,100","5,100","5,100","5,100","5,100"
44186252,APNX AP1-V ARGB,"_블랙_58,940|_화이트_58,760","_블랙_58,940|_화이트_58,760","_블랙_58,940|_화이트_58,760","_블랙_58,940|_화이트_58,760","_블랙_58,940|_화이트_58,760","_블랙_59,000|_화이트_58,760","_블랙_58,940|_화이트_58,760"
44768648,APNX FP1 120 PWM ARGB,"_블랙_14,690|_화이트_14,640","_블랙_14,690|_화이트_14,640","_블랙_14,690|_화이트_14,640","_블랙_14,690|_화이트_14,640","_블랙_14,690|_화이트_14,640","_블랙_14,652|_화이트_14,640","_블랙_14,690|_화이트_14,640"
100696967,APNX FP1 120 PWM ARGB 마이크로닉스,"_블랙_9,420|_화이트_9,420","_블랙_9,420|_화이트_9,420","_블랙_9,420|_화이트_9,420","_블랙_9,420|_화이트_9,420","_블랙_9,420|_화이트_9,420","_블랙_9,420|_화이트_9,420",0
100696934,APNX FP1 120 PWM ARGB 마이크로닉스,0,0,0,0,0,0,"_블랙_9,420|_화이트_9,420"
44768657,APNX FP1 140 PWM ARGB,"_블랙_19,090|_화이트_19,090","_블랙_19,090|_화이트_19,090",0,0,0,"_블랙_19,090|_화이트_18,927","_블랙_19,090|_화이트_19,090"
44768654,APNX FP1 140 PWM ARGB,0,0,"_블랙_19,090|_화이트_19,090","_블랙_19,090|_화이트_19,090","_블랙_19,090|_화이트_19,090",0,0
100697027,APNX FP1-R 120 PWM ARGB 마이크로닉스,"_블랙_9,430|_화이트_9,420","_블랙_9,430|_화이트_9,420","_블랙_9,430|_화이트_9,420","_블랙_9,430|_화이트_9,420","_블랙_9,430|_화이트_9,420","_블랙_9,430|_화이트_9,420","_블랙_9,430|_화이트_9,420"
45873977,APNX FP2 120 PWM ARGB,"_블랙_28,490|_화이트_28,490","_블랙_28,490|_화이트_28,490","_블랙_28,490|_화이트_28,490","_블랙_28,490|_화이트_28,490","_블랙_28,490|_화이트_28,490","_블랙_28,490|_화이트_28,440","_블랙_28,490|_화이트_28,490"
104628398,APNX FP3-120,"_3팩, 블랙_44,900|_3팩, 화이트_42,780","_3팩, 블랙_44,900|_3팩, 화이트_42,780","_3팩, 블랙_44,900|_3팩, 화이트_42,780","_3팩, 블랙_44,900|_3팩, 화이트_42,780","_3팩, 블랙_44,900|_3팩, 화이트_42,780","_3팩, 블랙_43,191|_3팩, 화이트_42,780","_3팩, 블랙_43,810|_3팩, 화이트_42,780"
104628419,APNX FP3-R-120,"_3팩, 블랙_42,390|_3팩, 화이트_42,390","_3팩, 블랙_42,390|_3팩, 화이트_42,390","_3팩, 블랙_42,390|_3팩, 화이트_42,390",0,0,0,0
104628407,APNX FP3-R-120,0,0,0,"_3팩, 블랙_42,390|_3팩, 화이트_42,390","_3팩, 블랙_42,390|_3팩, 화이트_42,390","_3팩, 블랙_42,390|_3팩, 화이트_42,390","_3팩, 블랙_42,390|_3팩, 화이트_42,390"
124199140,ARCTIC Alpine 17 CO 서린,"13,350","13,350","13,340","13,200","13,200","13,340","13,350"
20358905,ARCTIC Alpine 17 서린,"12,000","12,000","12,000","12,000","12,000","12,000","12,000"
5903788,ARCTIC BioniX F120,"_그린_21,500|_YELLOW_21,500","_그린_21,500|_YELLOW_21,500",0,0,"_그린_21,500|_YELLOW_21,500","_그린_21,500|_YELLOW_21,500","_그린_21,500|_YELLOW_21,500"
5903778,ARCTIC BioniX F120,0,0,"_그린_21,500|_YELLOW_21,500","_그린_21,500|_YELLOW_21,500",0,0,0
124237533,ARCTIC BioniX P12 A-RGB 서린,"_3팩, 블랙_66,720|_3팩, 화이트_66,720|블랙_24,790|화이트_24,790","_3팩, 블랙_66,720|_3팩, 화이트_66,720|블랙_24,790|화이트_24,790","_3팩, 블랙_66,720|_3팩, 화이트_66,720|블랙_24,790|화이트_24,790","_3팩, 블랙_66,400|_3팩, 화이트_66,400|블랙_24,790|화이트_24,790","_3팩, 블랙_66,400|_3팩, 화이트_66,400|블랙_24,790|화이트_24,790","_3팩, 블랙_66,720|_3팩, 화이트_66,720|블랙_24,790|화이트_24,790","_3팩, 블랙_66,720|_3팩, 화이트_66,720|블랙_24,790|화이트_24,790"
6997882,ARCTIC BioniX P120,"레드_12,300","레드_12,300","레드_12,300","레드_12,300","레드_12,300","레드_12,300","레드_12,300"
124237561,ARCTIC BioniX P14 A-RGB 서린,"_3팩, 블랙_76,250|_3팩, 화이트_76,250|블랙_27,640|화이트_27,640","_3팩, 블랙_76,250|_3팩, 화이트_76,250|블랙_27,640|화이트_27,640","_3팩, 블랙_76,250|_3팩, 화이트_76,250|블랙_27,640|화이트_27,640","_3팩, 블랙_75,900|_3팩, 화이트_75,900|블랙_27,640|화이트_27,640","_3팩, 블랙_75,900|_3팩, 화이트_75,900|블랙_27,640|화이트_27,640","_3팩, 블랙_76,250|_3팩, 화이트_76,250|블랙_27,640|화이트_27,640","_3팩, 블랙_76,250|_3팩, 화이트_76,250|블랙_27,640|화이트_27,640"
124237570,ARCTIC BioniX P14 A-RGB 서린,0,0,0,0,"_3팩, 블랙_75,900|_3팩, 화이트_75,900|블랙_27,640|화이트_27,640","_3팩, 블랙_76,250|_3팩, 화이트_76,250|블랙_27,640|화이트_27,640",0
9245472,ARCTIC BioniX P140,"레드_14,500","레드_14,500","레드_14,500","레드_14,500","레드_14,500","레드_14,500","레드_14,500"
7808539,ARCTIC Freezer 34 eSports DUO,"화이트_69,000","화이트_69,000","화이트_69,000","화이트_69,000","화이트_69,000","화이트_69,000","화이트_69,000"
32003399,ARCTIC Freezer 4U-M 서린,"83,510","83,510","83,510","83,500","83,500","83,510","83,510"
32088968,ARCTIC Freezer 4U-M 피씨디렉트,0,0,"84,540","84,540","84,540","85,690","85,690"
94522838,ARCTIC Freezer 8A,"24,790","24,790","24,790","24,790","24,790","24,790","24,790"
94523093,ARCTIC Freezer 8A CO,"28,000","26,720","26,710","26,710","26,720","26,710","26,720"
94523027,ARCTIC Freezer 8i,"30,990","24,800","24,790","24,790","24,800","24,790","24,800"
94523120,ARCTIC Freezer 8i CO,"33,390","26,720","26,710","26,710","26,720","26,720","26,720"
3555002,ARCTIC Liquid Freezer 240,"73,500","73,500","73,500","73,500","73,500","73,500","73,500"
39768731,ARCTIC Liquid Freezer III 360 서린,"192,900","192,900","192,900","192,900","192,900","192,900","192,900"
99322658,ARCTIC Liquid Freezer III PRO 240 A-RGB 서린,"_블랙_153,200|_화이트_158,600",0,0,0,0,0,0
94450823,ARCTIC Liquid Freezer III PRO 240 A-RGB 서린,0,"_블랙_153,200|_화이트_158,600","_블랙_153,200|_화이트_158,600","_블랙_153,200|_화이트_158,600","_블랙_153,200|_화이트_158,600","_블랙_153,200|_화이트_158,600","_블랙_153,200|_화이트_158,600"
94450814,ARCTIC Liquid Freezer III PRO 240 서린,"블랙_138,850","블랙_138,850","블랙_132,390","블랙_132,050","블랙_132,050","블랙_138,900","블랙_138,850"
96854585,ARCTIC Liquid Freezer III PRO 280 A-RGB 서린,"_블랙_152,000|_화이트_176,990","_블랙_152,000|_화이트_168,640","_블랙_151,990|_화이트_168,630","_블랙_151,990|_화이트_156,840","_블랙_147,110|_화이트_168,640","_블랙_144,110|_화이트_168,640","_블랙_152,000|_화이트_168,640"
96854528,ARCTIC Liquid Freezer III PRO 280 서린,"블랙_144,880","블랙_144,800","블랙_144,790","블랙_144,790","블랙_144,800","블랙_144,800","블랙_144,800"
92045609,ARCTIC Liquid Freezer III PRO 360 A-RGB 서린,"_블랙_175,140|_화이트_190,000","_블랙_175,140|_화이트_189,990","_블랙_175,140|_화이트_189,990","_블랙_175,140|_화이트_189,990","_블랙_175,140|_화이트_189,990","_블랙_175,140|_화이트_189,990","_블랙_175,140|_화이트_189,990"
96579446,ARCTIC Liquid Freezer III PRO 360 A-RGB 피씨디렉트,0,0,"_블랙_177,080|_화이트_182,970","_블랙_177,080|_화이트_182,970","_블랙_177,080|_화이트_182,970","_블랙_177,080|_화이트_182,970","_블랙_177,080|_화이트_182,970"
92045246,ARCTIC Liquid Freezer III PRO 360 서린,"158,500","158,500","158,500","153,900","153,900","158,500","158,500"
97304360,ARCTIC Liquid Freezer III PRO 360 피씨디렉트,"153,210","153,210","154,830","154,830","154,830","154,830","154,830"
94450808,ARCTIC Liquid Freezer III PRO 420 A-RGB 서린,"_블랙_196,790|_화이트_193,390","_블랙_196,790|_화이트_193,390","_블랙_196,700|_화이트_193,390","_블랙_187,150|_화이트_193,390","_블랙_187,150|_화이트_193,390",0,0
94450811,ARCTIC Liquid Freezer III PRO 420 A-RGB 서린,0,0,0,0,0,"_블랙_196,790|_화이트_193,390","_블랙_196,790|_화이트_193,390"
94450799,ARCTIC Liquid Freezer III PRO 420 서린,"블랙_176,810","블랙_168,640","블랙_153,630","블랙_153,840","블랙_153,840","블랙_168,630","블랙_168,640"
122681829,ARCTIC Liquid Freezer III PRO 420 피씨디렉트,"블랙_170,200","블랙_170,200","블랙_170,200","블랙_170,200","블랙_170,200","블랙_170,200","블랙_170,200"
124238722,ARCTIC Liquid Freezer WS360-4710 서린,"블랙_323,110","블랙_323,110","블랙_323,110","블랙_323,110","블랙_323,110","블랙_323,110","블랙_323,110"
124238751,ARCTIC Liquid Freezer WS360-SP5 서린,"블랙_323,110","블랙_323,110","블랙_323,110","블랙_323,110","블랙_323,110","블랙_323,110","블랙_323,110"
124238758,ARCTIC Liquid Freezer WS360-SP6 서린,"블랙_304,040","블랙_298,760","블랙_298,750","블랙_298,750","블랙_298,760","블랙_298,760","블랙_298,760"
1283442,ARCTIC MX-4,"_4g_5,090|_8g_7,900|20g_17,300|45g_39,690","_4g_5,090|_8g_7,900|20g_17,300|45g_39,690","_4g_5,280|_8g_7,900|20g_17,300|45g_39,690","_4g_5,280|_8g_7,900|20g_17,300|45g_39,690","_4g_5,280|_8g_7,900|20g_17,300|45g_39,690","_4g_5,280|_8g_7,900|20g_17,300|45g_39,690","_4g_5,280|_8g_7,900|20g_17,300|45g_39,690"
6921745,ARCTIC MX-4 2019 Edition,"4g_5,500","4g_5,500","4g_5,500","4g_5,500","4g_5,500","4g_5,500","4g_5,500"
5557492,ARCTIC MX-4 병행수입,"_4g_5,300|_20g_22,900","_4g_5,300|_20g_22,900","_4g_5,300|_20g_22,900","_4g_5,300|_20g_22,900",0,0,0
18371027,ARCTIC MX-4 서린,"4g_5,300|_8g_7,890|_20g_17,480|45g_33,960",0,0,0,0,0,0
18371033,ARCTIC MX-4 서린,0,"4g_5,250|_8g_7,600|_20g_17,480|45g_33,950","_4g_5,190|8g_7,600|_20g_16,390|45g_32,320","_4g_4,790|8g_7,600|_20g_16,390|45g_30,130","4g_5,190|_8g_7,600|_20g_17,390|45g_33,860","4g_5,200|_8g_7,600|_20g_16,400|45g_32,390","_4g_5,250|8g_7,600|_20g_17,480|45g_33,950"
18434333,ARCTIC MX-4 피씨디렉트,"_4g_5,490|_20g_17,300","_4g_5,490|_20g_17,300","_4g_5,490|_20g_17,300","_4g_5,490|_20g_17,300","_4g_5,490|_20g_17,300","_4g_5,490|_20g_17,300","_4g_5,490|_20g_17,300"
103066262,ARCTIC MX-7 서린,"2g_6,500|_4g_8,590|_8g_12,600|클리너/4g_12,870","2g_6,500|_4g_8,590|_8g_12,500|클리너/4g_12,870","2g_6,160|_4g_8,400|_8g_11,770|클리너/4g_12,780","2g_6,030|_4g_8,270|_8g_11,590|클리너/4g_12,780","2g_6,400|_4g_8,780|_8g_12,240|클리너/4g_12,780","2g_6,400|_4g_8,450|_8g_11,710|클리너/4g_12,780","2g_6,500|_4g_8,880|_8g_12,500|클리너/4g_12,880"
94570472,ARCTIC P12 Pro,"블랙_9,750","블랙_9,440","블랙_9,430","블랙_9,430","블랙_9,440","블랙_9,430","블랙_9,440"
122705938,ARCTIC P12 Pro A-RGB LN 서린,"_3팩, 블랙_51,470|_블랙_18,960",0,0,0,0,0,0
122705941,ARCTIC P12 Pro A-RGB LN 서린,0,"_3팩, 블랙_50,960|_블랙_18,960","_3팩, 블랙_50,950|_블랙_18,960","_3팩, 블랙_50,950|_블랙_18,810","_3팩, 블랙_50,960|_블랙_18,810","_3팩, 블랙_50,960|_블랙_18,960","_3팩, 블랙_50,960|_블랙_18,960"
94570559,ARCTIC P12 Pro ARGB,"_블랙_19,350|3팩, 블랙_52,530|_화이트_19,380|3팩, 화이트_52,530",0,0,0,0,"_블랙_19,350|3팩, 블랙_51,360|_화이트_18,060|3팩, 화이트_52,530","_블랙_19,350|3팩, 블랙_51,360|_화이트_18,880|3팩, 화이트_52,530"
94570526,ARCTIC P12 Pro ARGB,0,"_블랙_19,350|_3팩, 블랙_51,360|화이트_17,860|3팩, 화이트_52,530","_블랙_19,350|3팩, 블랙_51,350|_화이트_18,870|3팩, 화이트_52,530","_블랙_18,810|3팩, 블랙_51,200|_화이트_18,810|3팩, 화이트_51,200","_블랙_18,810|3팩, 블랙_51,200|_화이트_18,810|3팩, 화이트_51,200",0,0
102357374,ARCTIC P12 Pro ARGB Reverse 서린,"블랙_19,380|_3팩, 블랙_51,350|화이트_18,900|_3팩, 화이트_51,090","블랙_18,880|_3팩, 블랙_51,350|화이트_17,860|_3팩, 화이트_51,090","블랙_18,870|_3팩, 블랙_51,350|화이트_18,870|_3팩, 화이트_51,090","블랙_18,810|_3팩, 블랙_51,200|화이트_18,810|_3팩, 화이트_51,090","블랙_18,810|3팩, 블랙_51,200|_화이트_18,810|_3팩, 화이트_51,090","블랙_18,880|_3팩, 블랙_51,350|화이트_18,060|_3팩, 화이트_51,090","블랙_18,880|_3팩, 블랙_51,350|화이트_18,880|_3팩, 화이트_51,090"
122685853,ARCTIC P12 Pro ARGB Reverse 피씨디렉트,"_3팩, 화이트_52,530||_화이트_18,810","_3팩, 화이트_52,530||_화이트_18,810","_3팩, 화이트_52,530||_화이트_18,810","_3팩, 화이트_52,530||_화이트_18,810","_3팩, 화이트_52,530||_화이트_18,810","_3팩, 화이트_52,530||_화이트_18,810","_3팩, 블랙_52,530|||_화이트_18,810"
101625644,ARCTIC P12 Pro ARGB 피씨디렉트,"블랙_19,380|_3팩, 블랙_52,530|_화이트_18,860","블랙_19,380|_3팩, 블랙_52,530|_화이트_18,860","블랙_19,380|_3팩, 블랙_52,530|_화이트_18,860","블랙_19,380|_3팩, 블랙_52,530|_화이트_18,860","블랙_19,380|_3팩, 블랙_52,530|_화이트_18,860",0,"블랙_19,380|_3팩, 블랙_52,530|_화이트_18,860"
101625623,ARCTIC P12 Pro ARGB 피씨디렉트,0,0,0,0,0,"블랙_19,380|_3팩, 블랙_52,530|_화이트_18,860",0
122705924,ARCTIC P12 Pro LN 서린,"_5팩, 블랙_39,930|_블랙_9,540","_5팩, 블랙_36,800|_블랙_9,410","_5팩, 블랙_36,790|_블랙_9,330","_5팩, 블랙_36,790|_블랙_9,360","_5팩, 블랙_36,800|_블랙_9,410","_5팩, 블랙_36,790|_블랙_9,390","_5팩, 블랙_36,800|_블랙_9,410"
94570715,ARCTIC P12 Pro PST,"_5팩, 블랙_44,850|_블랙_10,790|화이트_10,790","_5팩, 블랙_42,800|_블랙_10,320|화이트_10,320","_5팩, 블랙_42,790|_블랙_10,310|화이트_10,310","_5팩, 블랙_42,650|_블랙_10,260|화이트_10,310","_5팩, 블랙_42,650|_블랙_10,260|화이트_10,320","_5팩, 블랙_42,800|_블랙_10,310|화이트_10,320","_5팩, 블랙_42,800|_블랙_10,320|화이트_10,320"
94570685,ARCTIC P12 Pro PST Co,"블랙_15,470","블랙_14,800","블랙_14,790","블랙_14,790","블랙_14,800","블랙_14,790","블랙_14,800"
122705921,ARCTIC P12 Pro PST LN 서린,"_5팩, 블랙_42,500|_블랙_10,380","_5팩, 블랙_40,000|_블랙_9,600","_5팩, 블랙_39,990|_블랙_9,590","_5팩, 블랙_42,500|_블랙_9,590","_5팩, 블랙_42,500|_블랙_9,600",0,"_5팩, 블랙_42,500|_블랙_9,600"
122705920,ARCTIC P12 Pro PST LN 서린,0,0,0,0,0,"_5팩, 블랙_42,500|_블랙_9,600",0
122697102,ARCTIC P12 Pro PST LN 피씨디렉트,"_5팩, 블랙_43,220|_블랙_10,820","_5팩, 블랙_43,220|_블랙_10,820","_5팩, 블랙_43,220|_블랙_10,820","_5팩, 블랙_43,220|_블랙_10,820",0,0,0
101625731,ARCTIC P12 Pro PST 피씨디렉트,"블랙_10,260|_5팩, 블랙_42,660|_화이트_10,160","블랙_10,260|_5팩, 블랙_42,660|_화이트_10,160","블랙_10,260|_5팩, 블랙_42,660|_화이트_10,160","블랙_10,260|_5팩, 블랙_42,660|_화이트_10,160","블랙_10,260|_5팩, 블랙_42,660|_화이트_10,160","블랙_10,260|_5팩, 블랙_42,660|_화이트_10,160","블랙_10,260|_5팩, 블랙_42,660|_화이트_10,160"
106704374,ARCTIC P12 Pro Reverse PST 서린,"_3팩, 블랙_27,220|_블랙_10,380","_3팩, 블랙_27,220|_블랙_10,380","_3팩, 블랙_24,920|_블랙_10,370","_3팩, 블랙_26,390|_블랙_10,210","_3팩, 블랙_26,490|_블랙_10,250","_3팩, 블랙_26,450|_블랙_10,210","_3팩, 블랙_27,220|_블랙_10,380"
122683417,ARCTIC P12 Pro Reverse PST 피씨디렉트,"_3팩, 블랙_27,220|_블랙_10,160","_3팩, 블랙_27,220|_블랙_10,160","_3팩, 블랙_27,220|_블랙_10,160","_3팩, 블랙_27,220|_블랙_10,160","_3팩, 블랙_27,220|_블랙_10,160",0,"_3팩, 블랙_27,220|_블랙_10,160"
122683413,ARCTIC P12 Pro Reverse PST 피씨디렉트,0,0,0,0,0,"_3팩, 블랙_27,220|_블랙_10,160",0
6980560,ARCTIC P12 SILENT,"8,200","8,200","8,200","8,200","8,200","8,200","8,200"
18348062,ARCTIC P12 SILENT 서린,"8,440","8,440","8,440","8,440","8,440","8,440","8,440"
18366851,ARCTIC P12 Slim PWM PST 서린,"_블랙_9,500|_밸류팩(3팩), 블랙_24,610","_블랙_9,500|_밸류팩(3팩), 블랙_24,610","_블랙_9,500|_밸류팩(3팩), 블랙_24,610","_블랙_9,500|_밸류팩(3팩), 블랙_24,600","_블랙_9,500|_밸류팩(3팩), 블랙_24,600","_블랙_9,500|_밸류팩(3팩), 블랙_24,610","_블랙_9,500|_밸류팩(3팩), 블랙_24,610"
56150705,ARCTIC P14 MAX 서린,"_블랙_12,300|5팩, 블랙_545,000|_화이트_14,120","_블랙_12,300|5팩, 블랙_545,000|_화이트_14,120","_블랙_12,300|5팩, 블랙_545,000|_화이트_14,120","_블랙_12,300|_5팩, 블랙_545,000|화이트_14,120","_블랙_12,300|_5팩, 블랙_545,000|화이트_14,120","_블랙_12,300|_5팩, 블랙_545,000|화이트_14,120","_블랙_12,300|_5팩, 블랙_545,000|화이트_14,120"
94814927,ARCTIC P14 Pro,"블랙_13,030","블랙_13,030","블랙_13,030","블랙_13,030","블랙_13,030","블랙_13,030","블랙_13,030"
94815089,ARCTIC P14 Pro A-RGB,"_블랙_23,350|3팩, 블랙_63,830|화이트_23,350|_3팩, 화이트_63,830",0,0,"_블랙_22,120|3팩, 블랙_58,870|화이트_22,120|_3팩, 화이트_57,870","_블랙_22,200|3팩, 블랙_58,880|화이트_22,200|_3팩, 화이트_57,700",0,0
102357545,ARCTIC P14 Pro A-RGB,0,"_블랙_22,790|3팩, 블랙_60,380|화이트_22,790|_3팩, 화이트_60,880","_블랙_22,780|3팩, 블랙_58,870|화이트_22,780|_3팩, 화이트_60,870",0,0,"_블랙_22,200|3팩, 블랙_58,880|화이트_22,190|_3팩, 화이트_60,880","블랙_22,620|_3팩, 블랙_57,380|화이트_22,700|_3팩, 화이트_60,880"
104595560,ARCTIC P14 Pro A-RGB 피씨디렉트,"3팩, 블랙_63,890|_블랙_23,900|_화이트_23,890","3팩, 블랙_63,890|_블랙_23,900|_화이트_23,890","3팩, 블랙_63,890|_블랙_23,900|_화이트_23,890",0,0,0,0
104595575,ARCTIC P14 Pro A-RGB 피씨디렉트,0,0,0,"3팩, 블랙_63,890|_블랙_23,900|_화이트_23,890","3팩, 블랙_63,890|_블랙_23,900|_화이트_23,890","3팩, 블랙_63,890|_블랙_23,900|_화이트_23,890","_3팩, 블랙_63,890|블랙_23,900|_화이트_23,890"
99479627,ARCTIC P14 Pro A-RGB 해외구매,"블랙_36,470","블랙_36,470","블랙_36,460","블랙_36,460","블랙_36,450","블랙_36,450","블랙_36,450"
102357626,ARCTIC P14 Pro ARGB Reverse 서린,"블랙_23,710|3팩, 블랙_63,830|_화이트_23,710|_3팩, 화이트_60,590","블랙_20,400|3팩, 블랙_60,380|_화이트_20,400|_3팩, 화이트_60,590","블랙_20,390|_3팩, 블랙_58,870|화이트_20,390|_3팩, 화이트_60,590","블랙_20,390|3팩, 블랙_58,870|_화이트_20,390|_3팩, 화이트_60,590","블랙_20,400|3팩, 블랙_58,880|_화이트_20,400|_3팩, 화이트_60,590","_블랙_20,400|3팩, 블랙_58,870|화이트_20,400|_3팩, 화이트_60,590","블랙_20,400|3팩, 블랙_57,380|_화이트_20,400|_3팩, 화이트_60,590"
94815023,ARCTIC P14 Pro PST CO 서린,"블랙_17,480","블랙_17,120","블랙_17,110","블랙_17,000","블랙_17,000","블랙_17,110","블랙_17,120"
94814960,ARCTIC P14 Pro PST 서린,"_블랙_12,700|_5팩, 블랙_53,590|화이트_13,560","_블랙_12,700|_5팩, 블랙_52,320|화이트_13,280",0,0,"_블랙_12,700|_5팩, 블랙_52,320|화이트_13,200","_블랙_12,700|_5팩, 블랙_52,320|화이트_13,280","_블랙_12,700|_5팩, 블랙_52,320|화이트_13,280"
94814978,ARCTIC P14 Pro PST 서린,0,0,"_블랙_12,700|_5팩, 블랙_52,310|화이트_13,270","_블랙_12,700|_5팩, 블랙_52,310|화이트_13,200",0,0,0
104614655,ARCTIC P14 Pro PST 피씨디렉트,"_5팩, 블랙_54,860|블랙_13,030|_화이트_13,560","_5팩, 블랙_54,860|블랙_13,030|_화이트_13,560","_5팩, 블랙_54,860|블랙_13,030|_화이트_13,560","_5팩, 블랙_54,860|블랙_13,030|_화이트_13,560","_5팩, 블랙_54,860|블랙_13,030|_화이트_13,560","_5팩, 블랙_54,860|블랙_13,030|_화이트_13,560","_5팩, 블랙_54,860|블랙_13,030|_화이트_13,560"
102357698,ARCTIC P14 Pro Reverse PST 서린,"_블랙_10,800|_3팩, 블랙_36,010","_블랙_10,800|_3팩, 블랙_35,200","_블랙_10,800|_3팩, 블랙_35,120","_블랙_10,800|_3팩, 블랙_34,910","_블랙_10,800|_3팩, 블랙_35,040","_블랙_10,800|_3팩, 블랙_35,000","_블랙_10,800|_3팩, 블랙_35,200"
122686792,ARCTIC P14 Pro Reverse PST 피씨디렉트,"_3팩, 블랙_36,010|_블랙_13,530","_3팩, 블랙_36,010|_블랙_13,530","_3팩, 블랙_36,010|_블랙_13,560","_3팩, 블랙_36,010|_블랙_13,560","_3팩, 블랙_36,010|_블랙_13,560","_3팩, 블랙_36,010|_블랙_13,560","_3팩, 블랙_36,010|_블랙_13,560"
18366971,ARCTIC P14 Slim PWM PST 서린,"11,170","10,660","10,620","10,600","10,280","10,260","10,370"
28537682,ARCTIC P8 MAX 서린,"블랙_9,190","블랙_9,190","블랙_9,100","블랙_9,100","블랙_9,100","블랙_9,190","블랙_9,190"
18366731,ARCTIC P8 PWM PST 서린,"_블랙_8,500|_밸류팩(5팩), 블랙_36,900","_블랙_8,160|_밸류팩(5팩), 블랙_32,800","_블랙_8,150|_밸류팩(5팩), 블랙_32,790","_블랙_8,150|_밸류팩(5팩), 블랙_32,780","_블랙_8,160|_밸류팩(5팩), 블랙_32,800",0,0
28537478,ARCTIC P8 PWM PST 서린,0,0,0,0,0,"_블랙_8,160|_밸류팩(5팩), 블랙_32,800","_블랙_8,160|_밸류팩(5팩), 블랙_32,800"
78612956,ARCTIC P8 slim PWM PST 서린,"9,490","9,490","9,400","9,400","9,400","9,490","9,490"
78613049,ARCTIC P9 MAX,"블랙_9,880","블랙_9,440","블랙_9,430","블랙_9,430","블랙_9,440","블랙_9,440","블랙_9,440"
78615083,ARCTIC P9 PWM PST,"블랙_9,290","블랙_9,290","블랙_9,290","블랙_9,190","블랙_9,190","블랙_9,290","블랙_9,290"
74251937,ARCTIC S12038-4K,"21,100","21,100","21,100",0,"21,100","21,100","21,100"
78613406,ARCTIC S12038-4K 서린,"_1팩_21,870|_3팩_59,800","_1팩_20,880|_3팩_57,110","_1팩_20,870|_3팩_57,110","_1팩_20,870|_3팩_57,100","_1팩_20,880|_3팩_57,110","_1팩_20,880|_3팩_57,100","_1팩_20,880|_3팩_57,110"
73697615,ARCTIC S12038-8K 서린,"_1팩_22,870|_3팩_62,930","_1팩_21,840|_3팩_60,000","_1팩_21,830|_3팩_59,990","_1팩_21,830|_3팩_59,990","_1팩_21,840|_3팩_60,000",0,"_1팩_21,840|_3팩_60,000"
73697627,ARCTIC S12038-8K 서린,0,0,0,0,0,"_1팩_21,830|_3팩_60,000",0
78613232,ARCTIC S4028-15K,"5팩_63,000","5팩_60,000","5팩_59,990","5팩_59,990","5팩_60,000","5팩_60,000","5팩_60,000"
78613166,ARCTIC S4028-6K,"5팩_55,940","5팩_53,360","5팩_53,350","5팩_53,340","5팩_53,360","5팩_53,350","5팩_53,360"
71506034,ARCTIC S8038-10K,"_1팩_22,980|_4팩_68,200","_1팩_21,920|_4팩_68,200","_1팩_21,910|_4팩_68,200","_1팩_21,910|_4팩_68,200","_1팩_21,920|_4팩_68,200","_1팩_21,910|_4팩_68,200",0
71506040,ARCTIC S8038-10K,0,0,0,0,0,0,"_1팩_21,920|_4팩_68,200"
78613301,ARCTIC S8038-7K,"_1팩_19,880|_4팩_62,920","_1팩_18,960|_4팩_59,990","_1팩_18,950|_4팩_59,480","_1팩_18,930|_4팩_59,980","_1팩_18,960|_4팩_59,990","_1팩_18,930|_4팩_59,990","_1팩_18,960|_4팩_59,480"
3470631,ARCTIC VRM set(GTX 980),"15,500","15,500","15,500","15,500","15,500","15,500","15,500"
13736333,ASRock ARGB Strip 에즈윈,"17,000","17,000","17,000","17,000","17,000","17,000","17,000"
13740815,ASRock DeskMini USB Hub 에즈윈,"12,850","12,850","12,850","12,850","12,850","12,850","12,850"
77382095,ASUS AR120 ARGB PWM 벌크,"9,930","9,930","9,930","9,930","9,930","9,930","9,930"
124182462,ASUS LC 360 ARGB 대원씨티에스,블랙_가격비교예정,블랙_가격비교예정,블랙_가격비교예정,블랙_가격비교예정,블랙_가격비교예정,블랙_가격비교예정,블랙_가격비교예정
71723663,ASUS PRIME LC 360 ARGB,"블랙_106,560","블랙_106,560","블랙_106,560","블랙_106,560","블랙_106,560","블랙_108,860","블랙_106,560"
106727237,ASUS ProArt PF120 PWM,"_3팩, 블랙_110,770|_3팩, 화이트_110,270|블랙_43,890|화이트_43,590","_3팩, 블랙_110,770|_3팩, 화이트_110,270|블랙_43,890|화이트_43,590","_3팩, 블랙_110,770|_3팩, 화이트_110,270|블랙_43,890|화이트_43,590","_3팩, 블랙_110,770|_3팩, 화이트_110,270|블랙_43,890|화이트_43,590","_3팩, 블랙_110,770|_3팩, 화이트_110,270|블랙_43,890|화이트_43,590","_3팩, 블랙_110,770|_3팩, 화이트_110,270|블랙_43,890|화이트_43,590","_3팩, 블랙_110,770|_3팩, 화이트_110,270|블랙_43,890|화이트_43,590"
123799751,ASUS ROG Eurux GR120 ARGB,"_3팩, 블랙_190,590|_3팩, 화이트_190,610",0,0,0,0,"_3팩, 블랙_190,590|_3팩, 화이트_190,610",0
123799663,ASUS ROG Eurux GR120 ARGB,0,"_3팩, 블랙_190,590|_3팩, 화이트_190,610","_3팩, 블랙_190,590|_3팩, 화이트_190,610","_3팩, 블랙_190,590|_3팩, 화이트_190,610","_3팩, 블랙_190,590|_3팩, 화이트_190,610",0,"_3팩, 블랙_190,590|_3팩, 화이트_190,610"
123799983,ASUS ROG Eurux GR120 ARGB Reverse,"3팩, 화이트_190,610","3팩, 화이트_190,610","3팩, 화이트_190,610","3팩, 화이트_190,610","3팩, 화이트_190,610","_3팩, 블랙_228,940|_3팩, 화이트_190,610","_3팩, 블랙_227,630|_3팩, 화이트_190,610"
21507791,ASUS ROG RYUJIN III 240 ARGB WHITE EDITION,"345,730","345,730","335,710","335,710","345,730","345,730","345,730"
43491383,ASUS ROG RYUJIN III WB 대원씨티에스,"411,000","411,000","411,000","411,000","411,000","411,000","411,000"
19953968,ASUS ROG RYUO III 240 ARGB WHITE EDITION,"446,400","446,400","446,400","446,400","446,400","446,400","446,400"
16794326,ASUS ROG STRIX LC II 240 ARGB WHITE 인텍앤컴퍼니,"119,000","119,000","119,000","119,000","119,000","119,000","119,000"
43491374,ASUS ROG STRIX LC III 240 ARGB 대원씨티에스,"화이트_285,090","화이트_285,090","화이트_285,090","화이트_285,090","화이트_285,090","화이트_285,090","화이트_285,090"
122707799,ASUS ROG STRIX LC IV 360 ARGB LCD 대원씨티에스,"_블랙_340,000|_화이트_320,740","_블랙_340,000|_화이트_320,740","_블랙_318,000|_화이트_320,740","_블랙_318,000|_화이트_320,740","_블랙_318,000|_화이트_320,740","_블랙_318,000|_화이트_327,650",0
122707808,ASUS ROG STRIX LC IV 360 ARGB LCD 대원씨티에스,0,0,0,0,0,0,"_블랙_318,000|_화이트_320,740"
122708107,ASUS ROG STRIX SLC IV 360 ARGB LCD 대원씨티에스,"블랙_352,000","블랙_328,000","블랙_335,000","블랙_335,000","블랙_335,000","블랙_335,000","블랙_335,000"
15015233,ASUS TUF Gaming LC 120 ARGB,"261,370","261,370","261,370","261,370","261,370","261,370","261,370"
7491625,Antec A400 RGB,"47,000","47,000","47,000","47,000","47,000","47,000","47,000"
17813201,Antec A400i RGB,"34,000","34,000","34,000","34,000","34,000","34,000",0
5623597,Antec C40 BLUE LED,"34,000","34,000","34,000","34,000","34,000","34,000","34,000"
5623581,Antec C400 BLUE LED,"50,140","50,140","50,140","50,140","50,140","50,140","50,140"
28829411,Antec DAGGER GPU BRACKET,"ARGB 화이트_18,900","ARGB 화이트_18,900","ARGB 화이트_18,900","ARGB 화이트_18,900","ARGB 화이트_18,900","ARGB 화이트_18,900","ARGB 화이트_18,900"
102001736,Antec F14 PWM ARGB,"컨트롤러/3팩, 블랙_49,900","컨트롤러/3팩, 블랙_49,900","컨트롤러/3팩, 블랙_49,900","컨트롤러/3팩, 블랙_49,900","컨트롤러/3팩, 블랙_49,900","컨트롤러/3팩, 블랙_49,900","컨트롤러/3팩, 블랙_49,900"
17676869,Antec FUSION 120 ARGB,"_블랙_25,000|_컨트롤러/3팩, 블랙_70,510|컨트롤러/5팩, 화이트_138,240","블랙_25,000|_컨트롤러/3팩, 블랙_70,510|_컨트롤러/5팩, 화이트_138,240","블랙_25,000|_컨트롤러/3팩, 블랙_70,510|_컨트롤러/5팩, 화이트_138,240","블랙_25,000|_컨트롤러/3팩, 블랙_70,510|_컨트롤러/5팩, 화이트_138,240","블랙_25,000|_컨트롤러/3팩, 블랙_70,510|_컨트롤러/5팩, 화이트_138,240","블랙_25,000|_컨트롤러/3팩, 블랙_70,510|_컨트롤러/5팩, 화이트_138,240","블랙_25,000|_컨트롤러/3팩, 블랙_70,510|_컨트롤러/5팩, 화이트_138,240"
95985785,Antec FUSION T3 140 ARGB,"25,500","25,500","25,500","25,500","25,500","25,500","25,500"
58028558,Antec GPU HOLDER I SHAPE PRISM,"_블랙_9,630|_화이트_10,070","_블랙_9,630|_화이트_10,070","_블랙_10,070|_화이트_10,070","_블랙_9,630|_화이트_10,070","_블랙_9,630|_화이트_10,070","_블랙_9,630|_화이트_10,070","_블랙_10,070|_화이트_10,070"
8367249,Antec Kuhler H2O K240 RGB,"109,000","109,000","109,000","109,000","109,000","109,000","109,000"
124046449,Antec Luna 360 ARGB,"_블랙_59,000|_화이트_62,000","_블랙_59,000|_화이트_62,000","_블랙_59,000|_화이트_62,000","_블랙_59,000|_화이트_62,000","_블랙_59,000|_화이트_62,000","_블랙_59,000|_화이트_62,000","_블랙_59,000|_화이트_62,000"
32079068,Antec NEON 120 PWM ARGB,"컨트롤러/3팩_34,230","컨트롤러/3팩_34,230","컨트롤러/3팩_34,230","컨트롤러/3팩_34,230","컨트롤러/3팩_34,230","컨트롤러/3팩_34,230","컨트롤러/3팩_34,230"
10701780,Antec NEPTUNE 120 ARGB,"92,650","92,650","92,650","92,650","92,650","92,650","92,650"
10701795,Antec NEPTUNE 240 ARGB,"128,520","128,520","128,520","128,520","128,520","131,730","131,300"
92624678,Antec NOVA 120 PWM,"_컨트롤러/1팩, 블랙_23,500|_컨트롤러/3팩, 블랙_67,900","_컨트롤러/1팩, 블랙_23,500|_컨트롤러/3팩, 블랙_67,900","_컨트롤러/1팩, 블랙_23,500|_컨트롤러/3팩, 블랙_67,900","_컨트롤러/1팩, 블랙_23,500|_컨트롤러/3팩, 블랙_67,900","_컨트롤러/1팩, 블랙_23,500|_컨트롤러/3팩, 블랙_67,900","_컨트롤러/1팩, 블랙_23,500|_컨트롤러/3팩, 블랙_67,900","_컨트롤러/1팩, 블랙_23,500|_컨트롤러/3팩, 블랙_67,900"
63873956,Antec Neo PRIZM T3 140 PWM ARGB,"_벌크, 화이트_27,000|_컨트롤러/3팩, 화이트_77,900","_벌크, 화이트_27,000|_컨트롤러/3팩, 화이트_77,900","_벌크, 화이트_27,000|_컨트롤러/3팩, 화이트_77,900","_벌크, 화이트_27,000|_컨트롤러/3팩, 화이트_77,900","_벌크, 화이트_27,000|_컨트롤러/3팩, 화이트_77,900","_벌크, 화이트_27,000|_컨트롤러/3팩, 화이트_77,900","_벌크, 화이트_27,000|_컨트롤러/3팩, 화이트_77,900"
95346971,Antec Orbit 120 PWM ARGB,"_벌크 1팩_23,500|_3팩_67,900","_벌크 1팩_23,500|_3팩_67,900","_벌크 1팩_23,500|_3팩_67,900","_벌크 1팩_23,500|_3팩_67,900","_벌크 1팩_23,500|_3팩_67,900","_벌크 1팩_23,500|_3팩_67,900","_벌크 1팩_23,500|_3팩_67,900"
102619358,Antec P12 PWM,"_3팩_26,500|_5팩_40,920","_3팩_26,500|_5팩_40,920","_3팩_26,500|_5팩_40,920","_3팩_26,500|_5팩_40,920","_3팩_26,500|_5팩_40,920","_3팩_26,500|_5팩_41,800",0
17677046,Antec P12 PWM,0,0,0,0,0,0,"_3팩_28,130|_5팩_41,800"
71159171,Antec P12R PWM ARGB 리버스,"_블랙_12,000|_화이트_12,000","_블랙_12,000|_화이트_12,000","_블랙_12,000|_화이트_12,000","_블랙_12,000|_화이트_12,000","_블랙_12,000|_화이트_12,000","_블랙_12,000|_화이트_12,000","_블랙_12,000|_화이트_12,000"
6686944,Antec PRIZM 120 ARGB,"컨트롤러/3팩_81,800","컨트롤러/3팩_81,800","컨트롤러/3팩_81,800","컨트롤러/3팩_81,800","컨트롤러/3팩_81,800","컨트롤러/3팩_81,800","컨트롤러/3팩_81,800"
15118949,Antec PRIZM X 120 ARGB,"컨트롤러/3팩_59,000","컨트롤러/3팩_59,000","컨트롤러/3팩_59,000","컨트롤러/3팩_59,000","컨트롤러/3팩_59,000","컨트롤러/3팩_59,000","컨트롤러/3팩_59,000"
77279279,Antec STORM 120 PWM ARGB,"_벌크 1팩_18,600|_3팩_49,900","_벌크 1팩_18,600|_3팩_49,900",0,0,0,0,0
77279258,Antec STORM 120 PWM ARGB,0,0,"_벌크 1팩_18,600|_3팩_49,900","_벌크 1팩_18,600|_3팩_49,900","_벌크 1팩_18,600|_3팩_49,900","_벌크 1팩_18,600|_3팩_49,900","_벌크 1팩_18,600|_3팩_49,900"
20137400,Antec STORM T3 120 PWM,"3팩_56,760","3팩_56,760","3팩_56,760","3팩_56,760","3팩_56,760","3팩_56,760","3팩_56,760"
102004841,Antec STORM T3 140 PWM ARGB,"컨트롤러/3팩_72,500","컨트롤러/3팩_72,500","컨트롤러/3팩_72,500","컨트롤러/3팩_72,500","컨트롤러/3팩_72,500","컨트롤러/3팩_72,500","컨트롤러/3팩_72,500"
15786776,Antec SYMPHONY 240 ARGB,"119,000","119,000","119,000","119,000","119,000","119,000","119,000"
98924324,Antec Skeleton 240 ARGB,"블랙_79,000","블랙_79,000","블랙_79,000","블랙_79,000","블랙_79,000","블랙_79,000","블랙_79,000"
98924354,Antec Skeleton 360 ARGB,"_블랙_99,000|_화이트_104,000","_블랙_99,000|_화이트_104,000","_블랙_99,000|_화이트_104,000","_블랙_99,000|_화이트_104,000","_블랙_99,000|_화이트_104,000","_블랙_99,000|_화이트_104,000","_블랙_99,000|_화이트_104,000"
124046524,Antec Skeleton Matrix 360 ARGB,"블랙_100,080","블랙_100,080","블랙_100,080","블랙_100,080","블랙_100,080","블랙_100,080","블랙_100,080"
92624846,Antec Tranquil 120 PWM ARGB,"벌크_19,900","벌크_19,900","벌크_19,900","벌크_19,900","벌크_19,900","벌크_19,900","벌크_19,900"
76512209,Antec Tranquil 120 PWM 벌크,"19,900","19,900","19,900","19,900","19,900","19,900","19,900"
102004847,Antec Tranquil 140 PWM ARGB,"1팩_27,000","1팩_27,000","1팩_27,000","1팩_27,000","1팩_27,000","1팩_27,000","1팩_27,000"
124046484,Antec Ultra 360 ARGB,"_블랙_54,000|_화이트_59,000","_블랙_54,000|_화이트_59,000","_블랙_54,000|_화이트_59,000","_블랙_54,000|_화이트_59,000","_블랙_54,000|_화이트_59,000","_블랙_54,000|_화이트_59,000","_블랙_54,000|_화이트_59,000"
18072155,Antec VORTEX 240 ARGB,"137,340","137,340","137,340","137,340","137,340","137,340","137,340"
57710066,Antec VORTEX 360 ARGB,"화이트_179,000","화이트_179,000","화이트_179,000","화이트_179,000","화이트_179,000","화이트_179,000","화이트_179,000"
72974351,Antec VORTEX LUM 240 ARGB,"99,000","99,000","99,000","99,000","99,000","99,000","99,000"
72974435,Antec VORTEX LUM 360 ARGB,"화이트_139,000","화이트_139,000","화이트_139,000","화이트_139,000","화이트_139,000","화이트_139,000","화이트_139,000"
123621811,Antec VORTEX VIEW 360,"블랙_291,100","블랙_291,100","블랙_291,100","블랙_291,100","블랙_291,100","블랙_291,100","블랙_291,100"
2232785,BLACKNOISE NB-BlackSilentPRO PE-P,"22,600","22,600","22,600","22,600","22,600","22,600","22,600"
2186214,BLACKNOISE NB-BlackSilentPRO PK-1,"26,000","26,000","26,000","26,000","26,000","26,000","26,000"
2186226,BLACKNOISE NB-BlackSilentPRO PK-2,"26,000","26,000","26,000","26,000","26,000","26,000","26,000"
2150615,BLACKNOISE NB-BlackSilentPRO PL-1,"23,000","23,000","23,000","23,000","23,000","23,000","23,000"
2127956,BLACKNOISE NB-eLoop B12-P,"30,000","30,000","30,000","30,000","30,000","30,000","30,000"
13006916,BRAVOTEC M4 마블 블랙팬서,"12,000","12,000","12,000","12,000","12,000","12,000","12,000"
13006964,BRAVOTEC M4 마블 스파이더맨,"18,960","18,960","18,810","18,810","18,810","18,960","18,960"
13006982,BRAVOTEC M4 마블 아이언맨,"18,960","18,960","18,790","18,790","18,790","18,960","18,960"
13007003,BRAVOTEC M4 마블 캡틴아메리카,"18,970","18,970","18,810","18,970","18,810","18,970","18,970"
13007036,BRAVOTEC M4 마블 타노스,"18,960","18,960","18,960","18,960","18,960","18,960","18,960"
74999153,BRAVOTEC X120 ARGB 리버스,"_블랙_7,580|_화이트_7,590","_블랙_7,580|_화이트_7,590","_블랙_7,580|_화이트_7,590","_블랙_7,580|_화이트_7,590","_블랙_7,580|_화이트_7,590","_블랙_7,580|_화이트_7,590","_블랙_7,580|_화이트_7,590"
13502168,BRAVOTEC 스톤마일 NEO,"_블랙_13,160|_화이트_13,370","_블랙_13,160|_화이트_13,370","_블랙_13,160|_화이트_13,370","_블랙_13,160|_화이트_13,370","_블랙_13,160|_화이트_13,370","_블랙_13,160|_화이트_13,370","_블랙_13,160|_화이트_13,370"
13502048,BRAVOTEC 스톤마일 NEO ARGB,"블랙_14,670","블랙_14,670","블랙_14,670","블랙_14,670","블랙_14,670","블랙_14,670","블랙_14,670"
58936541,COLORFUL COLORFIRE BEICED II 240 ARGB MEOW COOLER ORANGE STCOM,"66,000","66,000","66,000","66,000","66,000","66,000","66,000"
58936652,COLORFUL COLORFIRE HQ-12 PRO MEOW FAN ORANGE STCOM,"9,900","9,900","9,900","9,900","9,900","9,900","9,900"
62794862,COLORFUL COLORFIRE HQ-12 PRO MEOW FAN ORANGE 디앤디컴,"9,690","9,690","9,690","9,690","9,690","9,690","9,690"
55386368,COOLERTEC ALPHA-1700 GOLD,"38,460","38,460","38,460","38,460","38,460","38,460","38,460"
5568952,COOLERTEC CL20020DX-3P/4P,"13,490","13,490",0,0,0,0,0
3860156,COOLERTEC CT-4010L12R-2P,0,0,0,0,0,0,"2,680"
6146747,COOLERTEC CT-4010L12RA-3P,0,0,0,0,0,0,"2,580"
9571416,COOLERTEC CT-6010L12RA-3P,0,0,0,0,0,0,"2,450"
2659038,COOLERTEC CT-G80 팬그릴,_블랙_790|골드_850|_실버_560,0,0,0,0,0,0
9763917,COOLERTEC CT12025L05R,"6,110","6,110","6,110",0,0,0,0
9763836,COOLERTEC CT5010L05R,0,0,0,0,0,0,"3,870"
18951578,COOLERTEC CT7015L05R-2P,"4,750","4,750","4,750","4,750","4,750",0,0
3199573,COOLERTEC CTV-ZB-4P,"15,780","15,780","15,780",0,0,0,"15,780"
3114665,COOLERTEC FFM 140 Magnetic,"8,780","8,780","8,780","8,780",0,0,0
1346816,COOLERTEC FFM-120 블랙,0,0,0,0,0,0,"2,290"
6915286,COOLERTEC IO20020DX-ORANGE,"5,270","5,270","5,270","5,270","5,270","5,270",0
4823054,COOLERTEC LIGHT SHOW-14025 BLUE (A),"1,410","1,410",0,0,0,0,0
2068223,COOLERTEC OW4010DFS-2P,0,0,0,0,0,0,"5,230"
2068311,COOLERTEC OW8025DFS-T,0,0,0,0,0,0,"5,690"
16099241,COOLERTEC THERMAL HQ CUSION PAD-1010,"3,780","3,780","3,780","3,780","3,780","3,780","3,780"
11283207,COOLERTEC USB-20025-WHITE(32),0,0,"9,500","9,500","9,500","9,500","9,500"
6916555,COOLERTEC USB-8015-CLG1,0,0,"6,320","6,320","6,320","6,320","6,320"
13477493,COOLERTEC VCF-41 (4P-PWM),"7,420","7,420",0,0,0,0,0
122665202,COOLLEO A60 V2 ARGB 3RSYS,"_블랙_35,500|_화이트_38,000","_블랙_38,000|_화이트_38,000","_블랙_38,000|_화이트_38,000","_블랙_38,000|_화이트_38,000","_블랙_38,000|_화이트_38,000","_블랙_38,000|_화이트_38,000","_블랙_37,770|_화이트_38,000"
122665384,COOLLEO B40S DIG ARGB 3RSYS,"블랙_23,500","블랙_26,000","블랙_26,000","블랙_26,000","블랙_26,000","블랙_26,000","블랙_25,610"
122665341,COOLLEO B40S LITE 3RSYS,"블랙_21,000","블랙_21,000","블랙_21,000","블랙_21,000","블랙_21,000","블랙_21,000","블랙_20,680"
123236288,COOLLEO B50S PWM 3RSYS,"블랙_19,900","블랙_22,400","블랙_22,400","블랙_22,400","블랙_22,400","블랙_22,400","블랙_22,400"
122665284,COOLLEO B60T LCD SERIES 3RSYS,"블랙_77,000","블랙_79,500","블랙_79,500","블랙_79,500","블랙_79,500","블랙_79,500","블랙_79,290"
122665262,COOLLEO B60T V2 3RSYS,"블랙_47,000","블랙_49,500","블랙_49,500","블랙_49,500","블랙_49,500","블랙_49,500","블랙_49,080"
122665415,COOLLEO ICE MIRROR 360 3RSYS,"블랙_71,000","블랙_71,000","블랙_71,000","블랙_71,000","블랙_71,000","블랙_71,000","블랙_70,980"
5163166,CORSAIR HD140 RGB,"컨트롤러/2팩_100,000","컨트롤러/2팩_100,000","컨트롤러/2팩_100,000","컨트롤러/2팩_100,000","컨트롤러/2팩_100,000","컨트롤러/2팩_100,000","컨트롤러/2팩_100,000"
9733026,CORSAIR HYDRO X SERIES XD5 RGB,"325,170","325,170","325,170","325,170","325,170","325,170","325,170"
9752070,CORSAIR HYDRO X SERIES XR7,"360mm_247,160","360mm_247,160","360mm_247,160","360mm_247,160","360mm_247,160","360mm_247,160","360mm_247,160"
5606395,CORSAIR LL120 RGB,"_블랙_44,000|컨트롤러/3팩, 블랙_149,000|_화이트_47,000|컨트롤러/3팩, 화이트_168,000","_블랙_44,000|_컨트롤러/3팩, 블랙_149,000|화이트_47,000|컨트롤러/3팩, 화이트_168,000","_블랙_44,000|_컨트롤러/3팩, 블랙_149,000|화이트_47,000|컨트롤러/3팩, 화이트_168,000","_블랙_44,000|_컨트롤러/3팩, 블랙_149,000|화이트_47,000|컨트롤러/3팩, 화이트_168,000","_블랙_44,000|_컨트롤러/3팩, 블랙_149,000|화이트_47,000|컨트롤러/3팩, 화이트_168,000",0,0
7366759,CORSAIR LL120 RGB,0,0,0,0,0,"_블랙_44,000|컨트롤러/3팩, 블랙_149,000|_화이트_47,000|컨트롤러/3팩, 화이트_168,000","_블랙_44,000|컨트롤러/3팩, 블랙_149,000|_화이트_47,000|컨트롤러/3팩, 화이트_168,000"
5606431,CORSAIR LL140 RGB,"_1팩_54,000|_컨트롤러/2팩_128,000","_1팩_54,000|_컨트롤러/2팩_128,000",0,0,"_1팩_54,000|_컨트롤러/2팩_128,000","_1팩_54,000|_컨트롤러/2팩_128,000","_1팩_54,000|_컨트롤러/2팩_128,000"
5606437,CORSAIR LL140 RGB,0,0,"_1팩_54,000|_컨트롤러/2팩_128,000","_1팩_54,000|_컨트롤러/2팩_128,000",0,0,0
4396397,CORSAIR ML140 PRO,"레드_25,000","레드_25,000","레드_25,000","레드_25,000","레드_25,000","레드_25,000","레드_25,000"
5726557,CORSAIR ML140 PRO RGB,"컨트롤러/2팩_112,000","컨트롤러/2팩_112,000","컨트롤러/2팩_112,000","컨트롤러/2팩_112,000","컨트롤러/2팩_112,000","컨트롤러/2팩_112,000","컨트롤러/2팩_112,000"
70002641,CORSAIR NAUTILUS 240 RS,"148,790","148,790","148,790","148,790","148,790","148,790","148,790"
70002875,CORSAIR NAUTILUS 240 RS ARGB,"블랙_154,790","블랙_154,790","블랙_154,790","블랙_154,790","블랙_154,790","블랙_154,790","블랙_154,790"
96260573,CORSAIR NAUTILUS 240 RS LCD,"_블랙_199,000|_화이트_147,300","_블랙_199,000|_화이트_157,460","_블랙_199,000|_화이트_147,310","_블랙_199,000|_화이트_147,310","_블랙_199,000|_화이트_147,310","_블랙_199,000|_화이트_157,450","_블랙_199,000|_화이트_157,450"
70003022,CORSAIR NAUTILUS 360 RS,"124,170","133,820","124,330","124,330","124,330","127,550","133,070"
70003097,CORSAIR NAUTILUS 360 RS ARGB,"_블랙_137,070|_화이트_137,860","_블랙_147,340|_화이트_147,420","_블랙_137,900|_화이트_137,900",0,0,0,0
70003151,CORSAIR NAUTILUS 360 RS ARGB,0,0,0,"_블랙_137,900|_화이트_137,900","_블랙_137,900|_화이트_137,900","_블랙_141,480|_화이트_137,910","_블랙_147,340|_화이트_147,420"
96260189,CORSAIR NAUTILUS 360 RS LCD,"_블랙_191,130|_화이트_184,960","_블랙_198,990|_화이트_199,000","_블랙_184,970|_화이트_184,970","_블랙_184,970|_화이트_184,970","_블랙_184,970|_화이트_184,970","_블랙_198,990|_화이트_198,990",0
96260180,CORSAIR NAUTILUS 360 RS LCD,0,0,0,0,0,0,"_블랙_198,990|_화이트_198,990"
124326735,CORSAIR NAUTILUS II 360 RS,블랙_가격비교예정,블랙_가격비교예정,블랙_가격비교예정,블랙_가격비교예정,블랙_가격비교예정,블랙_가격비교예정,블랙_가격비교예정
124326746,CORSAIR NAUTILUS II 360 RS ARGB,_블랙_가격비교예정|_화이트_가격비교예정,_블랙_가격비교예정|_화이트_가격비교예정,_블랙_가격비교예정|_화이트_가격비교예정,_블랙_가격비교예정|_화이트_가격비교예정,_블랙_가격비교예정|_화이트_가격비교예정,_블랙_가격비교예정|_화이트_가격비교예정,_블랙_가격비교예정|_화이트_가격비교예정
124326713,CORSAIR NAUTILUS II 360 RS LCD,_블랙_가격비교예정|_화이트_가격비교예정,_블랙_가격비교예정|_화이트_가격비교예정,_블랙_가격비교예정|_화이트_가격비교예정,_블랙_가격비교예정|_화이트_가격비교예정,_블랙_가격비교예정|_화이트_가격비교예정,_블랙_가격비교예정|_화이트_가격비교예정,_블랙_가격비교예정|_화이트_가격비교예정
96260678,CORSAIR NAUTILUS RS LCD 모듈,"_블랙_67,880|_화이트_73,980","_블랙_73,130|_화이트_73,990","_블랙_67,890|_화이트_73,990","_블랙_67,890|_화이트_73,990","_블랙_67,890|_화이트_73,990","_블랙_69,480|_화이트_73,990","_블랙_70,488|_화이트_73,990"
62070398,CORSAIR RS120 ARGB,"블랙_17,830|_3팩, 블랙_51,990|화이트_17,810|_3팩, 화이트_51,140","블랙_18,390|_3팩, 블랙_51,990|화이트_17,870|_3팩, 화이트_53,760","블랙_18,390|_3팩, 블랙_51,990|화이트_17,940|_3팩, 화이트_53,760","블랙_18,390|_3팩, 블랙_51,990|화이트_17,990|_3팩, 화이트_53,730","블랙_18,390|_3팩, 블랙_51,990|화이트_17,920|_3팩, 화이트_53,730","블랙_18,390|_3팩, 블랙_51,318|화이트_17,109|_3팩, 화이트_51,318","블랙_18,390|_3팩, 블랙_51,990|화이트_17,350|_3팩, 화이트_52,050"
124298531,CORSAIR RS120 II,블랙_가격비교예정,블랙_가격비교예정,블랙_가격비교예정,블랙_가격비교예정,블랙_가격비교예정,블랙_가격비교예정,블랙_가격비교예정
124298495,CORSAIR RS120 II ARGB,_블랙_가격비교예정|_화이트_가격비교예정,_블랙_가격비교예정|_화이트_가격비교예정,_블랙_가격비교예정|_화이트_가격비교예정,_블랙_가격비교예정|_화이트_가격비교예정,_블랙_가격비교예정|_화이트_가격비교예정,_블랙_가격비교예정|_화이트_가격비교예정,_블랙_가격비교예정|_화이트_가격비교예정
54217421,CORSAIR RS120 MAX,"3팩_109,000","3팩_109,000","3팩_109,000","3팩_109,000","3팩_109,000","3팩_109,000","3팩_109,000"
92890016,CORSAIR RS120-R ARGB,0,0,0,0,0,0,"_3팩(트리플팩), 블랙_49,880|_3팩(트리플팩), 화이트_49,880"
62070563,CORSAIR RS140 ARGB,"_2팩, 블랙_42,770|블랙_22,750|화이트_23,090|_2팩, 화이트_42,770","_2팩, 블랙_44,530|블랙_24,990|화이트_24,990|_2팩, 화이트_45,990","_2팩, 블랙_44,530|블랙_24,990|화이트_24,990|_2팩, 화이트_45,990","_2팩, 블랙_44,530|블랙_24,990|화이트_24,990|_2팩, 화이트_45,990","_2팩, 블랙_44,530|블랙_24,990|화이트_24,990|_2팩, 화이트_45,990","_2팩, 블랙_42,975|블랙_24,990|화이트_24,990|_2팩, 화이트_45,990",0
62070776,CORSAIR RS140 ARGB,0,0,0,0,0,0,"_2팩, 블랙_43,380|블랙_24,990|_화이트_24,990|2팩, 화이트_45,990"
124298550,CORSAIR RS140 II,블랙_가격비교예정,블랙_가격비교예정,블랙_가격비교예정,블랙_가격비교예정,블랙_가격비교예정,블랙_가격비교예정,블랙_가격비교예정
124298505,CORSAIR RS140 II ARGB,_블랙_가격비교예정|_화이트_가격비교예정,_블랙_가격비교예정|_화이트_가격비교예정,_블랙_가격비교예정|_화이트_가격비교예정,_블랙_가격비교예정|_화이트_가격비교예정,_블랙_가격비교예정|_화이트_가격비교예정,_블랙_가격비교예정|_화이트_가격비교예정,_블랙_가격비교예정|_화이트_가격비교예정
54217526,CORSAIR RS140 MAX,"2팩_85,000","2팩_85,000","2팩_85,000","2팩_85,000","2팩_85,000","2팩_85,000","2팩_85,000"
124298571,CORSAIR RS360 II,블랙_가격비교예정,블랙_가격비교예정,블랙_가격비교예정,블랙_가격비교예정,블랙_가격비교예정,블랙_가격비교예정,블랙_가격비교예정
124298517,CORSAIR RS360 II ARGB,_블랙_가격비교예정|_화이트_가격비교예정,_블랙_가격비교예정|_화이트_가격비교예정,_블랙_가격비교예정|_화이트_가격비교예정,_블랙_가격비교예정|_화이트_가격비교예정,_블랙_가격비교예정|_화이트_가격비교예정,_블랙_가격비교예정|_화이트_가격비교예정,_블랙_가격비교예정|_화이트_가격비교예정
18932525,CORSAIR iCUE AF120 ELITE RGB,"3팩, 화이트_165,000","3팩, 화이트_165,000","3팩, 화이트_165,000","3팩, 화이트_165,000","3팩, 화이트_165,000","3팩, 화이트_165,000","3팩, 화이트_165,000"
18932126,CORSAIR iCUE AF140 RGB ELITE,"화이트_40,370","화이트_40,370","화이트_40,370","화이트_40,370","화이트_40,370","화이트_40,370","화이트_40,370"
14657810,CORSAIR iCUE H100 RGB,"156,000","156,000","156,000","156,000","156,000","156,000","156,000"
19091453,CORSAIR iCUE H100i ELITE LCD XT,"385,000","385,000","385,000","385,000","385,000","385,000","385,000"
20746604,CORSAIR iCUE H100i ELITE RGB,"화이트_209,000","화이트_209,000","화이트_209,000","화이트_209,000","화이트_209,000","화이트_209,000","화이트_209,000"
12797552,CORSAIR iCUE H115i ELITE CAPELLIX,"302,020","302,020","302,020","302,020","302,020","302,020","302,020"
19091921,CORSAIR iCUE H150i ELITE LCD XT,"_블랙_419,000|_화이트_429,000",0,0,0,0,0,0
19091831,CORSAIR iCUE H150i ELITE LCD XT,0,"블랙_419,000","블랙_419,000","블랙_419,000","블랙_419,000","블랙_419,000","블랙_419,000"
19092236,CORSAIR iCUE H170i ELITE LCD XT,"459,000","459,000","459,000","459,000","459,000","459,000","459,000"
124326669,CORSAIR iCUE LINK 5″ LCD Screen Module,_블랙_가격비교예정|_화이트_가격비교예정,_블랙_가격비교예정|_화이트_가격비교예정,_블랙_가격비교예정|_화이트_가격비교예정,_블랙_가격비교예정|_화이트_가격비교예정,_블랙_가격비교예정|_화이트_가격비교예정,_블랙_가격비교예정|_화이트_가격비교예정,_블랙_가격비교예정|_화이트_가격비교예정
124326675,CORSAIR iCUE LINK 5″ LCD Screen Module,_블랙_가격비교예정|_화이트_가격비교예정,_블랙_가격비교예정|_화이트_가격비교예정,_블랙_가격비교예정|_화이트_가격비교예정,_블랙_가격비교예정|_화이트_가격비교예정,_블랙_가격비교예정|_화이트_가격비교예정,_블랙_가격비교예정|_화이트_가격비교예정,0
60151559,CORSAIR iCUE LINK AIO VRM FAN MODULE,"_블랙_35,690|_화이트_38,990","_블랙_38,990|_화이트_39,990","_블랙_38,990|_화이트_39,990","_블랙_38,990|_화이트_39,990","_블랙_38,990|_화이트_39,990","_블랙_38,484|_화이트_39,042","_블랙_38,990|_화이트_39,042"
30103115,CORSAIR iCUE LINK H100i LCD AIO,"블랙_176,680","블랙_178,990","블랙_178,990","블랙_178,990","블랙_178,990","블랙_178,990","블랙_178,800"
27763583,CORSAIR iCUE LINK H100i RGB,"_블랙_139,000|_화이트_133,040","_블랙_139,000|_화이트_133,040","_블랙_139,000|_화이트_133,040","_블랙_139,000|_화이트_133,040","_블랙_139,000|_화이트_133,040","_블랙_139,000|_화이트_133,040","_블랙_139,000|_화이트_133,040"
27401561,CORSAIR iCUE LINK H150i RGB,"화이트_179,000","화이트_179,000","화이트_179,000","화이트_179,000","화이트_179,000","화이트_179,000","화이트_179,000"
62071067,CORSAIR iCUE LINK LX120 RGB Expansion Fan,"_블랙_36,470|_화이트_35,330",0,0,0,0,0,0
62071031,CORSAIR iCUE LINK LX120 RGB Expansion Fan,0,"_블랙_36,840|_화이트_36,960","_블랙_36,840|_화이트_36,960","_블랙_36,840|_화이트_36,940","_블랙_36,840|_화이트_36,940","_블랙_35,280|_화이트_35,280","_블랙_35,780|_화이트_35,780"
62071139,CORSAIR iCUE LINK LX120 RGB STARTER KIT,"_3팩, 블랙_132,000|_3팩, 화이트_119,540","_3팩, 블랙_132,000|_3팩, 화이트_125,890","_3팩, 블랙_132,000|_3팩, 화이트_125,890","_3팩, 블랙_132,000|_3팩, 화이트_125,890","_3팩, 블랙_132,000|_3팩, 화이트_125,890","_3팩, 블랙_132,000|_3팩, 화이트_125,890",0
62071166,CORSAIR iCUE LINK LX120 RGB STARTER KIT,0,0,0,0,0,0,"_3팩, 블랙_132,000|_3팩, 화이트_125,890"
70766585,CORSAIR iCUE LINK LX120-R RGB Expansion Fan Reverse,"_블랙_35,330|_화이트_35,330","_블랙_36,790|_화이트_36,790",0,0,0,0,0
70766564,CORSAIR iCUE LINK LX120-R RGB Expansion Fan Reverse,0,0,"_블랙_36,720|_화이트_36,730","_블랙_36,720|_화이트_36,730","_블랙_36,720|_화이트_36,730","_블랙_35,280|_화이트_35,280","_블랙_35,780|_화이트_35,780"
70766708,CORSAIR iCUE LINK LX120-R RGB STARTER KIT Reverse,"_3팩, 블랙_123,690|_3팩, 화이트_116,530","_3팩, 블랙_123,700|_3팩, 화이트_123,700","_3팩, 블랙_123,700|_3팩, 화이트_123,700","_3팩, 블랙_123,700|_3팩, 화이트_123,700","_3팩, 블랙_123,700|_3팩, 화이트_123,700","_3팩, 블랙_123,010|_3팩, 화이트_123,010","_3팩, 블랙_123,700|_3팩, 화이트_123,700"
62071400,CORSAIR iCUE LINK LX140 RGB Expansion Fan,"_블랙_40,720|_화이트_40,720","_블랙_43,100|_화이트_43,100","_블랙_40,730|_화이트_40,730","_블랙_40,730|_화이트_40,730","_블랙_40,730|_화이트_40,730","_블랙_43,100|_화이트_43,100","_블랙_43,100|_화이트_43,100"
62071604,CORSAIR iCUE LINK LX140 RGB STARTER KIT,"_블랙, 2팩_101,680|_화이트, 2팩_96,710","_블랙, 2팩_102,600|_화이트, 2팩_100,990","_블랙, 2팩_102,600|_화이트, 2팩_100,990","_블랙, 2팩_102,600|_화이트, 2팩_100,990","_블랙, 2팩_102,600|_화이트, 2팩_100,990","_블랙, 2팩_100,850|_화이트, 2팩_99,270","_블랙, 2팩_100,850|_화이트, 2팩_100,850"
70766894,CORSAIR iCUE LINK LX140-R RGB Expansion Fan Reverse,"_블랙_43,380|_화이트_43,390","_블랙_43,400|_화이트_43,400","_블랙_43,390|_화이트_43,390","_블랙_43,390|_화이트_43,390","_블랙_43,390|_화이트_43,390","_블랙_42,291|_화이트_41,688","_블랙_42,290|_화이트_42,290"
70767224,CORSAIR iCUE LINK LX140-R RGB STARTER KIT Reverse,"_2팩, 블랙_96,130|_2팩, 화이트_101,680","_2팩, 블랙_101,690|_2팩, 화이트_101,700","_2팩, 블랙_101,690|_2팩, 화이트_101,700","_2팩, 블랙_101,690|_2팩, 화이트_101,700","_2팩, 블랙_101,690|_2팩, 화이트_101,700","_2팩, 블랙_100,850|_2팩, 화이트_100,850","_2팩, 블랙_100,850|_2팩, 화이트_100,850"
20747891,CORSAIR iCUE LINK QX120 RGB Expansion KIT,"_블랙_57,680|_화이트_53,180",0,0,0,0,0,0
20747894,CORSAIR iCUE LINK QX120 RGB Expansion KIT,0,"_블랙_57,690|_화이트_57,470","_블랙_57,690|_화이트_57,470","_블랙_57,690|_화이트_57,470","_블랙_57,690|_화이트_57,470","_블랙_55,584|_화이트_55,584","_블랙_56,380|_화이트_56,385"
20747696,CORSAIR iCUE LINK QX120 RGB STARTER KIT,"_컨트롤러/3팩, 블랙_175,220|_컨트롤러/3팩, 화이트_175,220",0,0,0,0,0,0
20747624,CORSAIR iCUE LINK QX120 RGB STARTER KIT,0,"_컨트롤러/3팩, 블랙_179,790|_컨트롤러/3팩, 화이트_179,790","_컨트롤러/3팩, 블랙_179,790|_컨트롤러/3팩, 화이트_179,790","_컨트롤러/3팩, 블랙_179,790|_컨트롤러/3팩, 화이트_179,790","_컨트롤러/3팩, 블랙_179,790|_컨트롤러/3팩, 화이트_179,790","_컨트롤러/3팩, 블랙_179,790|_컨트롤러/3팩, 화이트_179,790","_컨트롤러/3팩, 블랙_179,790|_컨트롤러/3팩, 화이트_179,790"
20747918,CORSAIR iCUE LINK QX140 RGB Expansion KIT,"_블랙_63,430|_화이트_63,740","_블랙_63,760|_화이트_63,760","_블랙_63,760|_화이트_63,760","_블랙_63,760|_화이트_63,760","_블랙_63,760|_화이트_63,760","_블랙_60,930|_화이트_61,614","_블랙_61,810|_화이트_61,810"
20747909,CORSAIR iCUE LINK QX140 RGB STARTER KIT,"_컨트롤러/2팩, 블랙_115,500|_컨트롤러/2팩, 화이트_109,720","_컨트롤러/2팩, 블랙_115,490|_컨트롤러/2팩, 화이트_115,490","_컨트롤러/2팩, 블랙_115,490|_컨트롤러/2팩, 화이트_115,490","_컨트롤러/2팩, 블랙_115,490|_컨트롤러/2팩, 화이트_115,490","_컨트롤러/2팩, 블랙_115,490|_컨트롤러/2팩, 화이트_115,490","_컨트롤러/2팩, 블랙_114,700|_컨트롤러/2팩, 화이트_114,700","_컨트롤러/2팩, 블랙_115,490|_컨트롤러/2팩, 화이트_115,490"
73124927,CORSAIR iCUE LINK RX120 MAX PWM THICK Expansion Fan,"블랙_49,000","블랙_49,000","블랙_49,000","블랙_49,000","블랙_49,000","블랙_49,000","블랙_49,000"
73125572,CORSAIR iCUE LINK RX120 MAX RGB,"_블랙_55,000|_컨트롤러/3팩, 블랙_179,000|화이트_55,000|컨트롤러/3팩, 화이트_179,000","_블랙_55,000|_컨트롤러/3팩, 블랙_179,000|화이트_55,000|컨트롤러/3팩, 화이트_179,000","_블랙_55,000|_컨트롤러/3팩, 블랙_179,000|화이트_55,000|컨트롤러/3팩, 화이트_179,000",0,"_블랙_55,000|_컨트롤러/3팩, 블랙_179,000|화이트_55,000|컨트롤러/3팩, 화이트_179,000","_블랙_55,000|_컨트롤러/3팩, 블랙_179,000|화이트_55,000|컨트롤러/3팩, 화이트_179,000","_블랙_55,000|_컨트롤러/3팩, 블랙_179,000|화이트_55,000|컨트롤러/3팩, 화이트_179,000"
73125251,CORSAIR iCUE LINK RX120 MAX RGB,0,0,0,"_블랙_55,000|_컨트롤러/3팩, 블랙_179,000|화이트_55,000|컨트롤러/3팩, 화이트_179,000",0,0,0
38456054,CORSAIR iCUE LINK RX120 RGB Expansion Fan,"_블랙_38,060|_화이트_37,610","_블랙_39,590|_화이트_39,590","_블랙_39,590|_화이트_39,590","_블랙_39,590|_화이트_39,590","_블랙_39,590|_화이트_39,590","_블랙_38,862|_화이트_38,844","_블랙_39,040|_화이트_39,040"
38456066,CORSAIR iCUE LINK RX120 RGB STARTER KIT,"_블랙_118,990|_화이트_115,990","_블랙_118,990|_화이트_115,990","_블랙_118,990|_화이트_115,990","_블랙_118,990|_화이트_115,990","_블랙_118,990|_화이트_115,990","_블랙_118,990|_화이트_114,700","_블랙_118,990|_화이트_115,990"
38456078,CORSAIR iCUE LINK RX140 RGB Expansion Fan,"_블랙_44,490|_화이트_43,980","_블랙_44,490|_화이트_43,990","_블랙_44,490|_화이트_43,990","_블랙_44,490|_화이트_43,990","_블랙_44,490|_화이트_43,990","_블랙_43,380|_화이트_43,990","_블랙_43,380|_화이트_43,380"
38456081,CORSAIR iCUE LINK RX140 RGB STARTER KIT,"_블랙_98,380|_화이트_97,890","_블랙_98,390|_화이트_97,890","_블랙_98,390|_화이트_97,890","_블랙_98,390|_화이트_97,890","_블랙_98,390|_화이트_97,890","_블랙_95,700|_화이트_95,700","_블랙_97,230|_화이트_97,230"
70003325,CORSAIR iCUE LINK TITAN 240 RX LCD,"_블랙_206,640|_화이트_207,890","_블랙_221,610|_화이트_221,610","_블랙_207,930|_화이트_207,930",0,0,0,0
70003469,CORSAIR iCUE LINK TITAN 240 RX LCD,0,0,0,"_블랙_207,930|_화이트_207,930","_블랙_207,930|_화이트_207,930","_블랙_213,300|_화이트_213,300","_블랙_221,610|_화이트_221,610"
63062579,CORSAIR iCUE LINK TITAN 240 RX RGB,"_블랙_169,190|_화이트_130,500","_블랙_169,190|_화이트_139,500","_블랙_169,190|_화이트_130,570","_블랙_169,190|_화이트_130,570","_블랙_169,190|_화이트_130,570","_블랙_169,190|_화이트_138,460","_블랙_169,190|_화이트_139,490"
70003505,CORSAIR iCUE LINK TITAN 360 RX LCD,"_블랙_249,650|_화이트_248,180","_블랙_266,130|_화이트_262,900","_블랙_249,690|_화이트_249,690","_블랙_249,690|_화이트_249,690",0,0,"_블랙_266,130|_화이트_262,890"
70003538,CORSAIR iCUE LINK TITAN 360 RX LCD,0,0,0,0,"_블랙_249,690|_화이트_249,690","_블랙_256,170|_화이트_256,170",0
63066215,CORSAIR iCUE LINK TITAN 360 RX RGB,"_블랙_230,870|_화이트_239,470","_블랙_237,520|_화이트_248,990","_블랙_230,900|_화이트_248,990","_블랙_230,900|_화이트_248,990","_블랙_230,900|_화이트_248,990","_블랙_236,880|_화이트_248,990","_블랙_237,520|_화이트_248,150"
12649949,CORSAIR iCUE LS100,"_250mm_40,840|_350mm_55,360",0,0,0,0,0,0
10319160,CORSAIR iCUE LS100,0,"_250mm_40,840|_350mm_55,360","_250mm_40,840|_350mm_55,360","_250mm_40,840|_350mm_55,360","_250mm_40,840|_350mm_55,360","_250mm_40,840|_350mm_55,360","_250mm_40,840|_350mm_55,360"
10319205,CORSAIR iCUE LS100 Strip Starter,"127,980","127,990","127,990","127,990","127,990","127,990","127,990"
12767063,CORSAIR iCUE LT100 STARTER KIT,"175,220","178,590","178,590","178,590","178,590","178,590","178,590"
10103832,CORSAIR iCUE QL120 RGB,"_3팩, 블랙_180,000|_블랙_56,000|화이트_56,000|3팩, 화이트_180,000","_3팩, 블랙_180,000|_블랙_56,000|화이트_56,000|3팩, 화이트_180,000","_3팩, 블랙_180,000|_블랙_56,000|화이트_56,000|3팩, 화이트_180,000","_3팩, 블랙_180,000|_블랙_56,000|화이트_56,000|3팩, 화이트_180,000","_3팩, 블랙_180,000|_블랙_56,000|화이트_56,000|3팩, 화이트_180,000","_3팩, 블랙_180,000|_블랙_56,000|화이트_56,000|3팩, 화이트_180,000","_3팩, 블랙_180,000|_블랙_56,000|화이트_56,000|3팩, 화이트_180,000"
10650918,CORSAIR iCUE QL140 RGB,"2팩, 블랙_148,000|블랙_63,500|_화이트_63,500|_2팩, 화이트_148,000","_2팩, 블랙_148,000|블랙_63,500|_화이트_63,500|2팩, 화이트_148,000",0,0,0,0,0
10103901,CORSAIR iCUE QL140 RGB,0,0,"_2팩, 블랙_148,000|블랙_63,500|_화이트_63,500|2팩, 화이트_148,000","_2팩, 블랙_148,000|블랙_63,500|_화이트_63,500|2팩, 화이트_148,000","_2팩, 블랙_148,000|블랙_63,500|_화이트_63,500|2팩, 화이트_148,000","_2팩, 블랙_148,000|블랙_63,500|_화이트_63,500|2팩, 화이트_148,000","_2팩, 블랙_148,000|블랙_63,500|_화이트_63,500|2팩, 화이트_148,000"
14102549,CORSAIR iCUE SP120 RGB ELITE,"_화이트_24,000|_컨트롤러/3팩, 화이트_92,000","_화이트_24,000|_컨트롤러/3팩, 화이트_92,000","_화이트_24,000|_컨트롤러/3팩, 화이트_92,000","_화이트_24,000|_컨트롤러/3팩, 화이트_92,000","_화이트_24,000|_컨트롤러/3팩, 화이트_92,000",0,0
14102534,CORSAIR iCUE SP120 RGB ELITE,0,0,0,0,0,"_화이트_24,000|_컨트롤러/3팩, 화이트_92,000","_화이트_24,000|_컨트롤러/3팩, 화이트_92,000"
14102765,CORSAIR iCUE SP140 RGB ELITE,"컨트롤러/2팩, 블랙_75,050","컨트롤러/2팩, 블랙_75,050","컨트롤러/2팩, 블랙_75,050","컨트롤러/2팩, 블랙_75,050","컨트롤러/2팩, 블랙_75,050","컨트롤러/2팩, 블랙_75,050","컨트롤러/2팩, 블랙_75,050"
56151224,COUGAR APOLAR 120 ARGB,"3팩, 블랙_68,900|블랙_23,900|_화이트_26,900|_3팩, 화이트_72,900","3팩, 블랙_68,900|블랙_23,900|_화이트_26,900|_3팩, 화이트_72,900","3팩, 블랙_68,900|블랙_23,900|_화이트_26,900|_3팩, 화이트_72,900","3팩, 블랙_68,900|블랙_23,900|_화이트_26,900|_3팩, 화이트_72,900","3팩, 블랙_68,900|블랙_23,900|_화이트_26,900|_3팩, 화이트_72,900","3팩, 블랙_68,900|블랙_23,900|_화이트_26,900|_3팩, 화이트_72,900","3팩, 블랙_68,900|블랙_23,900|_화이트_26,900|_3팩, 화이트_72,900"
69471746,COUGAR FORZA 135,"87,000","87,000","87,000","87,000","87,000","87,000","87,000"
69471797,COUGAR FORZA 50 ARGB,"43,000","43,000","43,000","43,000","43,000","43,000","43,000"
69471764,COUGAR FORZA 50 ESSENTIAL,"29,900","29,900","29,900","29,900","29,900","29,900","29,900"
69658520,COUGAR FORZA 85 ARGB,"72,000","72,000","72,000","72,000","72,000","72,000","72,000"
69658322,COUGAR FORZA 85 ESSENTIAL,"52,000","52,000","52,000","52,000","52,000","52,000","52,000"
71010380,COUGAR SC140 ARGB,"_블랙_28,900|_화이트_28,900","_블랙_28,900|_화이트_28,900","_블랙_28,900|_화이트_28,900","_블랙_28,900|_화이트_28,900","_블랙_28,900|_화이트_28,900","_블랙_28,900|_화이트_28,900","_블랙_28,900|_화이트_28,900"
71010413,COUGAR SC140 ARGB 리버스,"_블랙_28,900|_화이트_28,900","_블랙_28,900|_화이트_28,900",0,0,0,0,0
71010395,COUGAR SC140 ARGB 리버스,0,0,"_블랙_28,900|_화이트_28,900","_블랙_28,900|_화이트_28,900","_블랙_28,900|_화이트_28,900","_블랙_28,900|_화이트_28,900","_블랙_28,900|_화이트_28,900"
3586981,CRYORIG A40,"162,000","162,000","162,000","162,000","162,000","162,000","162,000"
3587003,CRYORIG A40 ULTIMATE,"176,000","176,000","176,000","176,000","176,000","176,000","176,000"
3328702,CRYORIG CP15,"4g_7,500","4g_7,500","4g_7,500","4g_7,500","4g_7,500","4g_7,500","4g_7,500"
3328686,CRYORIG CP5,"4g_15,540","4g_15,540","4g_15,540","4g_15,540","4g_15,540","4g_15,540","4g_15,540"
3328699,CRYORIG CP7,"4g_11,500","4g_11,500","4g_11,500","4g_11,500","4g_11,500","4g_11,500","4g_11,500"
3543416,CRYORIG CUSTOMOD Cover for R1,"_그린_13,500|레드_13,500|블루_13,500|_오렌지_13,500|화이트_9,500","_그린_13,500|_레드_13,500|블루_13,500|오렌지_13,500|화이트_9,500","_그린_13,500|_레드_13,500|블루_13,500|오렌지_13,500|화이트_9,500","_그린_13,500|_레드_13,500|블루_13,500|오렌지_13,500|화이트_9,500","_그린_13,500|_레드_13,500|블루_13,500|오렌지_13,500|화이트_9,500","_그린_13,500|_레드_13,500|블루_13,500|오렌지_13,500|화이트_9,500","_그린_13,500|_레드_13,500|블루_13,500|오렌지_13,500|화이트_9,500"
3356578,CRYORIG H5 ULTIMATE,"70,500","70,500","70,500","70,500","70,500","70,500","70,500"
3433030,CRYORIG QF120 BALANCE,"17,500","17,500","17,500","17,500","17,500","17,500","17,500"
3433023,CRYORIG QF120 PERFORMANCE,"48,480","48,480","48,480","48,480","48,480","48,480","48,480"
3433007,CRYORIG QF120 SILENT,"17,640","17,640","17,640","17,640","17,640","17,640","17,640"
2427141,CRYORIG XF140,"23,500","23,500","23,500","23,500","23,500","23,500","23,500"
33993644,DAVEN A120 RGB,"_블랙_5,740|_화이트_5,710","_블랙_5,740|_화이트_5,710","_블랙_5,730|_화이트_5,710","_블랙_5,730|_화이트_5,710","_블랙_5,730|_화이트_5,710","_블랙_5,740|_화이트_5,710","_블랙_5,740|_화이트_5,710"
33993653,DAVEN A120 RGB 리버스,"_블랙_6,849|_화이트_6,849","_블랙_6,849|_화이트_6,849","_블랙_6,690|_화이트_6,690","_블랙_6,690|_화이트_6,690","_블랙_6,690|_화이트_6,690","_블랙_6,760|_화이트_6,760","_블랙_6,850|_화이트_6,850"
44381888,DAVEN AR120 ARGB,"_블랙_6,990|_화이트_7,000","_블랙_6,990|_화이트_7,000","_블랙_6,790|_화이트_6,790","_블랙_6,790|_화이트_6,790","_블랙_6,790|_화이트_6,790","_블랙_6,800|_화이트_6,800","_블랙_6,990|_화이트_7,000"
33993662,DAVEN AR120 ARGB 리버스,"_블랙_7,500|_화이트_7,690","_블랙_7,500|_화이트_7,690","_블랙_7,490|_화이트_7,680","_블랙_7,490|_화이트_7,680","_블랙_7,490|_화이트_7,680","_블랙_7,490|_화이트_7,690","_블랙_7,500|_화이트_7,690"
78716648,DAVEN D120R ON/OFF,"_블랙_3,890|_화이트_3,890","_블랙_3,890|_화이트_3,890","_블랙_3,700|_화이트_3,700","_블랙_3,700|_화이트_3,700","_블랙_3,700|_화이트_3,700","_블랙_3,700|_화이트_3,860","_블랙_3,890|_화이트_3,890"
73951892,DAVEN D120R Reverse ON/OFF,"_블랙_4,890|_화이트_4,890",0,0,"_블랙_4,690|_화이트_4,690","_블랙_4,690|_화이트_4,690",0,"_블랙_4,890|_화이트_4,890"
73951853,DAVEN D120R Reverse ON/OFF,0,"_블랙_4,890|_화이트_4,890","_블랙_4,690|_화이트_4,880",0,0,"_블랙_4,700|_화이트_4,830",0
103129169,DAVEN EZ-360 ARGB PWM,"_블랙_24,790|_화이트_24,790","_블랙_24,790|_화이트_24,790","_블랙_24,740|_화이트_24,740","_블랙_24,740|_화이트_24,740","_블랙_24,740|_화이트_24,740","_블랙_24,740|_화이트_24,790","_블랙_24,790|_화이트_24,790"
103129283,DAVEN EZ-360 ARGB PWM 리버스,"_블랙_24,790|_화이트_23,740","_블랙_24,790|_화이트_23,740","_블랙_24,740|_화이트_23,740","_블랙_24,740|_화이트_23,740","_블랙_24,740|_화이트_23,740","_블랙_24,740|_화이트_23,740","_블랙_24,790|_화이트_23,740"
103128815,DAVEN EZ-360 PWM,"_블랙_18,590|_화이트_18,790","_블랙_18,590|_화이트_18,790","_블랙_18,580|_화이트_18,780",0,0,0,0
103128788,DAVEN EZ-360 PWM,0,0,0,"_블랙_18,580|_화이트_18,780","_블랙_18,580|_화이트_18,780","_블랙_18,590|_화이트_18,780","_블랙_18,590|_화이트_18,790"
103128839,DAVEN EZ-360 PWM 리버스,"_블랙_18,790|_화이트_18,290","_블랙_18,790|_화이트_18,290","_블랙_18,780|_화이트_18,280","_블랙_18,780|_화이트_18,280","_블랙_18,780|_화이트_18,280","_블랙_18,780|_화이트_18,290","_블랙_18,790|_화이트_18,290"
103129001,DAVEN EZ-360 RGB,"_블랙_18,790|_화이트_18,790","_블랙_18,790|_화이트_18,790","_블랙_18,780|_화이트_18,780",0,0,0,0
103129031,DAVEN EZ-360 RGB,0,0,0,"_블랙_18,780|_화이트_18,780","_블랙_18,780|_화이트_18,780","_블랙_18,780|_화이트_18,790","_블랙_18,790|_화이트_18,790"
103129016,DAVEN EZ-360 RGB 리버스,"_블랙_18,790|_화이트_18,790","_블랙_18,790|_화이트_18,790","_블랙_18,780|_화이트_18,780","_블랙_18,780|_화이트_18,780","_블랙_18,780|_화이트_18,780","_블랙_18,780|_화이트_18,790","_블랙_18,790|_화이트_18,790"
17808380,DEEPCOOL AG400 ARGB,"31,280","31,280","31,280","31,280","31,280","31,280","31,280"
31431347,DEEPCOOL AG400 DIGITAL,"블랙_28,100","블랙_28,100","블랙_28,100","블랙_28,100","블랙_28,100","블랙_28,100","블랙_28,100"
106047347,DEEPCOOL AG400 G2,"_블랙_21,640|_화이트_24,430","_블랙_21,640|_화이트_24,430","_블랙_21,640|_화이트_24,430","_블랙_21,640|_화이트_24,430","_블랙_21,640|_화이트_24,430","_블랙_21,640|_화이트_24,430","_블랙_21,640|_화이트_24,430"
122622825,DEEPCOOL AG400 G2 ARGB,"_블랙_27,530|_화이트_28,570","_블랙_27,530|_화이트_28,570","_블랙_27,530|_화이트_28,570","_블랙_27,530|_화이트_28,570","_블랙_27,530|_화이트_28,570","_블랙_27,530|_화이트_28,570","_블랙_27,530|_화이트_28,570"
77019773,DEEPCOOL AG400 오토 RGB,"30,720","30,720","30,720","30,720","30,720","30,720","30,720"
17450348,DEEPCOOL AG620,"59,000","59,000","59,000","59,000","59,000","59,000","59,000"
31464632,DEEPCOOL AG620 DIGITAL,"55,260","55,260","55,260","55,260","55,260","55,260","55,260"
105679832,DEEPCOOL AG620 G2,"_블랙_39,490|_화이트_42,760","_블랙_38,060|_화이트_42,750","_블랙_38,060|_화이트_42,750","_블랙_38,060|_화이트_42,750","_블랙_38,060|_화이트_42,750","_블랙_38,060|_화이트_42,750","_블랙_38,060|_화이트_42,750"
122630308,DEEPCOOL AG620 G2 ARGB,"_블랙_45,780|_화이트_47,170","_블랙_45,780|_화이트_47,170",0,0,0,0,0
122627558,DEEPCOOL AG620 G2 ARGB,0,0,"_블랙_48,890|_화이트_47,170","_블랙_48,890|_화이트_47,170","_블랙_48,890|_화이트_47,170","_블랙_48,890|_화이트_47,170","_블랙_48,890|_화이트_47,170"
17707277,DEEPCOOL AK400,"화이트_63,090","화이트_63,090","화이트_63,090","화이트_63,090","화이트_63,090","화이트_63,090","화이트_63,090"
60418736,DEEPCOOL AK400 DIGITAL PRO,"블랙_59,000","블랙_59,000","블랙_59,000","블랙_59,000","블랙_59,000","블랙_59,000","블랙_59,000"
97839560,DEEPCOOL AK400 DIGITAL SE,"_블랙_37,510|_화이트_39,000","_블랙_37,510|_화이트_39,000","_블랙_37,510|_화이트_39,000","_블랙_37,510|_화이트_39,000","_블랙_37,510|_화이트_39,000","_블랙_37,510|_화이트_39,000","_블랙_37,510|_화이트_39,000"
100619651,DEEPCOOL AK400 G2,"_블랙_46,250|_화이트_47,010","_블랙_46,250|_화이트_47,010","_블랙_46,250|_화이트_47,010","_블랙_46,250|_화이트_47,010","_블랙_46,250|_화이트_47,010","_블랙_46,250|_화이트_47,010","_블랙_46,250|_화이트_47,010"
100619627,DEEPCOOL AK400 G2 DIGITAL NYX,"51,850","51,850","51,850","51,850","51,850","51,850","51,850"
18017396,DEEPCOOL AK500 ZERO DARK,"77,390","77,390","77,390","77,390","77,390","77,390","77,390"
16796009,DEEPCOOL AK620,"화이트_83,000","화이트_83,000","화이트_83,000","화이트_83,000","화이트_83,000","화이트_83,000","화이트_83,000"
71159942,DEEPCOOL AK620 DIGITAL PRO,"화이트_105,480","화이트_105,480","화이트_105,480","화이트_105,480","화이트_105,480","화이트_106,630","화이트_106,630"
95201030,DEEPCOOL AK620 DIGITAL SE,"_블랙_67,310|_화이트_65,480","_블랙_67,310|_화이트_65,480","_블랙_67,310|_화이트_65,480","_블랙_67,310|_화이트_65,480","_블랙_67,310|_화이트_65,480","_블랙_67,310|_화이트_65,480","_블랙_67,310|_화이트_69,000"
99886364,DEEPCOOL AK620 G2,"_블랙_85,710|_화이트_83,900",0,0,0,0,0,0
99886373,DEEPCOOL AK620 G2,0,"_블랙_85,710|_화이트_83,900","_블랙_85,710|_화이트_83,900","_블랙_85,710|_화이트_83,900","_블랙_85,710|_화이트_83,900","_블랙_85,710|_화이트_83,900","_블랙_89,000|_화이트_83,900"
99743453,DEEPCOOL AK620 G2 DIGITAL NYX,"91,500","91,500","91,500","91,500","91,500","91,500","91,500"
99886496,DEEPCOOL AK700 DIGITAL,"화이트_86,870","화이트_86,870","화이트_86,870","화이트_86,870","화이트_86,870","화이트_86,870","화이트_86,870"
99886484,DEEPCOOL AK700 DIGITAL NYX,"86,870","86,870","86,870","86,870","86,870","86,870","86,870"
124166491,DEEPCOOL AK700 VC,"_블랙_96,890|_화이트_96,900","_블랙_96,860|_화이트_96,860","_블랙_96,860|_화이트_96,860","_블랙_96,860|_화이트_96,860","_블랙_96,860|_화이트_96,860","_블랙_96,860|_화이트_96,860","_블랙_96,860|_화이트_96,860"
19752542,DEEPCOOL AM5 Thermal Paste Guard,"6,990","6,990","6,990","6,990","6,990","6,990","6,990"
22017014,DEEPCOOL ASSASSIN 4,"_블랙_144,600|_화이트_143,490","_블랙_144,600|_화이트_143,490","_블랙_144,600|_화이트_143,490","_블랙_144,600|_화이트_143,490","_블랙_144,600|_화이트_143,490","_블랙_144,600|_화이트_143,490","_블랙_144,600|_화이트_143,490"
72592505,DEEPCOOL ASSASSIN 4 VC VISION,"171,190","171,190","178,000","178,000","178,000","178,000","178,000"
48925331,DEEPCOOL ASSASSIN 4S,"_블랙_120,460|_화이트_119,380","_블랙_120,460|_화이트_119,380","_블랙_120,460|_화이트_119,380","_블랙_120,460|_화이트_119,380","_블랙_120,460|_화이트_119,380","_블랙_120,460|_화이트_119,380","_블랙_120,460|_화이트_119,380"
94635782,DEEPCOOL ASSASSIN VC ELITE,"화이트_151,980","_블랙_152,760|_화이트_151,980","_블랙_152,760|_화이트_151,980","_블랙_152,760|_화이트_151,980","_블랙_158,990|_화이트_151,980","_블랙_158,990|_화이트_151,980","_블랙_158,990|_화이트_151,980"
14981114,DEEPCOOL CASTLE 240EX ARGB,"화이트_99,050","화이트_99,050","화이트_99,050","화이트_99,050","화이트_99,050","화이트_99,050","화이트_99,050"
14981498,DEEPCOOL CASTLE 360EX ARGB,"화이트_142,190","화이트_142,190","화이트_142,190","화이트_142,190","화이트_142,190","화이트_142,190","화이트_142,190"
13843778,DEEPCOOL CF120 PLUS,"3팩_28,850","3팩_28,850","3팩_28,850","3팩_28,850","3팩_28,850","3팩_28,850","3팩_28,850"
6291805,DEEPCOOL CF120 RGB,"3팩_76,000","3팩_76,000","3팩_76,000","3팩_76,000","3팩_76,000","3팩_76,000","3팩_76,000"
123605586,DEEPCOOL FD12 ARGB V2,0,0,"블랙_11,430","블랙_11,430","블랙_11,430","블랙_11,430","블랙_11,430"
122677605,DEEPCOOL FD12 V2,"_3팩, 블랙_28,070|블랙_9,800|_화이트_9,380","_3팩, 블랙_28,070|블랙_9,800|_화이트_9,380",0,0,0,0,0
122677592,DEEPCOOL FD12 V2,0,0,"_3팩, 블랙_28,070|_블랙_9,600|화이트_9,380",0,0,0,0
122677577,DEEPCOOL FD12 V2,0,0,0,"_3팩, 블랙_28,070|블랙_9,600|_화이트_9,380","_3팩, 블랙_28,070|_블랙_9,600|화이트_9,380","_3팩, 블랙_28,070|_블랙_9,800|화이트_9,380","_3팩, 블랙_28,070|_블랙_9,800|화이트_9,380"
6996823,DEEPCOOL FH-04 FAN HUB,"9,900","9,900","9,900","9,900","9,900","9,900","9,900"
91038221,DEEPCOOL FL12,"_3팩, 블랙_81,000|_블랙_30,620|화이트_30,820|3팩, 화이트_81,000",0,0,0,0,0,"_3팩, 블랙_81,000|블랙_31,460|_화이트_31,460|3팩, 화이트_81,000"
91038206,DEEPCOOL FL12,0,"3팩, 블랙_81,000|_블랙_31,460|_화이트_31,460|3팩, 화이트_81,000",0,0,0,"3팩, 블랙_81,000|_블랙_31,460|_화이트_31,300|3팩, 화이트_81,000",0
91038182,DEEPCOOL FL12,0,0,"3팩, 블랙_81,000|_블랙_31,150|_화이트_31,150|3팩, 화이트_81,000","3팩, 블랙_81,000|_블랙_31,150|_화이트_31,150|3팩, 화이트_81,000","3팩, 블랙_81,000|_블랙_31,150|_화이트_31,150|3팩, 화이트_81,000",0,0
93445739,DEEPCOOL FL12R,"3팩, 블랙_81,000|블랙_30,620|_화이트_30,620|_3팩, 화이트_81,000","3팩, 블랙_81,000|블랙_31,460|_화이트_31,460|_3팩, 화이트_81,000","3팩, 블랙_81,000|_블랙_31,150|_화이트_31,150|3팩, 화이트_81,000",0,0,0,0
93445769,DEEPCOOL FL12R,0,0,0,"_3팩, 블랙_81,000|블랙_31,150|_화이트_31,150|3팩, 화이트_81,000",0,0,0
93445709,DEEPCOOL FL12R,0,0,0,0,"_3팩, 블랙_81,000|_블랙_31,150|화이트_31,150|3팩, 화이트_81,000","_3팩, 블랙_81,000|_블랙_31,300|화이트_31,300|3팩, 화이트_81,000","_3팩, 블랙_81,000|_블랙_31,460|화이트_31,460|3팩, 화이트_81,000"
79116074,DEEPCOOL FT12,"_3팩, 블랙_63,190|_블랙_28,380|화이트_28,070|3팩, 화이트_63,190","_3팩, 블랙_63,190|블랙_28,380|화이트_28,860|_3팩, 화이트_64,720","_3팩, 블랙_63,190|블랙_28,380|화이트_28,580|_3팩, 화이트_64,080","_3팩, 블랙_63,190|블랙_28,380|화이트_28,580|_3팩, 화이트_64,080","_3팩, 블랙_63,190|블랙_28,380|_화이트_28,580|3팩, 화이트_64,080","_3팩, 블랙_63,190|블랙_28,380|_화이트_28,860|3팩, 화이트_64,600","_3팩, 블랙_63,190|블랙_28,380|_화이트_28,860|3팩, 화이트_64,720"
94450874,DEEPCOOL FT14,"_블랙_30,120|_화이트_30,120","_블랙_30,950|_화이트_30,120","_블랙_30,650|_화이트_30,120","_블랙_30,650|_화이트_30,120","_블랙_30,650|_화이트_30,120","_블랙_30,950|_화이트_30,120",0
94450877,DEEPCOOL FT14,0,0,0,0,0,0,"_블랙_30,950|_화이트_30,120"
6566680,DEEPCOOL GAMER STORM CAPTAIN 240 PRO,"178,070","178,070","178,070","178,070","178,070","178,070","178,070"
8300856,DEEPCOOL GAMER STORM CASTLE 240 RGB V2,"99,000","99,000","99,000","99,000","99,000","99,000","99,000"
9434892,DEEPCOOL GAMER STORM CASTLE 240EX,"_블랙_137,390|_화이트_152,000","_블랙_137,390|_화이트_152,000","_블랙_137,390|_화이트_152,000","_블랙_137,390|_화이트_152,000","_블랙_137,390|_화이트_152,000","_블랙_137,390|_화이트_152,000","_블랙_137,390|_화이트_152,000"
6830146,DEEPCOOL GAMER STORM CASTLE 360 RGB,"419,600","419,600","419,600","419,600","419,600","419,600","419,600"
9870876,DEEPCOOL GAMER STORM CASTLE 360EX,"_블랙_186,000|_화이트_196,000","_블랙_186,000|_화이트_196,000","_블랙_186,000|_화이트_196,000","_블랙_186,000|_화이트_196,000","_블랙_186,000|_화이트_196,000","_블랙_186,000|_화이트_196,000","_블랙_186,000|_화이트_196,000"
8063086,DEEPCOOL GAMER STORM G15,"1.5g_4,690","1.5g_4,690","1.5g_4,690","1.5g_4,690","1.5g_4,690","1.5g_4,690","1.5g_4,690"
8063131,DEEPCOOL GAMER STORM G40,"4g_5,800","4g_5,800","4g_5,800","4g_5,800","4g_5,800","4g_5,800","4g_5,800"
6016437,DEEPCOOL GAMER STORM MF120 RGB,"컨트롤러/3팩_47,620","컨트롤러/3팩_47,620","컨트롤러/3팩_47,620","컨트롤러/3팩_47,620","컨트롤러/3팩_47,620","컨트롤러/3팩_47,620","컨트롤러/3팩_47,620"
11709143,DEEPCOOL GAMER STORM TF140S,"3팩, 블랙_54,350","3팩, 블랙_54,350","3팩, 블랙_54,350","3팩, 블랙_54,350","3팩, 블랙_54,350","3팩, 블랙_54,350","3팩, 블랙_54,350"
3531783,DEEPCOOL GAMMAXX 200T,"19,800","19,800","19,800","19,800","19,800","19,800","19,800"
5303268,DEEPCOOL GAMMAXX 300R LED,"25,000","25,000","25,000","25,000","25,000","25,000","25,000"
37926617,DEEPCOOL LD360,"113,330","113,330","113,330","113,330","113,330","113,330","113,330"
89526308,DEEPCOOL LE240 V2 ARGB,"_블랙_77,090|_화이트_98,750","블랙_77,090","블랙_77,090","블랙_77,090","블랙_77,090","블랙_77,090","블랙_77,090"
77019449,DEEPCOOL LE360 V2 ARGB,"_블랙_85,750|_화이트_85,010","_블랙_85,750|_화이트_85,010","_블랙_85,750|_화이트_85,010","_블랙_85,750|_화이트_85,010","_블랙_85,750|_화이트_85,010","_블랙_85,750|_화이트_85,010","_블랙_85,750|_화이트_85,010"
108420584,DEEPCOOL LE360 V2 ZERO DARK,"블랙_88,990","블랙_88,990","블랙_88,990","블랙_88,990","블랙_88,990","블랙_88,990","블랙_88,990"
96584300,DEEPCOOL LM360,"_블랙_133,850|_화이트_135,800","_블랙_133,850|_화이트_135,800","_블랙_133,850|_화이트_135,800","_블랙_133,850|_화이트_135,800","_블랙_133,850|_화이트_135,800","_블랙_133,850|_화이트_135,800","_블랙_133,850|_화이트_135,800"
71905385,DEEPCOOL LP360,"152,500","152,500","152,500","152,500","152,500","152,500","152,500"
71426321,DEEPCOOL LQ360,"194,480","194,480","194,480","194,480","194,480","186,380","186,380"
78534764,DEEPCOOL LQ360 ULTRA,"_블랙_171,190|_화이트_171,850","_블랙_171,190|_화이트_171,850","_블랙_171,190|_화이트_171,850","_블랙_171,190|_화이트_171,850","_블랙_171,190|_화이트_171,850","_블랙_171,190|_화이트_171,850","_블랙_171,190|_화이트_171,850"
17057594,DEEPCOOL LS720 ARGB,"_블랙_119,000|_화이트_119,000","_블랙_119,000|_화이트_119,000","_블랙_119,000|_화이트_119,000","_블랙_119,000|_화이트_119,000","_블랙_119,000|_화이트_119,000","_블랙_119,000|_화이트_119,000","_블랙_119,000|_화이트_119,000"
106735007,DEEPCOOL LT360 VISION ARGB,"_블랙_144,590|_화이트_150,350","_블랙_144,590|_화이트_150,350","_블랙_144,590|_화이트_150,350","_블랙_144,590|_화이트_150,350","_블랙_144,590|_화이트_150,350","_블랙_144,590|_화이트_150,350","_블랙_144,590|_화이트_150,350"
19059212,DEEPCOOL LT520,"화이트_98,000","화이트_98,000","화이트_98,000","화이트_98,000","화이트_98,000","화이트_98,000","화이트_98,000"
19059248,DEEPCOOL LT720,"화이트_113,510","화이트_113,510","화이트_113,510","화이트_113,510","화이트_113,510","화이트_113,510","화이트_113,510"
11276571,DEEPCOOL MF120GT,"컨트롤러/3팩_29,490","컨트롤러/3팩_29,490","컨트롤러/3팩_29,490","컨트롤러/3팩_29,490","컨트롤러/3팩_29,490","컨트롤러/3팩_29,490","컨트롤러/3팩_29,490"
51816119,DEEPCOOL MYSTIQUE 240,"142,600","142,600","142,600","142,600","142,600","142,600","142,600"
63143258,DEEPCOOL MYSTIQUE 360,"화이트_169,000","화이트_169,000","화이트_169,000","화이트_169,000","화이트_169,000","화이트_169,000","화이트_169,000"
68792027,DEEPCOOL MYSTIQUE 360 ARGB,"_블랙_233,400|_화이트_243,000","_블랙_233,400|_화이트_243,000","_블랙_233,400|_화이트_243,000","_블랙_233,400|_화이트_243,000","_블랙_233,400|_화이트_243,000","_블랙_233,400|_화이트_243,000","_블랙_233,400|_화이트_243,000"
5501200,DEEPCOOL RF120 RGB 아우라 싱크 PWM,"_1팩_21,000|_3팩_65,000","_1팩_21,000|_3팩_65,000","_1팩_21,000|_3팩_65,000","_1팩_21,000|_3팩_65,000","_1팩_21,000|_3팩_65,000","_1팩_21,000|_3팩_65,000","_1팩_21,000|_3팩_65,000"
6566760,DEEPCOOL RF120M RGB 아우라 싱크 PWM,"5팩_87,000","5팩_87,000","5팩_87,000","5팩_87,000","5팩_87,000","5팩_87,000","5팩_87,000"
3528606,DEEPCOOL RGB 330 LED,"37,400","37,400","37,400","37,400","37,400","37,400","37,400"
4089021,DEEPCOOL RGB 350 COLOR LED,"32,400","32,400","32,400","32,400","32,400","32,400","32,400"
122635400,DEEPCOOL SPARTACUS 360,"블랙_193,030","블랙_193,030","블랙_193,030","블랙_193,030","블랙_193,030","블랙_193,030","블랙_193,030"
122636218,DEEPCOOL SPARTACUS 420,"블랙_279,640","블랙_279,640","블랙_279,640","블랙_279,640","블랙_279,640","블랙_279,640","블랙_279,640"
2779900,DEEPCOOL THETA 31 PWM,0,0,0,0,0,"17,850",0
15258752,DEEPCOOL UD551 ARGB,"19,250","19,250","19,250","19,250","19,250","19,250","19,250"
16593566,DYNATRON Q3,"66,870","66,870","66,870","66,870","66,870",0,0
60007442,EVERCOOL COOLMARKER CM-1200AL PWM,0,0,0,"5,900","5,900",0,0
94084433,EVERCOOL COOLMARKER CM-12025 1290RPM 파워수리용,0,0,"2,200","2,200","2,200",0,0
17813039,EVERCOOL COOLMARKER CM-14025 PWM,"화이트_3,870","화이트_3,870","화이트_3,870","화이트_3,870","화이트_3,870","화이트_3,870",0
70532615,EVERCOOL COOLMARKER CM-1700 ITX SLIM CU,"13,440",0,0,0,0,0,0
35224769,EVERCOOL COOLMARKER CM-1700/1200 PLUS,"4,300","4,300","4,300","4,300","4,300","4,300","4,300"
124183201,EVERCOOL COOLMARKER CM-AM5/4 2U 165W 서버,"53,700","53,700","53,700","53,700","53,700","53,700","53,700"
124183224,EVERCOOL COOLMARKER CM-AM5/4 2U 200W 서버,"69,260","69,260","69,260","69,260","69,260","69,260","69,260"
3890492,EVERCOOL DC120MM 파워수리용팬,"3,900","3,900","3,900","3,900","3,900","3,900","3,900"
28837313,EVERCOOL EC12025HH24B 2P,0,0,"10,520","10,520","10,520","10,520","10,520"
124047061,EVERCOOL EC12025L12EA(3P/4P겸용),"5,590","5,590","5,590","5,590","5,590","5,590","5,590"
1155299,EVERCOOL EC12025M24B-2P,"10,380","10,380","10,380","10,380","10,380","10,380",0
124046943,EVERCOOL EC14025H12BA(3P/4P겸용),"10,040","10,040","10,040","10,040","10,040","10,040","10,040"
124046960,EVERCOOL EC14025H12EA(3P/4P겸용),"6,360","6,360","6,360","6,360","6,360","6,360","6,360"
124046968,EVERCOOL EC14025L12CA(3P/4P겸용),"6,570","6,570","6,570","6,570","6,570","6,570","6,570"
5598133,EVERCOOL EC14025M05C-2P,0,0,0,0,"6,990","6,990",0
43539,EVERCOOL EC4010L12C-2P,0,0,0,0,0,0,"5,040"
3948616,EVERCOOL EC6010M24B-2P,0,0,0,0,"8,600",0,0
5148359,EVERCOOL EC7025L12SA-3P,"2,950","2,950","2,950","2,950","2,950","2,950",0
43563,EVERCOOL EC9225L12S-2P,0,0,0,0,0,"3,570","3,570"
43565,EVERCOOL EC9225L12S-4P,0,0,"2,920","2,920","2,920","2,920","2,920"
1155247,EVERCOOL EC9225M24B-2P DC24V(2B/25T),0,0,"8,480","8,480","8,480","8,480","8,480"
6577618,EVERCOOL EC9733L12BA-BLOWER,0,"10,550",0,0,0,"10,550","10,550"
1813517,EVERCOOL RVF-2F,"9,790","9,790","9,790","9,790","9,790","9,790","9,790"
124076223,EVERCOOL USB-EC12025M05B,"9,960","9,960","9,960","9,960","9,960","9,960","9,960"
13476665,EVERFLOW R128010BU,"7,340","7,340","7,340","7,340","7,340",0,0
123743040,EZDIY-FAB RH01 aRGB 메모리 히트싱크,"_2팩, 블랙_34,900|_2팩, 화이트_34,900","_2팩, 블랙_34,900|_2팩, 화이트_34,900","_2팩, 블랙_34,900|_2팩, 화이트_36,410","_2팩, 블랙_34,900|_2팩, 화이트_36,410","_2팩, 블랙_34,900|_2팩, 화이트_36,410","_2팩, 블랙_34,900|_2팩, 화이트_36,410","_2팩, 블랙_34,900|_2팩, 화이트_36,410"
95849489,EZDIY-FAB SHIELD M.2 SSD 히트싱크 쿨링팬,"_블랙_29,900|_화이트_29,900","_블랙_29,900|_화이트_29,900","_블랙_29,900|_화이트_29,900","_블랙_29,900|_화이트_29,900","_블랙_29,900|_화이트_29,900","_블랙_29,900|_화이트_29,900","_블랙_29,900|_화이트_29,900"
95849420,EZDIY-FAB SHIELD aRGB M.2 SSD 히트싱크 쿨링팬,"_블랙_31,900|_화이트_31,900","_블랙_31,900|_화이트_31,900","_블랙_31,900|_화이트_31,900","_블랙_31,900|_화이트_31,900","_블랙_31,900|_화이트_31,900","_블랙_31,900|_화이트_31,900","_블랙_31,900|_화이트_31,900"
91351376,Fractal Design Adjust Pro Hub,"67,900","74,500","74,500","74,500","74,500","74,500","74,500"
14650862,Fractal Design Aspect 12 PWM,"블랙_21,000","블랙_21,000","블랙_21,000","블랙_19,950","블랙_19,950","블랙_21,000","블랙_21,000"
14651219,Fractal Design Aspect 12 RGB,"_블랙_21,000|_3팩, 블랙_29,000","_블랙_21,000|_3팩, 블랙_29,000","_블랙_21,000|_3팩, 블랙_29,000","_블랙_21,000|_3팩, 블랙_29,000","_블랙_21,000|_3팩, 블랙_29,000","_블랙_21,000|_3팩, 블랙_29,000","_블랙_21,000|_3팩, 블랙_29,000"
14651396,Fractal Design Aspect 12 RGB PWM,"블랙_24,000|_3팩, 블랙_60,000|_화이트_24,000","블랙_24,000|_3팩, 블랙_60,000|_화이트_24,000","_블랙_24,000|_3팩, 블랙_60,000|화이트_24,000","_블랙_22,800|_3팩, 블랙_59,850|화이트_22,800","_블랙_22,800|_3팩, 블랙_59,850|화이트_22,800","_블랙_24,000|_3팩, 블랙_60,000|화이트_24,000",0
16999136,Fractal Design Aspect 12 RGB PWM,0,0,0,0,0,0,"블랙_24,000|_3팩, 블랙_60,000|_화이트_24,000"
14648354,Fractal Design Aspect 14,"화이트_24,000","화이트_24,000","화이트_24,000","화이트_24,000","화이트_24,000","화이트_24,000","화이트_24,000"
14648450,Fractal Design Aspect 14 PWM,"블랙_24,000","블랙_24,000","블랙_23,430","블랙_22,800","블랙_22,800","블랙_23,430","블랙_24,000"
14649155,Fractal Design Aspect 14 RGB,"화이트_23,970","화이트_23,440","화이트_23,430","화이트_23,430","화이트_23,440","화이트_23,430","화이트_23,440"
16999205,Fractal Design Aspect 14 RGB PWM,"_블랙_28,000|3팩, 블랙_74,000|_화이트_28,000","_블랙_27,360|3팩, 블랙_72,240|_화이트_27,360","_블랙_27,360|3팩, 블랙_72,230|_화이트_27,350","_블랙_26,600|3팩, 블랙_72,230|_화이트_26,600","_블랙_26,600|3팩, 블랙_72,240|_화이트_26,600","_블랙_27,360|3팩, 블랙_72,230|_화이트_27,360","_블랙_27,360|3팩, 블랙_72,240|_화이트_27,360"
11403015,Fractal Design Celsius+ S24 Prisma,"267,000","267,000","267,000","267,000","267,000","267,000","267,000"
11403105,Fractal Design Celsius+ S28 Prisma,"298,000","298,000","298,000","298,000","298,000","298,000","298,000"
9696468,Fractal Design Dynamic X2 GP-12 PWM,"19,000","18,560","18,560","18,560","18,560","18,560","18,560"
5175639,Fractal Design Dynamic X2 GP-12W,"21,000","21,000","21,000","21,000","21,000","21,000","21,000"
5175655,Fractal Design Dynamic X2 GP-14W,"21,800","21,800","21,800","21,800","21,800","21,800","21,800"
122679870,Fractal Design Dynamic3 12,"블랙_23,630","블랙_23,630","블랙_23,630","블랙_23,630","블랙_23,630","블랙_23,940","블랙_23,940"
122679952,Fractal Design Dynamic3 12 RGB,"_블랙_26,440|_화이트_26,440","_블랙_26,400|_화이트_26,400","_블랙_26,390|_화이트_26,390","_블랙_26,390|_화이트_26,390","_블랙_26,400|_화이트_26,400","_3팩, 블랙_76,600|_블랙_26,400|","_3팩, 블랙_76,600|_블랙_26,400|"
122680198,Fractal Design Dynamic3 12 리버스,"_블랙_23,630|_화이트_23,630","_블랙_23,630|_화이트_23,630","_블랙_23,630|_화이트_23,630","_블랙_23,630|_화이트_23,630","_블랙_23,630|_화이트_23,630","_블랙_23,940|_화이트_23,940","_블랙_23,940|_화이트_23,940"
122679918,Fractal Design Dynamic3 12 리버스 RGB,"_블랙_26,800|_화이트_26,440","_블랙_26,400|_화이트_26,400","_블랙_26,390|_화이트_26,390","_블랙_26,390|_화이트_26,390","_블랙_26,400|_화이트_26,400","_블랙_26,390|_화이트_26,390","_블랙_26,400|_화이트_26,400"
122680007,Fractal Design Dynamic3 14,"블랙_25,510","블랙_25,510","블랙_25,840","블랙_25,840","블랙_25,840","블랙_25,840","블랙_25,840"
122680021,Fractal Design Dynamic3 14 RGB,"_3팩, 블랙_86,950||_화이트_30,210","_3팩, 블랙_86,950||_화이트_30,210","_3팩, 블랙_86,950||_화이트_30,210","_3팩, 블랙_86,950||_화이트_30,210","_3팩, 블랙_86,950||_화이트_30,210","_3팩, 블랙_88,000||_화이트_30,610","_3팩, 블랙_88,000||_화이트_30,610"
18642809,Fractal Design Lumen S36 RGB V2,"169,000","174,760","174,760","174,760","174,760","174,760","174,760"
18642803,Fractal Design Lumen S36 V2,"198,780","198,780","194,150","194,150","198,780","194,160","198,780"
91560533,Fractal Design Momentum 12,"_블랙_36,860|_화이트_34,900","_블랙_36,000|_화이트_34,900","_블랙_35,990|_화이트_34,890",0,0,0,"_블랙_36,000|_화이트_34,900"
91560524,Fractal Design Momentum 12,0,0,0,"_블랙_35,050|_화이트_34,890","_블랙_35,050|_화이트_34,900","_블랙_36,000|_화이트_34,900",0
91560698,Fractal Design Momentum 12 RGB,"블랙_39,100|_3팩, 블랙_118,870|_화이트_39,100","블랙_39,100|_3팩, 블랙_112,870|_화이트_39,100","블랙_39,100|_3팩, 블랙_103,870|_화이트_39,100","블랙_39,100|_3팩, 블랙_113,050|_화이트_39,100","블랙_39,100|_3팩, 블랙_113,050|_화이트_39,100","블랙_39,100|_3팩, 블랙_116,150|_화이트_39,100","블랙_39,100|_3팩, 블랙_110,160|_화이트_39,100"
91560770,Fractal Design Momentum 14,"_블랙_41,860|_화이트_41,850","_블랙_40,880|_화이트_41,850","_블랙_40,870|_화이트_40,360","_블랙_37,870|_화이트_39,150",0,"_블랙_40,880|_화이트_39,290","_블랙_40,880|_화이트_40,360"
91560746,Fractal Design Momentum 14,0,0,0,0,"_블랙_40,880|_화이트_39,300",0,0
91560833,Fractal Design Momentum 14 RGB,"블랙_46,300|_3팩, 블랙_137,850|_화이트_46,300","블랙_46,300|_3팩, 블랙_131,630|_화이트_46,300",0,0,0,0,0
91560857,Fractal Design Momentum 14 RGB,0,0,"블랙_42,710|_3팩, 블랙_122,630|_화이트_46,300","_블랙_46,300|_3팩, 블랙_119,630|화이트_46,300","블랙_43,140|_3팩, 블랙_119,630|_화이트_46,300","블랙_43,140|_3팩, 블랙_122,220|_화이트_46,300","블랙_46,300|_3팩, 블랙_134,640|_화이트_47,760"
7831504,Fractal Design Prisma AL-12,"_1팩_32,000|_3팩_129,950","_1팩_32,000|_3팩_129,950","_1팩_32,000|_3팩_129,950","_1팩_32,000|_3팩_129,950","_1팩_32,000|_3팩_129,950","_1팩_32,000|_3팩_129,950","_1팩_32,000|_3팩_129,950"
124364802,Fractal Design Radius 360,0,가격비교예정,"152,400","152,400","152,400","152,400","152,310"
124364819,Fractal Design Radius 360 RGB,0,_블랙_가격비교예정|_화이트_가격비교예정,"_블랙_171,560|_화이트_171,560","_블랙_171,560|_화이트_171,560","_블랙_171,560|_화이트_171,560","_블랙_171,560|_화이트_171,560","_블랙_171,500|_화이트_171,500"
7009570,Fractal Design Venturi HP-12W PWM,"28,000","28,000","28,000","28,000","28,000","28,000","28,000"
7009660,Fractal Design Venturi HP-14W PWM,"29,000","29,000","29,000","29,000","29,000","29,000","29,000"
13816700,G.SKILL ENKI 240,"164,000","164,000","164,000","164,000","164,000","164,000","164,000"
13816772,G.SKILL ENKI 280,"179,000","179,000","179,000","179,000","179,000","179,000","179,000"
13816853,G.SKILL ENKI 360,"216,000","216,000","216,000","216,000","216,000","216,000","216,000"
7937485,GAMDIAS AEOLUS M1 1403R,"컨트롤러/3팩_47,550","컨트롤러/3팩_47,550","컨트롤러/3팩_47,550","컨트롤러/3팩_47,550","컨트롤러/3팩_47,550","컨트롤러/3팩_47,550","컨트롤러/3팩_47,550"
62652650,GAMDIAS AEOLUS P2,"_블랙_20,670|_화이트_21,960|3팩, 블랙_58,270|3팩, 화이트_59,890|컨트롤러/3팩, 블랙_105,270|컨트롤러/3팩, 화이트_111,880","_블랙_20,670|_화이트_21,960|3팩, 블랙_58,270|3팩, 화이트_59,890|컨트롤러/3팩, 블랙_105,270|컨트롤러/3팩, 화이트_111,880","_블랙_20,670|_화이트_21,960|3팩, 블랙_58,270|3팩, 화이트_59,890|컨트롤러/3팩, 블랙_105,270|컨트롤러/3팩, 화이트_111,880","블랙_20,670|_화이트_21,960|3팩, 블랙_58,270|3팩, 화이트_59,890|_컨트롤러/3팩, 블랙_105,270|컨트롤러/3팩, 화이트_111,880","블랙_20,670|_화이트_21,960|3팩, 블랙_58,270|3팩, 화이트_59,890|_컨트롤러/3팩, 블랙_105,270|컨트롤러/3팩, 화이트_111,880",0,0
48647159,GAMDIAS AEOLUS P2,0,0,0,0,0,"블랙_20,670|_화이트_21,960|3팩, 블랙_58,270|3팩, 화이트_59,890|_컨트롤러/3팩, 블랙_105,270|컨트롤러/3팩, 화이트_111,950",0
62652668,GAMDIAS AEOLUS P2,0,0,0,0,0,0,"_블랙_20,670|화이트_21,960|3팩, 블랙_58,270|_3팩, 화이트_59,890|컨트롤러/3팩, 블랙_105,270|컨트롤러/3팩, 화이트_111,880"
91493882,GAMDIAS AURA GL360 LITE,"블랙_63,760","블랙_63,760","블랙_63,760","블랙_63,760","블랙_63,760","블랙_63,760","블랙_63,760"
49742468,GAMDIAS AURA GL360 V2,"_블랙_79,790|_화이트_84,000","_블랙_79,790|_화이트_84,000","_블랙_79,790|_화이트_84,000","_블랙_79,790|_화이트_84,000","_블랙_79,790|_화이트_84,000","_블랙_79,790|_화이트_84,000","_블랙_79,790|_화이트_84,000"
101630804,GAMDIAS BOREAS M2-61L,"_블랙_113,310|_화이트_108,550","_블랙_113,310|_화이트_108,550","_블랙_113,310|_화이트_108,550","_블랙_113,310|_화이트_108,550","_블랙_113,310|_화이트_108,550","_블랙_113,310|_화이트_108,550","_블랙_113,310|_화이트_108,550"
7358482,GAMDIAS CHIONE P1A-360R,"149,516","149,516","149,516","149,516","149,516","149,516","149,516"
9642627,GAMDIAS CHIONE P2-360R,"85,640","85,640","85,640","85,640","85,640","85,640","85,640"
25222880,GAMDIAS CHIONE P3-240U,"160,510","160,510","160,510","160,510","160,510","160,280","154,280"
25216856,GAMDIAS CHIONE P3-360U,"187,000","187,000","187,000","187,000","177,040","178,890","187,000"
91494134,GAMDIAS CHIONE P5-360,"_블랙_185,790|_화이트_185,790","_블랙_185,790|_화이트_185,790","_블랙_185,790|_화이트_185,790","_블랙_185,790|_화이트_185,790","_블랙_185,790|_화이트_185,790","_블랙_185,790|_화이트_185,790","_블랙_185,790|_화이트_185,790"
91494227,GAMDIAS NOTUS M1-1201,"8,470","8,470","8,470","8,470","8,470","8,470","8,470"
91494272,GAMDIAS NOTUS M1-1201 aRGB,"_블랙_10,370|_화이트_11,290","_블랙_10,370|_화이트_11,290","_블랙_10,370|_화이트_11,290","_블랙_10,370|_화이트_11,290","_블랙_10,370|_화이트_11,290","_블랙_10,370|_화이트_11,290","_블랙_10,370|_화이트_11,290"
72915437,GAMEMAX FN12A-S3I,"_블랙_56,700|_화이트_59,220","_블랙_56,700|_화이트_59,220","_블랙_56,700|_화이트_59,220","_블랙_56,700|_화이트_59,220","_블랙_56,700|_화이트_59,220","_블랙_56,700|_화이트_59,220","_블랙_56,700|_화이트_59,220"
72915638,GAMEMAX FN12A-S5,"_블랙_7,560|_화이트_8,190","_블랙_7,560|_화이트_8,190","_블랙_7,560|_화이트_8,190","_블랙_7,560|_화이트_8,190",0,0,0
72915617,GAMEMAX FN12A-S5,0,0,0,0,"_블랙_7,560|_화이트_8,190","_블랙_7,560|_화이트_8,190","_블랙_7,560|_화이트_8,190"
72915806,GAMEMAX FN12A-S8I,"_블랙_10,080|_화이트_10,710","_블랙_10,080|_화이트_10,710","_블랙_10,080|_화이트_10,710","_블랙_10,080|_화이트_10,710",0,0,0
72915791,GAMEMAX FN12A-S8I,0,0,0,0,"_블랙_10,080|_화이트_10,710","_블랙_10,080|_화이트_10,710","_블랙_10,080|_화이트_10,710"
72915872,GAMEMAX FN12A-S8I-R,"_블랙_10,080|_화이트_10,710","_블랙_10,080|_화이트_10,710","_블랙_10,080|_화이트_10,710","_블랙_10,080|_화이트_10,710","_블랙_10,080|_화이트_10,710","_블랙_10,080|_화이트_10,710","_블랙_10,080|_화이트_10,710"
72915947,GAMEMAX FN14A-S5,"_블랙_8,820|_화이트_9,450","_블랙_8,820|_화이트_9,450","_블랙_8,820|_화이트_9,450","_블랙_8,820|_화이트_9,450","_블랙_8,820|_화이트_9,450","_블랙_8,820|_화이트_9,450","_블랙_8,820|_화이트_9,450"
72229094,GAMEMAX Gamma90 Digital,"_블랙_24,410|_화이트_24,890",0,0,0,"_블랙_24,410|_화이트_24,890","_블랙_24,410|_화이트_24,890","_블랙_24,410|_화이트_24,890"
72229103,GAMEMAX Gamma90 Digital,0,"_블랙_24,410|_화이트_24,890","_블랙_24,410|_화이트_24,890","_블랙_24,410|_화이트_24,890",0,0,0
72348254,GAMEMAX Sigma520 Digital,"_블랙_33,390|_화이트_35,630","_블랙_33,390|_화이트_35,630","_블랙_33,390|_화이트_35,630","_블랙_33,390|_화이트_35,630","_블랙_33,390|_화이트_35,630","_블랙_33,390|_화이트_35,630","_블랙_33,390|_화이트_35,630"
4255158,GELID ANTARCTICA,"65,500","65,500","65,500","65,500","65,500","65,500","65,500"
1469707,GELID GC-2,"7g_11,500","7g_11,500","7g_11,500","7g_11,500","7g_11,500","7g_11,500","7g_11,500"
2473268,GELID GC-EXTREME,"1g_4,500","1g_4,500","1g_4,500","1g_4,500","1g_4,500","1g_4,500","1g_4,500"
3102410,GELID GC-SUPREME,"7g_13,500","7g_13,500","7g_13,500","7g_13,500","7g_13,500","7g_13,500","7g_13,500"
4236924,GELID GP-EXTREME 80x40 써멀패드,"_0.5mm_6,900|1.5mm_12,620|2.0mm_15,110|_3.0mm_16,450","_0.5mm_6,900|1.5mm_12,620|2.0mm_15,110|_3.0mm_16,450","_0.5mm_6,900|1.5mm_12,620|2.0mm_15,110|_3.0mm_16,450","_0.5mm_6,900|1.5mm_12,620|2.0mm_15,110|_3.0mm_16,450","_0.5mm_6,900|1.5mm_12,620|2.0mm_15,110|_3.0mm_16,450","_0.5mm_6,900|1.5mm_12,620|2.0mm_15,110|_3.0mm_16,450","_0.5mm_6,900|1.5mm_12,620|2.0mm_15,110|_3.0mm_16,450"
67678904,GELID GP-ULTIMATE 90x50 써멀패드,0,0,"0.5mm_9,800|1.0mm_13,990|_1.5mm_15,220|_2.0mm_16,130","0.5mm_9,800|1.0mm_13,990|_1.5mm_15,220|_2.0mm_16,130","0.5mm_9,800|1.0mm_13,990|_1.5mm_15,220|_2.0mm_16,130","0.5mm_9,800|1.0mm_13,990|_1.5mm_15,220|_2.0mm_16,130","0.5mm_9,800|1.0mm_13,990|_1.5mm_15,220|_2.0mm_16,130"
4412508,GELID IPX 8 PWM,"16,500","16,500","16,500","16,500","16,500","16,500","16,500"
3125149,GELID SLIM SILENCE AM1,"27,000","27,000","27,000","27,000","27,000","27,000","27,000"
2405745,GELID SLIMHERO,"41,000","41,000","41,000","41,000","41,000","41,000","41,000"
3102434,GELID SNOWSTORM,"30,000","30,000","30,000","30,000","30,000","30,000","30,000"
3125086,GELID TRANQUILLO Rev.3,"43,000","43,000","43,000","43,000","43,000","43,000","43,000"
1469717,GELID WING 12PL,"블루_23,500","블루_23,500","블루_23,500","블루_23,500","블루_23,500","블루_23,500","블루_23,500"
15215552,GIGABYTE AORUS 워터포스 240 ARGB,"99,000","99,000","99,000","99,000","99,000","99,000","99,000"
37926086,GIGABYTE AORUS 워터포스 II 360,"149,000","149,000","149,000","149,000","149,000","149,000","149,000"
37926128,GIGABYTE AORUS 워터포스 II 360 ICE,"199,000","199,000","199,000","199,000","199,000","199,000","199,000"
37926194,GIGABYTE AORUS 워터포스 X II 240,"278,990","278,990","278,990","278,990","278,990","278,990","278,990"
37926248,GIGABYTE AORUS 워터포스 X II 360,"299,000","299,000","299,000","299,000","299,000","299,000","299,000"
37926290,GIGABYTE AORUS 워터포스 X II 360 ICE,"297,990","297,990","297,990","297,990","297,990","297,990","297,990"
123235201,GIGABYTE EAGLE 360,"77,320","77,320","77,320","77,320","77,320","77,320","77,320"
123235229,GIGABYTE EAGLE 360 ICE,"77,320","77,320","77,320","77,320","77,320","77,320","77,320"
89612903,GIGABYTE GAMING 360,"99,000","99,000","99,000","99,000","99,000","99,000","99,000"
89612948,GIGABYTE GAMING 360 ICE,"99,000","99,000","99,000","99,000","99,000","99,000","99,000"
101014424,HAVN H12,"_3팩, 블랙_54,220|_3팩, 화이트_54,220","_3팩, 블랙_54,220|_3팩, 화이트_54,220","_3팩, 블랙_54,220|_3팩, 화이트_54,220",0,"_3팩, 블랙_54,220|_3팩, 화이트_54,220","_3팩, 블랙_54,220|_3팩, 화이트_54,220","_3팩, 블랙_54,220|_3팩, 화이트_54,220"
101014523,HAVN H12,0,0,0,"_3팩, 블랙_54,220|_3팩, 화이트_54,220",0,0,0
101014547,HAVN H14,"_3팩, 블랙_63,750|_3팩, 화이트_63,750","_3팩, 블랙_63,750|_3팩, 화이트_63,750","_3팩, 블랙_63,750|_3팩, 화이트_63,750","_3팩, 블랙_63,750|_3팩, 화이트_63,750","_3팩, 블랙_63,750|_3팩, 화이트_63,750","_3팩, 블랙_63,750|_3팩, 화이트_63,750","_3팩, 블랙_63,750|_3팩, 화이트_63,750"
101014619,HAVN H18,"2팩, 블랙_70,420","2팩, 블랙_70,420","2팩, 블랙_70,420","2팩, 블랙_70,420","2팩, 블랙_70,420","2팩, 블랙_70,420","2팩, 블랙_70,420"
2703529,HY610 GOLD 써멀그리스,"30g_1,810","30g_1,810","30g_1,810","30g_1,810",0,"30g_1,810","30g_1,810"
97702733,HYTE FLOW FA12,"4팩, 피치 블랙_47,770|_4팩, 스노우 화이트_47,770|4팩, 말차_57,510|_4팩, 스트로베리 밀크_58,940|4팩, 와일드 체리_56,000|4팩, 타로 밀크_58,940","4팩, 피치 블랙_47,770|_4팩, 스노우 화이트_47,770|4팩, 말차_57,510|_4팩, 스트로베리 밀크_58,940|4팩, 와일드 체리_56,000|4팩, 타로 밀크_58,940","4팩, 피치 블랙_47,770|_4팩, 스노우 화이트_47,770|4팩, 말차_57,510|_4팩, 스트로베리 밀크_58,750|4팩, 와일드 체리_56,000|4팩, 타로 밀크_58,750","_4팩, 피치 블랙_46,550|_4팩, 스노우 화이트_47,770|4팩, 말차_56,050|4팩, 스트로베리 밀크_56,050|4팩, 와일드 체리_56,000|4팩, 타로 밀크_58,750","_4팩, 피치 블랙_46,550|_4팩, 스노우 화이트_47,770|4팩, 말차_56,050|4팩, 스트로베리 밀크_56,050|4팩, 와일드 체리_56,000|4팩, 타로 밀크_58,750","4팩, 피치 블랙_47,770|_4팩, 스노우 화이트_47,770|4팩, 말차_57,510|_4팩, 스트로베리 밀크_58,990|4팩, 와일드 체리_56,000|4팩, 타로 밀크_58,990","4팩, 피치 블랙_47,770|_4팩, 스노우 화이트_47,770|_4팩, 말차_57,510|4팩, 스트로베리 밀크_58,940|4팩, 와일드 체리_56,000|4팩, 타로 밀크_58,940"
53524595,HYTE LS10 qRGB Light Strips,"330mm_75,920","330mm_73,420","330mm_73,420","330mm_75,730","330mm_73,230","330mm_73,230","330mm_75,920"
53524565,HYTE LS30 qRGB Light Strips,"1000mm_81,910","1000mm_81,910","1000mm_81,720","1000mm_81,720","1000mm_81,720","1000mm_81,990","1000mm_81,910"
91042217,HYTE Noodle LN70,"_블랙_57,190|_화이트_57,190","_블랙_57,190|_화이트_57,190",0,0,0,0,0
91042196,HYTE Noodle LN70,0,0,"_블랙_57,190|_화이트_57,190","_블랙_57,190|_화이트_56,050","_블랙_57,190|_화이트_56,050","_블랙_57,190|_화이트_57,190","_블랙_57,190|_화이트_57,190"
53524478,HYTE THICC FP12,"_3팩_170,310|_컨트롤러/3팩_196,000",0,0,0,0,0,0
53524514,HYTE THICC FP12,0,"_3팩_170,310|_컨트롤러/3팩_196,000","_3팩_170,310|_컨트롤러/3팩_196,000","_3팩_170,310|_컨트롤러/3팩_196,000","_3팩_170,310|_컨트롤러/3팩_196,000","_3팩_170,310|_컨트롤러/3팩_196,000","_3팩_170,310|_컨트롤러/3팩_196,000"
17831141,Halnziye HY-P15 써멀그리스,"_2g_7,400|_4g_15,000","_2g_7,400|_4g_15,000","_2g_7,400|_4g_15,000","_2g_7,400|_4g_15,000","_2g_7,400|_4g_15,000","_2g_7,400|_4g_15,000","_2g_7,400|_4g_15,000"
15560318,Halnziye HY-T1 써멀그리스,"4g_7,890","4g_7,890","4g_7,890","4g_7,890","4g_7,890","4g_7,890","4g_7,890"
15560351,Halnziye HY883 써멀그리스,"_2g_2,900|_4g_4,900|10g_9,800","_2g_2,900|_4g_4,900|10g_9,800","_2g_2,900|_4g_4,900|10g_9,800","_2g_2,900|_4g_4,900|10g_9,800","_2g_2,900|_4g_4,900|10g_9,800","_2g_2,900|_4g_4,900|10g_9,800","_2g_2,900|_4g_4,840|10g_9,800"
122699610,ID-COOLING A8-SP3 데이븐,"블랙_78,100","블랙_78,100","블랙_78,100","블랙_78,100","블랙_78,100","블랙_78,048","블랙_78,100"
96775976,ID-COOLING ABF-1851 데이븐,"블랙_6,693","블랙_6,693","블랙_6,693","블랙_6,693","블랙_6,693","블랙_6,693","블랙_6,693"
96776039,ID-COOLING ABF-AM5 데이븐,"블랙_6,650","블랙_6,650","블랙_6,650","블랙_6,650","블랙_6,650","블랙_6,650","블랙_6,650"
101955617,ID-COOLING AF127 PINK TRIO,"3팩, 핑크_47,020","3팩, 핑크_47,020","3팩, 핑크_47,020","3팩, 핑크_47,020","3팩, 핑크_47,020","3팩, 핑크_47,020","3팩, 핑크_47,020"
122699535,ID-COOLING AT-120-K 데이븐,"블랙_12,540","블랙_12,540","블랙_12,540","블랙_12,540","블랙_12,540","블랙_12,540","블랙_12,540"
122699545,ID-COOLING AT-120-W 데이븐,"화이트_12,540","화이트_12,540","화이트_12,540","화이트_12,540","화이트_12,540","화이트_12,540","화이트_12,540"
6739393,ID-COOLING DK-03i RGB PWM,"53,190","53,190","53,190","53,190","53,190","53,190","53,190"
97356452,ID-COOLING DK-07A RAINBOW 데이븐,"12,553","12,600","12,600","12,600","12,600","12,187","12,187"
97356572,ID-COOLING DK-07i RAINBOW 데이븐,"13,440","16,390","16,390","16,390","16,390","16,390","16,390"
76465550,ID-COOLING FROZN A410 SE 데이븐,"25,820","25,820","25,820","25,820","25,820","25,125","25,125"
76465676,ID-COOLING FROZN A620 PRO SE ARGB 데이븐,"_블랙_41,390|_스노우_46,200|화이트_54,160","_블랙_41,390|_스노우_46,200|화이트_54,160","_블랙_41,390|_스노우_46,200|화이트_54,160","_블랙_41,390|_스노우_46,200|화이트_54,160","_블랙_41,320|_스노우_46,200|화이트_54,160","_블랙_40,312|_스노우_45,000|화이트_57,620","_블랙_40,312|_스노우_45,000|화이트_57,620"
76465640,ID-COOLING FROZN A620 PRO SE 데이븐,"39,480","39,480","39,480","39,480","39,480","39,480","39,480"
106736450,ID-COOLING FROZN A620 PRO XE ARGB 데이븐,"_블랙_41,900|_스노우_47,270","_블랙_41,900|_스노우_47,270","_블랙_41,900|_스노우_47,270","_블랙_41,900|_스노우_47,270","_블랙_41,900|_스노우_47,270","_블랙_40,312|_스노우_45,937","_블랙_40,312|_스노우_45,937"
124153544,ID-COOLING FROZN A620 PRO XE 데이븐,"블랙_38,000","블랙_38,000","블랙_38,000","블랙_38,000","블랙_38,000","블랙_36,563","블랙_36,563"
122683450,ID-COOLING FROZN A620 SLK 데이븐,"58,390","58,390","58,390","58,390","58,390","58,266","58,390"
76465619,ID-COOLING FROZN A620 데이븐,"48,000","48,000","48,000","48,000","48,000","46,406","46,406"
76465757,ID-COOLING FROZN A720 데이븐,"86,320","86,320","86,320","86,320","86,320","83,438","83,438"
76465346,ID-COOLING FX 240 INF 데이븐,"_블랙_62,500|_화이트_62,500","_블랙_62,500|_화이트_62,500","_블랙_62,500|_화이트_62,500","_블랙_62,500|_화이트_62,500","_블랙_62,500|_화이트_62,500","_블랙_60,938|_화이트_60,938","_블랙_60,938|_화이트_60,938"
76465400,ID-COOLING FX 360 INF 데이븐,"_블랙_80,637|화이트_85,426|_핑크_142,020","_블랙_80,780|화이트_85,426|_핑크_142,020","_블랙_80,780|화이트_85,426|_핑크_142,020","_블랙_80,780|_화이트_85,590|핑크_142,020","_블랙_80,780|_화이트_85,590|핑크_142,020","_블랙_74,259|_화이트_78,677|핑크_136,348","_블랙_78,750|_화이트_83,438|핑크_142,020"
97357070,ID-COOLING FX240 LCD 데이븐,"_블랙_86,320|_화이트_85,580","_블랙_86,320|_화이트_85,580","_블랙_86,320|_화이트_85,580","_블랙_86,320|_화이트_85,580","_블랙_86,320|_화이트_85,580","_블랙_83,438|_화이트_83,438","_블랙_83,438|_화이트_83,438"
97357523,ID-COOLING FX360 LCD PE 데이븐,"_블랙_114,420|_화이트_114,226","_블랙_114,420|_화이트_114,226","_블랙_114,420|_화이트_114,226","_블랙_114,420|_화이트_114,430",0,"_블랙_113,958|_화이트_106,888","_블랙_113,958|_화이트_113,958"
97357544,ID-COOLING FX360 LCD PE 데이븐,0,0,0,0,"_블랙_114,420|_화이트_114,430",0,0
97357361,ID-COOLING FX360 LCD 데이븐,"_블랙_95,140|_화이트_100,870","_블랙_95,140|_화이트_100,870","_블랙_95,140|_화이트_100,870",0,0,0,0
97357136,ID-COOLING FX360 LCD 데이븐,0,0,0,"_블랙_95,140|_화이트_100,870","_블랙_95,140|_화이트_100,870","_블랙_93,125|_화이트_100,416","_블랙_93,125|_화이트_100,416"
122693333,ID-COOLING HA-08 ARGB PWM HUB 데이븐,"13,000","13,000","13,000","13,000","13,000","13,000","13,000"
76464857,ID-COOLING IS-40-XT 데이븐,"26,090","26,090","26,090","26,090","26,090","25,218","25,218"
20228606,ID-COOLING IS-40X V3,0,"27,340",0,0,"27,340","27,340","27,070"
97356287,ID-COOLING IS-53 XT 데이븐,"블랙_40,314","블랙_40,314","블랙_40,314","블랙_40,314","블랙_40,314","블랙_37,404","블랙_39,375"
76464695,ID-COOLING IS-67-XT 데이븐,"52,880","52,880","52,880","52,200","52,880","52,300","53,430"
122699569,ID-COOLING IS-77-XT BLACK 데이븐,"블랙_56,960","블랙_56,960","블랙_56,960","블랙_56,960","블랙_56,960","블랙_55,313","블랙_55,313"
6274815,ID-COOLING NO-9225-SD,0,0,"4,200","4,200","4,200","4,200","4,200"
96776129,ID-COOLING RC-ARGB 5V 컨트롤러 데이븐,"4,900","4,900","4,900","4,900","4,900","4,900","4,900"
124153441,ID-COOLING SE-214 XT G2 데이븐,"19,380","19,380","19,380","19,380","19,380","18,563","18,563"
104616701,ID-COOLING SE-214 XT V2 ARGB 데이븐,"블랙_24,040","블랙_24,040","블랙_24,040","블랙_24,040","블랙_24,040","블랙_23,437","블랙_23,437"
104616698,ID-COOLING SE-214 XT V2 BLACK 데이븐,"블랙_24,040","블랙_24,040","블랙_24,040","블랙_24,040","블랙_24,040","블랙_23,437","블랙_23,437"
103601963,ID-COOLING SE-214 XT V2 RGB 데이븐,"블랙_22,160","블랙_22,160","블랙_22,160","블랙_22,160","블랙_22,160","블랙_22,160","블랙_22,160"
77208827,ID-COOLING SE-214-XT ARGB 데이븐,"_블랙_24,040|_화이트_24,040","_블랙_24,040|_화이트_24,040","_블랙_24,040|_화이트_24,040","_블랙_24,040|_화이트_24,040","_블랙_24,040|_화이트_24,040","_블랙_23,437|_화이트_23,437","_블랙_23,437|_화이트_23,437"
76465085,ID-COOLING SE-214-XT 데이븐,"23,110","23,110","23,110","23,110","23,110","21,600","21,600"
76465028,ID-COOLING SE-214-XT 오토 RGB 데이븐,"22,160","22,160","22,160","22,160","22,160","22,160","22,160"
97356719,ID-COOLING SE-802 SD V3 데이븐,"블랙_9,510","블랙_9,510","블랙_9,510","블랙_9,510","블랙_9,510","블랙_9,510","블랙_9,510"
97356800,ID-COOLING SE-902 SD V3 데이븐,"블랙_10,460","블랙_10,460","블랙_10,460","블랙_10,460","블랙_10,460","블랙_9,715","블랙_10,219"
76465199,ID-COOLING SE-903 XT FRGB 데이븐,"16,210","16,210","16,210","16,210","16,210","15,844","15,844"
96776264,ID-COOLING ZERO M05 M.2 SSD 방열판 데이븐,"4,660","4,660","4,760","4,660","4,660","4,660","4,660"
122699588,ID-COOLING ZERO M15 M.2 SSD 방열판 데이븐,"12,890","12,890","12,890","12,890","12,890","12,890","12,890"
95845727,JBCNC JB-120M 3+4P,"_블랙_1,800|_화이트_1,900","_블랙_1,800|_화이트_1,900","_블랙_1,800|_화이트_1,900","_블랙_1,800|_화이트_1,900","_블랙_1,800|_화이트_1,900",0,0
18374177,JIUSHARK 12th-13th LGA17XX 인텔 12-13세대 Cool Guide,"_블랙_10,370|_레드_7,060","_블랙_10,370|_레드_7,060","_블랙_10,370|_레드_7,060","_블랙_10,370|_레드_7,060","_블랙_10,370|_레드_7,060","_블랙_10,370|_레드_7,060","_블랙_10,370|_레드_7,060"
17549768,JIUSHARK JF100,"_블랙_28,000|_화이트_28,000","_블랙_28,000|_화이트_28,000","_블랙_28,000|_화이트_28,000",0,"_블랙_28,000|_화이트_28,000","_블랙_28,000|_화이트_28,000","_블랙_28,000|_화이트_28,000"
17621795,JIUSHARK JF100,0,0,0,"_블랙_28,000|_화이트_28,000",0,0,0
17621804,JIUSHARK JF100 ARGB,"블랙_33,000","블랙_33,000","블랙_33,000","블랙_33,000","블랙_33,000","블랙_33,000","블랙_33,000"
18532067,JIUSHARK JF100 Crystal,"_블랙_23,000|_화이트_23,000","_블랙_23,000|_화이트_23,000","_블랙_23,000|_화이트_23,000","_블랙_23,000|_화이트_23,000","_블랙_23,000|_화이트_23,000","_블랙_23,000|_화이트_23,000","_블랙_23,000|_화이트_23,000"
99287363,JIUSHARK JF100D Digital,"블랙_24,900","블랙_24,900","블랙_24,900","블랙_24,900","블랙_24,900","블랙_24,900","블랙_24,900"
18788102,JIUSHARK JF100RS Crystal,"_블랙_19,000|_화이트_20,000","_블랙_19,000|_화이트_20,000","_블랙_19,000|_화이트_20,000","_블랙_19,000|_화이트_20,000","_블랙_19,000|_화이트_20,000","_블랙_19,000|_화이트_20,000","_블랙_19,000|_화이트_20,000"
18788168,JIUSHARK JF100RS Crystal ARGB,"_블랙_21,000|_화이트_21,000","_블랙_21,000|_화이트_21,000","_블랙_21,000|_화이트_21,000","_블랙_21,000|_화이트_21,000","_블랙_21,000|_화이트_21,000","_블랙_21,000|_화이트_21,000","_블랙_21,000|_화이트_21,000"
19525793,JIUSHARK JF100RS Crystal Auto RGB,"_블랙_21,000|_화이트_21,000","_블랙_21,000|_화이트_21,000","_블랙_21,000|_화이트_21,000","_블랙_21,000|_화이트_21,000","_블랙_21,000|_화이트_21,000","_블랙_21,000|_화이트_21,000","_블랙_21,000|_화이트_21,000"
17549846,JIUSHARK JF100S,"블랙_34,000","블랙_34,000","블랙_34,000","블랙_34,000","블랙_34,000","블랙_34,000","블랙_34,000"
59763428,JIUSHARK JF120R Emerald,"_블랙_18,900|_화이트_18,900","_블랙_18,900|_화이트_18,900","_블랙_18,900|_화이트_18,900","_블랙_18,900|_화이트_18,900","_블랙_18,900|_화이트_18,900","_블랙_18,900|_화이트_18,900","_블랙_18,900|_화이트_18,900"
62792285,JIUSHARK JF120R Emerald ARGB,"_블랙_19,900|_화이트_19,900","_블랙_19,900|_화이트_19,900","_블랙_19,900|_화이트_19,900","_블랙_19,900|_화이트_19,900","_블랙_19,900|_화이트_19,900","_블랙_19,900|_화이트_19,900","_블랙_19,900|_화이트_19,900"
63268043,JIUSHARK JF120R Emerald RGB,"_블랙_19,900|_화이트_19,900","_블랙_19,900|_화이트_19,900","_블랙_19,900|_화이트_19,900","_블랙_19,900|_화이트_19,900","_블랙_19,900|_화이트_19,900","_블랙_19,900|_화이트_19,900","_블랙_19,900|_화이트_19,900"
95985374,JIUSHARK JF150RS Lily,"_블랙_21,900|_화이트_21,900","_블랙_21,900|_화이트_21,900","_블랙_21,900|_화이트_21,900","_블랙_21,900|_화이트_21,900","_블랙_21,900|_화이트_21,900","_블랙_21,900|_화이트_21,900","_블랙_21,900|_화이트_21,900"
95985602,JIUSHARK JF150RS Lily ARGB,"_블랙_23,900|_화이트_23,900","_블랙_23,900|_화이트_23,900","_블랙_23,900|_화이트_23,900","_블랙_23,900|_화이트_23,900","_블랙_23,900|_화이트_23,900","_블랙_23,900|_화이트_23,900","_블랙_23,900|_화이트_23,900"
95985494,JIUSHARK JF150RS Lily RGB,"_블랙_23,900|_화이트_23,900","_블랙_23,900|_화이트_23,900","_블랙_23,900|_화이트_23,900",0,0,0,"_블랙_23,900|_화이트_23,900"
95985548,JIUSHARK JF150RS Lily RGB,0,0,0,"_블랙_23,900|_화이트_23,900","_블랙_23,900|_화이트_23,900","_블랙_23,900|_화이트_23,900",0
122701150,JIUSHARK JF160R Quiet ARGB,"_블랙_24,890|_화이트_24,890",0,0,0,0,0,0
122701151,JIUSHARK JF160R Quiet ARGB,0,"_블랙_24,890|_화이트_24,890","_블랙_24,890|_화이트_24,890","_블랙_24,890|_화이트_24,890","_블랙_24,890|_화이트_24,890","_블랙_24,890|_화이트_24,890","_블랙_24,900|_화이트_24,900"
122701136,JIUSHARK JF160R Quiet RGB,"_블랙_24,890|_화이트_24,890","_블랙_24,890|_화이트_24,890",0,0,0,0,0
122701145,JIUSHARK JF160R Quiet RGB,0,0,"_블랙_24,890|_화이트_24,890","_블랙_24,890|_화이트_24,890","_블랙_24,890|_화이트_24,890","_블랙_24,890|_화이트_24,890","_블랙_24,900|_화이트_24,900"
17621789,JIUSHARK JF200 ARGB,"_블랙_56,000|_화이트_59,000","_블랙_56,000|_화이트_59,000","_블랙_56,000|_화이트_59,000","_블랙_56,000|_화이트_59,000","_블랙_56,000|_화이트_59,000","_블랙_56,000|_화이트_59,000","_블랙_56,000|_화이트_59,000"
29934701,JIUSHARK JF200MINI Crystal,"_블랙_29,000|_화이트_29,000","_블랙_29,000|_화이트_29,000","_블랙_29,000|_화이트_29,000","_블랙_29,000|_화이트_29,000","_블랙_29,000|_화이트_29,000","_블랙_29,000|_화이트_29,000","_블랙_29,000|_화이트_29,000"
44415335,JIUSHARK JF200MINI Crystal ARGB,"_블랙_33,000|_화이트_33,000","_블랙_33,000|_화이트_33,000","_블랙_33,000|_화이트_33,000","_블랙_33,000|_화이트_33,000","_블랙_33,000|_화이트_33,000","_블랙_33,000|_화이트_33,000","_블랙_33,000|_화이트_33,000"
29935097,JIUSHARK JF200MINI Crystal Auto RGB,"_블랙_33,000|_화이트_33,000","_블랙_33,000|_화이트_33,000","_블랙_33,000|_화이트_33,000",0,0,0,0
29935199,JIUSHARK JF200MINI Crystal Auto RGB,0,0,0,"_블랙_33,000|_화이트_33,000","_블랙_33,000|_화이트_33,000","_블랙_33,000|_화이트_33,000","_블랙_33,000|_화이트_33,000"
17549933,JIUSHARK JF200S,"블랙_55,000","블랙_55,000","블랙_55,000","블랙_55,000","블랙_55,000","블랙_55,000","블랙_55,000"
73697669,JIUSHARK JF500 Ruby,"_블랙_29,900|_화이트_29,900","_블랙_29,900|_화이트_29,900","_블랙_29,900|_화이트_29,900","_블랙_29,900|_화이트_29,900","_블랙_29,900|_화이트_29,900","_블랙_29,900|_화이트_29,900","_블랙_29,900|_화이트_29,900"
73692587,JIUSHARK JF500 Ruby ARGB,"_블랙_31,900|_화이트_31,900","_블랙_31,900|_화이트_31,900","_블랙_31,900|_화이트_31,900","_블랙_31,900|_화이트_31,900","_블랙_31,900|_화이트_31,900","_블랙_31,900|_화이트_31,900",0
73692656,JIUSHARK JF500 Ruby ARGB,0,0,0,0,0,0,"_블랙_31,900|_화이트_31,900"
82471301,JIUSHARK JF500 Ruby RGB,"_블랙_31,900|_화이트_31,900","_블랙_31,900|_화이트_31,900","_블랙_31,900|_화이트_31,900","_블랙_31,900|_화이트_31,900","_블랙_31,900|_화이트_31,900","_블랙_31,900|_화이트_31,900","_블랙_31,900|_화이트_31,900"
98076224,JIUSHARK JF550 Elite,"_블랙_32,900|_화이트_32,900","_블랙_32,900|_화이트_31,530","_블랙_31,530|_화이트_31,530","_블랙_31,530|_화이트_31,530","_블랙_31,530|_화이트_31,530",0,0
98076191,JIUSHARK JF550 Elite,0,0,0,0,0,"_블랙_32,900|_화이트_32,900","_블랙_32,900|_화이트_32,900"
98076419,JIUSHARK JF550 Elite ARGB,"_블랙_36,900|_화이트_36,900",0,0,0,0,0,0
98076389,JIUSHARK JF550 Elite ARGB,0,"_블랙_36,900|_화이트_36,900","_블랙_35,440|_화이트_35,440","_블랙_35,440|_화이트_35,440","_블랙_35,440|_화이트_35,440","_블랙_36,900|_화이트_36,900","_블랙_36,900|_화이트_36,900"
98076353,JIUSHARK JF550 Elite RGB,"_블랙_33,900|_화이트_33,900","_블랙_33,900|_화이트_33,900","_블랙_33,900|_화이트_32,930","_블랙_33,900|_화이트_32,930","_블랙_33,900|_화이트_32,930","_블랙_33,900|_화이트_33,900","_블랙_33,900|_화이트_33,900"
74809868,JIUSHARK JF800 Diamond,"_블랙_59,000|_화이트_59,000","_블랙_59,000|_화이트_59,000","_블랙_57,200|_화이트_56,460","_블랙_57,200|_화이트_56,460","_블랙_57,200|_화이트_56,460","_블랙_59,000|_화이트_59,000","_블랙_59,000|_화이트_59,000"
74810027,JIUSHARK JF800 Diamond ARGB,"_블랙_63,500|_화이트_63,500","_블랙_63,500|_화이트_61,110","_블랙_61,110|_화이트_61,110","_블랙_61,110|_화이트_61,110","_블랙_61,110|_화이트_61,110",0,0
74810060,JIUSHARK JF800 Diamond ARGB,0,0,0,0,0,"_블랙_63,500|_화이트_63,500","_블랙_63,500|_화이트_63,500"
106721708,JIUSHARK JK-F120 ARGB,"_블랙_14,900|_화이트_14,900","_블랙_14,900|_화이트_14,900","_블랙_14,900|_화이트_14,900","_블랙_14,900|_화이트_14,900","_블랙_14,900|_화이트_14,900","_블랙_14,900|_화이트_14,900","_블랙_14,900|_화이트_14,900"
106721696,JIUSHARK JK-F360 ARGB,"_블랙_39,000|_화이트_39,000","_블랙_39,000|_화이트_39,000","_블랙_39,000|_화이트_39,000","_블랙_39,000|_화이트_39,000","_블랙_39,000|_화이트_39,000","_블랙_39,000|_화이트_39,000","_블랙_39,000|_화이트_39,000"
106721702,JIUSHARK JK-F360 Reverse ARGB,"_블랙_39,000|_화이트_39,000","_블랙_39,000|_화이트_39,000","_블랙_39,000|_화이트_39,000","_블랙_39,000|_화이트_39,000","_블랙_39,000|_화이트_39,000","_블랙_39,000|_화이트_39,000","_블랙_39,000|_화이트_39,000"
106721684,JIUSHARK JK-S360 Crescent ARGB,"_블랙_72,900|_화이트_72,900","_블랙_72,900|_화이트_70,500","_블랙_72,900|_화이트_70,500","_블랙_72,900|_화이트_70,500","_블랙_72,900|_화이트_70,500","_블랙_72,900|_화이트_72,900","_블랙_72,900|_화이트_72,900"
20727932,JIUSHARK M.2-FIVE M1,"18,000","18,000","18,000","18,000","18,000","18,000","18,000"
18541574,JIUSHARK M.2-FOUR M1,"27,000","27,000","27,000","27,000","27,000","27,000","27,000"
18541649,JIUSHARK M.2-FOUR M1 ARGB,"_블랙_29,000|_실버_29,000","_블랙_29,000|_실버_29,000","_블랙_29,000|_실버_29,000","_블랙_29,000|_실버_29,000","_블랙_29,000|_실버_29,000","_블랙_29,000|_실버_29,000","_블랙_29,000|_실버_29,000"
19561421,JIUSHARK M.2-ONE M1,"_블랙_5,500|_실버_5,500","_블랙_5,500|_실버_5,500","_블랙_5,500|_실버_5,500","_블랙_5,500|_실버_5,500","_블랙_5,500|_실버_5,500","_블랙_5,500|_실버_5,500","_블랙_5,500|_실버_5,500"
17885666,JIUSHARK M.2-THREE M1,"25,000","25,000","25,000","25,000","25,000","25,000","25,000"
17951723,JIUSHARK M.2-TWO M1,"19,000","19,000","19,000","19,000","19,000","19,000","19,000"
122685832,JONSBO CA40 RGB,"_블랙_24,080|_화이트_24,860","_블랙_24,080|_화이트_24,860","_블랙_24,080|_화이트_24,860","_블랙_24,080|_화이트_24,860","_블랙_24,080|_화이트_24,860","_블랙_24,080|_화이트_24,860","_블랙_24,080|_화이트_24,860"
124129930,JONSBO CC90 DIGITAL,"_블랙_76,610|_화이트_81,460","_블랙_76,610|_화이트_81,460","_블랙_76,610|_화이트_81,460","_블랙_76,610|_화이트_81,460","_블랙_76,610|_화이트_81,460","_블랙_74,062|_화이트_78,750","_블랙_74,062|_화이트_78,750"
27685838,JONSBO CR-1000 EVO AUTO RGB,"_블랙_21,110|_화이트_21,890","_블랙_21,110|_화이트_21,890","_블랙_21,110|_화이트_21,890","_블랙_21,110|_화이트_21,890","_블랙_21,110|_화이트_21,890","_블랙_21,110|_화이트_21,890","_블랙_21,110|_화이트_21,890"
27685958,JONSBO CR-1000 EVO STANDARD,"블랙_19,200","블랙_19,200","블랙_19,200","블랙_19,200","블랙_19,200","블랙_19,200","블랙_19,200"
63559763,JONSBO CR-1300 EVO RGB,"_블랙_15,830|_화이트_15,830","_블랙_15,830|_화이트_15,830","_블랙_15,830|_화이트_15,830","_블랙_15,830|_화이트_15,830","_블랙_15,830|_화이트_15,830","_블랙_15,830|_화이트_15,830","_블랙_15,830|_화이트_15,830"
27498677,JONSBO CR-1400 EVO AUTO RGB,"블랙_18,980","블랙_18,980","블랙_18,970","블랙_18,970","블랙_18,970","블랙_18,980","블랙_18,980"
102759722,JONSBO CR-1400 오토 RGB,"_블랙_19,270|_화이트_18,990","_블랙_19,270|_화이트_18,990","_블랙_19,270|_화이트_18,980","_블랙_19,270|_화이트_18,980","_블랙_19,270|_화이트_18,980","_블랙_19,270|_화이트_18,990","_블랙_19,270|_화이트_18,990"
13182689,JONSBO CR-2100 AUTO RGB,"54,000","54,000","54,000","54,000","54,000","54,000","54,000"
96314390,JONSBO CR-3000 ARGB,"화이트_46,630","화이트_46,630","화이트_46,630","화이트_46,630","화이트_46,630","화이트_46,630","화이트_46,630"
81359483,JONSBO CR-3000E ARGB,"화이트_38,400","화이트_38,400","화이트_38,400","화이트_38,400","화이트_38,400","화이트_38,400","화이트_38,400"
63562469,JONSBO CR-3000E RGB,"_블랙_32,990|_화이트_33,250","_블랙_32,990|_화이트_33,250","_블랙_32,990|_화이트_33,250","_블랙_32,990|_화이트_33,250","_블랙_32,990|_화이트_33,250","_블랙_32,990|_화이트_33,250","_블랙_32,990|_화이트_33,250"
123621080,JONSBO DS916 LCD 디스플레이,"_블랙_50,230|_화이트_50,230","_블랙_50,230|_화이트_50,230","_블랙_50,220|_화이트_50,220","_블랙_50,220|_화이트_50,220","_블랙_50,220|_화이트_50,220","_블랙_50,230|_화이트_50,230","_블랙_50,230|_화이트_50,230"
78101369,JONSBO HX-6280 ARGB,"화이트_66,900","화이트_66,900","화이트_66,900","화이트_66,900","화이트_66,900","화이트_65,438","화이트_65,438"
16297367,JONSBO HX6200D WHITE ARGB,"66,830","66,830","66,830","66,830","66,830","66,830","66,830"
17220758,JONSBO HX6240,"화이트_62,190","화이트_62,190","화이트_62,190","화이트_62,190","화이트_62,190","화이트_62,190","화이트_62,190"
9591900,JONSBO JELLY M.2 SSD HEATSINK ARGB,"11,790","11,790","11,790","11,790","11,790","11,790","11,790"
9591861,JONSBO JELLY M.2 SSD HEATSINK AUTO RGB,"6,690","6,690","6,650","6,690","6,590","6,690","6,690"
6573102,JONSBO M.2 2280 SSD HEATSINK,"6,000","6,000","6,000","6,000","6,000","6,000","6,000"
10118379,JONSBO M2-3 SSD 방열판,"_그레이_11,790|_레드_8,000","_그레이_11,790|_레드_8,000","_그레이_11,790|_레드_8,000","_그레이_11,790|_레드_8,000","_그레이_11,790|_레드_8,000","_그레이_11,790|_레드_8,000","_그레이_11,790|_레드_8,000"
52154417,JONSBO M2-7 SSD 방열판,"블랙_17,690","블랙_17,690","블랙_17,690","블랙_17,690","블랙_17,690","블랙_17,690","블랙_17,690"
104967356,JONSBO M201 SSD HEATSINK,"_블랙_8,250|_실버_8,250","_블랙_8,250|_실버_8,250","_블랙_8,250|_실버_8,250","_블랙_8,250|_실버_8,250","_블랙_8,250|_실버_8,250","_블랙_8,250|_실버_8,250","_블랙_8,250|_실버_8,250"
104967371,JONSBO M202 SSD HEATSINK,"_블랙_8,200|_실버_8,350","_블랙_8,200|_실버_8,350","_블랙_8,200|_실버_8,350","_블랙_8,200|_실버_8,350","_블랙_8,200|_실버_8,350","_블랙_8,200|_실버_8,350","_블랙_8,200|_실버_8,350"
5685304,JONSBO NC-1 RGB,"_블랙_12,900|_화이트_12,900","_블랙_12,900|_화이트_12,900","_블랙_12,900|_화이트_12,900","_블랙_12,900|_화이트_12,900","_블랙_12,900|_화이트_12,900",0,0
5685327,JONSBO NC-1 RGB,0,0,0,0,0,"_블랙_12,900|_화이트_12,900","_블랙_12,900|_화이트_12,900"
63562193,JONSBO NF-2 ARGB 메모리 쿨러,"_블랙_17,900|_화이트_17,900","_블랙_17,900|_화이트_17,900","_블랙_17,900|_화이트_17,900","_블랙_17,900|_화이트_17,900","_블랙_17,900|_화이트_17,900","_블랙_17,900|_화이트_17,900","_블랙_17,900|_화이트_17,900"
10049721,JONSBO RC-01 ARGB 컨트롤러,"9,000","9,000","9,000","9,000","9,000","9,000","9,000"
47520149,JONSBO SL-120 ARGB 리버스,"화이트_9,440","화이트_9,440","화이트_9,440","화이트_9,440","화이트_9,440","화이트_9,440","화이트_9,440"
98759678,JONSBO TF3-360SC,"_블랙_267,700|_화이트_267,800",0,0,0,0,0,0
98759693,JONSBO TF3-360SC,0,"_블랙_267,700|_화이트_267,800","_블랙_267,700|_화이트_267,800","_블랙_267,700|_화이트_267,800","_블랙_267,700|_화이트_267,800","_블랙_264,035|_화이트_267,800","_블랙_267,700|_화이트_267,800"
20037560,JONSBO TG-240 ARGB,"_블랙_80,640|_화이트_80,640","_블랙_80,640|_화이트_80,640","_블랙_80,640|_화이트_80,640","_블랙_80,640|_화이트_80,640","_블랙_80,640|_화이트_80,640","_블랙_80,640|_화이트_80,640","_블랙_80,640|_화이트_80,640"
20037935,JONSBO TG-360 ARGB,"_블랙_74,800|_화이트_74,800","_블랙_74,800|_화이트_74,800",0,0,0,0,0
20037764,JONSBO TG-360 ARGB,0,0,"_블랙_74,800|_화이트_74,800","_블랙_74,800|_화이트_74,800","_블랙_74,800|_화이트_74,800","_블랙_74,800|_화이트_74,800","_블랙_74,800|_화이트_74,800"
122685452,JONSBO TH-240,"블랙_85,400","블랙_85,400","블랙_85,400","블랙_85,400","블랙_85,400","블랙_83,438","블랙_83,438"
75466196,JONSBO TH-360,"_블랙_94,090|_화이트_94,140","_블랙_94,090|_화이트_94,140","_블랙_94,090|_화이트_94,140","_블랙_94,090|_화이트_94,140","_블랙_94,090|_화이트_94,140",0,0
75466220,JONSBO TH-360,0,0,0,0,0,"_블랙_93,125|_화이트_93,120","_블랙_93,120|_화이트_93,120"
104989583,JONSBO XA-120 ARGB,"_블랙_17,900|_화이트_17,090","_블랙_17,900|_화이트_17,090","_블랙_17,900|_화이트_17,090","_블랙_17,900|_화이트_17,090","_블랙_17,900|_화이트_17,090","_블랙_17,900|_화이트_17,090","_블랙_17,900|_화이트_17,090"
104989700,JONSBO XA-360 ARGB,"_블랙_56,700|_화이트_56,940","_블랙_56,700|_화이트_56,940","_블랙_56,670|_화이트_56,930","_블랙_56,650|_화이트_56,930","_블랙_56,630|_화이트_56,930","_블랙_56,700|_화이트_56,940","_블랙_56,700|_화이트_56,940"
104989709,JONSBO XA-360 ARGB 리버스,"_블랙_59,950|_화이트_56,940","_블랙_57,000|_화이트_56,940","_블랙_57,000|_화이트_56,930","_블랙_57,000|_화이트_56,930",0,0,"_블랙_57,000|_화이트_56,940"
104989706,JONSBO XA-360 ARGB 리버스,0,0,0,0,"_블랙_57,000|_화이트_56,930","_블랙_57,000|_화이트_56,940",0
79022117,JONSBO ZA-120 ARGB,"_블랙_16,710|_화이트_17,500","_블랙_16,710|_화이트_17,500","_블랙_16,710|_화이트_17,500","_블랙_16,710|_화이트_17,500","_블랙_16,710|_화이트_17,500",0,0
79027034,JONSBO ZA-120 ARGB,0,0,0,0,0,"_블랙_16,710|_화이트_17,500","_블랙_16,710|_화이트_17,500"
89864099,JONSBO ZA-120 ARGB 리버스,"_블랙_17,500|_화이트_17,500","_블랙_17,500|_화이트_17,500","_블랙_17,500|_화이트_17,500","_블랙_17,500|_화이트_17,500","_블랙_17,500|_화이트_17,500","_블랙_17,500|_화이트_17,500","_블랙_17,500|_화이트_17,500"
89864117,JONSBO ZA-240 ARGB,"_블랙_36,730|_화이트_35,990","_블랙_36,730|_화이트_35,990","_블랙_36,730|_화이트_35,990","_블랙_36,730|_화이트_35,990","_블랙_36,730|_화이트_35,990","_블랙_36,730|_화이트_35,990","_블랙_36,730|_화이트_35,990"
89864144,JONSBO ZA-240 ARGB 리버스,"_블랙_35,990|_화이트_36,850","_블랙_35,990|_화이트_36,850","_블랙_35,990|_화이트_36,840","_블랙_35,990|_화이트_36,840","_블랙_35,990|_화이트_36,840","_블랙_35,990|_화이트_36,850","_블랙_35,990|_화이트_36,850"
79030814,JONSBO ZA-360 ARGB,"_블랙_46,010|_화이트_46,000","_블랙_46,010|_화이트_46,000","_블랙_46,010|_화이트_46,000",0,0,0,"_블랙_46,010|_화이트_46,000"
79030202,JONSBO ZA-360 ARGB,0,0,0,"_블랙_46,010|_화이트_46,000","_블랙_46,010|_화이트_46,000","_블랙_46,010|_화이트_46,000",0
79034021,JONSBO ZA-360 ARGB 리버스,"_블랙_47,880|_화이트_46,980","_블랙_47,880|_화이트_46,980","_블랙_47,870|_화이트_46,970","_블랙_47,870|_화이트_46,970",0,0,0
79034693,JONSBO ZA-360 ARGB 리버스,0,0,0,0,"_블랙_47,870|_화이트_46,970","_블랙_47,880|_화이트_46,980","_블랙_47,880|_화이트_46,980"
75464510,JONSBO ZB-120 ARGB,"_블랙_17,900|_화이트_17,500","_블랙_17,900|_화이트_17,500","_블랙_17,900|_화이트_17,500","_블랙_17,900|_화이트_17,500",0,0,0
75464501,JONSBO ZB-120 ARGB,0,0,0,0,"_블랙_17,900|_화이트_17,500","_블랙_17,900|_화이트_17,500","_블랙_17,900|_화이트_17,500"
75464639,JONSBO ZB-120 ARGB 리버스,"_블랙_17,900|_화이트_17,900",0,0,0,0,0,0
75464648,JONSBO ZB-120 ARGB 리버스,0,"_블랙_17,900|_화이트_17,900","_블랙_17,900|_화이트_17,900","_블랙_17,900|_화이트_17,900","_블랙_17,900|_화이트_17,900","_블랙_17,900|_화이트_17,900","_블랙_17,900|_화이트_17,900"
75464546,JONSBO ZB-240 ARGB,"_블랙_36,010|_화이트_36,700","_블랙_36,010|_화이트_36,700","_블랙_36,010|_화이트_36,700","_블랙_36,010|_화이트_36,700","_블랙_36,010|_화이트_36,700","_블랙_36,010|_화이트_36,700","_블랙_36,010|_화이트_36,700"
75464666,JONSBO ZB-240 ARGB 리버스,"_블랙_36,500|_화이트_36,810","_블랙_36,500|_화이트_36,810","_블랙_36,500|_화이트_36,800","_블랙_36,500|_화이트_36,800","_블랙_36,500|_화이트_36,800","_블랙_36,500|_화이트_36,810","_블랙_36,500|_화이트_36,810"
75464576,JONSBO ZB-360 ARGB,"_블랙_46,300|_화이트_46,300","_블랙_46,300|_화이트_46,300","_블랙_46,300|_화이트_46,300","_블랙_46,300|_화이트_46,300","_블랙_46,300|_화이트_46,300","_블랙_46,300|_화이트_46,300","_블랙_46,300|_화이트_46,300"
75464801,JONSBO ZB-360 ARGB 리버스,"_블랙_46,300|_화이트_46,300","_블랙_46,300|_화이트_46,300","_블랙_46,300|_화이트_46,300","_블랙_46,300|_화이트_46,300","_블랙_46,300|_화이트_46,300","_블랙_46,300|_화이트_46,300","_블랙_46,300|_화이트_46,300"
98771636,JONSBO ZC-360,"_3팩, 블랙_142,300|_3팩, 화이트_149,000","_3팩, 블랙_142,300|_3팩, 화이트_149,000","_3팩, 블랙_142,300|_3팩, 화이트_148,890","_3팩, 블랙_142,300|_3팩, 화이트_148,890","_3팩, 블랙_142,300|_3팩, 화이트_148,890","_3팩, 블랙_137,448|_3팩, 화이트_148,890","_3팩, 블랙_142,300|_3팩, 화이트_149,000"
124153662,JONSBO ZE-120 ARGB,"_블랙_14,290|_화이트_14,290","_블랙_14,290|_화이트_14,290","_블랙_14,290|_화이트_14,290","_블랙_14,290|_화이트_14,290","_블랙_14,290|_화이트_14,290","_블랙_14,290|_화이트_14,290","_블랙_14,290|_화이트_14,290"
124153692,JONSBO ZE-120 ARGB,"_블랙_14,290|_화이트_14,290","_블랙_14,290|_화이트_14,290","_블랙_14,290|_화이트_14,290","_블랙_14,290|_화이트_14,290","_블랙_14,290|_화이트_14,290","_블랙_14,290|_화이트_14,290","_블랙_14,290|_화이트_14,290"
124153698,JONSBO ZE-240 ARGB,"_블랙_28,060|_화이트_28,060","_블랙_28,060|_화이트_28,060","_블랙_28,060|_화이트_28,060","_블랙_28,060|_화이트_28,060","_블랙_28,060|_화이트_28,060","_블랙_28,060|_화이트_28,060","_블랙_28,060|_화이트_28,060"
124153702,JONSBO ZE-240 ARGB,"_블랙_28,060|_화이트_28,060","_블랙_28,060|_화이트_28,060","_블랙_28,060|_화이트_28,060","_블랙_28,060|_화이트_28,060","_블랙_28,060|_화이트_28,060","_블랙_28,060|_화이트_28,060","_블랙_28,060|_화이트_28,060"
124153733,JONSBO ZE-240 ARGB 리버스,"_블랙_28,060|_화이트_28,060","_블랙_28,060|_화이트_28,060","_블랙_28,060|_화이트_28,060","_블랙_28,060|_화이트_28,060","_블랙_28,060|_화이트_28,060","_블랙_28,060|_화이트_28,060","_블랙_28,060|_화이트_28,060"
124153751,JONSBO ZE-240 ARGB 리버스,"_블랙_28,060|_화이트_28,060","_블랙_28,060|_화이트_28,060","_블랙_28,060|_화이트_28,060","_블랙_28,060|_화이트_28,060","_블랙_28,060|_화이트_28,060","_블랙_28,060|_화이트_28,060","_블랙_28,060|_화이트_28,060"
124153709,JONSBO ZE-360 ARGB,"_블랙_37,590|_화이트_37,590","_블랙_37,590|_화이트_37,590","_블랙_37,590|_화이트_37,590","_블랙_37,590|_화이트_37,590","_블랙_37,590|_화이트_37,590","_블랙_37,590|_화이트_37,590","_블랙_37,590|_화이트_37,590"
124153713,JONSBO ZE-360 ARGB,"_블랙_37,590|_화이트_37,590","_블랙_37,590|_화이트_37,590","_블랙_37,590|_화이트_37,590","_블랙_37,590|_화이트_37,590","_블랙_37,590|_화이트_37,590","_블랙_37,590|_화이트_37,590","_블랙_37,590|_화이트_37,590"
124153756,JONSBO ZE-360 ARGB 리버스,"_블랙_37,590|_화이트_37,590","_블랙_37,590|_화이트_37,590","_블랙_37,590|_화이트_37,590","_블랙_37,590|_화이트_37,590","_블랙_37,590|_화이트_37,590","_블랙_37,590|_화이트_37,590","_블랙_37,590|_화이트_37,590"
124153758,JONSBO ZE-360 ARGB 리버스,"_블랙_37,590|_화이트_37,590",0,0,0,0,0,0
64375196,JONSBO ZL-120 ARGB 리버스,"3팩, 화이트_46,300","3팩, 화이트_46,300","3팩, 화이트_46,300","3팩, 화이트_46,300","3팩, 화이트_46,300","3팩, 화이트_46,300","3팩, 화이트_46,300"
2293128,LAMPTRON FC5V2 Silver,"99,000","99,000","99,000","99,000","99,000","99,000","99,000"
2126759,LAMPTRON FC9 Black,"60,550","60,550","60,550","60,550","60,550","60,550","60,550"
11619248,LEADCOOL 120,"_블랙_4,000|_화이트_3,890",0,0,0,0,0,"_블랙_3,870|_화이트_3,890"
10981392,LEADCOOL 120,0,"_블랙_3,900|_화이트_3,890","_블랙_4,000|_화이트_3,890","_블랙_3,900|_화이트_3,890","_블랙_3,900|_화이트_3,890","_블랙_3,870|_화이트_3,890",0
11619323,LEADCOOL 120 ARGB,"_블랙_8,100|_화이트_4,450","_블랙_8,100|_화이트_4,450","_블랙_8,100|_화이트_4,450","_블랙_8,100|_화이트_4,450","_블랙_8,100|_화이트_4,450","_블랙_8,100|_화이트_4,450","_블랙_8,100|_화이트_4,450"
11756861,LEADCOOL 120 AUTO RGB,"6팩, 화이트_46,560","6팩, 화이트_46,560","6팩, 화이트_46,560","6팩, 화이트_46,560","6팩, 화이트_46,560","6팩, 화이트_46,560","6팩, 화이트_46,560"
10981380,LEADCOOL 120 LED WHITE,"블랙_6,820","블랙_6,820","블랙_6,820","블랙_6,820","블랙_6,820","블랙_6,820","블랙_6,820"
11619293,LEADCOOL 120 PWM,"_화이트_3,600|3팩, 화이트_17,250|_6팩, 화이트_32,710","_화이트_3,600|3팩, 화이트_17,250|_6팩, 화이트_32,710","_화이트_3,600|3팩, 화이트_17,250|_6팩, 화이트_32,710","_화이트_3,600|3팩, 화이트_17,250|_6팩, 화이트_32,710","_화이트_3,600|3팩, 화이트_17,250|_6팩, 화이트_32,710","_화이트_3,600|3팩, 화이트_18,000|_6팩, 화이트_34,000","_화이트_3,600|3팩, 화이트_17,620|_6팩, 화이트_33,420"
10351578,LEADCOOL AC-1 ARGB 컨트롤러,"8,300","8,300","8,300","8,300","8,300","8,300","8,300"
99892157,LEADCOOL AC-1000 RGB,"블랙_15,880","블랙_15,880","블랙_15,880","블랙_15,880","블랙_15,880","블랙_15,880","블랙_15,880"
99892115,LEADCOOL AC-1100 RGB,"블랙_16,900","블랙_16,900","블랙_16,900","블랙_16,900","블랙_16,900","블랙_16,900","블랙_16,900"
106717160,LEADCOOL AC-2100 PRO RGB,"블랙_16,820","블랙_16,820","블랙_16,820","블랙_16,820","블랙_16,820","블랙_16,820","블랙_16,820"
99891908,LEADCOOL AC-3100 DIGITAL ARGB,"_블랙_22,460|_화이트_23,900","_블랙_22,460|_화이트_23,900","_블랙_22,460|_화이트_23,900","_블랙_22,460|_화이트_23,900","_블랙_22,460|_화이트_23,900","_블랙_22,460|_화이트_23,900","_블랙_22,460|_화이트_23,900"
99891959,LEADCOOL AC-3100 PRO ARGB,"블랙_17,770","블랙_17,770","블랙_17,770","블랙_17,770","블랙_17,770","블랙_17,770","블랙_17,770"
63747296,LEADCOOL AH-7 ARGB AND PWM HUB,"12,090","12,090","12,090","12,090","12,090","12,090","12,090"
104227829,LEADCOOL EVO-120 ARGB PWM,"_3팩, 블랙_17,400|_3팩, 화이트_17,400|블랙_5,900|컨트롤러/3팩, 블랙_28,180|컨트롤러/3팩, 화이트_28,180|화이트_5,900",0,"3팩, 블랙_17,400|_3팩, 화이트_17,400|_블랙_5,900|컨트롤러/3팩, 블랙_28,180|컨트롤러/3팩, 화이트_28,180|화이트_5,900","3팩, 블랙_17,400|_3팩, 화이트_17,400|_블랙_5,900|컨트롤러/3팩, 블랙_28,180|컨트롤러/3팩, 화이트_28,180|화이트_5,900",0,0,0
99739241,LEADCOOL EVO-120 ARGB PWM,0,"3팩, 블랙_17,400|_3팩, 화이트_17,400|_블랙_5,900|컨트롤러/3팩, 블랙_28,180|컨트롤러/3팩, 화이트_28,180|화이트_5,900",0,0,"3팩, 블랙_17,400|_3팩, 화이트_17,400|_블랙_5,900|컨트롤러/3팩, 블랙_28,180|컨트롤러/3팩, 화이트_28,180|화이트_5,900","3팩, 블랙_17,400|_3팩, 화이트_17,400|_블랙_5,900|컨트롤러/3팩, 블랙_28,180|컨트롤러/3팩, 화이트_28,180|화이트_5,900","_3팩, 블랙_17,400|3팩, 화이트_17,400|_블랙_5,900|컨트롤러/3팩, 블랙_28,180|컨트롤러/3팩, 화이트_28,180|화이트_5,900"
104228312,LEADCOOL EVO-120 ARGB PWM REVERSE,"3팩, 블랙_17,400|_3팩, 화이트_17,400|블랙_5,900|컨트롤러/3팩, 블랙_28,180|_컨트롤러/3팩, 화이트_28,180|화이트_5,900","3팩, 블랙_17,400|_3팩, 화이트_17,400|블랙_5,900|컨트롤러/3팩, 블랙_28,180|_컨트롤러/3팩, 화이트_28,180|화이트_5,900","3팩, 블랙_17,400|_3팩, 화이트_17,400|블랙_5,900|컨트롤러/3팩, 블랙_28,180|_컨트롤러/3팩, 화이트_28,180|화이트_5,900","3팩, 블랙_17,400|_3팩, 화이트_17,400|블랙_5,900|컨트롤러/3팩, 블랙_28,180|_컨트롤러/3팩, 화이트_28,180|화이트_5,900",0,0,0
104227964,LEADCOOL EVO-120 ARGB PWM REVERSE,0,0,0,0,"3팩, 블랙_17,400|3팩, 화이트_17,400|블랙_5,900|_컨트롤러/3팩, 블랙_28,180|_컨트롤러/3팩, 화이트_28,180|화이트_5,900","3팩, 블랙_17,400|3팩, 화이트_17,400|블랙_5,900|_컨트롤러/3팩, 블랙_28,180|_컨트롤러/3팩, 화이트_28,180|화이트_5,900",0
99739265,LEADCOOL EVO-120 ARGB PWM REVERSE,0,0,0,0,0,0,"_3팩, 블랙_17,400|3팩, 화이트_17,400|_블랙_5,900|컨트롤러/3팩, 블랙_28,180|컨트롤러/3팩, 화이트_28,180|화이트_5,900"
11618924,LEADCOOL GH-1 그래픽카드 지지대,"_블랙_3,600|_화이트_3,890","_블랙_3,600|_화이트_3,890","_블랙_3,600|_화이트_3,890","_블랙_3,600|_화이트_3,890","_블랙_3,600|_화이트_3,890","_블랙_3,600|_화이트_3,890","_블랙_3,600|_화이트_3,890"
81319658,LEADCOOL GH-1 미니 그래픽카드 지지대,"블랙_3,020","블랙_3,020","블랙_3,020","블랙_3,020","블랙_3,020","블랙_3,020","블랙_3,020"
106717250,LEADCOOL JD-1000 PWM 벌크,"블랙_29,500","블랙_29,500","블랙_29,500","블랙_29,500","블랙_29,500","블랙_29,500","블랙_29,500"
106717220,LEADCOOL JD-950 PWM 벌크,"블랙_25,200","블랙_25,200","블랙_25,200","블랙_25,200","블랙_25,200","블랙_25,200","블랙_25,200"
11618849,LEADCOOL M.2 SSD 방열판,"블랙_5,820","블랙_5,820","블랙_5,820","블랙_5,820","블랙_5,820","블랙_5,820","블랙_5,820"
11618885,LEADCOOL M.2 SSD 방열판 AUTO RGB,"블랙_7,410","블랙_7,410","블랙_7,410","블랙_7,410","블랙_7,410","블랙_7,410","블랙_7,410"
32003555,LEADCOOL POONG AC-2100 RAINBOW,"화이트_20,500","화이트_20,500","화이트_20,500","화이트_20,500","화이트_20,500","화이트_20,500","화이트_20,500"
52369547,LEADCOOL POONG AC-3100 ARGB,"화이트_23,000","화이트_23,000","화이트_23,000","화이트_23,000","화이트_23,000","화이트_23,000","화이트_23,000"
20512169,LEADCOOL POONG AC-6200 BOOSTER ARGB,"49,000","49,000","49,000","49,000","49,000","49,000","49,000"
9956583,LEADCOOL RH-1 ARGB 메모리 방열판,"블랙_13,990","블랙_13,990","블랙_13,990","블랙_13,990","블랙_13,990","블랙_13,990","블랙_13,990"
12627080,LEADCOOL RH-1 EVO ARGB 메모리 방열판 블랙,"_1팩_13,770|_2팩_26,160|4팩_49,610",0,0,0,0,0,0
13279277,LEADCOOL RH-1 EVO ARGB 메모리 방열판 블랙,0,"_1팩_13,770|_2팩_26,160|4팩_49,610","_1팩_13,770|_2팩_26,160|4팩_49,610","_1팩_13,770|_2팩_26,160|4팩_49,610","_1팩_13,770|_2팩_26,160|4팩_49,610","_1팩_13,770|_2팩_26,160|4팩_49,610","_1팩_13,770|_2팩_26,160|4팩_49,610"
12681341,LEADCOOL RH-1 EVO ARGB 메모리 방열판 블랙 KIT,"_컨트롤러/1팩_21,960|_컨트롤러/2팩_26,900|컨트롤러/4팩_51,500","_컨트롤러/1팩_21,960|_컨트롤러/2팩_26,900|컨트롤러/4팩_51,500","_컨트롤러/1팩_21,960|_컨트롤러/2팩_26,900|컨트롤러/4팩_51,500","_컨트롤러/1팩_21,960|_컨트롤러/2팩_26,900|컨트롤러/4팩_51,500","_컨트롤러/1팩_21,960|_컨트롤러/2팩_26,900|컨트롤러/4팩_51,500",0,0
12681344,LEADCOOL RH-1 EVO ARGB 메모리 방열판 블랙 KIT,0,0,0,0,0,"_컨트롤러/1팩_21,960|_컨트롤러/2팩_26,900|컨트롤러/4팩_51,500","_컨트롤러/1팩_21,960|_컨트롤러/2팩_26,900|컨트롤러/4팩_51,500"
13279298,LEADCOOL RH-1 EVO ARGB 메모리 방열판 화이트,"1팩_14,830|_2팩_25,560|_4팩_51,500","1팩_14,830|_2팩_25,560|_4팩_51,500","1팩_14,830|_2팩_25,560|_4팩_51,500","1팩_14,830|_2팩_25,560|_4팩_51,500","_1팩_14,830|_2팩_25,560|4팩_51,500","_1팩_14,830|_2팩_25,560|4팩_51,500","1팩_14,830|_2팩_25,560|_4팩_51,500"
12681359,LEADCOOL RH-1 EVO ARGB 메모리 방열판 화이트 KIT,"컨트롤러/1팩_22,870|_컨트롤러/2팩_34,310|_컨트롤러/4팩_51,500","컨트롤러/1팩_22,870|_컨트롤러/2팩_34,310|_컨트롤러/4팩_51,500","컨트롤러/1팩_22,870|_컨트롤러/2팩_34,310|_컨트롤러/4팩_51,500","컨트롤러/1팩_22,870|_컨트롤러/2팩_34,310|_컨트롤러/4팩_51,500","컨트롤러/1팩_22,870|_컨트롤러/2팩_34,310|_컨트롤러/4팩_51,500","컨트롤러/1팩_22,870|_컨트롤러/2팩_34,310|_컨트롤러/4팩_51,500","컨트롤러/1팩_22,870|_컨트롤러/2팩_34,310|_컨트롤러/4팩_51,500"
19306217,LEADCOOL SU LTC-240 ARGB,"블랙_83,100","블랙_83,100","블랙_83,100","블랙_83,100","블랙_83,100","블랙_83,100","블랙_83,100"
19306109,LEADCOOL SU LTC-360 ARGB,"블랙_114,950","블랙_114,950","블랙_114,950","블랙_114,950","블랙_114,950","블랙_118,980","블랙_117,420"
16134650,LEADCOOL 튜닝용 더미램,"1,480","1,480","1,480","1,480","1,480","1,480","1,480"
95282147,MAXTEK MT065 M.2 히트싱크 방열판,0,0,0,0,0,0,800
95346422,MAXTEK MT226 3M 접착 써멀패드 100x100mm,0,"2.0mm_4,400","2.0mm_4,400",0,0,0,0
96986489,MAXTEK MT587 2280 M.2 듀얼 히트 구리 파이프 SSD NVME 방열판,"블랙_14,300","블랙_14,300","블랙_14,300","블랙_14,300","블랙_14,300",0,0
96425888,MAXTILL MAX3000 ARGB,"_블랙_91,200|_화이트_89,040","_블랙_91,200|_화이트_89,040","_블랙_91,200|_화이트_89,040","_블랙_91,200|_화이트_89,040","_블랙_91,200|_화이트_89,040","_블랙_91,200|_화이트_89,040","_블랙_91,200|_화이트_89,040"
96425942,MAXTILL MAX3100 ARGB,"_블랙_107,610|_화이트_111,070","_블랙_107,610|_화이트_111,070","_블랙_107,610|_화이트_111,070","_블랙_107,610|_화이트_111,070","_블랙_107,610|_화이트_111,070","_블랙_107,610|_화이트_111,070","_블랙_107,610|_화이트_111,070"
95929487,MAXTILL MAX400,"18,990","19,540","19,540","19,540","19,540","19,930","19,930"
96425588,MAXTILL MAX400 ARGB,"_블랙_25,900|_화이트_22,420","_블랙_25,900|_화이트_22,420","_블랙_25,900|_화이트_22,420","_블랙_25,900|_화이트_22,420","_블랙_25,900|_화이트_22,420","_블랙_25,900|_화이트_22,420","_블랙_25,900|_화이트_22,420"
96425630,MAXTILL MAX600,"31,540","31,540","31,540","31,540","31,540","31,540","31,540"
96425723,MAXTILL MAX600 ARGB,"_블랙_33,210|_화이트_34,050","_블랙_33,210|_화이트_34,050","_블랙_33,210|_화이트_34,050","_블랙_33,210|_화이트_34,050","_블랙_33,210|_화이트_34,050","_블랙_33,210|_화이트_34,050","_블랙_33,210|_화이트_34,050"
27947471,MONTECH AX120 PWM ARGB,"_블랙_15,890|_화이트_16,880","_블랙_15,890|_화이트_16,880","_블랙_15,890|_화이트_16,880","_블랙_15,890|_화이트_16,880","_블랙_15,890|_화이트_16,880","_블랙_15,890|_화이트_16,880","_블랙_15,890|_화이트_16,880"
33991949,MONTECH AX140 PWM ARGB,"_블랙_18,430|_화이트_20,370",0,0,0,0,0,0
33991961,MONTECH AX140 PWM ARGB,0,"_블랙_18,430|_화이트_20,370","_블랙_18,430|_화이트_20,370","_블랙_18,430|_화이트_20,370","_블랙_18,430|_화이트_20,370","_블랙_18,430|_화이트_20,370","_블랙_18,430|_화이트_20,370"
27949712,MONTECH RX120 PWM ARGB,"_블랙_16,880|_화이트_17,390","_블랙_16,880|_화이트_17,390","_블랙_16,880|_화이트_17,390","_블랙_16,880|_화이트_17,390","_블랙_16,880|_화이트_17,390","_블랙_16,880|_화이트_17,390","_블랙_16,880|_화이트_17,390"
33991988,MONTECH RX140 PWM ARGB,"블랙_20,870","블랙_20,870","블랙_20,870","블랙_20,870","블랙_20,870","블랙_20,880","블랙_20,870"
76512572,MSI MAG 코어리퀴드 A13 240,"_블랙_65,000|_화이트_68,320","_블랙_65,000|_화이트_68,320","_블랙_61,590|_화이트_65,590","_블랙_59,130|_화이트_65,590","_블랙_59,140|_화이트_65,600","_블랙_59,130|_화이트_65,600","_블랙_61,600|_화이트_65,580"
76512596,MSI MAG 코어리퀴드 A13 360,"_블랙_84,900|_화이트_88,900","_블랙_80,800|_화이트_84,400","_블랙_80,790|_화이트_84,390","_블랙_80,230|_화이트_84,390","_블랙_80,800|_화이트_84,400","_블랙_79,800|_화이트_84,390","_블랙_80,780|_화이트_84,380"
29863202,MSI MAG 코어리퀴드 E360,"_블랙_115,500|_화이트_126,500",0,"_블랙_119,710|_화이트_131,000","_블랙_119,710|_화이트_131,000","_블랙_119,710|_화이트_131,000","_블랙_119,710|_화이트_131,000","_블랙_119,710|_화이트_131,000"
28806287,MSI MAG 코어리퀴드 E360,0,"_블랙_119,710|_화이트_131,000",0,0,0,0,0
67576196,MSI MAG 코어리퀴드 I360,"_블랙_138,850|_화이트_148,840","_블랙_132,000|_화이트_141,200","_블랙_131,990|_화이트_141,190","_블랙_131,340|_화이트_141,190","_블랙_131,280|_화이트_141,140","_블랙_130,720|_화이트_141,140","_블랙_130,730|_화이트_141,180"
96059660,MSI MAG 코어프로저 AA13 ARGB,"_블랙_23,750|_화이트_16,900","_블랙_23,150|_화이트_16,900","_블랙_23,140|_화이트_16,900","_블랙_22,150|_화이트_16,900","_블랙_21,910|_화이트_16,900","_블랙_22,130|_화이트_16,900","_블랙_23,130|_화이트_16,900"
16873394,MSI MEG 사일런트 게일 P12,"25,000","25,000","25,000","25,000","25,000","25,000","24,980"
64375889,MSI MPG EZ120 ARGB,"_3팩, 블랙_129,000|_3팩, 화이트_129,000",0,0,0,0,0,0
64375844,MSI MPG EZ120 ARGB,0,"_3팩, 블랙_129,000|_3팩, 화이트_122,400","_3팩, 블랙_129,000|_3팩, 화이트_122,390","_3팩, 블랙_129,000|_3팩, 화이트_122,390","_3팩, 블랙_129,000|_3팩, 화이트_122,400","_3팩, 블랙_129,000|_3팩, 화이트_122,400","_3팩, 블랙_129,000|_3팩, 화이트_122,380"
124198572,MSI MPG 코어리퀴드 P22 360,"_블랙_132,300|_화이트_141,900","_블랙_132,000|_화이트_141,200","_블랙_131,990|_화이트_141,190","_블랙_131,990|_화이트_141,190","_블랙_132,000|_화이트_141,200","_블랙_132,000|_화이트_141,200","_블랙_131,980|_화이트_141,180"
7966159,MSI 레인보우 미스틱 120 ARGB,"컨트롤러/3팩_79,420","컨트롤러/3팩_79,420","컨트롤러/3팩_79,420","컨트롤러/3팩_79,420","컨트롤러/3팩_79,420","컨트롤러/3팩_79,420","컨트롤러/3팩_79,420"
7438579,MSI 아틀라스 미스틱 ARGB 그래픽카드 지지대,"10,000","10,000","10,000","10,000","10,000","10,000","10,000"
124046561,Maxtor CTG12 써멀구리스 제이씨현,"_2g_7,000|_4g_9,000","_2g_7,000|_4g_9,000","_2g_7,000|_4g_9,000","_2g_7,000|_4g_9,000","_2g_7,000|_4g_9,000","_2g_7,000|_4g_9,000","_2g_7,000|_4g_9,000"
124046564,Maxtor CTG12 써멀구리스 제이씨현,"_2g_7,000|_4g_9,000","_2g_7,000|_4g_9,000","_2g_7,000|_4g_9,000","_2g_7,000|_4g_9,000","_2g_7,000|_4g_9,000","_2g_7,000|_4g_9,000","_2g_7,000|_4g_9,000"
124047042,Maxtor CTG8 써멀구리스 제이씨현,"_2g_5,000|_4g_7,000","_2g_5,000|_4g_7,000","_2g_5,000|_4g_7,000","_2g_5,000|_4g_7,000","_2g_5,000|_4g_7,000","_2g_5,000|_4g_7,000","_2g_5,000|_4g_7,000"
48477458,NETmate M.2 SSD 알루미늄 방열판,0,0,0,0,0,"_실버_8,200|_레드_8,200|블랙_8,900",0
46745477,NETmate NM-HPI3413 그래픽카드 지지대,0,0,0,0,0,0,"화이트_36,300"
10257717,NOCTUA NF-A12x15 PWM chromax.black.swap,"40,280","40,280","40,280",0,0,0,0
94810307,NOCTUA NF-A12x25 G2 LS-PWM,0,0,"58,180","58,180","58,180",0,0
94810055,NOCTUA NF-A12x25 G2 PWM,"58,180","58,180","58,180","58,180","58,180","58,180","58,180"
94810145,NOCTUA NF-A12x25 G2 PWM Sx2-PP,"2팩_111,800","2팩_111,800","2팩_111,800","2팩_111,800","2팩_111,800","2팩_111,800","2팩_111,800"
122679234,NOCTUA NF-A12x25 G2 PWM Sx2-PP chromax.black,"2팩_114,370","2팩_114,370","2팩_114,370","2팩_114,370","2팩_114,370","2팩_114,370","2팩_114,370"
122679260,NOCTUA NF-A12x25 G2 PWM chromax.black,"59,300","59,300","59,300","59,300","59,300","59,300","59,300"
6210389,NOCTUA NF-A12x25 PWM,"47,610","47,610","47,610","47,610","47,610","47,610","47,610"
2765377,NOCTUA NF-A14 IndustrialPPC-2000 PWM IP67,0,0,0,0,0,0,"46,090"
2482896,NOCTUA NF-A14 PWM,"35,590","35,590","35,590","35,590","35,590","35,590","35,590"
69565580,NOCTUA NF-A14x25 G2 LS-PWM,"62,600","62,600","62,600","62,600","62,600",0,0
69565319,NOCTUA NF-A14x25 G2 PWM,"62,600","62,600","62,600","62,600","62,600","62,600","62,600"
101072390,NOCTUA NF-A14x25 G2 PWM Sx2-PP chromax.black,"2팩_124,550","2팩_124,550","2팩_124,550","2팩_124,550","2팩_124,550","2팩_124,550","2팩_123,590"
101070332,NOCTUA NF-A14x25 G2 PWM chromax.black,"64,070","64,070","64,070","64,070","64,070","64,070","64,070"
6414000,NOCTUA NF-A20 5V PWM,0,0,0,0,"51,160",0,0
12450677,NOCTUA NF-A20 PWM chromax.black.swap,"55,390","55,390","55,390","55,390","55,390",0,"55,390"
122693359,NOCTUA NF-A4x10 5V PWM,0,0,0,0,0,"23,510","23,510"
1820149,NOCTUA NF-A4x10 FLX,"23,190","23,190","23,190","23,190","23,190","23,190","23,190"
5205206,NOCTUA NF-A4x20 PWM,0,0,0,0,0,"23,190","23,190"
71906009,NOCTUA NF-A6x15 PWM,0,0,0,0,"23,170","23,170",0
1820150,NOCTUA NF-A6x25 FLX,0,0,0,0,"23,790",0,0
5595617,NOCTUA NF-A6x25 PWM,"23,970","23,970",0,0,0,0,0
2862059,NOCTUA NF-A8 PWM,0,0,"25,990","25,990","25,990","25,990","25,990"
2934587,NOCTUA NF-A9 FLX,"28,890","28,890",0,0,0,0,"28,890"
10536555,NOCTUA NF-A9x14 HS-PWM chromax.black.swap,"33,390","33,390","33,390","33,390",0,"33,390","33,390"
1820151,NOCTUA NF-A9x14 PWM,0,0,0,0,0,0,"28,890"
2684519,NOCTUA NF-F12 IndustrialPPC-3000 PWM,"43,860","43,860","43,860","43,860","43,860","43,860","43,860"
1555171,NOCTUA NF-F12 PWM,"33,900",0,0,0,0,0,0
6150535,NOCTUA NF-P12 redux-1700 PWM,"24,290","24,290","24,290","24,290","24,290","24,290","24,290"
6492804,NOCTUA NF-P14S Redux 1500 PWM,"25,980","25,980","25,980","25,980","25,980",0,0
2684635,NOCTUA NF-R8 redux-1800 PWM,"20,130","20,130",0,0,"20,130",0,0
2684671,NOCTUA NF-S12B redux-1200 PWM,"24,290","24,290","24,290","24,290","24,290","24,290",0
106220693,NOCTUA NH-D12L chromax.black,"165,200","165,200","165,200","165,200","165,200","165,200","165,200"
2996635,NOCTUA NH-D15,"165,980","165,980","165,980","165,980","165,980","165,980","165,980"
67683362,NOCTUA NH-D15 G2,"246,720","246,720","246,720","246,720","246,720","246,720","246,720"
67683347,NOCTUA NH-D15 G2 HBC,0,0,0,0,0,"244,900",0
67683296,NOCTUA NH-D15 G2 LBC,"247,480","247,480","247,480","247,480","247,480","247,480","247,480"
101072159,NOCTUA NH-D15 G2 chromax.black,"265,800","265,800","265,800","265,800","265,800","265,800","265,800"
9964230,NOCTUA NH-D15 chromax.black,0,0,0,0,"179,600","179,600","179,600"
2934619,NOCTUA NH-D9L,"92,180",0,"92,180","92,180","92,180",0,0
5592367,NOCTUA NH-L12S,"101,360","101,360","101,360","101,360","101,360","101,360","101,360"
54817085,NOCTUA NH-L12Sx77,"125,490","125,490","125,490","125,490","125,490","125,490","125,490"
5592415,NOCTUA NH-L9a-AM4,"76,620","76,620","76,620","76,620","76,620","76,620","76,620"
10614258,NOCTUA NH-L9a-AM4 chromax.black,0,0,"85,750","85,750","85,750","85,750","85,750"
19230314,NOCTUA NH-L9a-AM5,"75,400","75,400","75,400","75,400","75,400","75,400","75,400"
19230371,NOCTUA NH-L9a-AM5 chromax.black,0,0,0,0,"85,750","85,750","85,750"
3131104,NOCTUA NH-L9x65,0,0,0,0,"95,500",0,0
14680634,NOCTUA NH-P1,0,0,0,"180,620","180,620","180,620","180,620"
7639102,NOCTUA NH-U12A,0,"179,600","179,600","179,600","179,600","179,600","179,600"
15688298,NOCTUA NH-U12A chromax.black,0,"196,190","196,190","196,190","196,190","196,190","196,190"
27890018,NOCTUA NH-U14S DX-4677,"211,800","211,800","211,800","211,800","211,800","211,800",0
2934642,NOCTUA NH-U9S,0,0,0,0,0,"100,680","100,680"
122720949,NOCTUA NL-ACF1,0,0,0,0,0,0,"30,710"
122710717,NOCTUA NL-LC1-24,"370,200","370,200","370,200","370,200","370,200","370,200","370,200"
122710698,NOCTUA NL-LC1-36,"421,290","421,290","421,290","421,290","421,290","421,290","421,290"
122710625,NOCTUA NL-LC1-42,"469,490","469,490","469,490","469,490","469,490","469,490","469,490"
77859161,NZXT Control Hub,"62,410","62,410","62,410","62,410","62,410","62,410","62,410"
80547725,NZXT F120 RGB,"_블랙_27,550|_화이트_52,000","_블랙_27,550|_화이트_52,000","_블랙_27,550|_화이트_52,000","_블랙_27,550|_화이트_52,000","_블랙_27,550|_화이트_52,000","_블랙_27,550|_화이트_52,000","_블랙_27,550|_화이트_52,000"
92358872,NZXT F120 RGB CORE,"_컨트롤러/3팩, 블랙_101,180|_블랙_29,940|컨트롤러/3팩, 화이트_111,000","_컨트롤러/3팩, 블랙_101,180|_블랙_29,940|컨트롤러/3팩, 화이트_111,000","_컨트롤러/3팩, 블랙_101,180|_블랙_29,940|컨트롤러/3팩, 화이트_111,000","_컨트롤러/3팩, 블랙_101,180|_블랙_29,940|컨트롤러/3팩, 화이트_111,000","_컨트롤러/3팩, 블랙_101,180|_블랙_29,940|컨트롤러/3팩, 화이트_111,000","_컨트롤러/3팩, 블랙_101,180|_블랙_29,940|컨트롤러/3팩, 화이트_111,000",0
77858264,NZXT F120 RGB CORE,0,0,0,0,0,0,"_컨트롤러/3팩, 블랙_101,180|_블랙_29,940|컨트롤러/3팩, 화이트_111,000"
77858105,NZXT F120 RGB DUO,"_블랙_45,990|컨트롤러/3팩, 블랙_177,230|화이트_48,360|_컨트롤러/3팩, 화이트_172,230","_블랙_45,990|컨트롤러/3팩, 블랙_177,230|화이트_43,500|_컨트롤러/3팩, 화이트_172,230","_블랙_45,990|컨트롤러/3팩, 블랙_177,230|화이트_43,500|_컨트롤러/3팩, 화이트_172,230","_블랙_45,990|컨트롤러/3팩, 블랙_177,230|화이트_43,500|_컨트롤러/3팩, 화이트_172,230","블랙_45,990|_컨트롤러/3팩, 블랙_177,230|화이트_43,500|_컨트롤러/3팩, 화이트_172,230","블랙_45,990|_컨트롤러/3팩, 블랙_177,230|화이트_43,500|_컨트롤러/3팩, 화이트_172,230","블랙_45,990|_컨트롤러/3팩, 블랙_177,230|화이트_43,500|_컨트롤러/3팩, 화이트_172,230"
99913550,NZXT F120X,0,0,0,0,0,"_블랙_40,910|_화이트_40,920",0
79557500,NZXT F140 RGB,"_컨트롤러/2팩, 블랙_135,000|_컨트롤러/2팩, 화이트_135,000","_컨트롤러/2팩, 블랙_135,000|_컨트롤러/2팩, 화이트_135,000","_컨트롤러/2팩, 블랙_135,000|_컨트롤러/2팩, 화이트_135,000","_컨트롤러/2팩, 블랙_135,000|_컨트롤러/2팩, 화이트_135,000","_컨트롤러/2팩, 블랙_135,000|_컨트롤러/2팩, 화이트_135,000","_컨트롤러/2팩, 블랙_135,000|_컨트롤러/2팩, 화이트_135,000","_컨트롤러/2팩, 블랙_135,000|_컨트롤러/2팩, 화이트_135,000"
77858963,NZXT F140 RGB CORE,"_화이트_29,700|_컨트롤러/2팩, 화이트_78,480","_화이트_29,500|_컨트롤러/2팩, 화이트_78,480","_화이트_29,500|_컨트롤러/2팩, 화이트_78,480","_화이트_29,500|_컨트롤러/2팩, 화이트_78,480","_화이트_29,500|_컨트롤러/2팩, 화이트_78,480","_화이트_29,500|_컨트롤러/2팩, 화이트_78,480","_화이트_29,500|_컨트롤러/2팩, 화이트_78,480"
77858780,NZXT F140 RGB DUO,"블랙_43,490|컨트롤러/2팩, 블랙_54,990|_화이트_49,990|_컨트롤러/2팩, 화이트_120,490","블랙_43,490|컨트롤러/2팩, 블랙_54,990|_화이트_49,990|_컨트롤러/2팩, 화이트_119,000","블랙_43,490|컨트롤러/2팩, 블랙_54,990|_화이트_49,990|_컨트롤러/2팩, 화이트_119,000","블랙_43,490|컨트롤러/2팩, 블랙_54,990|_화이트_49,990|_컨트롤러/2팩, 화이트_119,000","_블랙_43,490|컨트롤러/2팩, 블랙_54,990|화이트_49,990|_컨트롤러/2팩, 화이트_119,000","_블랙_43,490|컨트롤러/2팩, 블랙_54,990|화이트_49,990|_컨트롤러/2팩, 화이트_119,000","_블랙_43,490|컨트롤러/2팩, 블랙_54,990|화이트_49,990|_컨트롤러/2팩, 화이트_119,000"
17140739,NZXT F140P,"매트화이트_19,900","매트화이트_19,900","매트화이트_19,900","매트화이트_19,900","매트화이트_19,900","매트화이트_19,900","매트화이트_19,900"
99914363,NZXT F140X,"_블랙_44,130|_화이트_44,140","_블랙_44,130|_화이트_44,140",0,0,"_블랙_44,130|_화이트_44,140","_블랙_44,130|_화이트_44,140","_블랙_44,130|_화이트_44,140"
79560734,NZXT F240 RGB CORE,"_블랙_64,530|_화이트_66,030","_블랙_59,000|_화이트_66,030","_블랙_64,530|_화이트_66,030","_블랙_64,530|_화이트_66,030","_블랙_64,530|_화이트_66,030","_블랙_64,530|_화이트_66,030","_블랙_64,530|_화이트_67,800"
79560896,NZXT F280 RGB CORE,"_블랙_73,470|_화이트_73,470","_블랙_69,000|_화이트_69,000","_블랙_69,000|_화이트_69,000","_블랙_69,000|_화이트_69,000","_블랙_69,000|_화이트_69,000","_블랙_69,000|_화이트_69,000","_블랙_69,000|_화이트_69,000"
99914636,NZXT F280X,0,0,"_블랙_90,210|_화이트_87,490","_블랙_90,210|_화이트_87,490","_블랙_90,210|_화이트_87,490","_블랙_90,210|_화이트_87,490","_블랙_90,210|_화이트_87,490"
79560995,NZXT F360 RGB CORE,"_블랙_111,000|_화이트_102,230","_블랙_111,000|_화이트_99,000","_블랙_111,000|_화이트_99,000","_블랙_111,000|_화이트_99,000","_블랙_111,000|_화이트_99,000","_블랙_111,000|_화이트_99,000","_블랙_111,000|_화이트_99,000"
122721443,NZXT F360 RGB Reverse V2,"_블랙_77,400|_화이트_77,400","_블랙_77,400|_화이트_77,400","_블랙_77,400|_화이트_77,400","_블랙_77,400|_화이트_77,400","_블랙_77,400|_화이트_77,400",0,0
122721441,NZXT F360 RGB Reverse V2,0,0,0,0,0,"_블랙_77,400|_화이트_77,400","_블랙_77,400|_화이트_77,400"
99914711,NZXT F360X,"_블랙_120,500|_화이트_119,040","_블랙_120,500|_화이트_119,040","_블랙_120,500|_화이트_119,040","_블랙_120,500|_화이트_119,040","_블랙_120,500|_화이트_119,040","_블랙_120,500|_화이트_119,040","_블랙_120,500|_화이트_119,040"
90956546,NZXT F420 RGB CORE,"_블랙_104,000|_화이트_108,190",0,0,0,0,0,0
90956582,NZXT F420 RGB CORE,0,"_블랙_99,000|_화이트_108,190","_블랙_99,000|_화이트_108,190","_블랙_99,000|_화이트_108,190","_블랙_99,000|_화이트_108,190","_블랙_99,000|_화이트_108,190","_블랙_99,000|_화이트_108,190"
17319296,NZXT High-Performance Thermal Paste,"_3g_15,000|_15g_31,000","_3g_15,000|_15g_31,000","_3g_15,000|_15g_31,000","_3g_15,000|_15g_31,000","_3g_15,000|_15g_31,000","_3g_15,000|_15g_28,500","_3g_15,000|_15g_31,000"
77859263,NZXT Internal USB Hub,"38,940","38,940","38,940","38,940","38,940","38,940","38,940"
79554248,NZXT Internal USB Hub Gen 3,"30,560","30,310","30,060","30,060","30,060","30,060","29,810"
79558892,NZXT KRAKEN 240 RGB,"화이트_229,000","화이트_229,000","화이트_229,000","화이트_229,000","화이트_229,000","화이트_229,000","화이트_229,000"
19867634,NZXT KRAKEN 240 RGB 브라보텍,"블랙_204,010","블랙_204,010","블랙_204,010","블랙_204,010","블랙_204,010","블랙_204,010","블랙_204,010"
79558349,NZXT KRAKEN 360,"304,360","304,360","304,360","304,360","304,360","304,360","304,360"
78976814,NZXT KRAKEN 360 RGB,"_블랙_253,300|_화이트_229,900","_블랙_265,000|_화이트_229,900",0,0,0,0,0
78976901,NZXT KRAKEN 360 RGB,0,0,"_블랙_265,000|_화이트_229,900","_블랙_265,000|_화이트_229,900","_블랙_265,000|_화이트_229,900","_블랙_265,000|_화이트_229,900","_블랙_265,000|_화이트_229,900"
79559303,NZXT KRAKEN ELITE 240 RGB,"화이트_290,000","화이트_290,000","화이트_290,000","화이트_290,000","화이트_290,000","화이트_290,000","화이트_290,000"
19865516,NZXT KRAKEN ELITE 240 브라보텍,"339,000","339,000","339,000","339,000","339,000","339,000","339,000"
79559378,NZXT KRAKEN ELITE 280,"블랙_361,770","블랙_361,770","블랙_361,770","블랙_361,770","블랙_361,770","블랙_388,990","블랙_388,990"
79559525,NZXT KRAKEN ELITE 280 RGB,"_블랙_269,000|_화이트_250,170","_블랙_269,000|_화이트_250,170","_블랙_269,000|_화이트_250,170","_블랙_269,000|_화이트_250,170",0,0,0
79559480,NZXT KRAKEN ELITE 280 RGB,0,0,0,0,"_블랙_269,000|_화이트_250,170","_블랙_269,000|_화이트_250,170","_블랙_269,000|_화이트_250,170"
79559645,NZXT KRAKEN ELITE 360,"블랙_478,000","블랙_478,000","블랙_478,000","블랙_478,000","블랙_478,000","블랙_478,000","블랙_478,000"
79559816,NZXT KRAKEN ELITE 360 RGB,"블랙_399,000","블랙_399,000","블랙_399,000","블랙_399,000","블랙_399,000","블랙_399,000","블랙_399,000"
78976205,NZXT KRAKEN ELITE V2 240,"278,610","283,760","286,130","286,130","286,130","286,130","286,130"
77859836,NZXT KRAKEN ELITE V2 240 RGB,"_블랙_291,000|_화이트_315,270","_블랙_291,000|_화이트_315,270","_블랙_291,000|_화이트_315,270","_블랙_291,000|_화이트_315,270","_블랙_291,000|_화이트_315,270","_블랙_291,000|_화이트_315,270","_블랙_291,000|_화이트_315,270"
72757283,NZXT KRAKEN ELITE V2 240 RGB 브라보텍,"화이트_339,000","화이트_339,000","화이트_339,000","화이트_339,000","화이트_339,000","화이트_339,000","화이트_339,000"
79560122,NZXT KRAKEN ELITE V2 280 RGB,"화이트_349,450","화이트_349,450","화이트_349,000","화이트_349,000","화이트_349,000","화이트_349,450","화이트_349,450"
77860097,NZXT KRAKEN ELITE V2 360,"블랙_329,000","블랙_329,000","블랙_329,000","블랙_329,000","블랙_329,000","블랙_329,000","블랙_329,000"
77860247,NZXT KRAKEN ELITE V2 360 RGB,"_블랙_342,640|_화이트_385,000","_블랙_342,640|_화이트_385,000","_블랙_342,640|_화이트_385,000","_블랙_342,640|_화이트_385,000","_블랙_342,640|_화이트_385,000","_블랙_342,640|_화이트_385,000","_블랙_342,640|_화이트_385,000"
90955568,NZXT KRAKEN ELITE V2 420 RGB,"_블랙_360,130|_화이트_360,130","_블랙_358,510|_화이트_358,510","_블랙_358,510|_화이트_358,510","_블랙_358,510|_화이트_358,510","_블랙_358,510|_화이트_358,510","_블랙_358,510|_화이트_358,510","_블랙_357,510|_화이트_357,510"
90955772,NZXT KRAKEN PLUS 240,"167,630","167,630","167,630","167,630","167,630","167,630","167,630"
90956174,NZXT KRAKEN PLUS 240 RGB,"_블랙_204,000|_화이트_189,720","_블랙_204,000|_화이트_189,720","_블랙_199,000|_화이트_189,720","_블랙_199,000|_화이트_189,720",0,0,0
90956255,NZXT KRAKEN PLUS 240 RGB,0,0,0,0,"_블랙_199,000|_화이트_189,720","_블랙_199,000|_화이트_189,720","_블랙_204,000|_화이트_189,220"
90955871,NZXT KRAKEN PLUS 280,"191,000","191,000","191,000","191,000","191,000","191,000","191,000"
90955955,NZXT KRAKEN PLUS 360,"231,300","231,300","231,290","231,290","231,290","231,300","231,300"
90956384,NZXT KRAKEN PLUS 360 RGB,"_블랙_231,340|_화이트_231,340",0,0,0,0,0,0
90956414,NZXT KRAKEN PLUS 360 RGB,0,"_블랙_231,340|_화이트_231,340","_블랙_231,340|_화이트_231,340","_블랙_231,340|_화이트_231,340","_블랙_231,340|_화이트_231,340","_블랙_231,340|_화이트_231,340","_블랙_231,340|_화이트_231,340"
10455540,NZXT KRAKEN Z63,"385,000","385,000","385,000","385,000","385,000","385,000","385,000"
15333962,NZXT KRAKEN Z63 RGB,"매트블랙_507,000","매트블랙_507,000","매트블랙_507,000","매트블랙_507,000","매트블랙_507,000","매트블랙_507,000","매트블랙_507,000"
98486285,NZXT Kraken Core 240 RGB,"블랙_73,041","블랙_73,041","블랙_74,990","블랙_74,990","블랙_74,990","블랙_74,990","블랙_74,990"
98486375,NZXT Kraken Core 360 RGB,"블랙_240,770","블랙_240,770","블랙_240,770","블랙_240,770","블랙_240,770","블랙_240,770","블랙_240,770"
77859434,NZXT RGB & Fan Controller V2,"43,200","43,200","43,200","43,200","43,200","43,200","43,200"
96584753,Nidec D03X-12TL,"6,880","6,880","6,880","6,880","6,880",0,0
7202719,PCCOOLER CORONA,"_3-in-1 FRGB 킷_42,600|_5-in-1 FRGB 킷_49,000","_3-in-1 FRGB 킷_42,580|_5-in-1 FRGB 킷_48,980","_3-in-1 FRGB 킷_42,590|_5-in-1 FRGB 킷_48,980","_3-in-1 FRGB 킷_42,590|_5-in-1 FRGB 킷_48,980","_3-in-1 FRGB 킷_42,590|_5-in-1 FRGB 킷_48,980","_3-in-1 FRGB 킷_42,590|_5-in-1 FRGB 킷_49,000","_3-in-1 FRGB 킷_42,600|_5-in-1 FRGB 킷_49,000"
62273768,PCCOOLER CPS DA360 ARGB,"블랙_69,900","블랙_69,900","블랙_69,900","블랙_69,900","블랙_69,900","블랙_69,900","블랙_69,900"
73250885,PCCOOLER CPS DC360 PRO ARGB DISPLAY,"_블랙_129,000|_화이트_129,000","_블랙_129,000|_화이트_129,000","_블랙_128,810|_화이트_126,000","_블랙_128,810|_화이트_126,000","_블랙_128,800|_화이트_126,000","_블랙_129,000|_화이트_128,800","_블랙_128,880|_화이트_128,800"
28885925,PCCOOLER CPS DE360,"_블랙_139,590|_화이트_139,000","_블랙_139,590|_화이트_139,000","_블랙_139,590|_화이트_139,000","_블랙_139,590|_화이트_139,000","_블랙_139,590|_화이트_139,000","_블랙_139,590|_화이트_139,000","_블랙_139,590|_화이트_139,000"
124153588,PCCOOLER CPS DT360 MAX ARGB DISPLAY,"블랙_269,000","블랙_269,000","블랙_267,700","블랙_267,700","블랙_267,700","블랙_269,000","블랙_268,980"
123803841,PCCOOLER CPS DV360 ARGB DISPLAY,"_블랙_321,439|_화이트_321,439","_블랙_321,439|_화이트_321,439","_블랙_319,000|_화이트_318,000","_블랙_319,000|_화이트_318,000","_블랙_319,000|_화이트_318,000","_블랙_329,000|_화이트_329,000","_블랙_328,980|_화이트_318,000"
76947149,PCCOOLER CPS F3 T120 ARGB,"_3팩, 블랙_19,900|_3팩, 화이트_24,900","_3팩, 블랙_19,880|_3팩, 화이트_24,900","_3팩, 블랙_19,710|_3팩, 화이트_24,710","_3팩, 블랙_19,710|_3팩, 화이트_24,710","_3팩, 블랙_19,700|_3팩, 화이트_24,700","_3팩, 블랙_19,700|_3팩, 화이트_24,900","_3팩, 블랙_19,890|_3팩, 화이트_24,880"
123981759,PCCOOLER CPS F7X120B ARGB,"_블랙_34,320|_화이트_34,320","_블랙_34,320|_화이트_34,320","_블랙_34,310|_화이트_34,310","_블랙_34,310|_화이트_34,310","_블랙_34,310|_화이트_34,310",0,0
123981778,PCCOOLER CPS F7X120B ARGB,0,0,0,0,0,"_블랙_34,310|_화이트_34,320","_블랙_34,310|_화이트_34,310"
123696526,PCCOOLER CPS LR360D,"블랙_599,000","블랙_599,000","블랙_598,810","블랙_598,810","블랙_598,800","블랙_598,800","블랙_599,000"
123696477,PCCOOLER CPS LR360S,"블랙_370,000","블랙_370,000","블랙_364,000","블랙_364,000","블랙_364,000","블랙_364,000","블랙_369,980"
77623874,PCCOOLER CPS R400 ARGB,"_화이트_23,900|_블랙_23,900","_화이트_23,900|_블랙_23,900","_화이트_23,890|_블랙_23,710","_화이트_23,890|_블랙_23,710","_화이트_23,890|_블랙_23,700","_화이트_23,890|_블랙_23,700","_화이트_23,880|_블랙_23,880"
63560096,PCCOOLER CPS RC400-53,"42,900","42,900","42,890","42,890","42,890","42,480","42,470"
124198389,PCCOOLER CPS RJ400 RGB (AMD),"블랙_19,600","블랙_19,600","블랙_19,590","블랙_19,590","블랙_19,590","블랙_19,590","블랙_19,590"
65966438,PCCOOLER CPS RT400,"_블랙_22,900|_화이트_23,900","_블랙_22,900|_화이트_23,900","_블랙_22,720|_화이트_23,090","_블랙_22,720|_화이트_23,090","_블랙_22,710|_화이트_23,090","_블랙_22,710|_화이트_23,900","_블랙_22,890|_화이트_23,090"
103237559,PCCOOLER CPS RT400 TCL FULL ARGB,"_블랙_27,900|_화이트_27,900","_블랙_27,900|_화이트_27,880","_블랙_26,990|_화이트_27,710","_블랙_26,990|_화이트_27,710","_블랙_26,990|_화이트_27,710","_블랙_26,990|_화이트_27,890","_블랙_26,990|_화이트_27,880"
101073308,PCCOOLER CPS RT620 PRO ARGB 카본스틸,"_블랙_45,900|_화이트_48,900","_블랙_45,900|_화이트_48,900","_블랙_45,600|_화이트_48,000","_블랙_45,600|_화이트_48,000","_블랙_45,600|_화이트_48,000","_블랙_45,600|_화이트_48,900",0
101073269,PCCOOLER CPS RT620 PRO ARGB 카본스틸,0,0,0,0,0,0,"_블랙_45,890|_화이트_48,890"
96059513,PCCOOLER CPS RT620 PRO 카본스틸,"_블랙_41,900|_화이트_42,900","_블랙_41,900|_화이트_42,900","_블랙_41,710|_화이트_41,100","_블랙_41,710|_화이트_41,100","_블랙_39,210|_화이트_41,100","_블랙_41,850|_화이트_42,900","_블랙_40,900|_화이트_41,100"
69053876,PCCOOLER CPS RZ820,"_블랙_169,000|_화이트_172,000","_블랙_169,000|_화이트_172,000","_블랙_168,820|_화이트_171,810","_블랙_168,820|_화이트_171,810","_블랙_168,810|_화이트_171,800","_블랙_169,000|_화이트_171,800","_블랙_168,980|_화이트_169,500"
122618419,PCCOOLER CPS RZ820 DISPLAY,"블랙_208,990","블랙_208,990","블랙_208,820","블랙_208,820","블랙_208,800","블랙_208,990","블랙_208,980"
17004971,PCCOOLER EF120 ARGB,"화이트_13,000","화이트_13,000","화이트_13,000","화이트_13,000","화이트_13,000","화이트_13,000","화이트_13,000"
108409373,PCCOOLER EX90,"_2g_6,900|_4g_10,130","_2g_6,900|_4g_10,130","_2g_6,890|_4g_10,120","_2g_6,890|_4g_10,120","_2g_6,890|_4g_10,120","_2g_6,900|_4g_10,360","_2g_6,880|_4g_10,350"
19709420,PCCOOLER G6,"화이트_44,930","화이트_44,930","화이트_44,930","화이트_44,930","화이트_44,930","화이트_44,055","화이트_44,050"
7202854,PCCOOLER HALO,"3-in-1 FRGB 킷_3,300","3-in-1 FRGB 킷_3,290","3-in-1 FRGB 킷_3,290","3-in-1 FRGB 킷_3,290","3-in-1 FRGB 킷_3,290","3-in-1 FRGB 킷_3,300","3-in-1 FRGB 킷_3,280"
19307408,PCCOOLER P120 PRO,"19,900","19,900","19,890","19,890","19,890","19,890","19,880"
14110475,PCCOOLER PALADIN 400,"_블랙_29,900|_화이트_32,900","_블랙_29,900|_화이트_32,880","_블랙_28,900|_화이트_31,880","_블랙_28,900|_화이트_31,880","_블랙_28,900|_화이트_31,880","_블랙_29,690|_화이트_32,900","_블랙_25,900|_화이트_27,910"
14705225,PCCOOLER PALADIN 400 ARGB,"31,900","31,800","31,720","31,720","31,720","31,900","26,900"
70532753,PCCOOLER PALADIN 400 DIGITAL,"32,900","32,900","32,900","32,900","32,900","32,900","32,900"
18677135,PCCOOLER PALADIN BCF,"8,000","7,990","7,990","7,990","7,990","8,000","8,000"
19282190,PCCOOLER PALADIN EX400,"블랙_33,600","블랙_33,600","블랙_33,600","블랙_33,600","블랙_33,600","블랙_33,600","블랙_33,600"
17002862,PCCOOLER PALADIN EX400 ARGB,"30,320","30,320","30,320","30,320","30,320","30,320","30,390"
29975516,PCCOOLER PALADIN EX400S,"23,900","23,900","23,090","23,090","23,090","23,900","23,880"
17182961,PCCOOLER PALADIN S9 ARGB,"47,660","47,660","47,660","47,660","47,660","47,660","47,660"
75541427,PCCOOLER R4000-I,"19,900","19,880","19,710","19,710","19,710","19,900","19,880"
6721210,PCCOOLER RHS-03 구리 방열판,0,"4,840",0,0,0,0,0
16234136,PNC PARTNER  EVEREST BK092 WHITE LED,"8,900","8,900","8,900","8,900",0,0,0
88205900,PNC PARTNER EVEREST BK092 LED,0,0,0,0,0,0,"블랙_8,360"
73890899,POLARTHERM X-10,"5g_9,120|_10g_12,900|_40g_37,510",0,0,0,0,0,0
73890905,POLARTHERM X-10,0,"5g_9,120|_10g_12,900|_40g_42,060","5g_9,120|_10g_12,900|_40g_42,010","5g_9,120|_10g_12,900|_40g_41,880","5g_9,120|_10g_12,900|_40g_41,770","5g_9,120|_10g_12,900|_40g_41,690","5g_9,120|_10g_12,900|_40g_41,590"
73890857,POLARTHERM X-8,"_2g_3,900|5g_5,480|10g_9,120|_40g_26,900","_2g_3,900|5g_5,480|10g_9,120|_40g_26,900",0,"_2g_3,900|5g_5,480|10g_9,120|_40g_26,900",0,"_2g_3,900|5g_5,480|10g_9,120|_40g_26,900","_2g_3,900|5g_5,480|10g_9,120|_40g_26,900"
73890812,POLARTHERM X-8,0,0,"_2g_3,900|5g_5,480|10g_9,120|_40g_26,900",0,"_2g_3,900|5g_5,480|10g_9,120|_40g_26,900",0,0
64300121,PROLIMATECH GENESIS TWIN,"27,990","27,990","27,990",0,0,0,0
102001841,PentaWave PF LP12E PWM TURBO,"34,900","34,900","34,900","34,900","34,900","34,900","34,900"
97705640,PentaWave Z03I-53 SRB,"34,900","34,900","33,900","33,900","33,900","34,900","34,900"
36835805,PentaWave Z04E SRB ARGB,"21,900","21,900","21,200","21,200","21,200","21,900","21,900"
102553373,PentaWave Z05C EX TURBO,"49,900","49,900","49,900","49,900","49,900","49,900","49,900"
20570498,PentaWave Z06D,"_블랙_109,490|_화이트_64,900","_블랙_109,490|_화이트_64,900","_블랙_109,490|_화이트_64,370","_블랙_109,490|_화이트_64,370","_블랙_109,490|_화이트_64,370","_블랙_109,490|_화이트_64,900","_블랙_109,490|_화이트_64,900"
123971747,PentaWave Z06D EVO,"74,890","74,890","73,600","73,600","73,600","74,890","74,890"
101080094,PentaWave Z06D EX TURBO,"_블랙_129,000|_화이트_129,000","_블랙_129,000|_화이트_129,000","_블랙_127,000|_화이트_126,000","_블랙_127,000|_화이트_126,000","_블랙_127,000|_화이트_126,000","_블랙_129,000|_화이트_129,000",0
101080121,PentaWave Z06D EX TURBO,0,0,0,0,0,0,"_블랙_129,000|_화이트_129,000"
27686615,Phanteks GLACIER ONE 240 T30 V2,"187,060","187,060","187,060","187,060","187,060","195,000","191,080"
13155839,Phanteks GLACIER ONE 240MPH,"195,420","195,420","195,420","195,420","195,420","199,000","199,000"
20062160,Phanteks GLACIER ONE 360 T30 V2,"287,370","287,370","287,370","287,370","287,370","299,000","293,540"
123695742,Phanteks GLACIER ONE 360M25 LCD,"_블랙_213,920|_화이트_213,920","_블랙_213,920|_화이트_213,920","_블랙_213,920|_화이트_213,920","_블랙_213,920|_화이트_213,920","_블랙_213,920|_화이트_213,920","_블랙_213,920|_화이트_213,920","_블랙_213,920|_화이트_213,920"
90887843,Phanteks M25-140 G2,0,0,0,0,0,"_블랙_12,540|_3팩, 블랙_35,140",0
90888194,Phanteks M25-140 G2 DRGB REVERSE,0,0,0,"_블랙_15,080|_3팩, 블랙_44,930|화이트_15,150|3팩, 화이트_44,930","_블랙_15,080|_3팩, 블랙_44,930|화이트_15,150|3팩, 화이트_44,930","블랙_15,080|_3팩, 블랙_44,930|화이트_15,150|_3팩, 화이트_44,930","블랙_15,080|_3팩, 블랙_44,930|화이트_15,150|_3팩, 화이트_44,930"
20062226,Phanteks NEON DRGB LED STRIP COMBO,"_화이트_33,180|_블랙_28,870","_화이트_33,180|_블랙_28,870","_화이트_33,180|_블랙_28,870","_화이트_33,180|_블랙_28,870","_화이트_33,180|_블랙_28,870","_화이트_33,180|_블랙_28,870","_화이트_33,180|_블랙_28,870"
20062202,Phanteks NEON DRGB LED STRIP M1,"_화이트_37,430|_블랙_29,940","_화이트_37,430|_블랙_29,940","_화이트_37,430|_블랙_29,940","_화이트_37,430|_블랙_29,940","_화이트_37,430|_블랙_29,940","_화이트_37,430|_블랙_29,940","_화이트_37,430|_블랙_29,940"
20062214,Phanteks NEON DRGB LED STRIP M5,"화이트_22,450","화이트_22,450","화이트_22,450","화이트_22,450","화이트_22,450","화이트_22,450","화이트_22,450"
20062232,Phanteks PH-F120D30 REGULAR,"블랙_41,800|_3팩, 블랙_126,440|_화이트_41,800|3팩, 화이트_126,440","블랙_41,800|_3팩, 블랙_126,440|_화이트_41,800|3팩, 화이트_126,440","_블랙_41,800|_3팩, 블랙_126,440|화이트_41,800|3팩, 화이트_126,440","_블랙_41,800|_3팩, 블랙_126,440|화이트_41,800|3팩, 화이트_126,440","_블랙_41,800|_3팩, 블랙_126,440|화이트_41,800|3팩, 화이트_126,440",0,0
21675446,Phanteks PH-F120D30 REGULAR,0,0,0,0,0,"_블랙_41,800|_3팩, 블랙_126,440|화이트_41,800|3팩, 화이트_126,440","_블랙_41,800|_3팩, 블랙_126,440|화이트_41,800|3팩, 화이트_126,440"
20062241,Phanteks PH-F120D30 REVERSE,"_블랙_41,800|_3팩, 블랙_134,000|화이트_41,800|3팩, 화이트_126,440","_블랙_41,800|_3팩, 블랙_134,000|화이트_41,800|3팩, 화이트_126,440","_블랙_41,800|_3팩, 블랙_134,000|화이트_41,800|3팩, 화이트_126,440","블랙_41,800|_3팩, 블랙_134,000|화이트_41,800|_3팩, 화이트_126,440","블랙_41,800|_3팩, 블랙_134,000|화이트_41,800|_3팩, 화이트_126,440",0,0
20062238,Phanteks PH-F120D30 REVERSE,0,0,0,0,0,"블랙_41,800|_3팩, 블랙_134,000|화이트_41,800|_3팩, 화이트_126,440","블랙_41,800|_3팩, 블랙_134,000|화이트_41,800|_3팩, 화이트_126,440"
20327720,Phanteks PH-F120M25 DRGB PWM,"_블랙_20,370|3팩, 블랙_56,990|화이트_20,370|_3팩, 화이트_55,910","_블랙_20,370|3팩, 블랙_56,990|화이트_20,370|_3팩, 화이트_55,910","_블랙_20,370|3팩, 블랙_56,990|화이트_20,370|_3팩, 화이트_55,910","_블랙_20,370|3팩, 블랙_56,990|화이트_20,370|_3팩, 화이트_55,910","_블랙_20,370|3팩, 블랙_56,990|화이트_20,370|_3팩, 화이트_55,910","_블랙_20,370|3팩, 블랙_56,990|화이트_20,370|_3팩, 화이트_55,910","_블랙_20,370|3팩, 블랙_56,990|화이트_20,370|_3팩, 화이트_55,910"
16480151,Phanteks PH-F120T30,"_1팩_42,850|_3팩_124,340","_1팩_42,850|_3팩_124,340","_1팩_42,850|_3팩_124,340","_1팩_42,850|_3팩_124,340","_1팩_42,850|_3팩_124,340","_1팩_42,850|_3팩_124,340",0
16480127,Phanteks PH-F120T30,0,0,0,0,0,0,"_1팩_42,850|_3팩_124,340"
20328632,Phanteks PH-F140M25 DRGB PWM,"블랙_25,290|_3팩, 블랙_61,120|_화이트_24,040|3팩, 화이트_92,400","블랙_25,290|_3팩, 블랙_61,120|_화이트_24,040|3팩, 화이트_92,400","블랙_25,290|_3팩, 블랙_61,120|_화이트_24,040|3팩, 화이트_92,400",0,0,0,0
20328569,Phanteks PH-F140M25 DRGB PWM,0,0,0,"블랙_25,290|_3팩, 블랙_61,120|_화이트_24,040|3팩, 화이트_92,400","블랙_25,290|_3팩, 블랙_61,120|_화이트_24,040|3팩, 화이트_92,400","블랙_25,290|_3팩, 블랙_61,120|_화이트_24,380|3팩, 화이트_92,400","블랙_25,290|_3팩, 블랙_61,120|_화이트_24,380|3팩, 화이트_92,400"
17050571,Phanteks PH-F140SK DRGB PWM,"_블랙_22,980|_3팩, 화이트_70,000","_블랙_22,980|_3팩, 화이트_70,000","_블랙_22,980|_3팩, 화이트_70,000","_블랙_22,980|_3팩, 화이트_70,000","_블랙_22,980|_3팩, 화이트_70,000","_블랙_22,980|_3팩, 화이트_70,000","_블랙_22,980|_3팩, 화이트_70,000"
2756764,REEVEN COLDWING 14-1200,"20,000","20,000","20,000","20,000","20,000","20,000","20,000"
2756753,REEVEN COLDWING 14-800,"20,200","20,200","20,200","20,200","20,200","20,200","20,200"
2756814,REEVEN COLDWING 14-P,"21,000","21,000","21,000","21,000","21,000","21,000","21,000"
3112085,REEVEN EUROS 16C-P,"19,240","19,240","19,240","19,240","19,240","19,240","19,240"
3112092,REEVEN EUROS 20C-P,"19,240","19,240","19,240","19,240","19,240","19,240","19,240"
2700232,REEVEN HANS,"55,000","55,000","55,000","55,000","55,000","55,000","55,000"
2976757,REEVEN OURANOS,"72,000","72,000","72,000","72,000","72,000","72,000","72,000"
16012331,SAPPHIRE CF1015H12D,"10,390","10,390","10,390","10,390","10,390","10,390","10,390"
32125523,SCYTHE FUMA 3,"40,870","40,870","40,870","40,870","40,870","40,870",0
32125613,SCYTHE GRAND TORNADO 120 2000RPM,"23,720","23,720",0,"23,720",0,0,0
3401607,SCYTHE IORI,"42,360","42,360","42,360","42,360","42,360","42,360","42,360"
13014467,SCYTHE KAZE FLEX 120 ARGB PWM,"18,290","18,290","18,290","18,290","18,290","18,290","18,290"
6244237,SCYTHE KAZE FLEX 120 PWM,"15,680","15,680","15,680","15,680","15,680","15,680","15,880"
6761002,SCYTHE KAZE FLEX 120 RGB PWM,"17,550","17,550","17,550","17,550","17,550","17,550","17,550"
13014401,SCYTHE KAZE FLEX 120 SLIM RGB PWM,"17,240","17,240","17,240","17,240","17,240","17,240","17,240"
13014500,SCYTHE KAZE FLEX 140 ARGB PWM,"20,900","20,900","20,900","20,900","20,900","20,900","20,900"
13000961,SCYTHE KOTETSU MARK II ARGB,"49,110","49,110","49,110","49,110","49,110","49,110","49,110"
11295096,SCYTHE SHURIKEN 2,"40,490","40,490","40,490","40,490","40,490","40,490","40,490"
13014677,SCYTHE WONDER SNAIL 120 1800RPM,"16,720","16,720","16,720","16,720","16,720","16,720","16,720"
106718570,SNOWMAN AS120 FDB 싸이번,"_블랙_8,260|_화이트_8,260","_블랙_8,260|_화이트_8,260","_블랙_8,260|_화이트_8,260","_블랙_8,260|_화이트_8,260","_블랙_8,260|_화이트_8,260","_블랙_8,260|_화이트_8,260","_블랙_8,260|_화이트_8,260"
122638596,SNOWMAN AX660 PRO-ARGB 뚜까리6,"_블랙_75,300|_화이트_76,000","_블랙_75,300|_화이트_76,000","_블랙_75,300|_화이트_76,000","_블랙_75,300|_화이트_76,000","_블랙_75,300|_화이트_76,000","_블랙_75,300|_화이트_76,000","_블랙_75,300|_화이트_76,000"
122638933,SNOWMAN AX880 PRO-ARGB 뚜까리8,"_블랙_80,360|_화이트_83,000","_블랙_80,360|_화이트_83,000","_블랙_80,360|_화이트_83,000","_블랙_80,360|_화이트_83,000","_블랙_80,360|_화이트_83,000","_블랙_80,360|_화이트_83,000","_블랙_80,360|_화이트_83,000"
107771720,SNOWMAN MT4-SE ARGB 싸이번,"_블랙_21,200|_화이트_21,100","_블랙_21,200|_화이트_21,100","_블랙_21,200|_화이트_21,100","_블랙_21,200|_화이트_21,100","_블랙_21,200|_화이트_21,100","_블랙_21,200|_화이트_21,100","_블랙_21,200|_화이트_21,100"
122710983,SNOWMAN MX660 ARGB,"_블랙_31,900|_화이트_30,710",0,0,0,0,0,"_블랙_31,900|_화이트_30,710"
122711000,SNOWMAN MX660 ARGB,0,"_블랙_31,900|_화이트_30,710",0,0,0,0,0
122710862,SNOWMAN 인피니티 KS360 ARGB,"_블랙_57,890|_화이트_62,400","_블랙_57,890|_화이트_62,400","_블랙_57,890|_화이트_62,400",0,0,0,0
122710858,SNOWMAN 인피니티 KS360 ARGB,0,0,0,"_블랙_57,890|_화이트_62,400","_블랙_57,890|_화이트_62,400",0,0
16150331,SRHX NB779,"6,550","6,550","6,550","6,550","6,550","6,550","6,550"
123721552,SUDOKOO ENERGLO 360,"_블랙_198,000|_화이트_208,000","_블랙_198,000|_화이트_208,000","_블랙_195,000|_화이트_205,000","_블랙_195,000|_화이트_205,000","_블랙_195,000|_화이트_205,000","_블랙_188,000|_화이트_198,000","_블랙_188,000|_화이트_198,000"
123721792,SUDOKOO MACH120,"_3팩, 블랙_118,000|블랙_48,000|_화이트_48,000","_3팩, 블랙_118,000|블랙_48,000|_화이트_48,000","_3팩, 블랙_118,000|블랙_48,000|_화이트_48,000","_3팩, 블랙_118,000|_블랙_48,000|화이트_48,000","_3팩, 블랙_118,000|_블랙_48,000|화이트_48,000","_3팩, 블랙_108,000|블랙_43,200|_화이트_43,200","_3팩, 블랙_108,000|_블랙_43,200|화이트_43,200"
123721808,SUDOKOO MACH140,"_블랙_58,000|_화이트_58,000","_블랙_58,000|_화이트_58,000","_블랙_58,000|_화이트_58,000","_블랙_58,000|_화이트_58,000","_블랙_58,000|_화이트_58,000","_블랙_52,200|_화이트_52,200","_블랙_52,200|_화이트_52,200"
123721523,SUDOKOO PROTEUS360,0,"블랙_358,000","블랙_354,900","블랙_354,900","블랙_354,900","블랙_348,000","블랙_348,000"
123721688,SUDOKOO SK620V,"_블랙_158,000|_화이트_158,000","_블랙_158,000|_화이트_158,000","_블랙_156,000|_화이트_155,000","_블랙_156,000|_화이트_155,000","_블랙_156,000|_화이트_155,000","_블랙_148,000|_화이트_148,000","_블랙_148,000|_화이트_148,000"
123721634,SUDOKOO SK700V MACH,"블랙_168,000","블랙_168,000","블랙_165,000","블랙_165,000","블랙_165,000","블랙_158,000","블랙_158,000"
94024157,Segotep EX120 ARGB PWM FULL LCP,"_블랙_29,080|2팩, 블랙_50,840|2팩, 화이트_50,840|3팩, 블랙_76,250|3팩, 화이트_76,250|_화이트_29,080","_블랙_29,080|2팩, 블랙_50,840|2팩, 화이트_50,840|3팩, 블랙_76,250|3팩, 화이트_76,250|_화이트_29,080","_블랙_29,080|2팩, 블랙_50,840|2팩, 화이트_50,840|3팩, 블랙_76,250|3팩, 화이트_76,250|_화이트_29,080","_블랙_29,080|2팩, 블랙_50,840|2팩, 화이트_50,840|3팩, 블랙_76,250|3팩, 화이트_76,250|_화이트_29,080","_블랙_29,080|2팩, 블랙_50,840|2팩, 화이트_50,840|3팩, 블랙_76,250|3팩, 화이트_76,250|_화이트_29,080","_블랙_29,080|2팩, 블랙_50,840|2팩, 화이트_50,840|3팩, 블랙_76,250|3팩, 화이트_76,250|_화이트_29,080","_블랙_29,080|2팩, 블랙_50,840|2팩, 화이트_50,840|3팩, 블랙_76,250|3팩, 화이트_76,250|_화이트_29,080"
40720451,Segotep HB12 ARGB PWM,"_블랙_7,600|3팩, 블랙_23,670|컨트롤러/3팩, 블랙_31,520|화이트_7,600|_3팩, 화이트_23,670|컨트롤러/3팩, 화이트_32,010","_블랙_7,600|3팩, 블랙_23,670|컨트롤러/3팩, 블랙_31,520|_화이트_7,600|3팩, 화이트_23,670|컨트롤러/3팩, 화이트_32,010","_블랙_7,600|3팩, 블랙_23,700|컨트롤러/3팩, 블랙_31,520|_화이트_7,600|3팩, 화이트_23,700|컨트롤러/3팩, 화이트_32,010","_블랙_7,600|3팩, 블랙_23,700|컨트롤러/3팩, 블랙_31,520|_화이트_7,600|3팩, 화이트_23,700|컨트롤러/3팩, 화이트_32,010",0,0,0
40720487,Segotep HB12 ARGB PWM,0,0,0,0,"_블랙_7,600|3팩, 블랙_23,700|컨트롤러/3팩, 블랙_31,520|_화이트_7,600|3팩, 화이트_23,700|컨트롤러/3팩, 화이트_32,010","_블랙_7,600|3팩, 블랙_23,700|컨트롤러/3팩, 블랙_31,520|_화이트_7,600|3팩, 화이트_23,700|컨트롤러/3팩, 화이트_32,010","_블랙_7,600|3팩, 블랙_23,700|컨트롤러/3팩, 블랙_31,520|_화이트_7,600|3팩, 화이트_23,700|컨트롤러/3팩, 화이트_33,700"
40720592,Segotep HB12 리버스 ARGB PWM,"블랙_8,220|3팩, 블랙_23,700|_컨트롤러/3팩, 블랙_33,700|_화이트_8,220|3팩, 화이트_23,700|컨트롤러/3팩, 화이트_33,500","블랙_8,220|3팩, 블랙_23,700|_컨트롤러/3팩, 블랙_33,700|_화이트_8,220|3팩, 화이트_23,700|컨트롤러/3팩, 화이트_33,500","블랙_8,220|3팩, 블랙_23,700|_컨트롤러/3팩, 블랙_33,700|_화이트_8,220|3팩, 화이트_23,700|컨트롤러/3팩, 화이트_33,500","블랙_8,220|3팩, 블랙_23,700|_컨트롤러/3팩, 블랙_33,700|_화이트_8,220|3팩, 화이트_23,700|컨트롤러/3팩, 화이트_33,500","블랙_8,220|3팩, 블랙_23,700|_컨트롤러/3팩, 블랙_33,700|_화이트_8,220|3팩, 화이트_23,700|컨트롤러/3팩, 화이트_33,500","블랙_8,220|3팩, 블랙_23,700|_컨트롤러/3팩, 블랙_33,700|_화이트_8,220|3팩, 화이트_23,700|컨트롤러/3팩, 화이트_33,500","블랙_8,220|3팩, 블랙_23,700|_컨트롤러/3팩, 블랙_33,700|_화이트_8,220|3팩, 화이트_23,700|컨트롤러/3팩, 화이트_33,500"
103877363,Segotep NR12 ARGB PWM,"_화이트_5,510|_3팩, 블랙_16,370|3팩, 화이트_16,370|블랙_5,500","화이트_5,510|_3팩, 블랙_16,370|3팩, 화이트_16,370|_블랙_5,500","화이트_5,510|_3팩, 블랙_16,370|3팩, 화이트_16,370|_블랙_5,500",0,0,0,0
103877342,Segotep NR12 ARGB PWM,0,0,0,"화이트_5,510|_3팩, 블랙_16,370|3팩, 화이트_16,370|_블랙_5,500","화이트_5,510|_3팩, 블랙_16,370|3팩, 화이트_16,370|_블랙_5,500","화이트_5,510|3팩, 블랙_16,370|_3팩, 화이트_16,370|_블랙_5,500","화이트_5,510|3팩, 블랙_16,370|_3팩, 화이트_16,370|_블랙_5,500"
96425264,Segotep NR12 ARGB PWM KIT,"_컨트롤러/3팩, 블랙_29,400|_컨트롤러/3팩, 화이트_27,780","_컨트롤러/3팩, 블랙_29,400|_컨트롤러/3팩, 화이트_27,780","_컨트롤러/3팩, 블랙_29,400|_컨트롤러/3팩, 화이트_27,780","_컨트롤러/3팩, 블랙_29,400|_컨트롤러/3팩, 화이트_27,780","_컨트롤러/3팩, 블랙_29,400|_컨트롤러/3팩, 화이트_27,780","_컨트롤러/3팩, 블랙_29,400|_컨트롤러/3팩, 화이트_27,780","_컨트롤러/3팩, 블랙_29,400|_컨트롤러/3팩, 화이트_27,780"
103877375,Segotep NR12 ARGB PWM 리버스,"화이트_5,510|_3팩, 블랙_16,370|_3팩, 화이트_16,370|블랙_5,500","화이트_5,510|_3팩, 블랙_16,370|_3팩, 화이트_16,370|블랙_5,500","화이트_5,510|_3팩, 블랙_16,370|_3팩, 화이트_16,410|블랙_5,500","화이트_5,510|_3팩, 블랙_16,370|_3팩, 화이트_16,410|블랙_5,500","화이트_5,510|_3팩, 블랙_16,370|_3팩, 화이트_16,410|블랙_5,500","_화이트_5,510|_3팩, 블랙_16,370|3팩, 화이트_16,410|블랙_5,500","_화이트_5,510|_3팩, 블랙_16,370|3팩, 화이트_16,410|블랙_5,500"
103877390,Segotep NR12 ARGB PWM 리버스 KIT,"_컨트롤러/3팩, 블랙_27,780|_컨트롤러/3팩, 화이트_29,400","_컨트롤러/3팩, 블랙_27,780|_컨트롤러/3팩, 화이트_29,400","_컨트롤러/3팩, 블랙_27,780|_컨트롤러/3팩, 화이트_29,400","_컨트롤러/3팩, 블랙_27,780|_컨트롤러/3팩, 화이트_29,400","_컨트롤러/3팩, 블랙_27,780|_컨트롤러/3팩, 화이트_29,400","_컨트롤러/3팩, 블랙_27,780|_컨트롤러/3팩, 화이트_29,400","_컨트롤러/3팩, 블랙_27,780|_컨트롤러/3팩, 화이트_29,400"
14992247,Segotep S4 AGHP,"12,900","12,900","12,900","12,900","12,900","12,900","12,900"
40721114,Segotep TEMPERATURE ARGB AND PWM HUB,"10,490","10,490","10,490","10,490","10,490","10,490","10,490"
9756891,SilverStone AB120i Lite STCOM,"컨트롤러/3팩_10,380","컨트롤러/3팩_10,380","컨트롤러/3팩_10,380","컨트롤러/3팩_10,380","컨트롤러/3팩_10,380","컨트롤러/3팩_10,380","컨트롤러/3팩_10,380"
12389489,SilverStone IceGem 240P STCOM,"58,910","58,910","58,910","58,910","58,910","58,910","58,910"
12825986,SilverStone IceGem 280 STCOM,"62,300","62,300","62,300","62,300","62,300","62,300","62,300"
9695373,SilverStone SST-AP124-ARGB STCOM,"10,380","10,380","10,380","10,380","10,380","10,227","10,227"
16334033,SilverStone SST-AS120 STCOM,"12,850","12,850","12,850","12,850","12,850","12,850","12,850"
16334063,SilverStone SST-AS120-ARGB STCOM,"16,580","16,580","16,580","16,580","16,580","16,363","16,363"
100693940,SilverStone SST-FHS 140X 마이크로닉스,"35,900","35,900","34,640","34,640","35,900","35,900","35,900"
96260795,SilverStone SST-FHS 80X 마이크로닉스,"27,530","27,530","27,530","27,530","27,530","27,530","27,530"
86152847,SilverStone SST-FHS120X 마이크로닉스,"28,690","28,690","28,690","28,690","28,690","28,690","28,690"
9695418,SilverStone SST-FW124-ARGB STCOM,"9,410","9,410","9,410","9,410","9,410","9,205","9,205"
90436484,SilverStone SST-XAC-MK-4710 마이크로닉스,"87,310","87,310","82,390","82,390","87,310","84,420","85,662"
90436553,SilverStone SST-XAC-MK-SP5 마이크로닉스,"87,420","87,420","82,390","82,390","87,420","87,420","87,420"
94204886,SilverStone SST-XE02-1700S 마이크로닉스,"96,570","96,570","96,570","96,570","96,570","96,080","96,080"
32917871,SilverStone SST-XE02-4189 마이크로닉스,"106,010","109,100","91,190","91,190","109,100","91,200","109,100"
32917892,SilverStone SST-XE02-4677 마이크로닉스,"120,780","120,780","120,780","120,780","120,780","120,780","120,780"
103602080,SilverStone SST-XE02-SP3S 마이크로닉스,"93,000","90,400","90,390","90,390","90,400","90,400","90,400"
54327485,SilverStone SST-XE02-SP5 마이크로닉스,"120,890","120,890","115,750","115,620","120,890","115,970","120,890"
122696916,SilverStone SST-XE02-TR5B 마이크로닉스,"129,610","129,610","129,610","129,610","129,610","129,610","129,610"
32917958,SilverStone SST-XE04-4189 마이크로닉스,"124,600","124,600","123,980","123,980","124,600","123,990","124,600"
122661939,SilverStone SST-XE04-4677B 마이크로닉스,"136,250","136,250","136,250","136,250","136,250","136,250","136,250"
54327524,SilverStone SST-XE04-SP5 마이크로닉스,"144,150","144,150","144,150","144,150","144,150","144,150","144,150"
70767452,SilverStone SST-XE04-SP6P 마이크로닉스,"145,070","145,070","145,070","145,070","145,070","145,070","145,070"
72983834,SilverStone SST-XE360-4677 마이크로닉스,"581,970","581,970","581,970","581,970","581,970","581,970","581,970"
72983894,SilverStone SST-XE360-SP5 마이크로닉스,"608,530","608,530","608,530","608,530","608,530","608,530","608,530"
96984041,SilverStone SST-XE360-TR5 마이크로닉스,"611,000","611,000","611,000","611,000","611,000","611,000","611,000"
122829075,SilverStone SST-XE360-TR5-V2 마이크로닉스,"581,990","581,990","581,990","581,990","581,990","581,990","581,990"
90436376,SilverStone SST-XE360PDD 마이크로닉스,"931,460","931,460","931,460","931,460","931,460","931,460","931,460"
90436232,SilverStone SST-XED120S-WS 마이크로닉스,"241,950","236,790","236,780","236,780","236,780","236,770","241,950"
32917985,SilverStone XE04-4677V 마이크로닉스,"135,990","135,990","135,990","135,360","135,990","135,990","135,990"
63031013,Supermicro 4U Active SNK-P0081AP4,"121,000","121,000","121,000","121,000","121,000","121,000","121,000"
123589031,TCOMAS CUBE 360 ARGB,"_블랙_194,000|_화이트_194,000","_블랙_194,000|_화이트_194,000","_블랙_194,000|_화이트_194,000","_블랙_194,000|_화이트_194,000","_블랙_194,000|_화이트_194,000","_블랙_194,000|_화이트_194,000","_블랙_194,000|_화이트_194,000"
123605055,TCOMAS EDGE DUAL LCD 360 ARGB,"_블랙_348,000|_화이트_348,000","_블랙_348,000|_화이트_348,000","_블랙_348,000|_화이트_348,000","_블랙_348,000|_화이트_348,000","_블랙_348,000|_화이트_348,000",0,0
123605067,TCOMAS EDGE DUAL LCD 360 ARGB,0,0,0,0,0,"_블랙_348,000|_화이트_348,000","_블랙_348,000|_화이트_348,000"
124260003,TCOMAS EXIT D3 360 ARGB,"_블랙_388,660|_화이트_388,660","_블랙_388,660|_화이트_388,660","_블랙_388,660|_화이트_388,660","_블랙_388,660|_화이트_388,660","_블랙_388,660|_화이트_388,660","_블랙_388,660|_화이트_388,660","_블랙_388,660|_화이트_388,660"
123589117,TCOMAS EXIT D3 PRO 360 ARGB,"_블랙_517,000|_화이트_517,000","_블랙_517,000|_화이트_517,000","_블랙_517,000|_화이트_517,000","_블랙_517,000|_화이트_517,000","_블랙_517,000|_화이트_517,000","_블랙_517,000|_화이트_517,000","_블랙_517,000|_화이트_517,000"
123605101,TCOMAS LE200 360 ARGB,"_블랙_144,000|_화이트_144,000","_블랙_144,000|_화이트_144,000","_블랙_144,000|_화이트_144,000","_블랙_144,000|_화이트_144,000","_블랙_144,000|_화이트_144,000",0,"_블랙_144,000|_화이트_144,000"
123605287,TCOMAS LE200 360 ARGB,0,0,0,0,0,"_블랙_144,000|_화이트_144,000",0
123605196,TCOMAS LYNK FC700 PRO ARGB,"_3팩, 블랙_164,820|_3팩, 화이트_164,820","_3팩, 블랙_164,820|_3팩, 화이트_164,820","_3팩, 블랙_164,820|_3팩, 화이트_164,820","_3팩, 블랙_164,820|_3팩, 화이트_164,820","_3팩, 블랙_164,820|_3팩, 화이트_164,820","_3팩, 블랙_165,000|_3팩, 화이트_165,000","_3팩, 블랙_164,820|_3팩, 화이트_164,820"
123605271,TCOMAS LYNK FC700 PRO ARGB 리버스,"_3팩, 블랙_164,820|_3팩, 화이트_164,820","_3팩, 블랙_164,820|_3팩, 화이트_164,820","_3팩, 블랙_164,820|_3팩, 화이트_164,820","_3팩, 블랙_164,820|_3팩, 화이트_164,820","_3팩, 블랙_164,820|_3팩, 화이트_164,820","_3팩, 블랙_165,000|_3팩, 화이트_165,000","_3팩, 블랙_164,820|_3팩, 화이트_164,820"
124260031,TCOMAS NEOX 360 ARGB,"_블랙_388,660|_화이트_388,660","_블랙_388,660|_화이트_388,660","_블랙_388,660|_화이트_388,660","_블랙_388,660|_화이트_388,660","_블랙_388,660|_화이트_388,660","_블랙_388,660|_화이트_388,660","_블랙_388,660|_화이트_388,660"
123589157,TCOMAS NEOX PRO 360 AMOLED ARGB,"_블랙_517,000|_화이트_517,000","_블랙_517,000|_화이트_517,000","_블랙_517,000|_화이트_517,000","_블랙_517,000|_화이트_517,000","_블랙_517,000|_화이트_517,000",0,0
123589153,TCOMAS NEOX PRO 360 AMOLED ARGB,0,0,0,0,0,"_블랙_517,000|_화이트_517,000","_블랙_517,000|_화이트_517,000"
124115954,TRYX FOBR ARGB 360,"_블랙_66,920|_화이트_66,920","_블랙_66,920|_화이트_66,920","_블랙_66,920|_화이트_66,920","_블랙_66,920|_화이트_66,920","_블랙_66,920|_화이트_66,920","_블랙_64,688|_화이트_64,688","_블랙_64,688|_화이트_64,688"
124115959,TRYX FOBR ARGB 360,0,0,0,0,0,"_블랙_64,688|_화이트_64,688","_블랙_64,688|_화이트_64,688"
124115920,TRYX HOLO ARGB 360,"_블랙_260,910|_화이트_260,910","_블랙_260,910|_화이트_260,910","_블랙_260,910|_화이트_260,910","_블랙_260,910|_화이트_260,910","_블랙_260,910|_화이트_260,910","_블랙_260,910|_화이트_260,910","_블랙_260,910|_화이트_260,910"
62162378,TRYX PANORAMA 3D 240 ARGB,"_블랙_454,230|_화이트_459,000","_블랙_454,230|_화이트_459,000","_블랙_454,230|_화이트_459,000","_블랙_454,230|_화이트_459,000","_블랙_454,230|_화이트_459,000","_블랙_454,230|_화이트_459,000","_블랙_454,230|_화이트_459,000"
62162681,TRYX PANORAMA 3D 280 ARGB,"_블랙_468,430|_화이트_479,000","_블랙_468,430|_화이트_479,000","_블랙_468,430|_화이트_479,000","_블랙_468,430|_화이트_479,000","_블랙_468,430|_화이트_479,000","_블랙_468,430|_화이트_479,000","_블랙_468,430|_화이트_479,000"
62163269,TRYX PANORAMA 3D 280 PRO,"_블랙_459,000|_화이트_459,000","_블랙_459,000|_화이트_459,000","_블랙_459,000|_화이트_459,000",0,0,0,0
62163290,TRYX PANORAMA 3D 280 PRO,0,0,0,"_블랙_459,000|_화이트_459,000","_블랙_459,000|_화이트_459,000","_블랙_459,000|_화이트_459,000","_블랙_459,000|_화이트_459,000"
62163215,TRYX PANORAMA 3D 360 PRO,"블랙_544,000","블랙_544,000","블랙_544,000","블랙_544,000","블랙_544,000","블랙_544,000","블랙_544,000"
79553357,TRYX PANORAMA 3D ARGB 360 2025,"_블랙_548,880|_화이트_548,880","_블랙_548,880|_화이트_548,880","_블랙_548,880|_화이트_548,880","_블랙_548,880|_화이트_548,880","_블랙_548,880|_화이트_548,880","_블랙_548,880|_화이트_548,880",0
79553339,TRYX PANORAMA 3D ARGB 360 2025,0,0,0,0,0,0,"_블랙_548,880|_화이트_548,880"
79553213,TRYX PANORAMA 3D PRO 360 2025,"_블랙_527,100|_화이트_527,100","_블랙_527,100|_화이트_527,100","_블랙_527,100|_화이트_527,100","_블랙_527,100|_화이트_527,100","_블랙_527,100|_화이트_527,100","_블랙_524,316|_화이트_527,100","_블랙_527,100|_화이트_527,100"
122710921,TRYX PANORAMA 3D SE 240,"_블랙_391,190|_화이트_391,190","_블랙_391,190|_화이트_391,190","_블랙_391,190|_화이트_391,190","_블랙_391,190|_화이트_391,190","_블랙_391,190|_화이트_391,190","_블랙_391,190|_화이트_391,190","_블랙_391,190|_화이트_391,190"
75470159,TRYX PANORAMA 3D SE 360,"_블랙_332,900|_화이트_332,900","_블랙_332,900|_화이트_332,900","_블랙_332,900|_화이트_332,900","_블랙_332,900|_화이트_332,900","_블랙_332,900|_화이트_332,900",0,0
75470138,TRYX PANORAMA 3D SE 360,0,0,0,0,0,"_블랙_332,900|_화이트_332,900","_블랙_332,900|_화이트_332,900"
104989715,TRYX PANORAMA 3D WB,"_블랙_377,310|_화이트_373,390","_블랙_377,310|_화이트_373,390","_블랙_377,310|_화이트_373,390","_블랙_377,310|_화이트_373,390","_블랙_377,310|_화이트_373,390","_블랙_377,310|_화이트_373,390","_블랙_377,310|_화이트_373,390"
63030983,TRYX ROTA PRO 120 LCP,"_블랙_38,460|_화이트_38,460","_블랙_38,460|_화이트_38,460","_블랙_38,460|_화이트_38,460","_블랙_38,460|_화이트_38,460","_블랙_38,460|_화이트_38,460","_블랙_38,460|_화이트_38,460",0
63031019,TRYX ROTA PRO 120 LCP,0,0,0,0,0,0,"_블랙_38,460|_화이트_38,460"
63031100,TRYX ROTA PRO 140 LCP,"_블랙_48,160|_화이트_46,590","_블랙_48,160|_화이트_46,590","_블랙_48,160|_화이트_46,590","_블랙_48,160|_화이트_46,590","_블랙_48,160|_화이트_46,590","_블랙_48,160|_화이트_46,590","_블랙_48,160|_화이트_46,590"
87658877,TRYX ROTA SL ARGB 120,"1팩, 블랙_28,160|1팩, 화이트_28,120|_3팩, 블랙_77,630|_3팩, 화이트_77,640","1팩, 블랙_28,160|1팩, 화이트_28,120|_3팩, 블랙_77,630|_3팩, 화이트_77,640","1팩, 블랙_28,160|1팩, 화이트_28,120|_3팩, 블랙_77,630|_3팩, 화이트_77,640",0,0,0,0
87655166,TRYX ROTA SL ARGB 120,0,0,0,"1팩, 블랙_28,160|1팩, 화이트_28,120|_3팩, 블랙_77,630|_3팩, 화이트_77,640","1팩, 블랙_28,160|1팩, 화이트_28,120|_3팩, 블랙_77,630|_3팩, 화이트_77,640","1팩, 블랙_28,160|_1팩, 화이트_28,120|_3팩, 블랙_73,032|3팩, 화이트_73,032","1팩, 블랙_28,160|_1팩, 화이트_28,120|_3팩, 블랙_76,875|3팩, 화이트_76,875"
98072924,TRYX ROTA SL ARGB 리버스 120,"_3팩, 블랙_77,890|_3팩, 화이트_79,000","_3팩, 블랙_77,890|_3팩, 화이트_79,000","_3팩, 블랙_77,890|_3팩, 화이트_79,000","_3팩, 블랙_77,890|_3팩, 화이트_79,000","_3팩, 블랙_77,890|_3팩, 화이트_79,000","_3팩, 블랙_76,875|_3팩, 화이트_76,875","_3팩, 블랙_76,875|_3팩, 화이트_76,875"
104616686,TRYX STAGE ARGB 360,"_블랙_280,050|_화이트_280,050","_블랙_280,050|_화이트_280,050","_블랙_280,050|_화이트_280,050","_블랙_280,050|_화이트_280,050","_블랙_280,050|_화이트_280,050","_블랙_280,050|_화이트_280,050","_블랙_280,050|_화이트_280,050"
122623739,TRYX TURRIS 620,"_블랙_206,000|_화이트_204,070","_블랙_206,000|_화이트_204,070","_블랙_206,000|_화이트_204,070","_블랙_206,000|_화이트_204,070","_블랙_206,000|_화이트_204,070","_블랙_206,000|_화이트_204,070","_블랙_206,000|_화이트_204,070"
18227576,Thermal Grizzly AMD Ryzen 7000 CPU Guard,"17,190","17,190","17,190","17,190","17,190","17,190","17,190"
13507622,Thermal Grizzly Aeronaut,"_1g_5,450|_3.9g_8,820|7.8g_13,900|26g_37,900","_1g_5,450|_3.9g_8,820|7.8g_13,900|26g_37,900","_1g_5,450|_3.9g_8,820|7.8g_13,900|26g_37,900","_1g_5,450|_3.9g_8,820|7.8g_13,900|26g_37,900","_1g_5,450|_3.9g_8,820|7.8g_13,900|26g_37,900","_1g_5,460|_3.9g_8,820|7.8g_13,900|26g_37,900","_1g_5,460|_3.9g_8,820|7.8g_13,900|26g_37,900"
17578283,Thermal Grizzly CPU Lapping Tool,"8,960","8,960","8,960","8,960","8,960","8,960","8,960"
13536227,Thermal Grizzly Carbonaut 25x25,"0.2mm_21,820","0.2mm_21,820","0.2mm_21,820","0.2mm_21,820","0.2mm_21,820","0.2mm_21,820","0.2mm_21,820"
13536254,Thermal Grizzly Carbonaut 31x25,"0.2mm_23,800","0.2mm_23,800","0.2mm_23,800","0.2mm_22,700","0.2mm_22,700","0.2mm_23,800","0.2mm_23,800"
13536272,Thermal Grizzly Carbonaut 32x32,"0.2mm_22,500","0.2mm_22,500","0.2mm_22,500","0.2mm_22,500","0.2mm_22,500","0.2mm_22,500","0.2mm_22,500"
13536293,Thermal Grizzly Carbonaut 38x38,"0.2mm_29,500","0.2mm_29,500","0.2mm_29,500","0.2mm_29,500","0.2mm_29,500","0.2mm_29,500","0.2mm_29,500"
78239393,Thermal Grizzly Cleaning Wipes,"16,900","16,900","16,900","16,900","16,900","16,900","16,900"
3889047,Thermal Grizzly Conductonaut,"1g_19,000","1g_19,000","1g_19,000","1g_19,000","1g_19,000","1g_19,000","1g_19,000"
78714392,Thermal Grizzly Duronaut,"2g_18,900|_30g_96,470|_6g_33,900","_2g_18,900|_30g_96,470|6g_33,900",0,0,"_2g_18,900|_30g_94,050|6g_33,900","_2g_18,900|_30g_96,030|6g_33,900",0
124075972,Thermal Grizzly Duronaut,"2g_18,900|_30g_96,470|_6g_33,900","_2g_18,900|_30g_96,470|6g_33,900","_2g_18,900|_30g_96,470|6g_33,900","_2g_18,900|_30g_94,050|6g_33,900","_2g_18,900|_30g_94,050|6g_33,900","_2g_18,900|_30g_96,030|6g_33,900","_2g_18,900|_30g_96,470|6g_33,900"
124075988,Thermal Grizzly Duronaut Pro,"2g_31,130|_30g_145,180|_6g_50,620","2g_31,130|_30g_145,180|_6g_50,620","2g_31,130|_30g_145,180|_6g_50,620","_2g_30,300|30g_141,550|_6g_49,300","_2g_30,300|30g_141,550|_6g_49,300","_2g_30,943|30g_144,530|_6g_50,343","_2g_31,130|30g_145,180|_6g_50,620"
124076001,Thermal Grizzly Duronaut Pro,"2g_31,130|_30g_145,180|_6g_50,620","2g_31,130|_30g_145,180|_6g_50,620","2g_31,130|_30g_145,180|_6g_50,620","_2g_30,300|30g_141,550|_6g_49,300","_2g_30,300|30g_141,550|_6g_49,300","_2g_30,943|30g_144,530|_6g_50,343","_2g_31,130|30g_145,180|_6g_50,620"
3889040,Thermal Grizzly Hydronaut,"_1g_8,300|_3.9g_17,500|7.8g_29,810|26g_57,900","_1g_8,300|_3.9g_17,500|7.8g_29,810|26g_57,900","_1g_8,300|_3.9g_17,500|7.8g_29,810|26g_57,900","_1g_8,300|_3.9g_17,500|7.8g_29,810|26g_57,900","_1g_8,300|_3.9g_17,500|7.8g_29,810|26g_57,900","_1g_8,300|_3.9g_17,500|7.8g_29,810|26g_57,900",0
13507781,Thermal Grizzly Hydronaut,0,0,0,0,0,0,"_1g_8,300|_3.9g_17,500|7.8g_29,810|26g_57,900"
124076057,Thermal Grizzly Hydronaut Pro,"_2g_29,220|_30g_102,290|6g_48,710","_2g_29,220|30g_102,290|_6g_48,710","_2g_29,220|30g_102,290|_6g_48,710","_2g_28,290|30g_99,650|_6g_47,400","_2g_28,390|30g_99,650|_6g_47,400","_2g_29,220|30g_101,753|_6g_48,710","_2g_29,220|_30g_102,290|6g_48,710"
28596491,Thermal Grizzly KryoSheet 24x12,"0.2mm_25,790","0.2mm_25,790","0.2mm_25,790","0.2mm_25,790","0.2mm_25,790","0.2mm_25,790","0.2mm_25,790"
28596527,Thermal Grizzly KryoSheet 25x25,"0.2mm_29,870","0.2mm_29,870","0.2mm_29,870","0.2mm_29,870","0.2mm_29,870","0.2mm_29,890","0.2mm_29,870"
28596611,Thermal Grizzly KryoSheet 29x25,"0.2mm_32,730","0.2mm_32,730","0.2mm_32,730","0.2mm_32,730","0.2mm_32,730","0.2mm_32,730","0.2mm_32,730"
28596581,Thermal Grizzly KryoSheet 33x33,"0.2mm_38,900","0.2mm_38,900","0.2mm_38,900","0.2mm_38,900","0.2mm_38,900","0.2mm_38,900","0.2mm_38,900"
28596686,Thermal Grizzly KryoSheet 38x38,"0.2mm_38,900","0.2mm_38,900","0.2mm_38,900","0.2mm_38,900","0.2mm_38,900","0.2mm_38,900","0.2mm_38,900"
78613625,Thermal Grizzly KryoSheet 44x37,"0.2mm_39,900","0.2mm_39,900","0.2mm_39,900","0.2mm_39,900","0.2mm_39,900","0.2mm_39,900","0.2mm_39,900"
28596830,Thermal Grizzly KryoSheet 50x50,"0.2mm_36,070","0.2mm_36,070","0.2mm_36,070","0.2mm_36,070","0.2mm_36,070","0.2mm_36,070","0.2mm_36,070"
7161883,Thermal Grizzly Kryonaut,"_1g_9,500|5.55g_35,890|11.1g_49,500|_37g_138,990","_1g_9,500|_5.55g_35,890|11.1g_49,500|37g_138,990","_1g_9,500|5.55g_35,890|_11.1g_49,500|37g_138,990","_1g_9,500|_5.55g_34,100|11.1g_47,020|37g_138,990","_1g_9,500|_5.55g_34,100|11.1g_47,020|37g_138,990","_1g_9,500|_5.55g_35,890|11.1g_49,500|37g_138,990","_1g_9,500|_5.55g_35,890|11.1g_49,500|37g_138,990"
13509155,Thermal Grizzly Kryonaut Extreme,"_2g_35,870|33.84g_177,760|_6g_73,070","_2g_35,860|33.84g_177,760|_6g_73,070","_2g_35,860|33.84g_177,760|_6g_73,070","_2g_34,100|33.84g_177,760|_6g_71,150","_2g_34,100|33.84g_177,760|_6g_71,150","_2g_35,890|33.84g_177,760|_6g_73,070","_2g_35,860|33.84g_177,760|_6g_73,070"
78100754,Thermal Grizzly Minus Pad Advance 100x100,"_0.5mm_31,900|1.0mm_37,340|1.5mm_31,900|_2.0mm_39,820","_0.5mm_32,000|1.0mm_37,340|1.5mm_32,000|_2.0mm_39,900","_0.5mm_32,000|1.0mm_37,340|1.5mm_32,000|_2.0mm_39,900","_0.5mm_30,400|1.0mm_37,340|1.5mm_32,000|_2.0mm_39,900","_0.5mm_30,400|1.0mm_37,340|1.5mm_32,000|_2.0mm_39,900","_0.5mm_32,000|1.0mm_37,340|1.5mm_32,000|_2.0mm_39,900","_0.5mm_32,000|1.0mm_37,340|1.5mm_32,000|_2.0mm_39,900"
78100889,Thermal Grizzly Minus Pad Advance 120x20,"_0.5mm_31,900|1.0mm_31,900|_1.5mm_31,900|2.0mm_31,900","_0.5mm_32,000|1.0mm_32,000|_1.5mm_32,000|2.0mm_32,000","_0.5mm_32,000|1.0mm_32,000|_1.5mm_32,000|2.0mm_32,000","0.5mm_30,400|_1.0mm_30,400|_1.5mm_30,400|2.0mm_32,000","0.5mm_30,400|1.0mm_30,400|_1.5mm_30,400|_2.0mm_32,000",0,0
78100904,Thermal Grizzly Minus Pad Advance 120x20,0,0,0,0,0,"0.5mm_32,000|1.0mm_32,000|_1.5mm_32,000|_2.0mm_32,000","0.5mm_32,000|1.0mm_32,000|_1.5mm_32,000|_2.0mm_32,000"
78100397,Thermal Grizzly Minus Pad Basic 100x100,"_0.5mm_23,870|1.0mm_23,870|_1.5mm_23,870|2.0mm_31,900","_0.5mm_23,900|1.0mm_23,900|_1.5mm_23,900|2.0mm_32,000",0,0,0,"_0.5mm_23,900|1.0mm_23,900|1.5mm_23,900|_2.0mm_32,000","_0.5mm_23,900|1.0mm_23,900|1.5mm_23,900|_2.0mm_32,000"
78100505,Thermal Grizzly Minus Pad Basic 100x100,0,0,"_0.5mm_23,900|1.0mm_23,900|_1.5mm_23,900|2.0mm_32,000","_0.5mm_22,700|1.0mm_23,900|_1.5mm_23,900|2.0mm_32,000","_0.5mm_22,700|1.0mm_23,900|_1.5mm_23,900|2.0mm_32,000",0,0
78100550,Thermal Grizzly Minus Pad Basic 120x20,"_0.5mm_23,870|_1.0mm_23,870|1.5mm_23,870|2.0mm_23,870","_0.5mm_23,900|_1.0mm_23,900|1.5mm_23,900|2.0mm_23,900","_0.5mm_23,900|_1.0mm_23,900|1.5mm_23,900|2.0mm_23,900",0,"_0.5mm_22,700|_1.0mm_22,700|1.5mm_22,700|2.0mm_22,700","_0.5mm_23,900|_1.0mm_23,900|1.5mm_23,900|2.0mm_23,900","_0.5mm_23,900|_1.0mm_23,900|1.5mm_23,900|2.0mm_23,900"
78100580,Thermal Grizzly Minus Pad Basic 120x20,0,0,0,"_0.5mm_22,700|_1.0mm_22,700|1.5mm_22,700|2.0mm_22,700",0,0,0
122618435,Thermal Grizzly Minus Pad High Compression 120x100,"_2.0mm_48,000|_3.0mm_47,010","_2.0mm_48,000|_3.0mm_47,010","_2.0mm_48,000|_3.0mm_47,010","_2.0mm_48,000|_3.0mm_47,010","_2.0mm_48,000|_3.0mm_47,010","_2.0mm_48,000|_3.0mm_47,010","_2.0mm_48,000|_3.0mm_47,010"
78239255,Thermal Grizzly Minus Pad Pro 100x100,"_0.5mm_47,850|_1.0mm_57,200|1.5mm_65,960|2.0mm_75,270","_0.5mm_48,000|_1.0mm_57,200|1.5mm_65,960|2.0mm_75,270","_0.5mm_48,000|_1.0mm_57,200|1.5mm_65,960|2.0mm_75,270","_0.5mm_48,000|_1.0mm_57,200|1.5mm_65,960|2.0mm_75,270","_0.5mm_48,000|_1.0mm_57,200|1.5mm_65,960|2.0mm_75,270","_0.5mm_48,000|_1.0mm_57,200|1.5mm_65,960|2.0mm_75,270","_0.5mm_48,000|_1.0mm_57,200|1.5mm_65,960|2.0mm_75,270"
78239150,Thermal Grizzly Minus Pad Pro 120x20,"0.5mm_47,850|_1.0mm_47,850|_1.5mm_47,850|2.0mm_47,850","_0.5mm_48,000|_1.0mm_48,000|1.5mm_48,000|2.0mm_48,000","_0.5mm_48,000|_1.0mm_48,000|1.5mm_48,000|2.0mm_48,000","_0.5mm_45,600|_1.0mm_45,600|1.5mm_45,600|2.0mm_48,000",0,"0.5mm_48,000|_1.0mm_48,000|_1.5mm_48,000|2.0mm_48,000","0.5mm_48,000|_1.0mm_48,000|_1.5mm_48,000|2.0mm_48,000"
78239120,Thermal Grizzly Minus Pad Pro 120x20,0,0,0,0,"_0.5mm_45,600|_1.0mm_45,600|1.5mm_45,600|2.0mm_48,000",0,0
71011127,Thermal Grizzly PhaseSheet PTM 서린,"0.2mm_19,900","0.2mm_19,900","0.2mm_19,900","0.2mm_19,900","0.2mm_19,900","0.2mm_19,900","0.2mm_19,900"
78714803,Thermal Grizzly Putty Advance,"30g_46,900","30g_46,900","30g_46,900","30g_46,900","30g_46,900","30g_46,900","30g_46,900"
78714740,Thermal Grizzly Putty Basic,"30g_26,900","30g_26,900","30g_26,900","30g_26,900","30g_26,900","30g_26,900","30g_26,900"
79561334,Thermal Grizzly Putty Pro,"30g_74,030","30g_74,030","30g_74,030","30g_74,030","30g_74,030","30g_74,030","30g_74,030"
124076144,Thermal Grizzly WireView Pro II GPU,"329,000","329,000","329,000","329,000","329,000","329,000",0
17173742,Thermal Grizzly minus pad extreme 100x100,"2.0mm_418,000","2.0mm_418,000","2.0mm_418,000","2.0mm_418,000","2.0mm_418,000","2.0mm_418,000","2.0mm_418,000"
17173655,Thermal Grizzly minus pad extreme 120x20,"3.0mm_179,000","3.0mm_179,000","3.0mm_179,000","3.0mm_179,000","3.0mm_179,000","3.0mm_179,000","3.0mm_179,000"
13536569,Thermal Grizzly minus pad8 100x100,"_1.5mm_51,000|_2.0mm_61,000","_1.5mm_51,000|_2.0mm_61,000","_1.5mm_51,000|_2.0mm_61,000","_1.5mm_51,000|_2.0mm_57,950","_1.5mm_51,000|_2.0mm_57,950","_1.5mm_51,000|_2.0mm_61,000","_1.5mm_51,000|_2.0mm_61,000"
13536644,Thermal Grizzly minus pad8 120x20,"1.0mm_14,100","1.0mm_14,100","1.0mm_14,100","1.0mm_14,100","1.0mm_14,100","1.0mm_14,100","1.0mm_14,100"
13563809,Thermal Grizzly minus pad8 120x20 2장,"1.0mm_21,500","1.0mm_21,500","1.0mm_21,500","1.0mm_21,500","1.0mm_21,500","1.0mm_21,500","1.0mm_21,500"
17492093,Thermal Grizzly minus pad8 30x30,"0.5mm_9,500|1.0mm_10,900|_1.5mm_12,300|_2.0mm_14,600","0.5mm_9,500|1.0mm_10,900|_1.5mm_12,300|_2.0mm_14,600","0.5mm_9,500|1.0mm_10,900|_1.5mm_12,300|_2.0mm_14,600","0.5mm_9,500|1.0mm_10,900|_1.5mm_11,680|_2.0mm_13,870","0.5mm_9,500|1.0mm_10,900|_1.5mm_11,680|_2.0mm_13,870","0.5mm_9,500|1.0mm_10,900|_1.5mm_12,300|_2.0mm_14,600","0.5mm_9,500|1.0mm_10,900|_1.5mm_12,300|_2.0mm_14,600"
18340541,Thermalright AM5 Secure Frame,"_블랙_7,500|_레드_7,900","_블랙_7,500|_레드_7,900","_블랙_7,500|_레드_7,900","_블랙_7,500|_레드_7,900","_블랙_7,500|_레드_7,900",0,0
18460511,Thermalright AM5 Secure Frame 서린,"블랙_11,490","블랙_11,490","블랙_11,120","블랙_10,870","블랙_10,920","블랙_11,490","블랙_11,490"
72979304,Thermalright AQUA ELITE 240 ARGB V3 벌크 서린,"_블랙_58,890|_화이트_59,400","_블랙_58,890|_화이트_53,480","_블랙_58,600|_화이트_59,110",0,0,0,0
72979319,Thermalright AQUA ELITE 240 ARGB V3 벌크 서린,0,0,0,"_블랙_58,550|_화이트_58,900","_블랙_58,550|_화이트_58,900","_블랙_58,540|_화이트_59,110","_블랙_58,890|_화이트_59,400"
71903879,Thermalright AQUA ELITE 360 ARGB V3 벌크 서린,"_블랙_75,990|_화이트_73,500","_블랙_75,990|_화이트_75,000","_블랙_75,990|_화이트_73,490","_블랙_72,200|_화이트_73,490","_블랙_72,200|_화이트_75,000","_블랙_75,990|_화이트_73,490","_블랙_75,990|_화이트_73,490"
37480442,Thermalright AQUA ELITE 360 ARGB V3 서린,"_블랙_86,000|_화이트_85,910","_블랙_86,000|_화이트_85,910","_블랙_86,000|_화이트_85,820","_블랙_86,000|_화이트_85,820","_블랙_86,000|_화이트_83,320","_블랙_86,000|_화이트_85,990","_블랙_86,000|_화이트_85,910"
15747116,Thermalright ARGB HUB Controller Rev.A 서린,"12,880","11,300","11,300","11,300","11,300","11,300","12,880"
4673746,Thermalright AXP-100RH,"94,500","94,500","94,500","94,500","94,500","94,500","94,500"
2232721,Thermalright AXP-200,"118,000","118,000","118,000","118,000","118,000","118,000","118,000"
17469008,Thermalright AXP120-X67 ARGB 서린,"_블랙_79,000|_화이트_79,000","_블랙_79,000|_화이트_72,270","_블랙_79,000|_화이트_72,280","_블랙_75,050|_화이트_75,050","_블랙_75,050|_화이트_72,050","_블랙_79,000|_화이트_75,280","_블랙_79,000|_화이트_79,000"
17047709,Thermalright AXP120-X67 서린,"66,990","66,990","63,830","63,400","63,640","66,990","63,830"
15937445,Thermalright AXP90-X36 서린,"_블랙_51,900|_그레이_45,900","_블랙_51,900|_그레이_45,900","_블랙_51,800|_그레이_40,760","_블랙_51,800|_그레이_43,430","_블랙_51,800|_그레이_43,600","_블랙_51,900|_그레이_45,900","_블랙_51,900|_그레이_45,900"
15937877,Thermalright AXP90-X47 FULL 서린,"85,910","85,910","78,320","78,250","81,700","85,900","85,910"
15937622,Thermalright AXP90-X47 서린,"_그레이_48,850|화이트_56,700|_블랙_65,000","_그레이_46,120|화이트_56,240|_블랙_65,000","_그레이_44,510|화이트_56,240|_블랙_65,000","_그레이_44,330|화이트_56,050|_블랙_65,000",0,0,0
15937553,Thermalright AXP90-X47 서린,0,0,0,0,"_그레이_44,250|화이트_56,050|_블랙_65,000","_그레이_44,150|화이트_56,240|_블랙_65,740","_그레이_48,850|화이트_56,700|_블랙_63,210"
33992429,Thermalright AXP90-X53 FULL 서린,"82,610","82,910","82,820","78,850","78,850","82,900","82,910"
15937730,Thermalright AXP90-X53 서린,"_그레이_57,900|_블랙_66,000|화이트_78,600",0,0,0,0,0,0
15937751,Thermalright AXP90-X53 서린,0,"_그레이_57,900|_블랙_66,000|화이트_62,880","_그레이_55,200|_블랙_65,900|화이트_62,880","_그레이_55,000|_블랙_65,900|화이트_62,880","_그레이_55,000|_블랙_65,900|화이트_62,880","_그레이_57,900|_블랙_65,900|화이트_62,880","_그레이_57,900|_블랙_66,000|화이트_78,600"
2852606,Thermalright Archon IB-E X2,"137,000","137,000","137,000","137,000","137,000","137,000","137,000"
31317590,Thermalright Assassin King 120 MINI V2 서린,"28,600","28,600","28,600","28,600","28,600","28,600","28,600"
15884915,Thermalright Assassin King 120 MINI WHITE ARGB 서린,"63,800","63,800","63,800","63,800","63,800","63,800","63,800"
66138173,Thermalright Assassin King 120 Mini ARGB V3 서린,"화이트_32,900","화이트_32,900","화이트_32,900","화이트_32,900","화이트_32,900","화이트_32,900","화이트_32,900"
17468486,Thermalright Assassin King 120 SE ARGB,"_실버_31,460|_화이트_34,000","_실버_31,460|_화이트_34,000","_실버_31,360|_화이트_34,000","_실버_31,360|_화이트_34,000","_실버_31,360|_화이트_34,000","_실버_31,460|_화이트_34,000","_실버_31,460|_화이트_34,000"
17143517,Thermalright Assassin King 120 SE 서린,"28,470","28,470","28,470","28,400","28,400","28,470","28,470"
71009951,Thermalright Assassin King 90 V2 서린,"43,400","43,400","43,350","41,160","41,310","43,350","43,400"
33992594,Thermalright Assassin Spirit 120 EVO ARGB 서린,"화이트_50,600","화이트_40,480","화이트_40,480","화이트_40,480","화이트_40,480","화이트_40,480","화이트_50,600"
33992507,Thermalright Assassin Spirit 120 EVO DARK 서린,"46,500","37,200","37,200","37,200","37,200","37,200","46,500"
30210149,Thermalright Assassin Spirit 120 EVO 서린,"42,500","40,480","40,480","40,480","40,480","40,480","42,500"
72592652,Thermalright Assassin Spirit 120 Vision ARGB 서린,"화이트_40,740","화이트_40,740","화이트_40,740","화이트_40,740","화이트_40,740","화이트_40,740","화이트_40,740"
81062618,Thermalright Assassin X 120 R Digital ARGB 서린,"_블랙_36,400|_화이트_35,900","_블랙_36,400|_화이트_35,900","_블랙_36,400|_화이트_35,900","_블랙_36,000|_화이트_34,100","_블랙_36,000|_화이트_34,100","_블랙_36,400|_화이트_35,900","_블랙_36,400|_화이트_35,900"
81062801,Thermalright Assassin X 120 R Digital 서린,"_블랙_35,870|_화이트_35,870","_블랙_35,870|_화이트_35,870","_블랙_35,770|_화이트_35,770","_블랙_35,770|_화이트_35,770","_블랙_35,770|_화이트_35,770","_블랙_35,800|_화이트_35,870",0
81062792,Thermalright Assassin X 120 R Digital 서린,0,0,0,0,0,0,"_블랙_35,870|_화이트_35,870"
16209023,Thermalright Assassin X 120 Refined SE ARGB 서린,"21,890","21,890","21,890","20,800","20,800","21,880","21,890"
27696548,Thermalright Assassin X 120 Refined SE PLUS 서린,"29,870","28,480","25,480","28,400","28,400","28,480","29,870"
17047442,Thermalright Assassin X 120 Refined SE WHITE ARGB 서린,"25,420","25,420","25,420","25,420","25,420","25,420","25,420"
16208849,Thermalright Assassin X 120 Refined SE 서린,"_블랙_21,590|_화이트_21,440","_블랙_21,590|_화이트_20,870","_블랙_20,880|_화이트_20,870","_블랙_20,880|_화이트_20,870","_블랙_20,870|_화이트_20,870","_블랙_20,870|_화이트_20,870","_블랙_21,590|_화이트_21,440"
30093860,Thermalright Assassin X 90 SE ARGB 서린,"28,870","27,600","27,600","27,600","27,600","27,600","28,870"
62794622,Thermalright Assassin X 90 SE V2 서린,"23,990","23,990","23,990","23,990","23,990","23,990","23,990"
1291185,Thermalright CF3,"12,500","12,500","12,500","12,500","12,500","12,500","12,500"
20502161,Thermalright COGAGE IMPACT 120 서린,"23,000","23,000","23,000","23,000","23,000","23,000","23,000"
20502488,Thermalright COGAGE Sanction 120 서린,"48,000","48,000","48,000","48,000","48,000","48,000","48,000"
15747071,Thermalright FAN HUB Controller Rev.A 서린,"10,890","9,890","9,800","10,350","9,850","9,850","10,890"
94029023,Thermalright FROZEN HORIZON 360 ARGB V2 서린,"_블랙_149,000|_화이트_148,280","_블랙_149,000|_화이트_149,000","_블랙_149,000|_화이트_141,900","_블랙_149,000|_화이트_141,900",0,0,0
94028993,Thermalright FROZEN HORIZON 360 ARGB V2 서린,0,0,0,0,"_블랙_149,000|_화이트_141,860","_블랙_149,000|_화이트_141,820","_블랙_149,000|_화이트_149,000"
17739581,Thermalright FROZEN HORIZON 360 ARGB 서린,"_블랙_163,900|_화이트_149,000","_블랙_163,900|_화이트_149,000","_블랙_163,900|_화이트_149,000","_블랙_163,900|_화이트_149,000","_블랙_163,900|_화이트_149,000","_블랙_163,900|_화이트_149,000","_블랙_163,900|_화이트_149,000"
101955806,Thermalright FROZEN HORIZON 360 Digital ARGB 서린,"_블랙_85,240|_화이트_85,240","_블랙_85,240|_화이트_85,240","_블랙_85,240|_화이트_85,240","_블랙_84,550|_화이트_84,550","_블랙_84,550|_화이트_84,550","_블랙_85,240|_화이트_85,240","_블랙_85,240|_화이트_85,240"
67373048,Thermalright FROZEN MAGIC 120 V2,"73,690","73,690","73,690","73,690","73,690","73,690","73,690"
16859798,Thermalright FROZEN MAGIC 360 ARGB,"화이트_129,900","화이트_129,900","화이트_129,900","화이트_129,900","화이트_129,900","화이트_129,900","화이트_129,900"
14903627,Thermalright FROZEN MAGIC 360 SCENIC,"212,980","169,780","172,790","172,790","160,780","154,780","215,990"
18200021,Thermalright FROZEN MAGIC 360 SCENIC V2 서린,"151,490","151,490","151,490","151,490","151,490","151,490","151,490"
33386564,Thermalright FROZEN VISION 360,"_블랙_310,000|_화이트_334,000","_블랙_264,190|_화이트_264,190",0,0,0,0,0
33386591,Thermalright FROZEN VISION 360,0,0,"_블랙_255,190|_화이트_255,190","_블랙_252,190|_화이트_252,190","_블랙_252,190|_화이트_252,190","_블랙_267,200|_화이트_267,200","_블랙_334,000|_화이트_334,000"
42725909,Thermalright FROZEN WARFRAME 240 ARGB 서린,"화이트_129,000","화이트_129,000","화이트_129,000","화이트_129,000","화이트_129,000","화이트_129,000","화이트_129,000"
42725942,Thermalright FROZEN WARFRAME 360 ARGB 서린,"화이트_121,180","화이트_121,180","화이트_121,180","화이트_121,180","화이트_121,180","화이트_121,180","화이트_121,180"
42725891,Thermalright FROZEN WARFRAME 360 서린,"145,820","145,820","145,820","145,820","145,820","145,820","149,000"
63032366,Thermalright FROZEN WARFRAME 420 ARGB 서린,"_블랙_168,500|_화이트_175,030","_블랙_173,310|_화이트_175,030","_블랙_170,710|_화이트_175,030","_블랙_173,220|_화이트_175,030","_블랙_174,690|_화이트_175,030","_블랙_174,690|_화이트_175,030","_블랙_170,810|_화이트_175,030"
19134395,Thermalright Frozen Fusion 360 ARGB,"블랙_335,790","블랙_268,640","블랙_268,630","블랙_268,630","블랙_268,640","블랙_268,630","블랙_335,790"
20472245,Thermalright HR-09 2280 PRO BLACK 서린,"22,870","20,800","20,790","20,790","20,800","20,800","22,870"
17143298,Thermalright HR-09 2280 PRO 서린,"19,070","19,070","19,070","19,070","19,070","19,070","19,070"
17143214,Thermalright HR-09 2280 서린,"14,880","14,880","14,790","14,790","14,790","14,800","14,880"
27695159,Thermalright HR-10 2280 PRO BLACK 서린,"29,870","27,040","27,040","27,040","27,040","26,760","29,870"
20765660,Thermalright HR-10 2280 PRO 서린,"29,870","29,600","29,590","28,400","28,400","29,590","29,870"
90156497,Thermalright Hyper Vision 360 ARGB 서린,"_블랙_283,070|_화이트_276,900","_블랙_275,280|_화이트_275,280","_블랙_275,270|_화이트_275,270","_블랙_275,270|_화이트_274,550","_블랙_275,280|_화이트_274,550","_블랙_275,270|_화이트_275,280","_블랙_283,070|_화이트_276,900"
122635317,Thermalright LEVITA VISION 360 ARGB,"_블랙_312,300|_화이트_313,560","_블랙_312,300|_화이트_313,560","_블랙_312,300|_화이트_313,560","_블랙_312,300|_화이트_312,550","_블랙_312,300|_화이트_312,550","_블랙_312,300|_화이트_313,560","_블랙_312,300|_화이트_313,560"
34337342,Thermalright LGA17XX-BCF V2 서린,"블랙_6,890","블랙_6,890","블랙_6,790","블랙_6,790","블랙_6,800","블랙_6,820","블랙_6,890"
89533991,Thermalright LGA1851-BCF 서린,"블랙_6,570","블랙_6,570","블랙_6,570","블랙_6,570","블랙_6,570","블랙_6,570","블랙_6,570"
108419630,Thermalright M.2 HR-10 2280 PRO Digital BLACK 서린,"38,020","38,020","38,020","37,900","37,900","38,020","38,020"
108419651,Thermalright M.2 HR-10 2280 PRO Digital WHITE 서린,"38,020","38,020","38,020","37,900","37,900","38,020","38,020"
122690098,Thermalright MC-2 ARGB,"_블랙_28,480|_화이트_28,490","_블랙_28,480|_화이트_28,490","_블랙_28,480|_화이트_28,490","_블랙_28,480|_화이트_28,490","_블랙_28,480|_화이트_28,490","_블랙_28,480|_화이트_28,490","_블랙_28,480|_화이트_28,490"
122690100,Thermalright MC-3 DIGITAL,"_블랙_41,830|_화이트_41,830","_블랙_41,830|_화이트_41,830","_블랙_41,830|_화이트_41,830","_블랙_41,830|_화이트_41,830","_블랙_41,830|_화이트_41,830","_블랙_41,830|_화이트_41,830","_블랙_41,830|_화이트_41,830"
3662668,Thermalright Macho Zero,"91,000","91,000","91,000","91,000","91,000","91,000","91,000"
94025141,Thermalright Mjolnir Vision 360 ARGB 벌크 서린,"_블랙_160,900|_화이트_161,900","_블랙_160,900|_화이트_161,900","_블랙_160,900|_화이트_161,900","_블랙_160,900|_화이트_161,900","_블랙_160,900|_화이트_161,900","_블랙_160,900|_화이트_161,900","_블랙_160,900|_화이트_161,900"
75938909,Thermalright Mjolnir Vision 360 ARGB 서린,"_블랙_248,890|_화이트_248,890",0,"_블랙_199,110|_화이트_199,110","_블랙_199,110|_화이트_199,110","_블랙_199,120|_화이트_199,120","_블랙_199,120|_화이트_199,120","_블랙_248,890|_화이트_248,890"
75938954,Thermalright Mjolnir Vision 360 ARGB 서린,0,"_블랙_199,120|_화이트_199,120",0,0,0,0,0
15747941,Thermalright ODYSSEY THERMAL PAD 120x120 서린,"_0.5mm_17,000|_1.0mm_26,000","_0.5mm_17,000|_1.0mm_26,000","_0.5mm_17,000|_1.0mm_26,000","_0.5mm_16,150|_1.0mm_24,700","_0.5mm_16,150|_1.0mm_24,700","_0.5mm_17,000|_1.0mm_26,000","_0.5mm_17,000|_1.0mm_26,000"
15747779,Thermalright ODYSSEY THERMAL PAD 120x20 서린,"1.0mm_9,400","1.0mm_9,400","1.0mm_9,400","1.0mm_9,400","1.0mm_9,400","1.0mm_9,400","1.0mm_9,400"
15747314,Thermalright ODYSSEY THERMAL PAD 85x45 서린,"0.5mm_10,280","0.5mm_10,280","0.5mm_10,280","0.5mm_10,280","0.5mm_10,280","0.5mm_10,280","0.5mm_10,280"
15674972,Thermalright Peerless Assassin 120 BLACK 서린,"69,000","69,000","69,000","69,000","69,000","69,000","69,000"
81281426,Thermalright Peerless Assassin 120 Digital ARGB 서린,"_블랙_78,910|_화이트_77,900","_블랙_72,710|_화이트_77,900","_블랙_71,170|_화이트_77,900","_블랙_71,130|_화이트_75,050","_블랙_71,080|_화이트_75,050","_블랙_70,060|_화이트_77,900","_블랙_78,910|_화이트_77,900"
81249239,Thermalright Peerless Assassin 120 Digital 서린,"_블랙_72,930|_화이트_70,050","_블랙_72,930|_화이트_70,050","_블랙_72,830|_화이트_70,050","_블랙_72,830|_화이트_70,050","_블랙_72,830|_화이트_70,050","_블랙_72,900|_화이트_70,050","_블랙_70,210|_화이트_70,050"
37927877,Thermalright Peerless Assassin 120 MINI 서린,"_블랙_63,020|_화이트_64,930","_블랙_63,020|_화이트_64,930","_블랙_63,020|_화이트_64,830","_블랙_63,020|_화이트_64,830","_블랙_63,020|_화이트_64,830","_블랙_63,020|_화이트_64,990","_블랙_63,020|_화이트_64,930"
15969608,Thermalright Peerless Assassin 120 SE,0,0,"38,000","38,000","39,900","39,900","39,900"
15969662,Thermalright Peerless Assassin 120 SE ARGB,"46,363","46,363","46,363","46,363","46,363","46,363","46,363"
16525448,Thermalright Peerless Assassin 120 SE ARGB 서린,"45,850","43,260","41,760","41,760","41,760","41,340","45,850"
123670068,Thermalright Peerless Assassin 120 SE V3 서린,"44,600","44,600","44,600","44,600","44,600","44,600","44,600"
16852175,Thermalright Peerless Assassin 120 SE WHITE ARGB 서린,"49,840","43,900","47,600","47,400","47,400","47,600","49,840"
16525058,Thermalright Peerless Assassin 120 SE 서린,"38,200","38,000","37,400","36,700","36,700","37,400","38,200"
102914432,Thermalright Peerless Assassin 120 VISION ARGB 서린,"_블랙_94,590|_화이트_95,020","_블랙_94,590|_화이트_95,020","_블랙_94,590|_화이트_95,020","_블랙_94,590|_화이트_94,050","_블랙_94,590|_화이트_94,050","_블랙_94,590|_화이트_95,020","_블랙_94,590|_화이트_95,020"
102914408,Thermalright Peerless Assassin 120 VISION 서린,"블랙_89,160","블랙_89,160","블랙_89,160","블랙_89,160","블랙_89,160","블랙_89,160","블랙_89,160"
106735181,Thermalright Peerless Assassin 120 Vision MAX ARGB 서린,"_블랙_138,850|_화이트_135,980","_블랙_135,990|_화이트_135,980","_블랙_135,990|_화이트_135,980","_블랙_132,050|_화이트_132,050","_블랙_132,050|_화이트_132,050","_블랙_135,990|_화이트_135,980","_블랙_136,480|_화이트_135,980"
15911942,Thermalright Peerless Assassin 120 WHITE ARGB 서린,"72,160","72,160","72,160","72,160","72,160","72,160","72,160"
15674840,Thermalright Peerless Assassin 120 서린,"68,000","68,000","68,000","68,000","68,000","68,000","68,000"
96776843,Thermalright Peerless Assassin 140 Digital 서린,"_블랙_84,800|_화이트_84,620","_블랙_84,800|_화이트_84,620",0,0,0,0,0
96776846,Thermalright Peerless Assassin 140 Digital 서린,0,0,"_블랙_78,860|_화이트_75,860","_블랙_78,860|_화이트_78,860","_블랙_84,550|_화이트_84,550","_블랙_84,530|_화이트_84,540","_블랙_84,800|_화이트_84,620"
102618698,Thermalright Peerless Assassin 140 SE ARGB 서린,"65,650","63,200","63,190","63,190","63,200","63,200","65,650"
102618656,Thermalright Peerless Assassin 140 SE 서린,"60,890","60,890","60,890","60,190","60,700","60,890","60,890"
71423771,Thermalright Peerless Assassin 140 서린,"_블랙_75,260|_화이트_78,910","_블랙_75,260|_화이트_78,910","_블랙_75,260|_화이트_74,230","_블랙_75,050|_화이트_74,190","_블랙_75,050|_화이트_74,140",0,0
71423834,Thermalright Peerless Assassin 140 서린,0,0,0,0,0,"_블랙_75,260|_화이트_74,530","_블랙_75,260|_화이트_78,910"
67369196,Thermalright Peerless Assassin 90 SE 서린,"_기본색상_34,810|블랙_39,900|_화이트_37,990","_기본색상_34,810|블랙_38,000|_화이트_37,990","_기본색상_34,810|블랙_37,990|_화이트_37,990","_기본색상_34,100|블랙_37,990|_화이트_37,990","_기본색상_34,100|블랙_38,000|_화이트_37,990","_기본색상_34,810|블랙_37,990|_화이트_37,990","_기본색상_34,810|블랙_39,900|_화이트_37,990"
31317452,Thermalright Phantom Spirit 120 EVO 서린,"87,560","88,000","88,000","88,000","88,000","88,000",0
19240877,Thermalright Phantom Spirit 120 SE,"59,500","62,710","62,710","62,710","62,710","62,710","62,710"
19240931,Thermalright Phantom Spirit 120 SE ARGB,"59,500","61,340","61,340","61,340","61,340","61,340","61,340"
102914444,Thermalright Phantom Spirit 120 VISION EVO 서린,"133,220","133,220","133,220","133,220","133,220","133,220","133,220"
102914450,Thermalright Phantom Spirit 120 VISION SNOW 서린,"130,500","130,500","130,500","130,500","130,500","130,500",0
15786335,Thermalright RGB FAN CONTROLLER 5V 서린,"8,900","8,900","8,790","8,790","8,790","8,900","8,890"
16842290,Thermalright RGB HUB Controller Rev.A,"8,000","8,000","8,000","8,000","8,000","8,000","8,000"
101955992,Thermalright Rainbow Vision 360 Turbo ARGB,"_블랙_456,530|_화이트_456,530","_블랙_418,120|_화이트_456,240","_블랙_456,230|_화이트_456,230","_블랙_455,050|_화이트_456,230","_블랙_418,120|_화이트_456,240","_블랙_418,120|_화이트_456,230",0
101955989,Thermalright Rainbow Vision 360 Turbo ARGB,0,0,0,0,0,0,"_블랙_456,530|_화이트_456,530"
73433396,Thermalright Royal Knight 120 SE 서린,"60,500","60,500","60,500","60,500","60,500","60,500","60,500"
73433390,Thermalright Royal Knight 120 서린,"71,920","65,140","64,630","64,630","64,640","64,130","71,920"
73692326,Thermalright Royal Pretor 130 서린,"일반_81,400|_블랙_92,900|_화이트_92,900",0,"일반_81,210|_블랙_88,790|_화이트_88,790",0,0,0,0
73692356,Thermalright Royal Pretor 130 서린,0,"일반_83,810|_블랙_88,800|_화이트_87,840",0,"일반_79,700|_블랙_88,790|_화이트_88,790","_일반_79,700|블랙_88,800|_화이트_87,840",0,0
73692290,Thermalright Royal Pretor 130 서린,0,0,0,0,0,"_일반_83,810|블랙_88,790|_화이트_87,840","_일반_83,810|블랙_92,900|_화이트_92,900"
19240649,Thermalright SI-100 WHITE ARGB,"66,930","66,930","63,840","63,840","66,830","67,000","66,930"
19240523,Thermalright SI-100 서린,"_그레이_52,850|_블랙_64,390","_그레이_49,390|_블랙_60,830","_그레이_47,890|_블랙_60,840","_그레이_47,890|_블랙_63,650","_그레이_47,890|_블랙_60,650","_그레이_47,410|_블랙_63,840","_그레이_52,850|_블랙_64,390"
16853087,Thermalright SILVER SOUL 110 서린,"_블랙_83,000|_화이트_83,000","_블랙_83,000|_화이트_79,410","_블랙_83,000|_화이트_83,000","_블랙_83,000|_화이트_83,000","_블랙_83,000|_화이트_83,000","_블랙_83,000|_화이트_83,000",0
16853231,Thermalright SILVER SOUL 110 서린,0,0,0,0,0,0,"_블랙_83,000|_화이트_83,000"
17484725,Thermalright SST-AMD 서린,"4,890","4,990","4,800","4,800","4,890","4,990","4,990"
96652241,Thermalright STREAM VISION 360,"화이트_219,000","화이트_219,000","화이트_208,630","화이트_208,630","화이트_196,620","화이트_190,620","화이트_219,000"
3777900,Thermalright Silver Arrow ITX,"124,900","124,900","124,900","124,900","124,900","124,900","124,900"
15902564,Thermalright TA120 EX,"그레이_61,900","그레이_61,900","그레이_61,900","그레이_61,900","그레이_61,900","그레이_61,900","그레이_61,900"
16143656,Thermalright TF3,"2g_2,600","2g_2,600","2g_2,600","2g_2,600","2g_2,600","2g_2,600","2g_2,600"
16143788,Thermalright TF4 서린,"_1.5g_2,400|_4g_6,820","_1.5g_2,400|_4g_6,820","_1.5g_2,390|_4g_5,460","_1.5g_2,390|_4g_5,460","_1.5g_2,400|_4g_6,820","_1.5g_2,400|_4g_5,460","_1.5g_2,400|_4g_6,820"
16143974,Thermalright TF7 서린,"2g_6,800","2g_6,720","2g_6,710","2g_6,710","2g_6,720","2g_6,710","2g_6,800"
16144397,Thermalright TF8 서린,"_1.2g_15,800|_5.8g_27,000","_1.2g_15,800|_5.8g_27,000","_1.2g_15,800|_5.8g_25,680","_1.2g_15,800|_5.8g_25,610","_1.2g_15,800|_5.8g_26,900","_1.2g_15,800|_5.8g_27,000","_1.2g_15,800|_5.8g_27,000"
16144778,Thermalright TFX 서린,"2g_12,400","2g_12,400","2g_11,890","2g_11,890","2g_11,890","2g_12,400","2g_12,400"
19280372,Thermalright TL-8015 서린,"11,790","11,200","11,190","11,190","11,200","11,190","11,790"
19280234,Thermalright TL-8015W 서린,"11,790","11,200","11,150","11,110","11,080","11,070","11,790"
15666401,Thermalright TL-9015 서린,"12,780","12,070","12,160","12,070","12,070","12,070","12,570"
15666521,Thermalright TL-9015B,"12,770","12,770","12,770","12,160","12,160","12,770","12,770"
30068750,Thermalright TL-B12 EXTREM LCP 서린,"3팩_87,000","3팩_87,000","3팩_87,000","3팩_87,000","3팩_87,000","3팩_87,000","3팩_87,000"
30027212,Thermalright TL-B12-S 서린,"29,760","29,760","23,810","23,810","29,760","29,760","29,760"
17559557,Thermalright TL-B12S 서린,"3팩_73,000","3팩_73,000","3팩_73,000","3팩_73,000","3팩_73,000","3팩_73,000","3팩_73,000"
19918592,Thermalright TL-B14W EXTREM 서린,"32,500","31,920","31,920","28,920","28,920","28,920","32,500"
124182484,Thermalright TL-B4020 서린,"9,320","9,320","9,320","9,320","9,320","9,320","9,320"
124182492,Thermalright TL-B4020W 서린,"9,320","9,320","9,320","9,320","9,320","9,320","9,320"
37927028,Thermalright TL-B6B 서린,"10,290","10,290","10,200","10,200","10,200","10,290","10,290"
27697313,Thermalright TL-B8 서린,"11,790","11,600","11,590","11,210","11,210","11,590","11,790"
19526123,Thermalright TL-B8W 서린,"11,790","11,790","11,690","11,210","11,210","11,790","11,790"
16841516,Thermalright TL-B9,"18,300","18,300","16,780","16,760","16,720","18,300","18,300"
16841969,Thermalright TL-B9W,"18,300","16,800","16,790","16,790","16,800","16,790","18,300"
15667307,Thermalright TL-C12 PRO-W 서린,"24,890","24,890","24,890","24,890","24,890","24,890","24,890"
15667793,Thermalright TL-C12 서린,"16,500","15,760","15,760","15,760","15,760","15,760","16,500"
15668444,Thermalright TL-C12-W 서린,"16,210","16,210","16,210","16,210","16,210","16,210","16,210"
15670355,Thermalright TL-C12015W-S ARGB,"24,280","23,280","22,280","23,840","23,840","23,840","24,340"
18789701,Thermalright TL-C12B-S ARGB 서린,"3팩_39,900","3팩_38,000","3팩_37,990","3팩_37,990","3팩_38,000","3팩_38,000","3팩_39,900"
30026039,Thermalright TL-C12B-S V3 서린,"1팩_14,900","1팩_14,240","1팩_14,230","1팩_14,230","1팩_14,240","1팩_14,230","1팩_14,900"
95987564,Thermalright TL-C12C 벌크 서린,"6,040","6,040","6,040","6,040","6,040","6,040","6,040"
72722606,Thermalright TL-C12C 서린,"5팩_28,470","5팩_28,470","5팩_28,380","5팩_27,070","5팩_27,070","5팩_28,390","5팩_28,470"
95987591,Thermalright TL-C12C-S ARGB 벌크 서린,"7,950","7,950","7,950","7,950","7,950","7,950","7,950"
72722624,Thermalright TL-C12C-S ARGB 서린,"5팩_37,460","5팩_36,000","5팩_32,750","5팩_35,620","5팩_35,620","5팩_36,000","5팩_37,460"
124182426,Thermalright TL-C12C-X28 V2 서린,"8,580","8,580","8,580","8,580","8,580","8,580","8,580"
91113647,Thermalright TL-C12C-X28 서린,"9,600","9,600","9,600","9,600","9,600","9,600","9,600"
91113692,Thermalright TL-C12C-X28-S 서린,"9,900","9,900","9,900","9,900","9,900","9,900","9,900"
95987606,Thermalright TL-C12CW 벌크 서린,"6,040","6,040","6,040","6,040","6,040","6,040","6,040"
19919729,Thermalright TL-C12CW 서린,"6,562","6,562","6,562","6,562","6,562","6,562","6,562"
95987621,Thermalright TL-C12CW-S ARGB 벌크 서린,"7,950","7,950","7,950","7,950","7,950","7,950","7,950"
72722645,Thermalright TL-C12CW-S ARGB 서린,"5팩_37,460","5팩_37,460","5팩_31,550","5팩_31,530","5팩_31,490","5팩_31,460","5팩_37,460"
124182439,Thermalright TL-C12CW-X28 V2 서린,"8,580","8,580","8,580","8,580","8,580","8,580","8,580"
91113707,Thermalright TL-C12CW-X28 서린,"8,330","7,600","7,590","7,590","7,600","7,600","8,330"
91113722,Thermalright TL-C12CW-X28-S 서린,"9,890","9,600","9,590","9,590","9,600","9,590","9,890"
15669338,Thermalright TL-C12S ARGB 서린,"1팩_23,500","1팩_23,500","1팩_23,500","1팩_23,500","1팩_23,500","1팩_23,500","1팩_23,500"
18789857,Thermalright TL-C12W-S ARGB 서린,"1팩_24,960","1팩_23,500","1팩_23,500","1팩_23,500","1팩_23,500","1팩_23,500","1팩_23,500"
15670502,Thermalright TL-C14 서린,"22,700","18,160","18,160","18,160","18,160","18,160","22,700"
33334007,Thermalright TL-C14C 서린,"9,290","9,290","9,190","9,190","9,190","9,290","9,290"
33334025,Thermalright TL-C14C-S 서린,"11,290","10,800","10,790","10,730","10,730","10,800","11,290"
33334043,Thermalright TL-C14CW 서린,"9,290","8,300","7,880","7,880","7,880","7,880","9,290"
33334058,Thermalright TL-C14CW-S 서린,"11,290","10,400","10,400","10,400","10,400","10,400","11,290"
17047883,Thermalright TL-C14W-S 서린,"3팩_96,000","3팩_76,800","3팩_76,800","3팩_76,800","3팩_76,800","3팩_76,800","3팩_96,000"
15670595,Thermalright TL-C14X 서린,"25,000","25,000","25,000","25,000","25,000","25,000","25,000"
15670937,Thermalright TL-D12B,"12,000","12,000","12,000","12,000","12,000","12,000","12,000"
15671015,Thermalright TL-D14,"19,590","19,120","19,110","19,110","19,120","19,110","19,590"
18790268,Thermalright TL-E12B EXTREM 서린,"17,000","16,240","16,240","16,240","16,240","16,240","17,000"
18790334,Thermalright TL-E12W-S 서린,"3팩_41,310","3팩_41,310","3팩_41,310","3팩_41,310","3팩_41,310","3팩_41,310","3팩_41,310"
33989942,Thermalright TL-FAN HUB x4 서린,"7,900","7,890","7,780","7,780","7,790","7,800","7,890"
17182643,Thermalright TL-FAN and ARGB HUB x8,0,0,0,0,0,"15,590","19,500"
17143142,Thermalright TL-FAN and ARGB HUB x8 서린,"19,480","19,480","19,390","18,520","18,520","19,490","19,480"
85677605,Thermalright TL-H12-X28 서린,"13,890","13,280","13,270","11,780","11,780","11,780","13,890"
86393270,Thermalright TL-H12-X28-S 서린,"14,880","13,100","13,090","13,090","13,600","13,600","14,880"
86432780,Thermalright TL-H12015B 서린,"15,360","15,280","15,270","15,200","15,200","15,280","15,360"
86449430,Thermalright TL-H12015B-S 서린,"16,310","16,240","16,230","16,150","16,150","16,240","16,310"
86439086,Thermalright TL-H12015W 서린,"15,360","15,270","15,260","15,200","15,200","15,180","15,360"
86453828,Thermalright TL-H12015W-S 서린,"16,310","16,240","16,230","16,150","16,150","16,240","16,310"
85683551,Thermalright TL-H12W-X28 서린,"13,350","13,280","13,270","13,200","13,200","13,280","13,350"
86402066,Thermalright TL-H12W-X28-S 서린,"14,300","14,240","14,230","14,150","14,150","14,240","14,300"
37927112,Thermalright TL-M12 서린,"9,000","9,000","9,000","9,000","9,000","9,000","9,000"
91113776,Thermalright TL-M12-S 벌크 서린,"8,580","8,580","8,580","8,580","8,580","8,580","8,580"
122694602,Thermalright TL-M12Q-S X3 서린,"3팩, 블랙_31,560","3팩, 블랙_31,560","3팩, 블랙_31,560","3팩, 블랙_31,250","3팩, 블랙_31,250","3팩, 블랙_31,560","3팩, 블랙_31,560"
122694582,Thermalright TL-M12QR-S X3 서린,"3팩, 블랙_31,560","3팩, 블랙_31,560","3팩, 블랙_31,560","3팩, 블랙_31,250","3팩, 블랙_31,250","3팩, 블랙_31,560","3팩, 블랙_31,560"
122694589,Thermalright TL-M12QRW-S X3 서린,"3팩, 화이트_31,560","3팩, 화이트_31,560","3팩, 화이트_31,560","3팩, 화이트_31,250","3팩, 화이트_31,250","3팩, 화이트_31,560","3팩, 화이트_31,560"
122694605,Thermalright TL-M12QW-S X3 서린,"3팩, 화이트_31,560","3팩, 화이트_31,560","3팩, 화이트_31,560","3팩, 화이트_31,250","3팩, 화이트_31,250","3팩, 화이트_31,560","3팩, 화이트_31,560"
91113830,Thermalright TL-M12R-S 벌크 서린,"8,580","8,580","8,580","8,580","8,580","8,580","8,580"
97705562,Thermalright TL-M12RW-S 벌크 서린,"8,580","8,580","8,580","8,580","8,580","8,580","8,580"
74011946,Thermalright TL-M12RW-S 서린,"9,270","9,270","9,270","9,270","9,270","9,270","9,270"
37927124,Thermalright TL-M12W 서린,"9,000","9,000","9,000","9,000","9,000","9,000","9,000"
91113812,Thermalright TL-M12W-S 벌크 서린,"8,900","8,900","8,900","8,900","8,900","8,900","8,900"
33334079,Thermalright TL-P12-S 서린,"9,890","9,600","9,590","9,590","9,600","9,590","9,890"
33334082,Thermalright TL-P12W-S 서린,"9,890","9,600","9,590","9,590","9,600","9,590","10,500"
30026300,Thermalright TL-P9 서린,"7,890","7,600","7,590","7,590","7,600","7,600","7,890"
30026378,Thermalright TL-P9-S 서린,"8,900","8,900","8,900","8,900","8,900","8,900","8,900"
30026570,Thermalright TL-P9W 서린,"7,890","7,100","7,600","7,290","7,290","7,290","7,600"
15671327,Thermalright TL-R12-W,"9,900","9,900","9,900","9,900","9,900","9,900","9,900"
15671531,Thermalright TL-RS12 ARGB,"3팩_58,900","3팩_58,900","3팩_58,900","3팩_58,900","3팩_58,900","3팩_58,900","3팩_58,900"
20765558,Thermalright TL-S12 서린,"1팩_9,000","1팩_9,000","1팩_9,000","1팩_9,000","1팩_9,000","1팩_9,000","1팩_9,000"
106435907,Thermalright TL-S12-S ARGB 벌크 서린,"블랙_9,320","블랙_9,320","블랙_9,320","블랙_9,320","블랙_9,320","블랙_9,320","블랙_9,320"
58918448,Thermalright TL-S12R 벌크 서린,"9,000","9,000","9,000","9,000","9,000","9,000","9,000"
58918457,Thermalright TL-S12RW 벌크 서린,"8,580","8,580","8,580","8,580","8,580","8,580","8,580"
20765579,Thermalright TL-S12W 서린,"1팩_12,000","1팩_9,600","1팩_9,600","1팩_9,600","1팩_9,600","1팩_9,600","1팩_12,000"
106437383,Thermalright TL-S12W-S ARGB 벌크 서린,"화이트_9,320","화이트_9,320","화이트_9,320","화이트_9,320","화이트_9,320","화이트_9,320","화이트_9,320"
122693094,Thermalright TL-UB24 서린,"블랙_36,120","블랙_36,000","블랙_35,990","블랙_35,050","블랙_35,050","블랙_35,990","블랙_36,120"
122693150,Thermalright TL-UB24R 서린,"블랙_36,120","블랙_36,000","블랙_35,990","블랙_35,050","블랙_35,050","블랙_36,000","블랙_36,120"
122693156,Thermalright TL-UB24RW 서린,"화이트_36,120","화이트_36,000","화이트_35,990","화이트_35,050","화이트_35,050","화이트_36,000","화이트_36,120"
122693168,Thermalright TL-UB24W 서린,"화이트_36,120","화이트_36,000","화이트_35,990","화이트_35,050","화이트_35,050","화이트_36,000","화이트_36,120"
122693229,Thermalright TL-UB36 서린,"블랙_48,930","블랙_48,000","블랙_47,990","블랙_47,400","블랙_47,400","블랙_48,000","블랙_48,930"
122693262,Thermalright TL-UB36R 서린,"블랙_47,990","블랙_43,890","블랙_47,990","블랙_47,400","블랙_47,400","블랙_47,990","블랙_47,990"
122693290,Thermalright TL-UB36RW 서린,"화이트_47,990","화이트_47,990","화이트_47,990","화이트_47,400","화이트_47,400","화이트_47,990","화이트_47,990"
122693274,Thermalright TL-UB36W 서린,"화이트_47,990","화이트_47,990","화이트_47,990","화이트_47,400","화이트_47,400","화이트_47,990","화이트_47,990"
15886913,Thermalright TR-GCSF ARGB,"28,420","28,420","28,420","28,420","28,420","28,420","28,420"
96652106,Thermalright TROFEO VISION 360 ARGB,"_블랙_254,520|_화이트_279,000","_블랙_254,520|_화이트_279,000","_블랙_254,510|_화이트_279,000","_블랙_254,510|_화이트_279,000","_블랙_254,520|_화이트_279,000","_블랙_254,510|_화이트_279,000","_블랙_254,520|_화이트_279,000"
106721381,Thermalright TROFEO VISION 9.16 LCD,"_블랙_75,100|_화이트_75,100","_블랙_75,100|_화이트_75,100","_블랙_71,120|_화이트_71,120","_블랙_70,990|_화이트_70,990","_블랙_75,100|_화이트_75,050","_블랙_68,170|_화이트_75,100","_블랙_75,100|_화이트_75,100"
101632253,Thermalright TROFEO VISION LCD,"블랙_94,800","블랙_79,000","블랙_79,000","블랙_79,000","블랙_79,000","블랙_79,000","블랙_79,000"
15903707,Thermalright TRUE SPIRIT 120 REV.B 서린,"57,500","57,500","57,500","57,400","57,400","57,500","57,500"
4673723,Thermalright TRUE Spirit 140 Direct,"64,000","64,000","64,000","64,000","64,000","64,000","64,000"
1279962,Thermalright TRUE Spirit Ni,"53,000","53,000","53,000","53,000","53,000","53,000","53,000"
2446756,Thermalright TY-14013,"15,500","15,500","15,200","15,200","15,500","15,200","15,500"
2446784,Thermalright TY-14013R,"15,500","15,500","15,200","15,200","15,500","15,200","15,500"
1536172,Thermalright True Spirit 140,"60,000","60,000","60,000","60,000","60,000","60,000","60,000"
106735421,Thermalright USB 2.0 HUB X5 서린,"_블랙_12,900|_화이트_12,400","_블랙_12,800|_화이트_12,400","_블랙_12,790|_화이트_12,400","_블랙_12,790|_화이트_12,250","_블랙_12,800|_화이트_12,250","_블랙_12,790|_화이트_12,400","_블랙_12,900|_화이트_12,400"
16934357,Thermalright VALOR ODIN THERMAL PAD 120x120 서린,"_0.5mm_27,500|_1.0mm_29,900|1.5mm_38,900","_0.5mm_26,400|_1.0mm_28,000|1.5mm_38,900","0.5mm_26,400|_1.0mm_23,920|_1.5mm_37,590","0.5mm_26,400|_1.0mm_23,920|_1.5mm_36,800","0.5mm_26,400|_1.0mm_28,000|_1.5mm_36,950","0.5mm_26,400|_1.0mm_28,000|_1.5mm_38,400","0.5mm_27,700|_1.0mm_29,900|_1.5mm_38,900"
16592969,Thermalright VALOR ODIN THERMAL PAD 95x50 서린,"0.5mm_11,000|_1.0mm_11,980|_1.5mm_15,080",0,0,0,0,0,0
30094664,Thermalright VALOR ODIN THERMAL PAD 95x50 서린,0,"_0.5mm_10,400|_1.0mm_11,980|1.5mm_15,080","_0.5mm_10,400|_1.0mm_11,890|1.5mm_14,980","_0.5mm_10,400|_1.0mm_11,890|1.5mm_14,280","_0.5mm_10,400|_1.0mm_11,890|1.5mm_14,340","_0.5mm_10,400|_1.0mm_11,980|1.5mm_15,080","_0.5mm_11,000|_1.0mm_11,980|1.5mm_15,080"
122692436,Thermalright W360 EPYC SP6 듀얼 서린,"블랙_370,750","블랙_370,750","블랙_370,750","블랙_370,750","블랙_370,750","블랙_370,750","블랙_370,750"
122692432,Thermalright W360 EPYC SP6 서린,"블랙_246,850","블랙_246,850","블랙_246,850","블랙_246,050","블랙_246,050","블랙_246,850","블랙_246,850"
122692438,Thermalright W360 XEON LGA4677 듀얼 서린,"블랙_370,750","블랙_370,750","블랙_370,750","블랙_370,750","블랙_370,750","블랙_370,750","블랙_370,750"
122692443,Thermalright W360 XEON LGA4677 서린,"블랙_246,850","블랙_244,800","블랙_244,720","블랙_244,590","블랙_244,520","블랙_244,480","블랙_246,850"
96652343,Thermalright WONDER VISION 360 UB ARGB,"_블랙_380,200|_화이트_347,670","_블랙_380,200|_화이트_347,670","_블랙_359,530|_화이트_347,670","_블랙_379,990|_화이트_347,670","_블랙_344,400|_화이트_347,670","_블랙_350,400|_화이트_347,670","_블랙_380,200|_화이트_347,670"
1504774,Thermalright X-Silent 120,"13,390","13,390","13,390","13,390","13,390","13,390","13,390"
61422626,XASTRA NAVIGATOR FT120 ARGB,"_블랙_9,700|3팩, 블랙_28,600|_화이트_10,900|3팩, 화이트_32,500","_블랙_9,700|3팩, 블랙_28,600|_화이트_10,900|3팩, 화이트_32,500","_블랙_9,700|3팩, 블랙_28,600|_화이트_10,900|3팩, 화이트_32,500","_블랙_9,700|3팩, 블랙_28,600|_화이트_10,900|3팩, 화이트_32,500","_블랙_9,700|3팩, 블랙_28,600|_화이트_10,900|3팩, 화이트_32,500","_블랙_9,700|3팩, 블랙_28,600|_화이트_10,900|3팩, 화이트_32,500","_블랙_9,700|3팩, 블랙_28,600|_화이트_10,900|3팩, 화이트_32,500"
16755317,XIGMATEK AIR-KILLER PRO ARGB,"34,480","34,480","34,480","34,480","34,480","34,480","34,480"
9671943,XIGMATEK AURORA 240,"94,000","94,000","94,000","94,000","94,000","94,000","94,000"
1959996,XIGMATEK Dark Knight SD1283 Night Hawk Edition,"54,500","54,500","54,500","54,500","54,500","54,500","54,500"
1363740,XIGMATEK Gaia SD1283,"34,900","34,900","34,900","34,900","34,900","34,900","34,900"
2843184,XIGMATEK LOKI II,"27,400","27,400","27,400","27,400","27,400","27,400","27,400"
14674061,XIGMATEK Windpower WP1266 RGB,"34,490","34,490","34,490","34,490","34,490","35,230","35,230"
2347681,XIGMATEK Xi- Ray Red,"11,000","11,000","11,000","11,000","11,000","11,000","11,000"
62640926,be quiet DARK ROCK 5,"138,380","139,000","132,390","132,390","139,000","139,000","139,000"
29846852,be quiet DARK ROCK ELITE,"208,120","209,000","209,000","209,000","209,000","209,000","264,720"
29847737,be quiet DARK ROCK PRO 5,"176,000","167,680","167,680","176,000","176,000","176,000","176,000"
14588288,be quiet DARK ROCK SLIM 서린,"96,000","96,000","91,430","91,440","114,290","109,390","114,290"
71425271,be quiet LIGHT WINGS LX 120mm PWM high-speed 서린,"블랙_31,900|_3팩, 블랙_92,900|_3팩, 화이트_92,900","_블랙_31,900|_3팩, 블랙_92,900|3팩, 화이트_92,900","_블랙_30,390|_3팩, 블랙_88,470|3팩, 화이트_88,470","_블랙_30,390|_3팩, 블랙_88,470|3팩, 화이트_88,470",0,"_블랙_30,390|_3팩, 블랙_92,900|3팩, 화이트_88,470","_블랙_31,900|_3팩, 블랙_92,900|3팩, 화이트_92,900"
71425181,be quiet LIGHT WINGS LX 120mm PWM high-speed 서린,0,0,0,0,"_블랙_31,900|_3팩, 블랙_92,900|3팩, 화이트_92,900",0,0
93382475,be quiet LIGHT WINGS LX 120mm PWM 리버스,"_블랙_31,900|_화이트_31,790","_블랙_31,900|_화이트_30,400",0,0,0,0,0
93382436,be quiet LIGHT WINGS LX 120mm PWM 리버스,0,0,"_블랙_31,900|_화이트_30,390","_블랙_31,900|_화이트_30,390","_블랙_31,900|_화이트_30,400","_블랙_31,900|_화이트_30,390","_블랙_31,900|_화이트_30,400"
71424683,be quiet LIGHT WINGS LX 120mm PWM 서린,"블랙_31,900|_3팩, 블랙_92,900|_3팩, 화이트_92,900","블랙_31,900|_3팩, 블랙_92,900|_3팩, 화이트_92,900","블랙_30,390|_3팩, 블랙_88,470|_3팩, 화이트_88,470",0,0,0,0
71424494,be quiet LIGHT WINGS LX 120mm PWM 서린,0,0,0,"_블랙_30,390|_3팩, 블랙_88,470|3팩, 화이트_88,470","_블랙_31,900|_3팩, 블랙_92,900|3팩, 화이트_92,900",0,"_블랙_31,900|_3팩, 블랙_92,900|3팩, 화이트_92,900"
71424638,be quiet LIGHT WINGS LX 120mm PWM 서린,0,0,0,0,0,"블랙_30,390|_3팩, 블랙_88,470|_3팩, 화이트_92,900",0
71425511,be quiet LIGHT WINGS LX 140mm PWM high-speed 서린,"블랙_33,900|_3팩, 블랙_97,900|_3팩, 화이트_97,900","블랙_33,900|_3팩, 블랙_97,900|_3팩, 화이트_97,900",0,"블랙_33,900|_3팩, 블랙_93,270|_3팩, 화이트_93,270","블랙_33,900|_3팩, 블랙_97,900|_3팩, 화이트_97,900","블랙_33,900|_3팩, 블랙_97,900|_3팩, 화이트_93,270","_블랙_33,900|3팩, 블랙_97,900|_3팩, 화이트_97,900"
71425448,be quiet LIGHT WINGS LX 140mm PWM high-speed 서린,0,0,"블랙_33,900|_3팩, 블랙_93,270|_3팩, 화이트_93,270",0,0,0,0
71424893,be quiet LIGHT WINGS LX 140mm PWM 서린,"_블랙_33,900|_3팩, 블랙_97,900|3팩, 화이트_97,900","_블랙_33,900|_3팩, 블랙_97,900|3팩, 화이트_97,900",0,0,0,0,0
71424782,be quiet LIGHT WINGS LX 140mm PWM 서린,0,0,"_블랙_32,310|_3팩, 블랙_93,270|3팩, 화이트_93,270","_블랙_32,310|_3팩, 블랙_93,270|3팩, 화이트_93,270","_블랙_33,900|_3팩, 블랙_97,900|3팩, 화이트_97,900","_블랙_32,310|_3팩, 블랙_97,900|3팩, 화이트_93,270","_블랙_33,900|_3팩, 블랙_97,900|3팩, 화이트_97,900"
92969672,be quiet PURE ROCK 3 LX,"62,900","59,920","59,910","59,910","59,920","53,920","59,920"
92969423,be quiet PURE ROCK 3 블랙,"53,900","51,350","51,350","51,350","51,360","51,360","51,360"
92969810,be quiet PURE ROCK PRO 3,"72,710","73,000","69,590","69,590","69,600","63,600","69,600"
92969909,be quiet PURE ROCK PRO 3 LX,"99,000","94,320","94,310","94,310","94,320","88,320","94,320"
92969831,be quiet PURE ROCK PRO 3 블랙,"86,000","81,920","81,910","81,910","81,920","75,920","72,910"
14626859,be quiet PURE WINGS 2 PWM 80mm 서린,"12,900","12,900","12,900","12,900","12,900","12,900","12,900"
14627657,be quiet PURE WINGS 2 PWM high-speed 140mm 서린,"19,170","19,170","19,170","19,170","19,170","19,170","19,170"
29870801,be quiet PURE WINGS 3 PWM 120mm,"_블랙_18,480|_화이트_17,000","_블랙_17,680|_화이트_17,000","_블랙_17,670|_화이트_17,000","_블랙_17,670|_화이트_17,000","_블랙_17,680|_화이트_17,000","_블랙_17,680|_화이트_17,000","_블랙_17,680|_화이트_17,000"
49738016,be quiet PURE WINGS 3 PWM 140mm,"_블랙_21,000|_화이트_19,000","_블랙_20,000|_화이트_18,160","_블랙_19,990|_화이트_18,150","_블랙_19,990|_화이트_18,150","_블랙_20,000|_화이트_18,160",0,0
29871020,be quiet PURE WINGS 3 PWM 140mm,0,0,0,0,0,"_블랙_19,990|_화이트_18,160","_블랙_20,000|_화이트_18,160"
49737905,be quiet PURE WINGS 3 PWM high-speed 120mm,"_블랙_18,480|_화이트_17,000","_블랙_17,680|_화이트_16,240","_블랙_17,670|_화이트_16,230","_블랙_17,670|_화이트_16,230","_블랙_17,680|_화이트_16,240","_블랙_17,680|_화이트_16,230",0
29870924,be quiet PURE WINGS 3 PWM high-speed 120mm,0,0,0,0,0,0,"_블랙_17,680|_화이트_16,240"
49738067,be quiet PURE WINGS 3 PWM high-speed 140mm,"_블랙_21,000|_화이트_19,000","_블랙_20,000|_화이트_18,160","_블랙_19,990|_화이트_18,150","_블랙_19,990|_화이트_18,150",0,0,0
29871128,be quiet PURE WINGS 3 PWM high-speed 140mm,0,0,0,0,"_블랙_20,000|_화이트_18,160","_블랙_19,990|_화이트_18,150","_블랙_20,000|_화이트_18,160"
12532517,be quiet SHADOW ROCK 3 WHITE,"74,200","74,200","74,200","74,200","74,200","75,897","75,800"
14600561,be quiet SHADOW ROCK 3 WHITE 서린,"83,500","83,500","79,590","79,590","76,590","79,600","79,600"
14600501,be quiet SHADOW ROCK 3 서린,"80,900","80,910","64,720","64,720","83,220","66,570","80,900"
15345638,be quiet SHADOW ROCK SLIM 2,"74,290","74,290","74,290","74,290","74,290","74,290","74,290"
9669288,be quiet SHADOW WINGS 2 120mm,"화이트_18,877","화이트_18,877","화이트_18,877","화이트_18,877","화이트_18,877","화이트_18,877","화이트_18,877"
9669324,be quiet SHADOW WINGS 2 140mm,"_블랙_20,200|_화이트_22,300","_블랙_20,200|_화이트_22,300","_블랙_20,200|_화이트_22,300","_블랙_20,200|_화이트_22,300","_블랙_20,200|_화이트_22,300","_블랙_20,200|_화이트_22,300","_블랙_20,200|_화이트_22,300"
14637446,be quiet SHADOW WINGS 2 140mm 서린,"화이트_23,000","화이트_23,000","화이트_23,000","화이트_23,000","화이트_23,000","화이트_23,000","화이트_23,000"
7553023,be quiet SHADOW WINGS 2 PWM 140mm,"블랙_23,000","블랙_23,000","블랙_23,000","블랙_23,000","블랙_23,000","블랙_23,000","블랙_23,000"
14637623,be quiet SHADOW WINGS 2 PWM 140mm 서린,"블랙_23,640","블랙_23,640","블랙_23,640","블랙_23,640","블랙_23,640","블랙_23,640","블랙_23,640"
93381869,be quiet SILENT LOOP 3 240,"198,000","188,640","188,630","188,630","188,640","188,610","188,630"
93382205,be quiet SILENT LOOP 3 420,"289,000","275,280","275,270","275,270","275,280","275,270","275,280"
17909585,be quiet SILENT WINGS 4 120mm,"39,900","38,000","37,990","37,990","38,000","38,000","39,900"
17909654,be quiet SILENT WINGS 4 140mm,"41,900","39,920","39,920","39,920","39,920","39,920","44,000"
17789975,be quiet SILENT WINGS 4 PWM 120mm,"_블랙_39,900|_화이트_37,900","_블랙_39,900|_화이트_36,160","_블랙_39,900|_화이트_33,160","_블랙_39,900|_화이트_33,160","_블랙_39,900|_화이트_33,160","_블랙_39,900|_화이트_33,160",0
49738334,be quiet SILENT WINGS 4 PWM 120mm,0,0,0,0,0,0,"화이트_37,900"
17790044,be quiet SILENT WINGS 4 PWM 140mm,"_블랙_41,900|_화이트_39,900","_블랙_39,920|_화이트_38,000","_블랙_39,920|_화이트_38,000","_블랙_39,920|_화이트_38,000","_블랙_39,920|_화이트_38,000","_블랙_39,920|_화이트_38,000","_블랙_41,900|_화이트_39,900"
17790203,be quiet SILENT WINGS 4 PWM high-speed 120mm,"_블랙_39,900|_화이트_37,900",0,0,0,0,0,"_블랙_39,900|_화이트_37,500"
49738439,be quiet SILENT WINGS 4 PWM high-speed 120mm,0,"_블랙_38,000|_화이트_36,160","_블랙_38,000|_화이트_36,160","_블랙_38,000|_화이트_36,160","_블랙_38,000|_화이트_36,160","_블랙_38,000|_화이트_36,160",0
49738499,be quiet SILENT WINGS 4 PWM high-speed 140mm,"_블랙_41,900|_화이트_39,900","_블랙_39,920|_화이트_38,000","_블랙_39,920|_화이트_38,000","_블랙_39,920|_화이트_38,000","_블랙_39,920|_화이트_38,000","_블랙_39,920|_화이트_38,000",0
17790239,be quiet SILENT WINGS 4 PWM high-speed 140mm,0,0,0,0,0,0,"_블랙_40,700|_화이트_39,900"
17790311,be quiet SILENT WINGS PRO 4 PWM 120mm,"_블랙_55,900|_화이트_51,900","_블랙_53,280|_화이트_49,440","_블랙_53,280|_화이트_49,440","_블랙_53,280|_화이트_49,440","_블랙_53,280|_화이트_49,440","_블랙_53,280|_화이트_49,440","_블랙_53,280|_화이트_49,440"
17790392,be quiet SILENT WINGS PRO 4 PWM 140mm,"_블랙_57,900|_화이트_54,900","_블랙_55,190|_화이트_52,320","_블랙_55,200|_화이트_52,320","_블랙_55,200|_화이트_52,320","_블랙_52,200|_화이트_52,320","_블랙_52,200|_화이트_52,320","_블랙_55,200|_화이트_52,320"
10359315,darkFlash ARGB Master RC1 REMOTE KIT,"12,170","12,170","12,170","12,170","12,170","12,170","12,170"
18061535,darkFlash AURA DA-280 RGB,"화이트_75,040","화이트_75,040","화이트_75,040","화이트_75,040","화이트_75,040","화이트_75,040","화이트_75,040"
73696922,darkFlash BIT-12 ARGB 픽셀,"_블랙_42,300|_화이트_42,750","_블랙_42,300|_화이트_42,750","_블랙_42,490|_화이트_42,750","_블랙_42,490|_화이트_42,750","_블랙_42,490|_화이트_42,750","_블랙_42,490|_화이트_42,750","_블랙_42,490|_화이트_42,750"
73696973,darkFlash BIT-12R ARGB 픽셀,"_블랙_42,150|_화이트_42,750","_블랙_42,150|_화이트_42,750","_블랙_42,150|_화이트_42,750","_블랙_42,150|_화이트_42,750","_블랙_42,150|_화이트_42,750","_블랙_42,150|_화이트_42,750","_블랙_42,150|_화이트_42,750"
73697228,darkFlash BIT-360 ARGB 픽셀,"_블랙_235,000|_화이트_220,900","_블랙_235,000|_화이트_223,250","_블랙_235,000|_화이트_223,250","_블랙_235,000|_화이트_223,250","_블랙_235,000|_화이트_223,250","_블랙_235,000|_화이트_223,250","_블랙_235,000|_화이트_223,250"
108401849,darkFlash C22 120 ARGB PWM,"_블랙_8,470|_화이트_8,470","_블랙_8,470|_화이트_8,470","_블랙_8,470|_화이트_8,470","_블랙_8,470|_화이트_8,470","_블랙_8,470|_화이트_8,470","_블랙_8,470|_화이트_8,470","_블랙_8,470|_화이트_8,470"
108401864,darkFlash C22R 120 ARGB PWM Reverse,"_블랙_8,470|_화이트_8,800","_블랙_8,470|_화이트_8,290","_블랙_8,470|_화이트_8,290","_블랙_8,470|_화이트_8,290","_블랙_8,470|_화이트_8,290","_블랙_8,470|_화이트_8,290","_블랙_8,280|_화이트_8,280"
54100982,darkFlash C6AM 120 ARGB,"블랙_8,500","블랙_8,500","블랙_8,500","블랙_8,500","블랙_8,500","블랙_8,500","블랙_8,500"
11878807,darkFlash C6M 140 RGB,"핑크_10,500",0,0,0,0,0,0
11230008,darkFlash C6MS RGB,"_3팩, 네오민트_23,000|_3팩, 핑크_23,000","_3팩, 네오민트_23,000|_3팩, 핑크_23,000",0,0,0,0,0
11230023,darkFlash C6MS RGB,0,0,"_3팩, 네오민트_23,000|_3팩, 핑크_23,000","_3팩, 네오민트_23,000|_3팩, 핑크_23,000","_3팩, 네오민트_23,000|_3팩, 핑크_23,000","_3팩, 네오민트_23,000|_3팩, 핑크_23,000","_3팩, 네오민트_23,000|_3팩, 핑크_23,000"
9642240,darkFlash C6S 120 RGB,"_블랙_7,770|네오민트_7,890|핑크_7,790|_화이트_7,800","_블랙_7,770|네오민트_7,890|핑크_7,790|_화이트_7,800","_블랙_7,770|네오민트_7,890|핑크_7,790|_화이트_7,800","_블랙_7,770|네오민트_7,890|핑크_7,790|_화이트_7,800","_블랙_7,770|네오민트_7,890|핑크_7,790|_화이트_7,800","_블랙_7,770|네오민트_7,890|핑크_7,790|_화이트_7,800","_블랙_7,770|네오민트_7,890|핑크_7,790|_화이트_7,800"
28562261,darkFlash C6S 120 RGB Reverse,"_블랙_7,990|_화이트_7,990","_블랙_7,990|_화이트_7,990","_블랙_7,990|_화이트_7,990","_블랙_7,990|_화이트_7,990","_블랙_7,990|_화이트_7,990","_블랙_7,990|_화이트_7,990","_블랙_7,990|_화이트_7,990"
11878705,darkFlash C6S 140 RGB,"_블랙_8,580|네오민트_9,290|핑크_9,490|_화이트_9,290","_블랙_8,580|네오민트_9,290|핑크_9,490|_화이트_9,290","_블랙_8,580|네오민트_9,290|핑크_9,310|_화이트_9,290","_블랙_8,580|네오민트_9,290|핑크_9,300|_화이트_9,290","_블랙_8,580|네오민트_9,290|핑크_9,300|_화이트_9,290","_블랙_8,580|네오민트_9,290|핑크_9,490|_화이트_9,290","_블랙_8,580|네오민트_9,290|핑크_9,490|_화이트_9,290"
10359267,darkFlash C7 ARGB,"_1팩_18,000|_리모트 콤보 킷_29,000","_1팩_18,000|_리모트 콤보 킷_29,000","_1팩_18,000|_리모트 콤보 킷_29,000","_1팩_18,000|_리모트 콤보 킷_29,000","_1팩_18,000|_리모트 콤보 킷_29,000","_1팩_18,000|_리모트 콤보 킷_29,000","_1팩_18,000|_리모트 콤보 킷_29,000"
47488289,darkFlash C7A 120 ARGB,"_블랙_7,440|_화이트_7,440","_블랙_7,440|_화이트_7,440","_블랙_7,440|_화이트_7,440","_블랙_7,440|_화이트_7,440","_블랙_7,440|_화이트_7,440","_블랙_7,440|_화이트_7,440","_블랙_7,440|_화이트_7,440"
98084852,darkFlash C7A14 140 ARGB,"_블랙_8,590|_화이트_8,670","_블랙_8,590|_화이트_8,670","_블랙_8,590|_화이트_8,670","_블랙_8,590|_화이트_8,670","_블랙_8,590|_화이트_8,670","_블랙_8,590|_화이트_8,670","_블랙_8,590|_화이트_8,670"
47488331,darkFlash C7RA 120 ARGB Reverse,"_블랙_7,490|_화이트_7,490","_블랙_7,490|_화이트_7,490",0,0,0,0,0
47488313,darkFlash C7RA 120 ARGB Reverse,0,0,"_블랙_7,490|_화이트_7,490","_블랙_7,490|_화이트_7,490","_블랙_7,490|_화이트_7,490","_블랙_7,490|_화이트_7,490","_블랙_7,490|_화이트_7,490"
98085050,darkFlash C7RA14 140 ARGB Reverse,"_블랙_9,090|_화이트_9,290","_블랙_9,090|_화이트_9,290","_블랙_9,090|_화이트_9,290","_블랙_9,090|_화이트_9,290","_블랙_9,090|_화이트_9,290","_블랙_9,090|_화이트_9,290","_블랙_9,090|_화이트_9,290"
47488859,darkFlash C7RS 120 RGB Reverse,"_블랙_5,390|_화이트_5,490","_블랙_5,390|_화이트_5,490","_블랙_5,390|_화이트_5,490","_블랙_5,390|_화이트_5,490","_블랙_5,390|_화이트_5,490","_블랙_5,390|_화이트_5,490","_블랙_5,390|_화이트_5,490"
47488511,darkFlash C7S 120 RGB,"_블랙_5,290|_화이트_5,190","_블랙_5,290|_화이트_5,190","_블랙_5,290|_화이트_5,190","_블랙_5,290|_화이트_5,190","_블랙_5,290|_화이트_5,190","_블랙_5,290|_화이트_5,190",0
47488775,darkFlash C7S 120 RGB,0,0,0,0,0,0,"_블랙_5,290|_화이트_5,190"
10502829,darkFlash CF140 PRO ARGB,"_1팩_12,640|_리모트 콤보 킷_23,990","_1팩_12,640|_리모트 콤보 킷_23,990",0,"_1팩_12,640|_리모트 콤보 킷_23,800","_1팩_12,640|_리모트 콤보 킷_23,800",0,0
10502727,darkFlash CF140 PRO ARGB,0,0,"_1팩_12,640|_리모트 콤보 킷_23,800",0,0,"_1팩_12,640|_리모트 콤보 킷_23,990","_1팩_12,640|_리모트 콤보 킷_23,990"
21588170,darkFlash D6S 120 RGB Reverse,"_블랙_8,490|_화이트_8,490","_블랙_8,490|_화이트_8,490","_블랙_8,490|_화이트_8,490","_블랙_8,490|_화이트_8,490","_블랙_8,490|_화이트_8,490","_블랙_8,490|_화이트_8,490","_블랙_8,490|_화이트_8,490"
21587762,darkFlash D6S 140 RGB,"_블랙_9,000|_화이트_9,000","_블랙_9,000|_화이트_9,000","_블랙_9,000|_화이트_9,000","_블랙_9,000|_화이트_9,000","_블랙_9,000|_화이트_9,000","_블랙_9,000|_화이트_9,000","_블랙_9,000|_화이트_9,000"
100384505,darkFlash DF12 120 ARGB PWM,"_블랙_7,490|_화이트_7,490","_블랙_7,490|_화이트_7,490","_블랙_7,490|_화이트_7,490","_블랙_7,490|_화이트_7,490","_블랙_7,490|_화이트_7,490",0,0
100384460,darkFlash DF12 120 ARGB PWM,0,0,0,0,0,"_블랙_7,490|_화이트_7,490","_블랙_7,490|_화이트_7,490"
100384625,darkFlash DF12R 120 ARGB PWM Reverse,"_블랙_7,590|_화이트_7,590","_블랙_7,590|_화이트_7,590","_블랙_7,590|_화이트_7,590","_블랙_7,590|_화이트_7,590","_블랙_7,590|_화이트_7,590","_블랙_7,590|_화이트_7,590","_블랙_7,590|_화이트_7,590"
12529994,darkFlash DL240 ARGB 그래픽카드 지지대,"블랙_20,530","블랙_20,530","블랙_20,530","블랙_20,530","블랙_20,530","블랙_20,530","블랙_20,530"
11997590,darkFlash DM1 M.2 SSD 방열판,"실버_11,000","실버_11,000","실버_11,000","실버_11,000","실버_11,000","실버_11,000","실버_11,000"
54964001,darkFlash DM12 PRO 120 PWM ARGB,"_블랙_7,980|_화이트_7,690","_블랙_7,980|_화이트_7,690","_블랙_7,980|_화이트_7,690","_블랙_7,980|_화이트_7,690",0,0,0
54963992,darkFlash DM12 PRO 120 PWM ARGB,0,0,0,0,"_블랙_7,980|_화이트_7,690","_블랙_7,980|_화이트_7,690","_블랙_7,980|_화이트_7,690"
60009602,darkFlash DM12R PRO 120 PWM ARGB Reverse,"_블랙_7,990|_화이트_7,640","_블랙_7,990|_화이트_7,640","_블랙_7,990|_화이트_7,640","_블랙_7,990|_화이트_7,640","_블랙_7,990|_화이트_7,640","_블랙_7,990|_화이트_7,640","_블랙_7,990|_화이트_7,640"
12444635,darkFlash DM3 M.2 SSD 방열판,"9,900","9,900","9,900","9,900","9,900","9,900","9,900"
70676693,darkFlash DM8 인피니티 120 ARGB PWM,"_블랙_18,800|_화이트_19,030","_블랙_18,800|_화이트_18,920","_블랙_18,800|_화이트_18,920","_블랙_18,800|_화이트_18,920","_블랙_18,800|_화이트_18,740","_블랙_18,800|_화이트_18,740","_블랙_18,800|_화이트_18,740"
70676774,darkFlash DM8 인피니티 120 ARGB PWM Reverse,"_블랙_19,030|_화이트_19,030","_블랙_18,560|_화이트_18,920","_블랙_18,560|_화이트_18,920","_블랙_18,560|_화이트_18,920","_블랙_18,380|_화이트_18,740","_블랙_18,380|_화이트_18,740","_블랙_18,380|_화이트_18,740"
17288972,darkFlash DP7 Thermal Paste,"_2g_6,000|_4g_11,000","_2g_6,000|_4g_11,000","_2g_6,000|_4g_11,000","_2g_6,000|_4g_11,000","_2g_6,000|_4g_11,000","_2g_6,000|_4g_11,000","_2g_6,000|_4g_11,000"
100621754,darkFlash DVS7 GPU STAND,"_블랙_3,430|_화이트_3,430","_블랙_3,430|_화이트_3,430","_블랙_3,430|_화이트_3,430","_블랙_3,430|_화이트_3,430","_블랙_3,430|_화이트_3,430",0,"_블랙_3,430|_화이트_3,430"
100621739,darkFlash DVS7 GPU STAND,0,0,0,0,0,"_블랙_3,430|_화이트_3,430",0
98780894,darkFlash ELLSWORTH S31,"_블랙_18,290|_화이트_16,960",0,0,0,0,0,0
98780957,darkFlash ELLSWORTH S31,0,"_블랙_18,290|_화이트_16,960","_블랙_18,290|_화이트_16,960","_블랙_18,290|_화이트_16,960","_블랙_18,290|_화이트_16,960","_블랙_18,290|_화이트_16,960","_블랙_18,290|_화이트_16,960"
122675452,darkFlash ELLSWORTH S31 CORE RGB,"_블랙_17,520|_화이트_17,500","_블랙_17,520|_화이트_17,500","_블랙_17,520|_화이트_17,500","_블랙_17,520|_화이트_17,500","_블랙_17,520|_화이트_17,500","_블랙_17,520|_화이트_17,500","_블랙_17,520|_화이트_17,500"
98781146,darkFlash ELLSWORTH S31 PRO ARGB,"_블랙_18,210|_화이트_19,140","_블랙_18,210|_화이트_19,140","_블랙_18,210|_화이트_19,140","_블랙_18,210|_화이트_19,140","_블랙_18,210|_화이트_19,140","_블랙_18,210|_화이트_19,140","_블랙_18,210|_화이트_19,140"
102883715,darkFlash EXPLORE DE360 ARGB,"_블랙_130,070|_화이트_131,630","_블랙_130,070|_화이트_131,630",0,0,0,0,0
102883718,darkFlash EXPLORE DE360 ARGB,0,0,"_블랙_130,070|_화이트_131,630","_블랙_130,070|_화이트_131,630","_블랙_130,070|_화이트_131,630","_블랙_130,070|_화이트_131,630","_블랙_130,070|_화이트_131,630"
101695601,darkFlash EXPLORE E400 PLUS ARGB,"_블랙_33,240|_화이트_35,140","_블랙_33,240|_화이트_35,140","_블랙_33,240|_화이트_35,140","_블랙_33,240|_화이트_35,140","_블랙_33,240|_화이트_35,140","_블랙_33,240|_화이트_35,140","_블랙_33,240|_화이트_35,140"
30032303,darkFlash Ellsworth D21,"_블랙_41,730|_화이트_56,640","_블랙_41,730|_화이트_56,640","_블랙_41,730|_화이트_56,640","_블랙_41,730|_화이트_56,640","_블랙_41,730|_화이트_56,640","_블랙_41,730|_화이트_56,640","_블랙_41,730|_화이트_56,640"
30032663,darkFlash Ellsworth D21 ARGB,"_블랙_45,460|_화이트_48,110","_블랙_45,460|_화이트_48,110","_블랙_45,460|_화이트_48,110","_블랙_45,460|_화이트_48,110","_블랙_45,460|_화이트_48,110","_블랙_45,460|_화이트_48,110","_블랙_45,460|_화이트_48,110"
122706264,darkFlash Ellsworth D31,"_블랙_37,800|_화이트_39,890","_블랙_37,800|_화이트_39,890","_블랙_37,800|_화이트_39,890","_블랙_37,800|_화이트_39,890","_블랙_37,800|_화이트_39,890","_블랙_37,800|_화이트_39,890","_블랙_37,790|_화이트_39,880"
122706275,darkFlash Ellsworth D31 PRO,"_블랙_39,890|_화이트_41,790","_블랙_39,890|_화이트_41,790","_블랙_39,890|_화이트_41,790","_블랙_39,890|_화이트_41,790","_블랙_39,890|_화이트_41,790","_블랙_39,890|_화이트_41,790","_블랙_39,890|_화이트_41,770"
122706301,darkFlash Ellsworth D31 PRO ARGB,"_블랙_40,840|_화이트_42,740","_블랙_40,840|_화이트_42,740","_블랙_40,840|_화이트_42,740","_블랙_40,840|_화이트_42,740","_블랙_40,840|_화이트_42,740","_블랙_40,840|_화이트_42,740","_블랙_40,840|_화이트_42,740"
16046939,darkFlash Ellsworth S11 PRO ARGB,"_블랙_29,500|_화이트_31,000","_블랙_29,500|_화이트_31,000","_블랙_29,500|_화이트_31,000","_블랙_29,500|_화이트_31,000","_블랙_29,500|_화이트_31,000","_블랙_29,500|_화이트_31,000","_블랙_29,500|_화이트_31,000"
18633506,darkFlash Ellsworth S21,"_블랙_26,610|_화이트_25,880","_블랙_26,610|_화이트_25,880","_블랙_26,610|_화이트_25,880","_블랙_26,610|_화이트_25,880","_블랙_26,610|_화이트_25,880","_블랙_26,610|_화이트_25,880","_블랙_26,610|_화이트_25,880"
18633476,darkFlash Ellsworth S21 ARGB,"_블랙_28,760|_화이트_29,500","_블랙_28,760|_화이트_29,500","_블랙_28,760|_화이트_29,500","_블랙_28,760|_화이트_29,500","_블랙_28,760|_화이트_29,500","_블랙_28,760|_화이트_29,500","_블랙_28,760|_화이트_29,500"
63140096,darkFlash Gauss G24 FAN TO FAN,"5,940","5,940","5,940","5,940","5,940","5,940","5,940"
63139511,darkFlash Gauss G24 마그네틱 ARGB,"_블랙_17,090|_3팩, 블랙_55,090|화이트_17,970|3팩, 화이트_54,980","_블랙_17,090|_3팩, 블랙_55,090|화이트_17,290|3팩, 화이트_54,980","_블랙_17,090|_3팩, 블랙_55,090|화이트_17,970|3팩, 화이트_54,980","_블랙_17,090|_3팩, 블랙_55,090|화이트_17,290|3팩, 화이트_54,980","_블랙_17,090|_3팩, 블랙_55,090|화이트_17,290|3팩, 화이트_54,980","_블랙_17,090|_3팩, 블랙_55,090|화이트_17,290|3팩, 화이트_54,980","_블랙_17,090|_3팩, 블랙_55,090|화이트_17,120|3팩, 화이트_54,980"
65974898,darkFlash Gauss G24R 마그네틱 ARGB 리버스,"_3팩, 블랙_54,510|_3팩, 화이트_58,000","_3팩, 블랙_54,510|_3팩, 화이트_58,000","_3팩, 블랙_54,510|_3팩, 화이트_58,000","_3팩, 블랙_54,510|_3팩, 화이트_58,000","_3팩, 블랙_54,510|_3팩, 화이트_58,000","_3팩, 블랙_54,510|_3팩, 화이트_58,000","_3팩, 블랙_54,510|_3팩, 화이트_58,000"
11788744,darkFlash LP30 ARGB PSU 커버,"블랙_13,500|_네오민트_13,690|핑크_13,590|_화이트_13,590","블랙_13,500|_네오민트_13,690|핑크_13,590|_화이트_13,590","블랙_13,500|_네오민트_13,690|핑크_13,590|_화이트_13,590","블랙_13,500|_네오민트_13,690|핑크_13,590|_화이트_13,590","블랙_13,500|_네오민트_13,690|핑크_13,590|_화이트_13,590","블랙_13,500|_네오민트_13,690|핑크_13,590|_화이트_13,590","블랙_13,500|_네오민트_13,690|핑크_13,590|_화이트_13,590"
13098329,darkFlash LP40 ARGB PSU 커버,"_블랙_16,980|네오민트_16,880|핑크_16,780|_화이트_16,980","_블랙_17,000|네오민트_16,880|핑크_16,780|_화이트_17,000","_블랙_17,000|네오민트_16,880|핑크_16,780|_화이트_17,000","_블랙_17,000|네오민트_16,880|핑크_16,780|_화이트_17,000","_블랙_17,000|네오민트_16,880|핑크_16,780|_화이트_17,000","_블랙_17,000|네오민트_16,880|핑크_16,780|_화이트_17,000","_블랙_17,000|네오민트_16,880|핑크_16,780|_화이트_17,000"
72979256,darkFlash LP900 ARGB PSU 커버,"_블랙_13,690|_화이트_13,690","_블랙_13,690|_화이트_13,690","_블랙_13,690|_화이트_13,690","_블랙_13,690|_화이트_13,690","_블랙_13,690|_화이트_13,690","_블랙_13,690|_화이트_13,690",0
72979220,darkFlash LP900 ARGB PSU 커버,0,0,0,0,0,0,"_블랙_13,690|_화이트_13,690"
90159317,darkFlash MH-10 ARGB 5V 컨트롤러,"3,790","3,790","3,790","3,790","3,790","3,790","3,790"
13018505,darkFlash MH-30 ARGB 5V 컨트롤러,"8,530","8,530","8,530","8,530","8,530","8,530","8,530"
28485641,darkFlash NEBULA DN-240 ARGB,"_블랙_62,900|_화이트_63,800","_블랙_62,900|_화이트_63,800","_블랙_62,900|_화이트_63,800","_블랙_62,900|_화이트_63,800","_블랙_62,900|_화이트_63,800","_블랙_62,900|_화이트_63,800","_블랙_62,900|_화이트_63,800"
28485173,darkFlash NEBULA DN-360 ARGB,"_블랙_80,740|_화이트_65,000","_블랙_80,740|_화이트_65,000","_블랙_80,740|_화이트_65,000","_블랙_80,740|_화이트_65,000","_블랙_80,740|_화이트_65,000",0,0
28485095,darkFlash NEBULA DN-360 ARGB,0,0,0,0,0,"_블랙_80,740|_화이트_65,000","_블랙_80,740|_화이트_65,090"
64377734,darkFlash NEBULA DN-360D ARGB,"_블랙_90,170|_화이트_96,040","_블랙_90,170|_화이트_96,040","_블랙_90,170|_화이트_96,040","_블랙_90,170|_화이트_96,040","_블랙_90,170|_화이트_96,040","_블랙_90,170|_화이트_96,040","_블랙_90,100|_화이트_96,040"
64377899,darkFlash NEBULA DN-360S ARGB,"_블랙_127,000|_화이트_132,460","_블랙_127,000|_화이트_132,460","_블랙_127,000|_화이트_132,460","_블랙_127,000|_화이트_132,460","_블랙_127,000|_화이트_132,460","_블랙_127,000|_화이트_132,460","_블랙_127,000|_화이트_132,460"
19355732,darkFlash RC2 ARGB AND PWM HUB,"11,550","11,550","11,550","11,550","11,550","11,550","11,550"
16143122,darkFlash S100 FDB,"블랙_43,500|5팩, 블랙_43,500|_화이트_11,500|_5팩, 화이트_45,000","블랙_43,500|5팩, 블랙_43,500|_화이트_11,500|_5팩, 화이트_45,000","블랙_43,500|5팩, 블랙_43,500|_화이트_11,500|_5팩, 화이트_44,800","블랙_43,500|5팩, 블랙_43,500|_화이트_11,500|_5팩, 화이트_44,800","블랙_43,500|5팩, 블랙_43,500|_화이트_11,500|_5팩, 화이트_44,800","블랙_43,500|5팩, 블랙_43,500|_화이트_11,500|_5팩, 화이트_45,000","블랙_43,500|5팩, 블랙_43,500|_화이트_11,500|_5팩, 화이트_45,000"
16143392,darkFlash S101 FDB ARGB,"_블랙_13,290|_5팩, 블랙_53,440|화이트_14,480|5팩, 화이트_54,940","_블랙_13,290|_5팩, 블랙_53,500|화이트_14,500|5팩, 화이트_55,000","_블랙_13,290|_5팩, 블랙_53,300|화이트_13,800|5팩, 화이트_54,800","_블랙_13,290|_5팩, 블랙_53,300|화이트_13,800|5팩, 화이트_54,800","_블랙_13,290|_5팩, 블랙_53,300|화이트_13,800|5팩, 화이트_54,800","_블랙_13,290|_5팩, 블랙_53,300|화이트_13,880|5팩, 화이트_55,000","_블랙_13,290|_5팩, 블랙_53,500|화이트_14,500|5팩, 화이트_55,000"
10958937,darkFlash TALON PRO ARGB,"_1팩_14,840|_리모트 콤보 킷_26,000","_1팩_14,840|_리모트 콤보 킷_26,000","_1팩_14,840|_리모트 콤보 킷_26,000","_1팩_14,800|_리모트 콤보 킷_26,000","_1팩_14,800|_리모트 콤보 킷_26,000","_1팩_14,800|_리모트 콤보 킷_26,000","_1팩_14,840|_리모트 콤보 킷_26,000"
12055538,darkFlash Twister DX-360 ARGB,"핑크_87,000","핑크_87,000","핑크_87,000","핑크_87,000","핑크_87,000","핑크_87,000","핑크_87,000"
78976547,darkFlash WAVE DH-360D ARGB,"_블랙_92,950|_화이트_94,040","_블랙_92,950|_화이트_94,040","_블랙_92,950|_화이트_94,040","_블랙_92,950|_화이트_94,040","_블랙_92,950|_화이트_94,040","_블랙_92,950|_화이트_94,040","_블랙_92,950|_화이트_94,040"
122638275,darkFlash WAVE DV360S MAX ARGB 디스플레이,"_블랙_113,900|_화이트_117,900","_블랙_113,900|_화이트_117,900","_블랙_113,900|_화이트_117,500","_블랙_113,900|_화이트_117,400","_블랙_113,890|_화이트_117,400","_블랙_113,890|_화이트_117,400","_블랙_113,890|_화이트_117,390"
95525072,darkFlash 아쿠아루믹 DL-360 ARGB,"_블랙_60,920|_화이트_64,910","_블랙_60,920|_화이트_64,910","_블랙_60,920|_화이트_64,910","_블랙_60,920|_화이트_64,910","_블랙_60,920|_화이트_64,910","_블랙_60,920|_화이트_64,910","_블랙_60,920|_화이트_64,910"
17318492,darkFlash 인피니티8 ARGB,"_블랙_10,770|화이트_10,990|네오민트_11,000|핑크_11,000|_3팩, 블랙_29,380|3팩, 화이트_29,500||",0,0,0,0,0,0
17318324,darkFlash 인피니티8 ARGB,0,"_블랙_10,770|화이트_10,990|네오민트_11,000|핑크_11,000|_3팩, 블랙_29,380|3팩, 화이트_29,500||","_블랙_10,770|화이트_10,500|네오민트_10,800|핑크_11,000|_3팩, 블랙_29,300|3팩, 화이트_29,500||","_블랙_10,770|화이트_10,500|네오민트_10,800|핑크_10,800|_3팩, 블랙_29,300|3팩, 화이트_29,500||","_블랙_10,770|화이트_10,500|네오민트_10,800|핑크_10,800|_3팩, 블랙_29,300|3팩, 화이트_29,500||","_블랙_10,770|화이트_10,710|네오민트_11,000|핑크_10,800|_3팩, 블랙_29,380|3팩, 화이트_29,500||","_블랙_10,770|화이트_10,990|네오민트_11,000|핑크_11,000|_3팩, 블랙_29,380|3팩, 화이트_29,500||"
68242172,iHTP 12025-FAN 4pin,"1,570","1,570","1,570","1,570","1,570",0,0
19905035,upHere N1055CF SIMPLE,"화이트_33,000","화이트_33,000","화이트_33,000","화이트_33,000","화이트_33,000","화이트_33,000","화이트_33,000"
15541670,갤럭시 갤라즈 GALAX EX-02 ARGB,0,"블랙_1,500",0,"블랙_1,500","블랙_1,500","블랙_1,500","블랙_1,500"
72111326,다산코퍼레이션 디프렌드 D620 ARGB 솔더링,"_블랙_54,980|_화이트_57,110","_블랙_54,980|_화이트_57,110","_블랙_54,980|_화이트_57,110","_블랙_54,980|_화이트_57,110","_블랙_54,980|_화이트_57,110","_블랙_54,980|_화이트_57,110","_블랙_54,980|_화이트_57,110"
72063182,다산코퍼레이션 디프렌드 D620 LITE ARGB,"_블랙_37,900|_화이트_39,410","_블랙_37,900|_화이트_39,410","_블랙_37,900|_화이트_39,410","_블랙_37,900|_화이트_39,410","_블랙_37,900|_화이트_39,410","_블랙_37,900|_화이트_39,410","_블랙_37,900|_화이트_39,410"
88133357,다산코퍼레이션 디프렌드 DF100 5V 3Pin to SATA ARGB 컨트롤러,"_1팩_3,530|_20팩_55,000","_1팩_3,530|_20팩_55,000","1팩_3,530","1팩_3,530","1팩_3,530","1팩_3,530",0
20624213,다산코퍼레이션 디프렌드 DX-9 써멀그리스,"4g_4,290","4g_4,290","4g_4,290","4g_4,290","4g_4,290","4g_4,290","4g_4,290"
21435419,다산코퍼레이션 디프렌드 ODIN C200 RGB mini,"9,900","9,900","9,900","9,900","9,900","9,900","9,900"
89731496,다산코퍼레이션 디프렌드 ODIN C400S Mini,"15,000","15,000","15,000","15,000","15,000","15,000","15,000"
89731535,다산코퍼레이션 디프렌드 ODIN C400S RGB Mini,"16,370","16,370","15,400","15,400","15,400","15,400","16,370"
20645612,다산코퍼레이션 디프렌드 ODIN DA-613,"24,920","24,920","24,920","24,920","24,920","24,920","24,920"
20646221,다산코퍼레이션 디프렌드 ODIN DA-613 ARGB,"28,990","28,990","28,990","28,990","28,990","28,990","28,990"
2652574,라이트컴 COMS BE067 쿨러 구리스 White,30g_960,30g_960,0,0,30g_960,30g_960,30g_960
55043348,라이트컴 COMS BF008 DC BLOWER FAN,"3,230","3,230",0,0,"3,230","3,230","3,230"
7106620,라이트컴 COMS BF010,"12,950","12,950","12,950","12,950","12,950","12,950","12,950"
6441456,라이트컴 COMS BF033 알루미늄 쿨러 방열판,"1,580","1,580","1,580","1,580","1,580","1,580","1,580"
50125928,라이트컴 COMS BF223 그래픽카드 지지대,0,0,0,0,0,0,"6,110"
50125388,라이트컴 COMS BF226 그래픽카드 지지대,"6,700",0,0,0,0,0,0
78785603,라이트컴 COMS BF456 M.2 2280 SSD 방열판,0,0,0,0,0,"8,900",0
6791776,라이트컴 COMS BT200,"4,600","4,600","4,600","4,600","4,600","4,600","4,600"
55042970,라이트컴 COMS BT506 BLOWER FAN,0,0,0,0,0,"7,250",0
55043843,라이트컴 COMS HB574 M.2 2280 SSD 방열판,0,"4,680",0,0,"4,680","4,680","4,680"
78785342,라이트컴 COMS HB575 M.2 2280 SSD 방열판,"2,730","2,730","2,730","2,730","2,730","2,730","2,730"
5546430,라이트컴 COMS IB051,0,0,0,0,0,"5,980",0
5546440,라이트컴 COMS IB052,0,0,0,0,0,"4,900","4,900"
90437009,라이트컴 COMS IH475 쿨러구리스,"5g_2,260","5g_2,260",0,0,"5g_2,260","5g_2,260","5g_2,260"
7076143,라이트컴 COMS NA141,0,0,0,0,0,"5,530",0
7004947,라이트컴 COMS NA146,"5,220","5,220","5,220","5,220","5,220","5,220","5,220"
7056562,라이트컴 COMS NA147,"4,680","4,680","4,680","4,680","4,680","4,680","4,680"
5546513,라이트컴 COMS NA959,"1,880","1,880","1,880","1,880","1,880","1,880","1,880"
78786770,라이트컴 COMS NC031 인텔 12/13/14세대 CPU 가이드,0,0,"5,940","5,940","5,940","5,940","5,940"
6528695,라이트컴 COMS ND769,"2,090","2,090",0,0,"2,090","2,090","2,090"
6669181,라이트컴 COMS ND782,"3,320","3,320","3,320","3,320",0,"3,320",0
6521548,라이트컴 COMS ND784,0,0,0,0,0,0,"3,800"
91912031,라이트컴 COMS TB553 다용도 환풍 사각 쿨러,"15,640","17,850",0,0,0,0,0
78972821,라이트컴 COMS TB604 쿨러구리스,"30g_11,780","30g_11,780","30g_11,780","30g_11,780","30g_11,780","30g_11,780","30g_11,780"
123982468,러빙쿨 AK-240-03 ARGB 디지털 2열 수랭쿨러,"_블랙_62,000|_화이트_67,000","_블랙_62,000|_화이트_67,000","_블랙_62,000|_화이트_67,000","_블랙_62,000|_화이트_67,000",0,0,0
123982461,러빙쿨 AK-240-03 ARGB 디지털 2열 수랭쿨러,0,0,0,0,"_블랙_62,000|_화이트_67,000","_블랙_62,000|_화이트_67,000","_블랙_62,000|_화이트_67,000"
123982409,러빙쿨 AK-360-03 ARGB 디지털 3열 수랭쿨러,"_블랙_66,900|_화이트_72,000","_블랙_66,900|_화이트_72,000","_블랙_67,000|_화이트_72,000","_블랙_67,000|_화이트_72,000","_블랙_67,000|_화이트_72,000","_블랙_67,000|_화이트_72,000",0
123982415,러빙쿨 AK-360-03 ARGB 디지털 3열 수랭쿨러,0,0,0,0,0,0,"_블랙_67,000|_화이트_72,000"
123982692,러빙쿨 AP1000 듀얼타워 공랭쿨러,"_블랙_38,000|_화이트_39,500",0,0,0,0,0,0
123982681,러빙쿨 AP1000 듀얼타워 공랭쿨러,0,"_블랙_38,000|_화이트_39,500","_블랙_38,000|_화이트_39,500","_블랙_38,000|_화이트_39,500","_블랙_38,000|_화이트_39,500","_블랙_38,000|_화이트_39,500","_블랙_38,000|_화이트_39,500"
123982649,러빙쿨 AP300 싱글타워 공랭쿨러,"_블랙_19,500|_화이트_20,000","_블랙_19,500|_화이트_20,000","_블랙_19,500|_화이트_20,000","_블랙_19,500|_화이트_20,000","_블랙_19,500|_화이트_20,000","_블랙_19,500|_화이트_20,000","_블랙_19,500|_화이트_20,000"
123982582,러빙쿨 DP-360-01 ARGB LCD 3열 수랭쿨러,"_블랙_105,000|_화이트_109,000","_블랙_105,000|_화이트_109,000","_블랙_105,000|_화이트_109,000","_블랙_105,000|_화이트_109,000","_블랙_105,000|_화이트_109,000","_블랙_105,000|_화이트_109,000","_블랙_105,000|_화이트_109,000"
123982548,러빙쿨 HK-240-01 ARGB 2열 수랭쿨러,"_블랙_52,000|_화이트_57,000","_블랙_52,000|_화이트_57,000","_블랙_52,000|_화이트_57,000","_블랙_52,000|_화이트_57,000","_블랙_52,000|_화이트_57,000","_블랙_52,000|_화이트_57,000","_블랙_52,000|_화이트_57,000"
123982498,러빙쿨 HK-360-01 ARGB 3열 수랭쿨러,"_블랙_54,000|_화이트_59,000","_블랙_54,000|_화이트_59,000","_블랙_54,000|_화이트_59,000","_블랙_54,000|_화이트_59,000","_블랙_54,000|_화이트_59,000","_블랙_54,000|_화이트_59,000","_블랙_54,000|_화이트_59,000"
124046624,러빙쿨 JM4-120 ARGB PWM 쿨링팬,"_3팩, 블랙_28,000|3팩, 화이트_29,000|_블랙_9,500|화이트_10,000","_3팩, 블랙_28,000|3팩, 화이트_29,000|_블랙_9,500|화이트_10,000","_3팩, 블랙_28,000|3팩, 화이트_29,000|_블랙_9,500|화이트_10,000","_3팩, 블랙_28,000|_3팩, 화이트_29,000|블랙_9,500|화이트_10,000","_3팩, 블랙_28,000|_3팩, 화이트_29,000|블랙_9,500|화이트_10,000","_3팩, 블랙_28,000|_3팩, 화이트_29,000|블랙_9,500|화이트_10,000","_3팩, 블랙_28,000|_3팩, 화이트_29,000|블랙_9,500|화이트_10,000"
123993737,러빙쿨 K10 ARGB PWM 쿨링팬 허브 컨트롤러,"_블랙_7,500|_화이트_7,900","_블랙_7,500|_화이트_7,900","_블랙_7,500|_화이트_7,900","_블랙_7,500|_화이트_7,900","_블랙_7,500|_화이트_7,900",0,"_블랙_7,500|_화이트_7,900"
123993739,러빙쿨 K10 ARGB PWM 쿨링팬 허브 컨트롤러,0,0,0,0,0,"_블랙_7,500|_화이트_7,900",0
123993750,러빙쿨 K47 ARGB PWM F-USB 9핀 쿨링팬 허브 컨트롤러,"블랙_13,000","블랙_13,000","블랙_13,000","블랙_13,000","블랙_13,000","블랙_13,000","블랙_13,000"
123993733,러빙쿨 K7 ARGB 컨트롤러,"3,000","3,000","3,000","3,000","3,000","3,000","3,000"
123982816,러빙쿨 LG PRO-240-Y ARGB,"_블랙_23,000|_화이트_23,000","_블랙_23,000|_화이트_23,000","_블랙_23,000|_화이트_23,000","_블랙_23,000|_화이트_23,000","_블랙_23,000|_화이트_23,000",0,0
123982824,러빙쿨 LG PRO-240-Y ARGB,0,0,0,0,0,"_블랙_23,000|_화이트_23,000","_블랙_23,000|_화이트_23,000"
123982839,러빙쿨 LG PRO-360-Y ARGB,"_블랙_28,000|_화이트_28,000","_블랙_28,000|_화이트_28,000","_블랙_28,000|_화이트_28,000","_블랙_28,000|_화이트_28,000","_블랙_28,000|_화이트_28,000","_블랙_28,000|_화이트_28,000","_블랙_28,000|_화이트_28,000"
123982750,러빙쿨 LG-240-Y ARGB PWM 2열 쿨링팬,"_블랙_22,000|_화이트_22,000","_블랙_22,000|_화이트_22,000","_블랙_22,000|_화이트_22,000","_블랙_22,000|_화이트_22,000","_블랙_22,000|_화이트_22,000","_블랙_22,000|_화이트_22,000","_블랙_22,000|_화이트_22,000"
123982786,러빙쿨 LG-360-Y ARGB PWM 3열 쿨링팬,"_블랙_27,000|_화이트_27,000","_블랙_27,000|_화이트_27,000","_블랙_27,000|_화이트_27,000","_블랙_27,000|_화이트_27,000","_블랙_27,000|_화이트_27,000","_블랙_27,000|_화이트_27,000","_블랙_27,000|_화이트_27,000"
123982607,러빙쿨 R600 ARGB 싱글타워,"_블랙_27,000|_화이트_27,500","_블랙_27,000|_화이트_27,500","_블랙_27,000|_화이트_27,500","_블랙_27,000|_화이트_27,500","_블랙_27,000|_화이트_27,500","_블랙_27,000|_화이트_27,500","_블랙_27,000|_화이트_27,500"
123981480,러빙쿨 SC70-Third Place ARGB LCD 360,"_블랙_270,000|_화이트_275,000","_블랙_270,000|_화이트_275,000","_블랙_270,000|_화이트_275,000","_블랙_270,000|_화이트_275,000",0,0,0
123981491,러빙쿨 SC70-Third Place ARGB LCD 360,0,0,0,0,"_블랙_270,000|_화이트_275,000","_블랙_270,000|_화이트_275,000","_블랙_270,000|_화이트_275,000"
11492265,리버네트워크 NEXI NX-HS03 (NX1057),"2,270","2,270","2,270","2,270","2,270","2,270","2,270"
11492280,리버네트워크 NEXI NX-HS06 (NX1058),"2,090","2,090","2,090","2,090","2,090","2,090","2,090"
18779012,리버네트워크 NEXI NX858,"12,390","12,400","12,400","12,400","12,400","12,400","12,400"
123133608,리안리 B4-mATX Vertical AeroDeck,"_비치화이트_50,930|_월넛 블랙_50,930",0,0,0,0,0,0
123133601,리안리 B4-mATX Vertical AeroDeck,0,"_비치화이트_50,930|_월넛 블랙_50,930","_비치화이트_50,930|_월넛 블랙_50,930","_비치화이트_49,400|_월넛 블랙_49,400","_비치화이트_49,400|_월넛 블랙_49,400","_비치화이트_50,930|_월넛 블랙_50,440","_비치화이트_50,930|_월넛 블랙_50,930"
6315182,리안리 BORA LITE 120 RGB FAN,"3팩, 실버_54,500","3팩, 실버_54,500","3팩, 실버_54,500","3팩, 실버_54,500","3팩, 실버_54,500","3팩, 실버_54,500","3팩, 실버_54,500"
30158024,리안리 GALAHAD II LCD 280,"_블랙_285,000|_화이트_275,770","_블랙_275,280|_화이트_275,270","_블랙_275,270|_화이트_275,260","_블랙_275,270|_화이트_275,260","_블랙_275,280|_화이트_275,270","_블랙_275,280|_화이트_275,260","_블랙_275,280|_화이트_275,270"
99710594,리안리 GALAHAD II LCD 280 UNI FAN TL Wireless,"_블랙_291,330|_화이트_290,960","_블랙_291,330|_화이트_284,800","_블랙_291,330|_화이트_284,790","_블랙_291,330|_화이트_284,790","_블랙_291,330|_화이트_284,800","_블랙_291,330|_화이트_284,790","_블랙_291,330|_화이트_284,800"
30158225,리안리 GALAHAD II LCD 360,"블랙_378,590","블랙_360,960","블랙_360,950","블랙_360,950","블랙_360,960","블랙_360,950","블랙_360,960"
89529725,리안리 GALAHAD II Lite Performance 240,"149,000","148,000","148,000","148,000","148,000","148,000","148,000"
89529788,리안리 GALAHAD II Lite Performance 360,"179,000","179,000","178,000","178,000","178,000","178,000","178,000"
89529842,리안리 GALAHAD II Lite RGB 240,"141,300","141,300","141,300","141,300","141,300","141,300","141,300"
89529911,리안리 GALAHAD II Lite RGB 360,"178,810","178,810","178,620","170,050","170,050","178,810","178,810"
21550985,리안리 GALAHAD II Trinity 240,"_블랙_157,300|_화이트_159,000","_블랙_157,300|_화이트_160,450","_블랙_181,730|_화이트_160,450","_블랙_181,730|_화이트_160,450","_블랙_181,730|_화이트_160,450","_블랙_181,730|_화이트_160,450","_블랙_181,730|_화이트_160,450"
21551483,리안리 GALAHAD II Trinity SL-INF 240,"_블랙_213,000|_화이트_213,000","_블랙_213,000|_화이트_213,000","_블랙_213,000|_화이트_213,000","_블랙_213,000|_화이트_213,000","_블랙_213,000|_화이트_213,000","_블랙_213,000|_화이트_213,000","_블랙_213,000|_화이트_213,000"
21551651,리안리 GALAHAD II Trinity SL-INF 360,"블랙_282,000","블랙_282,000","블랙_282,000","블랙_282,000","블랙_282,000","블랙_282,000","블랙_282,000"
8025700,리안리 GB-001 그래픽카드 지지대,"25,360","25,360","25,360","25,360","25,360","25,360","25,360"
15049559,리안리 GB-002 그래픽카드 지지대,"12,000","12,000","12,000","12,000","12,000","12,000","12,000"
122930582,리안리 HydroShift II OLED Curved 360Fanless,"_블랙_508,420|_화이트_508,420","_블랙_498,240|_화이트_498,240","_블랙_498,230|_화이트_498,230","_블랙_493,050|_화이트_493,050","_블랙_493,050|_화이트_493,050","_블랙_498,240|_화이트_498,240","_블랙_498,240|_화이트_498,240"
122930556,리안리 HydroShift II OLED Curved 360P28,"_블랙_567,210|_화이트_567,200","_블랙_555,840|_화이트_555,840","_블랙_555,830|_화이트_555,830","_블랙_550,050|_화이트_550,050","_블랙_550,050|_화이트_550,050","_블랙_555,830|_화이트_555,830","_블랙_555,840|_화이트_555,840"
122930512,리안리 HydroShift II OLED Curved 360TL,"_블랙_625,980|_화이트_625,970","_블랙_625,980|_화이트_625,970","_블랙_625,980|_화이트_625,970","_블랙_609,000|_화이트_609,000","_블랙_609,000|_화이트_609,000","_블랙_625,980|_화이트_625,970","_블랙_625,980|_화이트_625,970"
98088437,리안리 Hydroshift II LCD-C 360CL,"_블랙_278,700|_화이트_309,000","_블랙_278,700|_화이트_309,000","_블랙_278,510|_화이트_309,000","_블랙_278,510|_화이트_309,000","_블랙_278,510|_화이트_309,000","_블랙_278,710|_화이트_309,000","_블랙_278,700|_화이트_309,000"
98088701,리안리 Hydroshift II LCD-C 360N,"_블랙_258,500|_화이트_260,200","_블랙_258,500|_화이트_260,200","_블랙_258,500|_화이트_260,200","_블랙_258,500|_화이트_260,200","_블랙_258,500|_화이트_260,200","_블랙_258,500|_화이트_260,200","_블랙_258,500|_화이트_260,200"
98088569,리안리 Hydroshift II LCD-C 360TL,"_블랙_368,600|_화이트_419,000","_블랙_368,600|_화이트_419,000","_블랙_368,410|_화이트_419,000","_블랙_368,410|_화이트_419,000","_블랙_368,410|_화이트_419,000","_블랙_368,900|_화이트_419,000","_블랙_368,600|_화이트_419,000"
124168015,리안리 Hydroshift II LCD-C 360TL FLEX,"_블랙_419,000|_화이트_408,250","_블랙_419,000|_화이트_408,250","_블랙_419,000|_화이트_408,250","_블랙_419,000|_화이트_408,250","_블랙_419,000|_화이트_408,250","_블랙_402,240|_화이트_402,240","_블랙_402,240|_화이트_402,240"
124168022,리안리 Hydroshift II LCD-C 360TL FLEX,0,0,0,0,0,0,"_블랙_402,240|_화이트_402,240"
109680959,리안리 Hydroshift II LCD-S 360N,"_블랙_271,840|_화이트_268,320",0,0,0,0,0,0
109680974,리안리 Hydroshift II LCD-S 360N,0,"_블랙_267,830|_화이트_268,320","_블랙_267,820|_화이트_253,320","_블랙_265,050|_화이트_265,050","_블랙_265,050|_화이트_252,060","_블랙_267,840|_화이트_267,840","_블랙_267,840|_화이트_267,840"
124167979,리안리 Hydroshift II LCD-S 360TL FLEX,"_블랙_427,740|_화이트_427,740","_블랙_421,440|_화이트_421,440","_블랙_421,430|_화이트_421,430","_블랙_417,050|_화이트_417,050","_블랙_417,050|_화이트_417,050","_블랙_421,440|_화이트_421,430","_블랙_421,440|_화이트_421,440"
124167986,리안리 Hydroshift II LCD-S 360TL FLEX,0,0,0,0,0,0,"_블랙_421,440|_화이트_421,440"
89603153,리안리 Hydroshift LCD 360 non fan,"블랙_239,000","블랙_239,000","블랙_227,660","블랙_227,660","블랙_227,620","블랙_227,600","블랙_227,680"
60239276,리안리 Hydroshift LCD 360S,"_블랙_279,000|_화이트_332,200",0,0,0,0,0,0
60239294,리안리 Hydroshift LCD 360S,0,"_블랙_279,000|_화이트_265,760","_블랙_265,750|_화이트_265,760","_블랙_265,750|_화이트_265,760","_블랙_279,000|_화이트_265,760","_블랙_279,000|_화이트_265,760","_블랙_279,000|_화이트_265,760"
74254031,리안리 L-Wireless Controller,"_블랙_29,900|_화이트_29,900","_블랙_29,900|_화이트_29,900","_블랙_29,900|_화이트_29,900","_블랙_29,900|_화이트_29,900","_블랙_29,900|_화이트_29,900",0,0
74254100,리안리 L-Wireless Controller,0,0,0,0,0,"_블랙_29,900|_화이트_29,900","_블랙_29,900|_화이트_29,900"
108419732,리안리 L-Wireless Controller V2,"_블랙_27,960|_화이트_28,230","_블랙_27,960|_화이트_27,720","_블랙_27,960|_화이트_27,390","_블랙_27,960|_화이트_27,310","_블랙_27,960|_화이트_27,280","_블랙_27,960|_화이트_27,250","_블랙_27,960|_화이트_27,230"
123236254,리안리 O11 Vision-M 9.2” LCD Kit,"_블랙_115,960|_화이트_115,960","_블랙_115,960|_화이트_115,960","_블랙_115,960|_화이트_115,960","_블랙_112,620|_화이트_113,050","_블랙_113,040|_화이트_113,050","_블랙_115,420|_화이트_115,960","_블랙_115,960|_화이트_115,960"
13106777,리안리 ST120,"3팩, 블랙_62,000","3팩, 블랙_62,000","3팩, 블랙_62,000","3팩, 블랙_62,000","3팩, 블랙_62,000","3팩, 블랙_62,000","3팩, 블랙_62,000"
14943719,리안리 UNI FAN AL120,"3팩, 화이트_131,000","3팩, 화이트_131,000","3팩, 화이트_131,000","3팩, 화이트_131,000","3팩, 화이트_131,000","3팩, 화이트_131,000","3팩, 화이트_131,000"
19763996,리안리 UNI FAN AL120 V2,"3팩, 블랙_109,890","3팩, 블랙_109,890","3팩, 블랙_109,890","3팩, 블랙_109,890","3팩, 블랙_109,890","3팩, 블랙_109,890","3팩, 블랙_109,890"
124034184,리안리 UNI FAN CL FLEX 120,"3팩, 블랙_90,140|_3팩, 화이트_90,140|_블랙_28,160|화이트_28,160","3팩, 블랙_90,140|_3팩, 화이트_90,140|_블랙_27,750|화이트_27,750","3팩, 블랙_90,140|_3팩, 화이트_90,140|_블랙_27,740|화이트_28,160","_3팩, 블랙_90,140|_3팩, 화이트_90,140|블랙_27,740|화이트_28,160","_3팩, 블랙_90,140|_3팩, 화이트_90,140|블랙_27,740|화이트_28,160","3팩, 블랙_90,140|_3팩, 화이트_90,140|_블랙_27,740|화이트_28,160","_3팩, 블랙_90,140|3팩, 화이트_90,140|_블랙_27,740|화이트_28,160"
124034228,리안리 UNI FAN CL FLEX 120,"3팩, 블랙_90,140|_3팩, 화이트_90,140|_블랙_28,160|화이트_28,160","3팩, 블랙_90,140|_3팩, 화이트_90,140|_블랙_27,750|화이트_27,750","3팩, 블랙_90,140|_3팩, 화이트_90,140|_블랙_27,740|화이트_28,160",0,"_3팩, 블랙_90,140|_3팩, 화이트_90,140|블랙_27,740|화이트_28,160",0,0
124034092,리안리 UNI FAN CL FLEX 120,0,0,0,0,0,"3팩, 블랙_90,140|_3팩, 화이트_90,140|_블랙_27,740|화이트_28,160",0
124034307,리안리 UNI FAN CL FLEX 120 리버스,"_3팩, 블랙_90,140|3팩, 화이트_90,140|_블랙_28,160|화이트_28,160","_3팩, 블랙_90,140|3팩, 화이트_90,140|_블랙_27,750|화이트_27,750","_3팩, 블랙_90,140|3팩, 화이트_90,140|_블랙_28,160|화이트_28,160","_3팩, 블랙_90,140|3팩, 화이트_90,140|_블랙_28,160|화이트_28,160","_3팩, 블랙_90,140|3팩, 화이트_90,140|_블랙_28,160|화이트_28,160","_3팩, 블랙_90,140|3팩, 화이트_90,140|_블랙_28,160|화이트_28,160","_3팩, 블랙_90,140|3팩, 화이트_90,140|_블랙_28,160|화이트_28,160"
98089037,리안리 UNI FAN CL Wireless 120,"블랙_19,800|3팩, 블랙_63,830|_화이트_19,880|_3팩, 화이트_63,830","블랙_19,880|_3팩, 블랙_63,830|화이트_19,880|_3팩, 화이트_63,830",0,"블랙_19,690|_3팩, 블랙_63,640|화이트_19,690|_3팩, 화이트_63,630","블랙_19,690|_3팩, 블랙_63,640|화이트_19,690|_3팩, 화이트_63,630","블랙_19,880|_3팩, 블랙_63,800|화이트_19,890|_3팩, 화이트_63,800","블랙_19,880|3팩, 블랙_63,830|_화이트_19,880|_3팩, 화이트_63,830"
98089022,리안리 UNI FAN CL Wireless 120,0,0,"블랙_19,690|_3팩, 블랙_63,640|_화이트_19,690|3팩, 화이트_63,630",0,0,0,0
98089247,리안리 UNI FAN CL Wireless 120 리버스,"블랙_19,880|_3팩, 블랙_63,210|화이트_19,900|_3팩, 화이트_115,490","블랙_19,880|_3팩, 블랙_62,710|화이트_19,900|_3팩, 화이트_92,400",0,0,0,0,0
98089130,리안리 UNI FAN CL Wireless 120 리버스,0,0,"_블랙_19,690|_3팩, 블랙_62,710|화이트_19,900|3팩, 화이트_92,390","_블랙_19,690|_3팩, 블랙_62,710|화이트_19,900|3팩, 화이트_92,390","_블랙_19,690|_3팩, 블랙_62,210|화이트_19,900|3팩, 화이트_92,400","_블랙_19,800|_3팩, 블랙_62,420|화이트_19,900|3팩, 화이트_92,400","_블랙_19,880|_3팩, 블랙_62,420|화이트_19,900|3팩, 화이트_92,400"
20710796,리안리 UNI FAN P28 사이드 ARGB 킷,"블랙_29,900","블랙_29,900","블랙_29,900","블랙_29,900","블랙_29,900","블랙_29,900","블랙_29,900"
124034596,리안리 UNI FAN SL FLEX 120,"_3팩, 블랙_123,790|_3팩, 화이트_123,790|블랙_36,960","_3팩, 블랙_123,790|_3팩, 화이트_123,790|블랙_37,900","_3팩, 블랙_123,790|_3팩, 화이트_123,790|블랙_37,900","_3팩, 블랙_120,650|_3팩, 화이트_120,650|블랙_37,900","_3팩, 블랙_120,650|_3팩, 화이트_120,650|블랙_37,900","_3팩, 블랙_123,790|_3팩, 화이트_123,190|블랙_37,900","_3팩, 블랙_123,790|_3팩, 화이트_123,790|블랙_37,900"
124034606,리안리 UNI FAN SL FLEX 120,"_3팩, 블랙_123,790|_3팩, 화이트_123,790|블랙_36,960",0,0,0,0,"_3팩, 블랙_123,790|_3팩, 화이트_123,190|블랙_37,900","_3팩, 블랙_123,790|_3팩, 화이트_123,790|블랙_37,900"
124034651,리안리 UNI FAN SL FLEX 120 리버스,"_3팩, 블랙_123,790|3팩, 화이트_127,000|블랙_37,900|_화이트_36,950","3팩, 블랙_123,790|_3팩, 화이트_127,000|블랙_37,900|_화이트_36,950","_3팩, 블랙_123,790|_3팩, 화이트_127,000|화이트_36,950","3팩, 블랙_123,790|_3팩, 화이트_127,000|_화이트_36,950","3팩, 블랙_123,790|_3팩, 화이트_127,000|_화이트_36,950","3팩, 블랙_123,790|_3팩, 화이트_127,000|_화이트_36,950","3팩, 블랙_123,790|_3팩, 화이트_120,600|_화이트_37,900"
124034638,리안리 UNI FAN SL FLEX 120 리버스,"_3팩, 블랙_123,790|3팩, 화이트_127,000|블랙_37,900|_화이트_36,950","3팩, 블랙_123,790|_3팩, 화이트_127,000|블랙_37,900|_화이트_36,950",0,0,0,0,0
124034659,리안리 UNI FAN SL FLEX 120 리버스,0,0,"_3팩, 블랙_123,790|_3팩, 화이트_127,000|화이트_36,950","3팩, 블랙_123,790|_3팩, 화이트_127,000|_화이트_36,950","3팩, 블랙_123,790|_3팩, 화이트_127,000|_화이트_36,950","3팩, 블랙_123,790|_3팩, 화이트_127,000|_화이트_36,950","3팩, 블랙_123,790|_3팩, 화이트_120,600|_화이트_37,900"
72305726,리안리 UNI FAN SL Wireless 120,"_블랙_30,000|_3팩, 블랙_111,880|화이트_39,900|3팩, 화이트_139,000","_블랙_30,000|_3팩, 블랙_111,880|화이트_39,900|3팩, 화이트_132,400","_블랙_30,000|_3팩, 블랙_111,700|화이트_39,900|3팩, 화이트_132,390","_블랙_30,000|_3팩, 블랙_111,700|화이트_39,900|3팩, 화이트_132,390","_블랙_30,000|_3팩, 블랙_111,700|화이트_39,900|3팩, 화이트_132,400","_블랙_30,000|_3팩, 블랙_111,890|화이트_39,900|3팩, 화이트_132,390",0
72305816,리안리 UNI FAN SL Wireless 120,0,0,0,0,0,0,"블랙_30,000|_3팩, 블랙_111,880|_화이트_39,900|3팩, 화이트_132,400"
72305987,리안리 UNI FAN SL Wireless 120 리버스,"_블랙_32,900|_화이트_39,900|3팩, 화이트_139,000","_블랙_32,900|_화이트_39,900|3팩, 화이트_139,000","_블랙_32,900|_화이트_39,900|3팩, 화이트_139,000",0,0,0,0
72306074,리안리 UNI FAN SL Wireless 120 리버스,0,0,0,"_블랙_32,900|_화이트_39,900|3팩, 화이트_139,000","_블랙_32,900|_화이트_39,900|3팩, 화이트_139,000","_블랙_32,900|_화이트_39,900|3팩, 화이트_139,000","_블랙_32,900|_화이트_39,900|3팩, 화이트_139,000"
72303590,리안리 UNI FAN SL Wireless LCD 120,"블랙_62,900|_3팩, 블랙_174,880|_화이트_62,900|3팩, 화이트_199,000","블랙_62,900|_3팩, 블랙_174,880|_화이트_62,900|3팩, 화이트_199,000","블랙_62,900|_3팩, 블랙_174,880|_화이트_62,900|3팩, 화이트_199,000","블랙_62,900|_3팩, 블랙_174,880|_화이트_62,900|3팩, 화이트_199,000","블랙_62,900|_3팩, 블랙_174,880|화이트_62,900|_3팩, 화이트_199,000","블랙_62,900|_3팩, 블랙_174,880|화이트_62,900|_3팩, 화이트_199,000","블랙_62,900|_3팩, 블랙_174,880|화이트_62,900|_3팩, 화이트_199,000"
72303950,리안리 UNI FAN SL Wireless LCD 120 리버스,"_블랙_52,850|_3팩, 블랙_149,600|화이트_62,900","_블랙_52,850|_3팩, 블랙_149,600|화이트_62,900","_블랙_52,660|_3팩, 블랙_149,600|화이트_62,900","_블랙_52,660|_3팩, 블랙_149,600|화이트_62,900","_블랙_52,660|_3팩, 블랙_149,600|화이트_62,900","_블랙_52,660|_3팩, 블랙_149,600|화이트_62,900","_블랙_52,850|_3팩, 블랙_175,810|화이트_62,900"
17740145,리안리 UNI FAN SL-INF 120 RGB,"블랙_45,540|_컨트롤러/3팩, 블랙_145,360|화이트_46,850|_컨트롤러/3팩, 화이트_148,840",0,0,0,0,0,0
17740076,리안리 UNI FAN SL-INF 120 RGB,0,"블랙_44,710|컨트롤러/3팩, 블랙_141,920|_화이트_44,700|_컨트롤러/3팩, 화이트_141,920","블랙_44,700|컨트롤러/3팩, 블랙_141,900|_화이트_44,670|_컨트롤러/3팩, 화이트_141,910","블랙_44,700|컨트롤러/3팩, 블랙_141,900|_화이트_44,620|_컨트롤러/3팩, 화이트_141,910","블랙_44,710|컨트롤러/3팩, 블랙_141,910|_화이트_44,590|_컨트롤러/3팩, 화이트_141,920","블랙_44,710|컨트롤러/3팩, 블랙_141,900|_화이트_44,570|_컨트롤러/3팩, 화이트_141,920","블랙_44,710|컨트롤러/3팩, 블랙_128,500|_화이트_44,710|_컨트롤러/3팩, 화이트_141,920"
28051874,리안리 UNI FAN SL-INF 120 RGB 리버스,"_블랙_46,850|_화이트_46,900","_블랙_44,720|_화이트_44,700","_블랙_44,710|_화이트_44,670","_블랙_44,710|_화이트_44,630","_블랙_44,720|_화이트_44,590","_블랙_44,720|_화이트_44,570","_블랙_44,720|_화이트_44,710"
18864734,리안리 UNI FAN SL-INF 140 RGB,"_블랙_49,840|_화이트_49,840",0,0,0,0,0,0
18864695,리안리 UNI FAN SL-INF 140 RGB,0,"_블랙_47,600|_화이트_47,600","_블랙_47,590|_화이트_47,590","_블랙_47,040|_화이트_44,190","_블랙_47,600|_화이트_47,600","_블랙_46,580|_화이트_43,750","_블랙_47,600|_화이트_47,600"
53523941,리안리 UNI FAN SL-INF 140 RGB 리버스,"_블랙_49,840|_화이트_49,840","_블랙_47,600|_화이트_47,600","_블랙_47,590|_화이트_47,590","_블랙_47,040|_화이트_44,190","_블랙_47,600|_화이트_47,600","_블랙_46,580|_화이트_43,750","_블랙_47,600|_화이트_47,600"
124045566,리안리 UNI FAN SL-INF FLEX 120,"3팩, 블랙_182,250|3팩, 화이트_182,200|_블랙_56,440|_화이트_56,440","_3팩, 블랙_179,200|3팩, 화이트_179,200|_블랙_55,200|화이트_55,200","_3팩, 블랙_179,190|3팩, 화이트_179,190|_블랙_55,190|화이트_55,190","_3팩, 블랙_179,190|3팩, 화이트_179,190|_블랙_55,190|화이트_55,190","_3팩, 블랙_179,200|3팩, 화이트_179,200|_블랙_55,200|화이트_55,200","_3팩, 블랙_179,200|3팩, 화이트_179,190|_블랙_55,200|화이트_55,200","3팩, 블랙_179,200|3팩, 화이트_179,200|_블랙_55,200|_화이트_55,200"
124045547,리안리 UNI FAN SL-INF FLEX 120,"3팩, 블랙_182,250|3팩, 화이트_182,200|_블랙_56,440|_화이트_56,440","_3팩, 블랙_179,200|3팩, 화이트_179,200|_블랙_55,200|화이트_55,200","_3팩, 블랙_179,190|3팩, 화이트_179,190|_블랙_55,190|화이트_55,190","_3팩, 블랙_179,190|3팩, 화이트_179,190|_블랙_55,190|화이트_55,190","_3팩, 블랙_179,200|3팩, 화이트_179,200|_블랙_55,200|화이트_55,200","_3팩, 블랙_179,200|3팩, 화이트_179,190|_블랙_55,200|화이트_55,200","3팩, 블랙_179,200|3팩, 화이트_179,200|_블랙_55,200|_화이트_55,200"
124045613,리안리 UNI FAN SL-INF FLEX 120 리버스,"_3팩, 블랙_182,250|3팩, 화이트_182,250|블랙_56,440|_화이트_56,440","_3팩, 블랙_182,250|3팩, 화이트_182,250|블랙_56,440|_화이트_56,440","_3팩, 블랙_179,190|3팩, 화이트_179,190|블랙_55,190|_화이트_55,190","_3팩, 블랙_179,190|3팩, 화이트_179,190|블랙_55,190|_화이트_55,190","_3팩, 블랙_179,200|3팩, 화이트_179,200|블랙_55,200|_화이트_55,200","_3팩, 블랙_179,200|3팩, 화이트_179,200|블랙_55,200|_화이트_55,200","_3팩, 블랙_179,200|3팩, 화이트_179,200|블랙_55,200|_화이트_55,200"
124045591,리안리 UNI FAN SL-INF FLEX 120 리버스,"_3팩, 블랙_182,250|3팩, 화이트_182,250|블랙_56,440|_화이트_56,440",0,0,0,0,0,0
124045888,리안리 UNI FAN SL-INF LCD FLEX 120,"3팩, 블랙_252,350|3팩, 화이트_252,350|_블랙_84,380|_화이트_84,380","3팩, 블랙_252,350|3팩, 화이트_248,640|_블랙_84,380|_화이트_84,380","3팩, 블랙_252,350|3팩, 화이트_248,630|_블랙_84,380|_화이트_84,380","3팩, 블랙_252,350|3팩, 화이트_248,630|_블랙_84,380|_화이트_84,380","3팩, 블랙_252,350|3팩, 화이트_248,640|_블랙_84,380|_화이트_84,380","_3팩, 블랙_252,350|3팩, 화이트_248,640|_블랙_84,380|화이트_84,380","_3팩, 블랙_252,350|3팩, 화이트_248,640|_블랙_84,380|화이트_84,380"
124045814,리안리 UNI FAN SL-INF LCD FLEX 120,"3팩, 블랙_252,350|3팩, 화이트_252,350|_블랙_84,380|_화이트_84,380","3팩, 블랙_252,350|3팩, 화이트_248,640|_블랙_84,380|_화이트_84,380","3팩, 블랙_252,350|3팩, 화이트_248,630|_블랙_84,380|_화이트_84,380","3팩, 블랙_252,350|3팩, 화이트_248,630|_블랙_84,380|_화이트_84,380","3팩, 블랙_252,350|3팩, 화이트_248,640|_블랙_84,380|_화이트_84,380","_3팩, 블랙_252,350|3팩, 화이트_248,640|_블랙_84,380|화이트_84,380","_3팩, 블랙_252,350|3팩, 화이트_248,640|_블랙_84,380|화이트_84,380"
124045933,리안리 UNI FAN SL-INF LCD FLEX 120 리버스,"_3팩, 블랙_252,350|3팩, 화이트_252,350|_블랙_84,380|화이트_84,380","_3팩, 블랙_252,350|3팩, 화이트_252,350|_블랙_84,380|화이트_84,380","_3팩, 블랙_248,630|3팩, 화이트_248,630|_블랙_84,380|화이트_84,380","_3팩, 블랙_248,630|3팩, 화이트_248,630|_블랙_84,380|화이트_84,380","_3팩, 블랙_248,640|3팩, 화이트_248,640|_블랙_84,390|화이트_84,390","_3팩, 블랙_248,640|3팩, 화이트_248,640|_블랙_84,380|화이트_84,390","_3팩, 블랙_248,640|3팩, 화이트_248,640|_블랙_84,390|화이트_84,390"
124045909,리안리 UNI FAN SL-INF LCD FLEX 120 리버스,0,"_3팩, 블랙_252,350|3팩, 화이트_252,350|_블랙_84,380|화이트_84,380",0,"_3팩, 블랙_248,630|3팩, 화이트_248,630|_블랙_84,380|화이트_84,380","_3팩, 블랙_248,640|3팩, 화이트_248,640|_블랙_84,390|화이트_84,390","_3팩, 블랙_248,640|3팩, 화이트_248,640|_블랙_84,380|화이트_84,390","_3팩, 블랙_248,640|3팩, 화이트_248,640|_블랙_84,390|화이트_84,390"
98087987,리안리 UNI FAN SL-INF Wireless 120,"블랙_59,990|_3팩, 블랙_128,870|_3팩, 화이트_125,900",0,"블랙_59,990|_3팩, 블랙_128,680|_3팩, 화이트_125,900","블랙_59,990|_3팩, 블랙_128,680|_3팩, 화이트_125,900","블랙_59,990|_3팩, 블랙_128,680|_3팩, 화이트_125,900","블랙_59,990|_3팩, 블랙_128,880|_3팩, 화이트_125,900","블랙_59,990|_3팩, 블랙_128,870|_3팩, 화이트_125,900"
98087882,리안리 UNI FAN SL-INF Wireless 120,0,"블랙_59,990|_3팩, 블랙_128,870|_3팩, 화이트_125,900",0,0,0,0,0
98088011,리안리 UNI FAN SL-INF Wireless 120 리버스,"_블랙_39,850|_3팩, 블랙_128,870",0,0,0,0,0,0
98088065,리안리 UNI FAN SL-INF Wireless 120 리버스,0,"_블랙_39,850|_3팩, 블랙_128,870","_블랙_39,670|_3팩, 블랙_128,680","_블랙_39,670|_3팩, 블랙_128,680","_블랙_39,670|_3팩, 블랙_128,680","_블랙_39,850|_3팩, 블랙_128,900","_블랙_39,850|_3팩, 블랙_128,870"
105679607,리안리 UNI FAN SL-INF Wireless 140,"_블랙_40,870|_화이트_40,870","_블랙_40,870|_화이트_40,870","_블랙_40,870|_화이트_40,870","_블랙_40,870|_화이트_40,870","_블랙_40,870|_화이트_40,870","_블랙_40,870|_화이트_40,870","_블랙_40,870|_화이트_40,870"
105679637,리안리 UNI FAN SL-INF Wireless 140 리버스,"_블랙_40,870|_화이트_40,870","_블랙_40,870|_화이트_40,870","_블랙_40,870|_화이트_40,870","_블랙_40,870|_화이트_40,870","_블랙_40,870|_화이트_40,870","_블랙_40,870|_화이트_40,870","_블랙_40,870|_화이트_40,870"
12712601,리안리 UNI FAN SL140,"화이트_45,610","화이트_45,610","화이트_45,610","화이트_45,610","화이트_45,610","화이트_45,610","화이트_45,610"
124046027,리안리 UNI FAN TL FLEX 120,"_3팩, 블랙_174,410|3팩, 화이트_174,410|_블랙_55,770|화이트_52,700","_3팩, 블랙_171,840|3팩, 화이트_171,840|_블랙_55,770|화이트_52,700","_3팩, 블랙_171,830|3팩, 화이트_171,830|_블랙_55,770|화이트_52,700","_3팩, 블랙_171,830|3팩, 화이트_171,830|_블랙_55,770|화이트_52,700","_3팩, 블랙_171,830|3팩, 화이트_171,830|_블랙_55,770|화이트_52,700","_3팩, 블랙_171,830|3팩, 화이트_171,830|_블랙_55,770|화이트_52,700","3팩, 블랙_171,830|3팩, 화이트_171,830|_블랙_55,770|_화이트_52,700"
124046022,리안리 UNI FAN TL FLEX 120,"_3팩, 블랙_174,410|3팩, 화이트_174,410|_블랙_55,770|화이트_52,700","_3팩, 블랙_171,840|3팩, 화이트_171,840|_블랙_55,770|화이트_52,700","_3팩, 블랙_171,830|3팩, 화이트_171,830|_블랙_55,770|화이트_52,700","_3팩, 블랙_171,830|3팩, 화이트_171,830|_블랙_55,770|화이트_52,700","_3팩, 블랙_171,830|3팩, 화이트_171,830|_블랙_55,770|화이트_52,700","_3팩, 블랙_171,830|3팩, 화이트_171,830|_블랙_55,770|화이트_52,700",0
124046024,리안리 UNI FAN TL FLEX 120,0,0,0,0,0,0,"3팩, 블랙_171,830|3팩, 화이트_171,830|_블랙_55,770|_화이트_52,700"
124046061,리안리 UNI FAN TL FLEX 120 리버스,"_3팩, 화이트_174,410|_블랙_58,330|화이트_53,580","_3팩, 화이트_171,840|_블랙_58,330|화이트_52,710","_3팩, 화이트_171,830|_블랙_58,330|화이트_52,700","_3팩, 화이트_171,830|_블랙_58,330|화이트_52,700","_3팩, 화이트_171,830|_블랙_58,330|화이트_52,700","_3팩, 화이트_171,830|_블랙_58,330|화이트_52,700","_3팩, 화이트_171,830|_블랙_58,330|화이트_52,700"
124046036,리안리 UNI FAN TL FLEX 120 리버스,"_3팩, 화이트_174,410|_블랙_58,330|화이트_53,580","_3팩, 화이트_171,840|_블랙_58,330|화이트_52,710","_3팩, 화이트_171,830|_블랙_58,330|화이트_52,700","_3팩, 화이트_171,830|_블랙_58,330|화이트_52,700","_3팩, 화이트_171,830|_블랙_58,330|화이트_52,700","_3팩, 화이트_171,830|_블랙_58,330|화이트_52,700","_3팩, 화이트_171,830|_블랙_58,330|화이트_52,700"
32488757,리안리 UNI FAN TL LCD 120,"_컨트롤러/3팩, 블랙_185,400|_컨트롤러/3팩, 화이트_187,320","_컨트롤러/3팩, 블랙_185,400|_컨트롤러/3팩, 화이트_187,320","_컨트롤러/3팩, 블랙_185,400|_컨트롤러/3팩, 화이트_187,320","_컨트롤러/3팩, 블랙_185,400|_컨트롤러/3팩, 화이트_187,320","_컨트롤러/3팩, 블랙_185,400|_컨트롤러/3팩, 화이트_187,320",0,0
32488823,리안리 UNI FAN TL LCD 120,0,0,0,0,0,"_컨트롤러/3팩, 블랙_185,400|_컨트롤러/3팩, 화이트_187,320","_컨트롤러/3팩, 블랙_185,400|_컨트롤러/3팩, 화이트_187,320"
32489330,리안리 UNI FAN TL LCD 140,"블랙_86,420","블랙_86,420","블랙_86,420","블랙_86,420","블랙_86,420","블랙_86,420","블랙_86,420"
124046156,리안리 UNI FAN TL LCD FLEX 120,"3팩, 블랙_242,610|_3팩, 화이트_242,610|블랙_82,820|_화이트_82,820","_3팩, 블랙_242,610|3팩, 화이트_242,610|블랙_82,820|_화이트_82,820","_3팩, 블랙_239,030|3팩, 화이트_239,030|블랙_80,790|_화이트_82,810","_3팩, 블랙_236,550|3팩, 화이트_236,550|블랙_80,790|_화이트_82,810","_3팩, 블랙_236,550|3팩, 화이트_236,550|블랙_80,800|_화이트_82,810","_3팩, 블랙_239,030|3팩, 화이트_239,030|블랙_80,800|_화이트_82,810","_3팩, 블랙_239,040|3팩, 화이트_239,040|블랙_80,800|_화이트_80,800"
124046142,리안리 UNI FAN TL LCD FLEX 120,"3팩, 블랙_242,610|_3팩, 화이트_242,610|블랙_82,820|_화이트_82,820","_3팩, 블랙_242,610|3팩, 화이트_242,610|블랙_82,820|_화이트_82,820","_3팩, 블랙_239,030|3팩, 화이트_239,030|블랙_80,790|_화이트_82,810","_3팩, 블랙_236,550|3팩, 화이트_236,550|블랙_80,790|_화이트_82,810","_3팩, 블랙_236,550|3팩, 화이트_236,550|블랙_80,800|_화이트_82,810","_3팩, 블랙_239,030|3팩, 화이트_239,030|블랙_80,800|_화이트_82,810","_3팩, 블랙_239,040|3팩, 화이트_239,040|블랙_80,800|_화이트_80,800"
124046208,리안리 UNI FAN TL LCD FLEX 120 리버스,"_3팩, 블랙_242,620|3팩, 화이트_242,620|블랙_82,820|_화이트_82,820","_3팩, 블랙_242,620|3팩, 화이트_242,620|_블랙_82,820|화이트_82,820","3팩, 블랙_239,030|3팩, 화이트_239,030|_블랙_80,790|_화이트_80,790","3팩, 블랙_236,550|3팩, 화이트_236,550|_블랙_80,360|_화이트_80,650","3팩, 블랙_236,550|3팩, 화이트_236,550|_블랙_80,360|_화이트_80,650","3팩, 블랙_239,030|3팩, 화이트_239,040|_블랙_80,800|_화이트_80,800","_3팩, 블랙_239,040|3팩, 화이트_239,040|_블랙_80,800|화이트_80,800"
124046186,리안리 UNI FAN TL LCD FLEX 120 리버스,0,"_3팩, 블랙_242,620|3팩, 화이트_242,620|_블랙_82,820|화이트_82,820","3팩, 블랙_239,030|3팩, 화이트_239,030|_블랙_80,790|_화이트_80,790","3팩, 블랙_236,550|3팩, 화이트_236,550|_블랙_80,360|_화이트_80,650","3팩, 블랙_236,550|3팩, 화이트_236,550|_블랙_80,360|_화이트_80,650","3팩, 블랙_239,030|3팩, 화이트_239,040|_블랙_80,800|_화이트_80,800","_3팩, 블랙_239,040|3팩, 화이트_239,040|_블랙_80,800|화이트_80,800"
75465134,리안리 UNI FAN TL Wireless 120,"블랙_77,990|_3팩, 블랙_129,000|_3팩, 화이트_128,870","블랙_168,840|_3팩, 블랙_129,000|_3팩, 화이트_128,870","블랙_166,910|_3팩, 블랙_129,000|_3팩, 화이트_128,680","블랙_166,910|_3팩, 블랙_129,000|_3팩, 화이트_128,680","블랙_167,130|_3팩, 블랙_129,000|_3팩, 화이트_128,680","_블랙_167,130|3팩, 블랙_129,000|_3팩, 화이트_128,990","블랙_167,350|_3팩, 블랙_129,000|_3팩, 화이트_128,870"
75465545,리안리 UNI FAN TL Wireless 120 리버스,"_3팩, 블랙_170,000|_화이트_54,900","_3팩, 블랙_170,000|_화이트_54,900","_3팩, 블랙_170,000|_화이트_54,900","_3팩, 블랙_170,000|_화이트_54,900","_3팩, 블랙_170,000|_화이트_54,900","_3팩, 블랙_170,000|_화이트_54,900","_3팩, 블랙_170,000|_화이트_54,900"
92359304,리안리 UNI FAN TL Wireless 140,"_블랙_39,850|_화이트_39,850","_블랙_39,850|_화이트_39,850","_블랙_39,670|_화이트_39,670","_블랙_39,670|_화이트_39,670","_블랙_39,670|_화이트_39,670",0,0
92359232,리안리 UNI FAN TL Wireless 140,0,0,0,0,0,"_블랙_39,800|_화이트_39,850","_블랙_39,850|_화이트_39,850"
92359439,리안리 UNI FAN TL Wireless 140 리버스,"_블랙_37,700|_화이트_39,900",0,"_블랙_37,700|_화이트_39,900",0,0,0,0
92359397,리안리 UNI FAN TL Wireless 140 리버스,0,"_블랙_37,700|_화이트_39,900",0,"_블랙_37,700|_화이트_39,900","_블랙_39,670|_화이트_39,900","_블랙_39,790|_화이트_39,900","_블랙_38,480|_화이트_39,900"
75465443,리안리 UNI FAN TL Wireless LCD 120,"블랙_63,900|3팩, 블랙_198,780|_3팩, 화이트_273,000|_화이트_122,780","3팩, 블랙_198,780|_3팩, 화이트_273,000|_화이트_122,780","3팩, 블랙_198,600|_3팩, 화이트_259,990|_화이트_122,780",0,"3팩, 블랙_198,600|_3팩, 화이트_239,000|_화이트_122,780","3팩, 블랙_198,870|_3팩, 화이트_239,000|_화이트_120,220",0
75465392,리안리 UNI FAN TL Wireless LCD 120,0,0,0,"3팩, 블랙_198,600|_3팩, 화이트_239,000|_화이트_122,780",0,0,"3팩, 블랙_198,780|_3팩, 화이트_239,000|_화이트_120,220"
92359784,리안리 UNI FAN TL Wireless LCD 140 리버스,"블랙_69,830","블랙_69,830","블랙_69,640","블랙_69,640","블랙_69,640","블랙_69,830","블랙_69,830"
10900908,마이크로닉스 COOLMAX AID W240 ARGB,"블랙_66,700","블랙_66,700","블랙_66,700","블랙_66,700","블랙_66,700","블랙_66,700","블랙_66,700"
100697534,마이크로닉스 ICEROCK C30 120 aRGB PWM RVS,"_블랙_7,410|_화이트_7,410","_블랙_7,420|_화이트_7,420","_블랙_7,410|_화이트_7,410","_블랙_7,410|_화이트_7,410","_블랙_7,410|_화이트_7,410","_블랙_7,410|_화이트_7,410","_블랙_7,410|_화이트_7,410"
100697456,마이크로닉스 ICEROCK C30 120 aRGB PWM STD,"_블랙_7,410|_화이트_7,410","_블랙_7,420|_화이트_7,420","_블랙_7,410|_화이트_7,410","_블랙_7,410|_화이트_7,410","_블랙_7,410|_화이트_7,410","_블랙_7,410|_화이트_7,410","_블랙_7,410|_화이트_7,410"
122628555,마이크로닉스 ICEROCK CL-360,"_블랙_55,570|_화이트_61,290","_블랙_56,880|_화이트_61,330","_블랙_58,900|_화이트_63,900","_블랙_58,900|_화이트_63,900","_블랙_58,900|_화이트_63,900","_블랙_58,900|_화이트_64,500","_블랙_59,900|_화이트_64,900"
122628603,마이크로닉스 ICEROCK EL-360 DIGITAL,"_블랙_75,880|_화이트_79,900","_블랙_75,900|_화이트_79,900","_블랙_75,060|_화이트_79,020","_블랙_75,060|_화이트_79,020","_블랙_75,060|_화이트_79,020","_블랙_75,500|_화이트_79,900","_블랙_75,900|_화이트_79,900"
96652508,마이크로닉스 ICEROCK G30-120 인피니티 aRGB PWM RVS,"블랙_8,630","블랙_8,000","블랙_7,990","블랙_7,990","블랙_8,000","블랙_8,000","블랙_8,000"
102126239,마이크로닉스 ICEROCK G30-120 인피니티 aRGB PWM RVS 벌크,"화이트_8,450","화이트_8,480","화이트_8,470","화이트_8,470","화이트_8,470","화이트_8,470","화이트_8,470"
96585302,마이크로닉스 ICEROCK G30-120 인피니티 aRGB PWM STD,"블랙_8,450","블랙_8,800","블랙_8,680","블랙_8,490","블랙_8,500","블랙_8,500","블랙_8,790"
102126227,마이크로닉스 ICEROCK G30-120 인피니티 aRGB PWM STD 벌크,"화이트_8,900","화이트_8,900","화이트_8,900","화이트_8,900","화이트_8,900","화이트_8,900","화이트_8,920"
35953094,마이크로닉스 ICEROCK MA-410,"_블랙_19,890|_화이트_21,740","_블랙_19,900|_화이트_22,900","_블랙_19,690|_화이트_22,680","_블랙_19,490|_화이트_22,680","_블랙_19,500|_화이트_22,680","_블랙_19,500|_화이트_22,900","_블랙_19,900|_화이트_22,900"
123622057,마이크로닉스 ICEROCK MA-500,"_블랙_21,170|_화이트_22,990","_블랙_21,180|_화이트_22,990","_블랙_21,180|_화이트_22,990","_블랙_21,180|_화이트_22,990","_블랙_21,180|_화이트_22,990","_블랙_21,180|_화이트_22,990","_블랙_21,180|_화이트_22,990"
103325393,마이크로닉스 ICEROCK MA-500 ARGB,"_블랙_23,500|_화이트_24,180","_블랙_23,500|_화이트_25,500","_블랙_23,260|_화이트_25,240","_블랙_23,090|_화이트_25,090","_블랙_23,100|_화이트_25,100",0,0
103325402,마이크로닉스 ICEROCK MA-500 ARGB,0,0,0,0,0,"_블랙_23,090|_화이트_25,500","_블랙_23,500|_화이트_25,500"
44906780,마이크로닉스 ICEROCK MA-600T,"블랙_35,900","블랙_35,900","블랙_35,900","블랙_35,900","블랙_35,900","블랙_35,900","블랙_35,900"
73697573,마이크로닉스 ICEROCK MA-92 RGB,"화이트_17,100","화이트_17,100","화이트_17,100","화이트_17,100","화이트_17,100","화이트_17,100","화이트_17,100"
97566044,마이크로닉스 ICEROCK MH 120 엣지 aRGB PWM RVS,"_블랙_7,900|_화이트_7,900","_블랙_7,910|_화이트_7,910","_블랙_7,900|_화이트_7,900",0,0,0,0
97566062,마이크로닉스 ICEROCK MH 120 엣지 aRGB PWM RVS,0,0,0,"_블랙_7,900|_화이트_7,900","_블랙_7,900|_화이트_7,900","_블랙_7,900|_화이트_7,900","_블랙_7,900|_화이트_7,900"
97566011,마이크로닉스 ICEROCK MH 120 엣지 aRGB PWM STD,"_블랙_7,900|_화이트_7,830","_블랙_7,910|_화이트_7,910","_블랙_7,900|_화이트_7,900","_블랙_7,900|_화이트_7,900","_블랙_7,900|_화이트_7,900","_블랙_7,900|_화이트_7,900","_블랙_7,900|_화이트_7,900"
32862647,마이크로닉스 ICEROCK MLD-420,"블랙_159,000","블랙_159,000","블랙_159,000","블랙_159,000","블랙_159,000","블랙_159,000","블랙_159,000"
18780407,마이크로닉스 MA-100,"18,900","18,900","18,900","18,900","18,900","18,900","18,900"
20102228,마이크로닉스 MA-4 Frigate,"_블랙_27,900|_화이트_28,900","_블랙_27,900|_화이트_28,900","_블랙_27,900|_화이트_28,900","_블랙_27,900|_화이트_28,900","_블랙_27,900|_화이트_28,900","_블랙_27,900|_화이트_28,900","_블랙_26,900|_화이트_27,900"
16353515,마이크로닉스 MA420 스웰로우 ARGB,"22,900","22,900","22,900","22,900","22,900","22,900","22,900"
6366433,마이크로닉스 MANIC 트윙클 Digital RGB Sync,"_1팩_5,690|컨트롤러/1팩_46,500|_컨트롤러/3팩_17,890","_1팩_5,690|컨트롤러/1팩_46,500|_컨트롤러/3팩_17,890","_1팩_5,770|컨트롤러/1팩_46,500|_컨트롤러/3팩_17,950","_1팩_5,770|컨트롤러/1팩_46,500|_컨트롤러/3팩_17,950","_1팩_5,770|컨트롤러/1팩_46,500|_컨트롤러/3팩_17,950","_1팩_5,770|컨트롤러/1팩_46,500|_컨트롤러/3팩_17,950","_1팩_5,770|컨트롤러/1팩_46,500|_컨트롤러/3팩_17,950"
7654666,마이크로닉스 MANIC 트윙클 Digital RGB Sync 팬 컨트롤러,"5,880","5,880","5,880","5,880","5,880","5,880","5,880"
14675126,마이크로닉스 MN-GL20 써멀그리스,"16,420","16,420","16,420","16,420","16,420","16,420","16,420"
14675192,마이크로닉스 MN-GL4 써멀그리스,"4,500","4,500","4,500","4,500","4,500","4,500","4,500"
47324447,마이크로닉스 WARP C2 M.2 히트싱크,"5,880","5,880","5,880","5,880","5,880","5,880","5,880"
109680638,마이크로닉스 WIZMAX POWER UP KIT+G30 3PACK,"블랙_27,530","블랙_27,530","블랙_27,530","블랙_27,530","블랙_27,530","블랙_27,530","블랙_27,530"
33427412,마하링크 ML-MTC 써멀그리스,"_1g_1,600|_20g_11,000|2g_2,200|4g_3,400|8g_5,800",0,"_1g_1,600|_20g_11,000|2g_2,200|4g_3,400|8g_5,800","_1g_1,600|_20g_11,000|2g_2,200|4g_3,400|8g_5,800","_1g_1,600|_20g_11,000|2g_2,200|4g_3,400|8g_5,800","_1g_1,600|_20g_11,000|2g_2,200|4g_3,400|8g_5,800","_1g_1,600|_20g_11,000|2g_2,200|4g_3,400|8g_5,800"
16401962,맥스엘리트 MOTHRA 240 AIO ARGB,"블랙_88,030","블랙_88,030","블랙_88,030","블랙_88,030","블랙_88,030","블랙_88,030","블랙_88,030"
18978314,맥스엘리트 MT-WING 120,"블랙_8,800","블랙_8,800","블랙_8,800","블랙_8,800","블랙_8,800","블랙_8,800","블랙_8,800"
63032381,몬스타 가츠 X620A 리버스 벌크,0,0,0,0,0,0,"_블랙_5,000|_화이트_5,500"
63028994,몬스타 가츠 X620A 벌크,"화이트_5,230","화이트_5,230","화이트_5,230","화이트_5,230","화이트_5,230","화이트_5,230","화이트_5,500"
28236323,발키리 A360 ARGB,"화이트_187,790","화이트_187,790","화이트_187,790","화이트_187,790","화이트_187,790","화이트_187,790","화이트_187,790"
74011784,발키리 AL125 LCD ARGB,"_블랙_33,950|_화이트_35,570","_블랙_33,950|_화이트_35,570","_블랙_35,520|_화이트_36,960","_블랙_35,520|_화이트_36,960","_블랙_35,500|_화이트_36,960","_블랙_32,967|_화이트_34,542","_블랙_32,967|_화이트_34,542"
94081352,발키리 AQ125,"_블랙_18,180|_화이트_19,280","_블랙_18,180|_화이트_19,280","_블랙_17,570|_화이트_18,220","_블랙_17,570|_화이트_18,220","_블랙_17,550|_화이트_18,200","_블랙_18,180|_화이트_18,650","_블랙_18,180|_화이트_19,130"
94085105,발키리 AQ125 ARGB,"_블랙_22,180|_화이트_22,820","_블랙_22,180|_화이트_22,620","_블랙_20,920|_화이트_22,040","_블랙_20,920|_화이트_22,040","_블랙_20,900|_화이트_22,020","_블랙_20,910|_화이트_22,400","_블랙_21,990|_화이트_22,400"
76332176,발키리 B240 LCD ARGB,"_블랙_106,000|_화이트_109,000","_블랙_106,000|_화이트_109,000","_블랙_105,980|_화이트_104,990","_블랙_105,980|_화이트_104,990","_블랙_105,980|_화이트_104,990","_블랙_106,000|_화이트_107,720","_블랙_104,960|_화이트_109,000"
72064043,발키리 B360 LCD ARGB,"_블랙_144,990|_화이트_125,620","_블랙_144,990|_화이트_125,620","_블랙_122,000|_화이트_123,780","_블랙_122,000|_화이트_123,780","_블랙_122,000|_화이트_123,780","_블랙_122,000|_화이트_127,010","_블랙_118,650|_화이트_127,010"
94024913,발키리 B360-GT LCD ARGB,"_블랙_143,500|_화이트_149,340","_블랙_143,500|_화이트_149,340","_블랙_140,000|_화이트_143,100","_블랙_140,000|_화이트_134,550","_블랙_140,000|_화이트_134,550","_블랙_143,490|_화이트_149,310","_블랙_143,490|_화이트_149,340"
20482646,발키리 C480 ARGB,"_블랙_149,387|_화이트_148,900","_블랙_149,387|_화이트_148,900","_블랙_149,387|_화이트_148,900","_블랙_149,387|_화이트_148,900","_블랙_149,387|_화이트_148,900","_블랙_149,387|_화이트_148,900","_블랙_149,387|_화이트_148,900"
94081763,발키리 CL140,"_블랙_43,650|_화이트_41,497",0,0,0,0,0,0
94081727,발키리 CL140,0,"_블랙_43,650|_화이트_41,497","_블랙_41,190|_화이트_43,420","_블랙_41,190|_화이트_43,420","_블랙_41,170|_화이트_43,400","_블랙_42,230|_화이트_40,293","_블랙_43,650|_화이트_40,293"
104595461,발키리 DQ125 쿼드빔,"_블랙_38,960|_화이트_40,150","_블랙_38,960|_화이트_40,150","_블랙_37,470|_화이트_37,850","_블랙_37,470|_화이트_37,850","_블랙_37,450|_화이트_37,830","_블랙_38,960|_화이트_37,840","_블랙_38,960|_화이트_40,150"
104595539,발키리 DQ125 쿼드빔 ARGB,"_블랙_42,760|_화이트_41,120","_블랙_42,760|_화이트_41,120","_블랙_41,290|_화이트_41,110","_블랙_41,290|_화이트_41,110","_블랙_41,270|_화이트_41,530","_블랙_37,800|_화이트_39,177","_블랙_37,800|_화이트_39,177"
124034039,발키리 DQ125 쿼드빔 ARGB(DTH),"블랙_36,500","블랙_36,500","블랙_36,500","블랙_36,500","블랙_36,500","블랙_36,500","블랙_36,500"
124034001,발키리 DQ125 쿼드빔(DTH),"블랙_34,500","블랙_34,500","블랙_34,500","블랙_34,500","블랙_34,500","블랙_31,401","블랙_31,401"
94086347,발키리 DX140 LCD ARGB,"_블랙_144,590|_화이트_155,630","_블랙_144,590|_화이트_155,630","_블랙_141,080|_화이트_146,750",0,0,0,0
94086329,발키리 DX140 LCD ARGB,0,0,0,"_블랙_141,080|_화이트_146,750","_블랙_141,060|_화이트_146,730","_블랙_144,590|_화이트_155,630","_블랙_144,590|_화이트_155,630"
94081172,발키리 EL125 ARGB,"_블랙_47,424|_화이트_56,340","_블랙_47,424|_화이트_56,340","_블랙_49,320|_화이트_53,100","_블랙_49,320|_화이트_53,100","_블랙_49,320|_화이트_53,080","_블랙_48,897|_화이트_53,090","_블랙_48,897|_화이트_56,340"
20565833,발키리 GL360 ARGB,"_블랙_164,520|_화이트_170,820","_블랙_164,060|_화이트_170,820","_블랙_158,140|_화이트_163,850","_블랙_158,140|_화이트_163,850","_블랙_158,140|_화이트_163,850","_블랙_158,140|_화이트_163,850",0
20565869,발키리 GL360 ARGB,0,0,0,0,0,0,"_블랙_158,140|_화이트_163,850"
99322973,발키리 GLA-360 DIGITAL ARGB,"_블랙_92,550|_화이트_98,790","_블랙_92,550|_화이트_98,790","_블랙_92,400|_화이트_95,350","_블랙_89,740|_화이트_95,350","_블랙_89,740|_화이트_95,350","_블랙_92,400|_화이트_95,350","_블랙_92,550|_화이트_98,790"
63143075,발키리 GT-10B 써멀컴파운드,"2g_7,900","2g_7,900","2g_7,890","2g_7,890","2g_7,890","2g_7,900","2g_7,890"
122654099,발키리 M12 ARGB Wireless,"_블랙_9,900|_화이트_9,900","_블랙_9,900|_화이트_9,900","_블랙_9,890|_화이트_9,890",0,0,"_블랙_9,900|_화이트_9,900",0
122654109,발키리 M12 ARGB Wireless,0,0,0,"_블랙_9,890|_화이트_9,890","_블랙_9,890|_화이트_9,890",0,"_블랙_9,890|_화이트_9,890"
122654183,발키리 M12R ARGB Wireless Reverse,"_블랙_9,900|_화이트_9,900","_블랙_9,900|_화이트_9,900","_블랙_9,890|_화이트_9,890","_블랙_9,890|_화이트_9,890","_블랙_9,890|_화이트_9,890","_블랙_9,900|_화이트_9,900","_블랙_9,890|_화이트_9,890"
124237454,발키리 MA360 루빅큐브 ARGB,"_블랙_109,000|_화이트_109,000","_블랙_109,000|_화이트_109,000","_블랙_109,000|_화이트_109,000","_블랙_109,000|_화이트_109,000","_블랙_109,000|_화이트_109,000","_블랙_109,000|_화이트_109,000","_블랙_109,000|_화이트_109,000"
122621103,발키리 N360 AMOLED ARGB,"_블랙_298,680|_화이트_298,680",0,0,0,0,0,"_블랙_298,680|_화이트_298,680"
122621105,발키리 N360 AMOLED ARGB,0,"_블랙_298,680|_화이트_298,680","_블랙_288,680|_화이트_295,000","_블랙_288,680|_화이트_295,000","_블랙_288,680|_화이트_295,000","_블랙_288,680|_화이트_295,000",0
94080935,발키리 R125-L LCD ARGB,"_블랙_104,547|_화이트_119,170","_블랙_104,547|_화이트_119,170","_블랙_107,770|_화이트_112,340","_블랙_107,770|_화이트_112,340","_블랙_107,770|_화이트_112,320","_블랙_109,760|_화이트_112,330","_블랙_109,760|_화이트_119,170"
40018805,발키리 S12 ARGB,"_블랙_34,860|_화이트_34,900","_블랙_34,860|_화이트_34,900","_블랙_34,850|_화이트_34,900","_블랙_34,850|_화이트_34,900","_블랙_34,850|_화이트_34,900","_블랙_34,900|_화이트_34,900","_블랙_34,860|_화이트_34,900"
40018937,발키리 S12R ARGB,"_블랙_34,860|_화이트_34,500","_블랙_34,860|_화이트_34,500","_블랙_34,850|_화이트_34,500","_블랙_34,850|_화이트_34,500","_블랙_34,850|_화이트_34,500","_블랙_34,850|_화이트_34,500","_블랙_34,860|_화이트_34,500"
20570915,발키리 V12F ARGB,"_블랙_14,990|_화이트_17,470","_블랙_14,990|_화이트_17,470","_블랙_14,980|_화이트_17,460","_블랙_14,980|_화이트_17,460","_블랙_14,980|_화이트_17,450","_블랙_15,000|_화이트_17,500",0
20570765,발키리 V12F ARGB,0,0,0,0,0,0,"_블랙_14,980|_화이트_17,480"
20571179,발키리 V12FR ARGB,"_블랙_15,000|_화이트_17,500","_블랙_15,000|_화이트_17,500","_블랙_14,990|_화이트_17,500","_블랙_14,990|_화이트_17,500","_블랙_14,990|_화이트_17,500","_블랙_14,990|_화이트_17,500","_블랙_14,980|_화이트_17,500"
33361697,발키리 V360 ARGB,"_블랙_398,500|_화이트_329,000","_블랙_398,500|_화이트_329,000","_블랙_398,500|_화이트_329,000","_블랙_398,500|_화이트_329,000","_블랙_398,500|_화이트_329,000","_블랙_398,500|_화이트_329,000","_블랙_398,500|_화이트_329,000"
20565011,발키리 X12 ARGB,"_블랙_32,000|_화이트_31,970","_블랙_32,000|_화이트_31,970",0,0,0,0,0
20564912,발키리 X12 ARGB,0,0,"_블랙_31,990|_화이트_31,960","_블랙_31,990|_화이트_31,960","_블랙_31,990|_화이트_31,960","_블랙_32,000|_화이트_31,960","_블랙_31,980|_화이트_31,970"
20565278,발키리 X12R ARGB,"_블랙_31,970|_화이트_31,970","_블랙_31,970|_화이트_31,970","_블랙_31,960|_화이트_31,960","_블랙_31,960|_화이트_31,960","_블랙_31,960|_화이트_31,960","_블랙_32,000|_화이트_32,000","_블랙_31,970|_화이트_31,970"
20704202,삼척전자 RCB-M3 램 쿨러 브라켓,"18,750","18,750","18,750","18,750","18,750",0,0
6564470,샤칸 XTC-4,"4g_5,000","4g_5,000","4g_5,000",0,0,0,0
19828871,시소닉 MAGFLOW 120,"_1팩_22,000|_3팩_162,000","_1팩_22,000|_3팩_162,000","_1팩_22,000|_3팩_162,000","_1팩_22,000|_3팩_162,000","_1팩_22,000|_3팩_162,000","_1팩_22,000|_3팩_162,000","_1팩_22,000|_3팩_162,000"
79656776,싸이번 AP-60 ARGB FAN HUB,"_블랙_9,500|_화이트_9,010","_블랙_9,500|_화이트_9,010","_블랙_9,500|_화이트_9,010","_블랙_9,500|_화이트_9,010","_블랙_9,500|_화이트_9,010","_블랙_9,500|_화이트_9,010","_블랙_9,500|_화이트_9,010"
94025528,싸이번 BREEZE AC92,"_블랙_14,500|_화이트_14,250","_블랙_14,500|_화이트_14,250","_블랙_14,500|_화이트_14,250","_블랙_14,500|_화이트_14,250","_블랙_14,500|_화이트_14,250","_블랙_14,500|_화이트_14,250",0
94025510,싸이번 BREEZE AC92,0,0,0,0,0,0,"_블랙_14,500|_화이트_14,250"
104224964,싸이번 CB12 그래픽카드 지지대,"블랙_3,290","블랙_3,290","블랙_3,300","블랙_3,300","블랙_3,300","블랙_3,300","블랙_3,300"
78978029,싸이번 VIENTO BT120 BONITO,"블랙_11,590|_3팩, 블랙_30,490|_화이트_11,750|3팩, 화이트_30,490","블랙_11,590|_3팩, 블랙_30,490|_화이트_11,750|3팩, 화이트_30,490","블랙_11,760|_3팩, 블랙_30,710|_화이트_11,760|3팩, 화이트_30,710","블랙_11,760|_3팩, 블랙_30,710|_화이트_11,760|3팩, 화이트_30,710","블랙_11,760|_3팩, 블랙_30,710|_화이트_11,760|3팩, 화이트_30,710","블랙_11,760|_3팩, 블랙_30,710|_화이트_11,760|3팩, 화이트_30,710","블랙_11,760|_3팩, 블랙_30,710|_화이트_11,760|3팩, 화이트_30,710"
78978125,싸이번 VIENTO BT120 BONITO 리버스,"블랙_11,740|_3팩, 블랙_30,190|화이트_11,100|_3팩, 화이트_30,700","블랙_11,740|_3팩, 블랙_30,190|화이트_11,100|_3팩, 화이트_30,700",0,0,0,0,0
78978095,싸이번 VIENTO BT120 BONITO 리버스,0,0,"_블랙_11,760|_3팩, 블랙_30,710|화이트_11,110|3팩, 화이트_30,710","_블랙_11,760|_3팩, 블랙_30,710|화이트_11,110|3팩, 화이트_30,710","_블랙_11,760|_3팩, 블랙_30,710|화이트_11,110|3팩, 화이트_30,710","_블랙_11,760|_3팩, 블랙_30,710|화이트_11,110|3팩, 화이트_30,710","_블랙_11,760|_3팩, 블랙_30,710|화이트_11,110|3팩, 화이트_30,710"
91869263,싸이번 VIENTO CY120,"_블랙_8,200|_화이트_8,500","_블랙_8,200|_화이트_8,500","_블랙_8,260|_화이트_8,500","_블랙_8,260|_화이트_8,500","_블랙_8,260|_화이트_8,500","_블랙_8,260|_화이트_8,500","_블랙_8,260|_화이트_8,500"
118646332,써멀라이트 Peerless Assassin 120,"43,590","43,590","43,150","43,150","43,150","43,150","43,150"
100191773,써멀테이크 AW360,"528,740","528,740","528,740","528,740","528,740","528,740","528,740"
100191818,써멀테이크 AW420,0,0,0,0,0,"556,950","556,950"
94937264,써멀테이크 MAGFloe 420 Ultra ARGB Sync,0,0,0,0,0,"_블랙_303,030|_스노우_303,030",0
124129751,써멀테이크 TH360 V3 Ultra ARGB Sync,"_블랙_191,590|_화이트_191,590","_블랙_191,590|_화이트_191,590","_블랙_191,590|_화이트_191,590","_블랙_191,590|_화이트_191,590","_블랙_191,590|_화이트_191,590","_블랙_191,590|_화이트_191,590","_블랙_191,590|_화이트_191,590"
14163620,써멀테이크 TOUGHFAN 12 라디에이터 팬,"_블랙_26,050|_2팩, 블랙_47,000|화이트_30,000|레이싱그린_31,000|터콰이즈_31,000",0,0,0,0,0,0
99746966,써멀테이크 TOUGHFAN EX 140 ARGB Sync,0,0,0,"_3팩, 블랙_115,430|_3팩, 화이트_115,430","_3팩, 블랙_115,430|_3팩, 화이트_115,430","_3팩, 블랙_115,430|_3팩, 화이트_115,430",0
63466985,써멀테이크 TOUGHFAN EX12 Pro,0,0,0,0,0,"_3팩, 블랙_120,000|_3팩, 화이트_117,490","_3팩, 블랙_120,000|_3팩, 화이트_117,490"
18679469,써멀테이크 TOUGHLIQUID 360 ARGB TRX40,"226,890","222,300","226,890","222,300",0,0,"222,300"
93445550,써멀테이크 UX400,"16,950","16,950","16,950","16,950","16,950","16,950","16,950"
102357791,써멀테이크 WAir,0,"172,180","172,180","172,180","172,180","172,180",0
123606522,아이구주 GA360 PWM ARGB,"_블랙_23,830|_화이트_23,830","_블랙_23,830|_화이트_23,830","_블랙_24,350|_화이트_24,350","_블랙_24,350|_화이트_24,350","_블랙_24,350|_화이트_24,350","_블랙_24,350|_화이트_24,350",0
92186882,아이구주 GH10 ARGB AND PWM HUB,"_블랙_10,580|_화이트_10,420","_블랙_10,580|_화이트_10,420","_블랙_10,580|_화이트_10,420","_블랙_10,580|_화이트_10,420","_블랙_10,580|_화이트_10,420","_블랙_10,580|_화이트_10,420",0
66049958,아이구주 GL120 PWM ARGB 리버스,0,"_블랙_8,480|_화이트_8,400","_블랙_8,790|_화이트_8,790","_블랙_8,790|_화이트_8,790","_블랙_8,790|_화이트_8,790","_블랙_8,790|_화이트_8,790","_블랙_8,790|_화이트_8,790"
122677078,아이구주 GX120 PWM ARGB,"_블랙_11,410|_화이트_11,410","_블랙_11,410|_화이트_11,410","_블랙_11,640|_화이트_11,640","_블랙_11,640|_화이트_11,640",0,"_블랙_11,640|_화이트_11,640","_블랙_11,640|_화이트_11,640"
122677279,아이구주 GX240 PWM ARGB,"_블랙_27,710|_화이트_27,710","_블랙_27,710|_화이트_27,710","_블랙_28,160|_화이트_28,160","_블랙_28,160|_화이트_28,160",0,0,0
122677435,아이구주 GX240 PWM ARGB 리버스,"_블랙_27,490|_화이트_27,710","_블랙_27,490|_화이트_27,710","_블랙_28,160|_화이트_28,160","_블랙_28,160|_화이트_28,160",0,0,0
122677470,아이구주 GX360 PWM ARGB,"_블랙_37,130|_화이트_37,130","_블랙_37,130|_화이트_37,130","_블랙_37,910|_화이트_37,910","_블랙_37,910|_화이트_37,910",0,"_블랙_37,910|_화이트_37,910",0
122677495,아이구주 GX360 PWM ARGB 리버스,"_블랙_37,130|_화이트_37,130","_블랙_37,130|_화이트_37,130","_블랙_37,910|_화이트_37,910","_블랙_37,910|_화이트_37,910","_블랙_37,910|_화이트_37,910","_블랙_37,910|_화이트_37,910",0
124237397,아이보라 2U-3647N,"118,600","118,600","118,600","118,600","118,600","118,600","118,600"
124180495,아이보라 HT360-TR5,"226,620","226,620","226,620","226,620","226,620","226,620","226,620"
103414664,아이티젠 MH-P104 ARGB 메모리 방열판,"_블랙_9,200|_화이트_9,200","_블랙_9,200|_화이트_9,200","_블랙_9,200|_화이트_9,200","_블랙_9,200|_화이트_9,200",0,0,0
51415508,아이티젠 비티즈 T400 LED RGB,"블랙_14,500",0,0,0,0,0,0
108388802,아이티젠 비티즈 T600 NON-LED,"_블랙_26,900|_화이트_26,900","_블랙_26,900|_화이트_26,900",0,"_블랙_26,900|_화이트_26,900","_블랙_26,900|_화이트_26,900","_블랙_26,900|_화이트_26,900",0
108388817,아이티젠 비티즈 T600 NON-LED,0,0,0,0,0,0,"_블랙_26,900|_화이트_26,900"
93629729,앱코 H9 120 ARGB PWM,"_블랙_15,000|_화이트_15,000","_블랙_15,000|_화이트_15,000","_블랙_15,000|_화이트_15,000","_블랙_15,000|_화이트_15,000","_블랙_15,000|_화이트_15,000","_블랙_15,000|_화이트_15,000","_블랙_15,000|_화이트_15,000"
93629918,앱코 H9 120 ARGB PWM 리버스,"_블랙_15,000|_화이트_15,000","_블랙_15,000|_화이트_15,000","_블랙_15,000|_화이트_15,000","_블랙_15,000|_화이트_15,000","_블랙_15,000|_화이트_15,000","_블랙_15,000|_화이트_15,000","_블랙_15,000|_화이트_15,000"
13359080,앱코 NCORE L240 RGB,"블랙_64,500","블랙_64,500","블랙_64,500","블랙_64,500","블랙_64,500","블랙_64,500","블랙_64,500"
11627540,앱코 SUITMASTER M.2 SSD 방열판 AUTO RGB,"11,000","11,000","11,000","11,000","11,000","11,000","11,000"
4280981,앱코 SUITMASTER RGB SHIELD BAR,"3,500","3,500","3,500","3,500","3,500","3,500","3,500"
6308632,앱코 SUITMASTER SPIDER 120F RGB SPECTRUM,"리모트킷/3팩_10,700","리모트킷/3팩_10,700","리모트킷/3팩_10,700","리모트킷/3팩_10,700","리모트킷/3팩_10,700","리모트킷/3팩_10,700","리모트킷/3팩_10,700"
105966581,앱코 SUITMASTER SPIDER 120F RGB SPECTRUM SYNC,0,0,0,0,0,0,"리모트킷/3팩_10,470"
8028751,앱코 SUITMASTER VSP1 그래픽카드 지지대,"레드_9,900","레드_9,900","레드_9,900","레드_9,900","레드_9,900","레드_9,900","레드_9,900"
9828390,앱코 SUITMASTER 자이로스 X201 RGB,"22,000","22,000","22,000","22,000","22,000","22,000","22,000"
12649094,앱코 SUITMASTER 크리스탈 크롬,0,"12,500","12,500","12,500","12,500","12,500","12,500"
21638450,앱코 엣지 120 FRGB 스마트쿨링,"_블랙_6,500|_화이트_6,500","_블랙_6,500|_화이트_6,500","_블랙_6,500|_화이트_6,500","_블랙_6,500|_화이트_6,500","_블랙_6,500|_화이트_6,500","_블랙_6,500|_화이트_6,500","_블랙_6,500|_화이트_6,500"
21646349,앱코 엣지 듀얼 120 ARGB 스마트쿨링,"_블랙_11,500|_화이트_11,500","_블랙_11,500|_화이트_11,500","_블랙_11,500|_화이트_11,500","_블랙_11,500|_화이트_11,500","_블랙_11,500|_화이트_11,500","_블랙_11,500|_화이트_11,500","_블랙_11,500|_화이트_11,500"
21646562,앱코 엣지 듀얼 140 ARGB 스마트쿨링,"블랙_14,500","블랙_14,500","블랙_14,500","블랙_14,500","블랙_14,500","블랙_14,500","블랙_14,500"
96775685,앱코 타이폰 DT120X6,"_블랙_35,900|_화이트_38,500","_블랙_35,900|_화이트_38,500","_블랙_35,900|_화이트_38,500","_블랙_35,900|_화이트_38,500","_블랙_35,900|_화이트_38,500","_블랙_35,900|_화이트_38,500","_블랙_35,900|_화이트_38,500"
71010143,앱코 포세이돈 P360 ARGB,"_블랙_56,900|_화이트_62,900","_블랙_56,900|_화이트_62,900","_블랙_56,900|_화이트_62,900","_블랙_56,900|_화이트_62,900","_블랙_56,900|_화이트_62,900","_블랙_56,900|_화이트_62,900","_블랙_56,900|_화이트_62,900"
91870913,앱코 포세이돈 P360D ARGB 디스플레이,"_블랙_91,000|_화이트_91,000","_블랙_91,000|_화이트_91,000","_블랙_91,000|_화이트_91,000","_블랙_91,000|_화이트_91,000","_블랙_91,000|_화이트_91,000","_블랙_91,000|_화이트_91,000","_블랙_91,000|_화이트_91,000"
103128641,앱코 포세이돈 P360L LCD ARGB 디스플레이,"_블랙_114,000|_화이트_125,000","_블랙_114,000|_화이트_125,000","_블랙_114,000|_화이트_125,000","_블랙_114,000|_화이트_125,000","_블랙_114,000|_화이트_125,000","_블랙_114,000|_화이트_125,000","_블랙_114,000|_화이트_125,000"
13908842,얼티메이크 EPIC 120 ARGB FAN,"7,900","7,900","7,900","7,900","7,900","7,900","7,900"
16181276,얼티메이크 XIN 120 STORM Mesh FAN,"_블랙_4,880|_화이트_5,900","_블랙_4,880|_화이트_5,900","_블랙_4,880|_화이트_5,900",0,0,0,"_블랙_4,880|_화이트_5,900"
19454855,얼티메이크 XIN 120 STORM Mesh FAN,0,0,0,"_블랙_4,880|_화이트_5,900","_블랙_4,880|_화이트_5,900","_블랙_4,880|_화이트_5,900",0
94886735,얼티메이크 XIN CRYSTON 120 PWM ARGB,"3팩, 화이트_34,310","3팩, 화이트_34,310","3팩, 화이트_34,310","3팩, 화이트_34,310","3팩, 화이트_34,310","3팩, 화이트_34,310","3팩, 화이트_34,310"
6969556,에너지옵티머스 ERC 100,"11,200","11,200","11,200","11,200","11,200","11,200","11,200"
95849714,에디 CY100,0,"블랙_20,990","블랙_20,990","블랙_20,990","블랙_20,990","블랙_20,990","블랙_20,990"
104940188,오쓰 CV-420,"_블랙_20,730|_화이트_22,800","_블랙_20,730|_화이트_22,800","_블랙_20,730|_화이트_22,800","_블랙_20,730|_화이트_22,800","_블랙_20,730|_화이트_22,800","_블랙_20,730|_화이트_22,800","_블랙_20,730|_화이트_22,800"
124276605,오쓰 CV-420 RGB,"_블랙_23,000|_화이트_25,000","_블랙_23,000|_화이트_25,000","_블랙_23,000|_화이트_25,000","_블랙_23,000|_화이트_25,000","_블랙_23,000|_화이트_25,000","_블랙_23,000|_화이트_25,000","_블랙_23,000|_화이트_25,000"
104940170,오쓰 CV-620,"_블랙_34,730|_화이트_37,230","_블랙_34,730|_화이트_37,230","_블랙_34,730|_화이트_37,230","_블랙_34,730|_화이트_37,230","_블랙_34,730|_화이트_37,230","_블랙_34,730|_화이트_37,230","_블랙_34,730|_화이트_37,230"
124276505,오쓰 CV-620 ARGB,"_블랙_37,000|_화이트_40,200","_블랙_37,000|_화이트_40,200","_블랙_37,000|_화이트_40,200","_블랙_37,000|_화이트_40,200","_블랙_37,000|_화이트_40,200","_블랙_37,000|_화이트_40,200","_블랙_37,000|_화이트_40,200"
63032369,이엠텍 레드빗 120 ARGB PWM,"화이트_8,470","화이트_8,470","화이트_8,550","화이트_8,470","화이트_8,470","화이트_8,470","화이트_8,470"
49833287,이엠텍 레드빗 240 45T 라디에이터,"72,540","72,540","72,540","72,540","72,540","77,870","74,100"
13102442,이엠텍 레드빗 280 ARGB,"블랙_109,000","블랙_109,000","블랙_109,000","블랙_109,000","블랙_109,000","블랙_109,000","블랙_109,000"
49833275,이엠텍 레드빗 2U RESERVOIRS,"69,280","69,280","69,280","69,280","69,280","70,780","70,780"
49833296,이엠텍 레드빗 360 65T 라디에이터,"118,110","118,110","118,110","118,110","118,110","120,650","120,650"
58849097,이엠텍 레드빗 CPU DT 워터블럭,"53,010","53,010","53,010","53,010","53,010","54,150","54,140"
57500141,이엠텍 레드빗 CPU DT 펌프,"106,020","106,020","106,020","106,020","106,020","108,300","108,300"
59761013,이엠텍 레드빗 CPU SV 워터블럭,"65,100","65,100","65,100","65,100","65,100","69,970","66,500"
18391406,이엠텍 레드빗 GPU W-BLOCK 3080 3090 + BP,"146,940","146,940","146,940","146,940","146,940","157,970","150,090"
38455715,이엠텍 레드빗 GR GPU W-BLOCK 4090 + BP,"198,160","198,160","198,160","191,500","198,160","193,480","198,160"
72973826,이엠텍 레드빗 ICE 360 ARGB,"_블랙_77,000|_화이트_83,000","_블랙_77,000|_화이트_83,000",0,0,0,0,"_블랙_77,000|_화이트_83,000"
72973853,이엠텍 레드빗 ICE 360 ARGB,0,0,"_블랙_77,000|_화이트_83,000","_블랙_77,000|_화이트_83,000","_블랙_77,000|_화이트_83,000","_블랙_77,000|_화이트_83,000",0
72973778,이엠텍 레드빗 ICEFULL 360 ARGB,"81,840","81,840","81,840","81,840","81,840","83,600","83,600"
122621237,이엠텍 레드빗 ICEFULL 360 ARGB SE,"58,980","58,980","58,980","58,980","58,980","58,980",0
17321855,이엠텍 레드빗 RB-1225LF,"14,600","14,600","14,590","14,590","14,590","14,590","14,590"
16801550,이엠텍 레드빗 RB-2 ARGB 그래픽카드 지지대,"_블랙_9,100|_화이트_12,240","_블랙_9,100|_화이트_12,240","_블랙_9,100|_화이트_12,240","_블랙_9,100|_화이트_12,240","_블랙_9,100|_화이트_12,240","_블랙_9,690|_화이트_12,240","_블랙_9,500|_화이트_12,240"
10796130,이엠텍 레드빗 TURBO JET FAN 120E R2,"컨트롤러/2팩_22,080","컨트롤러/2팩_22,080","컨트롤러/2팩_22,080","컨트롤러/2팩_22,080","컨트롤러/2팩_22,080","컨트롤러/2팩_22,080","컨트롤러/2팩_22,080"
8437785,이엠텍 레드빗 TURBO JET FAN 140E,"_1팩_20,630|_컨트롤러/2팩_28,000","_1팩_20,630|_컨트롤러/2팩_28,000","_1팩_20,630|_컨트롤러/2팩_28,000","_1팩_20,630|_컨트롤러/2팩_28,000","_1팩_20,630|_컨트롤러/2팩_28,000","_1팩_19,287|_컨트롤러/2팩_28,000","_1팩_20,630|_컨트롤러/2팩_28,000"
10796214,이엠텍 레드빗 TURBO JET FAN 140E R2,"컨트롤러/2팩_23,250","컨트롤러/2팩_23,250","컨트롤러/2팩_23,250","컨트롤러/2팩_23,250","컨트롤러/2팩_23,250","컨트롤러/2팩_23,750","컨트롤러/2팩_23,750"
75541496,이코벨라 FR120M ARGB PWM,"_블랙_7,900|벌크, 블랙_7,400|_벌크, 화이트_7,400|화이트_7,900",0,"_블랙_7,900|벌크, 블랙_7,400|_벌크, 화이트_7,400|화이트_7,900","_블랙_7,900|벌크, 블랙_7,400|_벌크, 화이트_7,400|화이트_7,900",0,0,0
89526092,이코벨라 FR120M ARGB PWM,0,"_블랙_7,900|벌크, 블랙_7,400|_벌크, 화이트_7,400|화이트_7,900",0,0,"_블랙_7,900|벌크, 블랙_7,400|_벌크, 화이트_7,400|화이트_7,900","_블랙_7,900|벌크, 블랙_7,400|_벌크, 화이트_7,400|화이트_7,900","_블랙_7,900|벌크, 블랙_7,400|_벌크, 화이트_7,400|화이트_7,900"
75541514,이코벨라 FR120M ARGB PWM 리버스,"블랙_7,840|벌크, 블랙_7,400|_벌크, 화이트_6,880|_화이트_7,900","블랙_7,840|벌크, 블랙_7,400|_벌크, 화이트_6,880|_화이트_7,900","블랙_7,840|벌크, 블랙_7,400|_벌크, 화이트_6,880|_화이트_7,900","_블랙_7,840|벌크, 블랙_7,400|벌크, 화이트_6,880|_화이트_7,900","블랙_7,840|벌크, 블랙_7,400|_벌크, 화이트_6,880|_화이트_7,900","블랙_7,840|벌크, 블랙_7,400|_벌크, 화이트_6,880|_화이트_7,900",0
92108684,이코벨라 FR120M ARGB PWM 리버스,0,0,0,0,0,0,"_블랙_7,840|벌크, 블랙_7,400|_벌크, 화이트_6,880|화이트_7,900"
75541475,이코벨라 FR120S ARGB PWM,"_블랙_7,760|벌크, 블랙_6,880|벌크, 화이트_7,400|_화이트_7,900","_블랙_7,760|벌크, 블랙_6,880|벌크, 화이트_7,400|_화이트_7,900","_블랙_7,760|벌크, 블랙_6,880|벌크, 화이트_7,400|_화이트_7,900","_블랙_7,760|벌크, 블랙_6,880|벌크, 화이트_7,400|_화이트_7,900","_블랙_7,760|벌크, 블랙_6,880|벌크, 화이트_7,400|_화이트_7,900","블랙_7,760|_벌크, 블랙_6,880|벌크, 화이트_7,400|_화이트_7,900","블랙_7,760|_벌크, 블랙_6,880|벌크, 화이트_7,400|_화이트_7,900"
75541487,이코벨라 FR120S ARGB PWM 리버스,"_화이트_7,900|_벌크, 화이트_6,880","_화이트_7,900|_벌크, 화이트_6,880","_화이트_7,900|_벌크, 화이트_6,880","_화이트_7,900|_벌크, 화이트_6,880","_화이트_7,900|_벌크, 화이트_6,880","_화이트_7,900|_벌크, 화이트_6,880","_화이트_7,900|_벌크, 화이트_6,880"
75541448,이코벨라 FR120U PWM,"_블랙_6,900|_화이트_6,900","_블랙_6,900|_화이트_6,900","_블랙_6,900|_화이트_6,900","_블랙_6,900|_화이트_6,900","_블랙_6,900|_화이트_6,900","_블랙_6,900|_화이트_6,900","_블랙_6,900|_화이트_6,900"
75541457,이코벨라 FR140U PWM,"_블랙_8,900|_화이트_8,900","_블랙_8,900|_화이트_8,900","_블랙_8,900|_화이트_8,900","_블랙_8,900|_화이트_8,900","_블랙_8,900|_화이트_8,900","_블랙_8,900|_화이트_8,900","_블랙_8,900|_화이트_8,900"
16319306,인텔 Laminar RM1,"10,600","10,600","10,490","10,490","10,490","10,490","10,490"
4359705,인텔 소켓1156 정품,"_일반형_4,680|_고급형_5,600","_일반형_4,680|_고급형_5,600","_일반형_4,660|_고급형_5,600","_일반형_4,660|_고급형_5,600","_일반형_4,660|_고급형_5,600","_일반형_4,660|_고급형_5,600",0
1206389,인텔 소켓1156 정품,0,0,0,0,0,0,"_일반형_4,660|_고급형_5,600"
3425024,인텔 인텔 115X 정품,"4,780","4,780","4,780","4,740","4,740","4,740","4,740"
13365653,인텔 인텔 115X 정품 중고,"2,000",0,0,0,0,0,"2,000"
73325201,잘만 ALPHA II DS A24,"_블랙_158,830|_화이트_164,820","_블랙_158,830|_화이트_164,820","_블랙_152,310|_화이트_155,820","_블랙_152,310|_화이트_155,820","_블랙_152,310|_화이트_155,820","_블랙_157,250|_화이트_164,810","_블랙_157,700|_화이트_163,920"
73325060,잘만 ALPHA II DS A36,"_블랙_178,810|_화이트_188,790","_블랙_178,810|_화이트_188,790","_블랙_175,000|_화이트_185,000","_블랙_175,000|_화이트_185,000","_블랙_175,000|_화이트_185,000","_블랙_175,000|_화이트_188,780","_블랙_176,220|_화이트_186,670"
98180198,잘만 ALPHA II SE A24,"_블랙_74,920|_화이트_78,910",0,0,0,0,0,0
98180225,잘만 ALPHA II SE A24,0,"_블랙_74,920|_화이트_78,910","_블랙_73,000|_화이트_75,100","_블랙_73,000|_화이트_75,100","_블랙_73,000|_화이트_75,100","_블랙_74,800|_화이트_78,800","_블랙_74,910|_화이트_78,900"
98180129,잘만 ALPHA II SE A36,"_블랙_84,900|_화이트_88,900","_블랙_84,800|_화이트_88,800","_블랙_82,900|_화이트_84,000","_블랙_82,900|_화이트_84,000","_블랙_82,900|_화이트_84,000","_블랙_84,790|_화이트_88,790","_블랙_84,790|_화이트_88,790"
31996583,잘만 Alpha II A24,"_블랙_99,000|_화이트_104,890","_블랙_99,000|_화이트_104,890","_블랙_97,900|_화이트_99,890","_블랙_97,900|_화이트_99,890","_블랙_97,900|_화이트_99,890","_블랙_98,990|_화이트_104,880","_블랙_98,990|_화이트_104,880"
31996439,잘만 Alpha II A36,"_블랙_123,560|_화이트_132,850","_블랙_123,560|_화이트_132,850","_블랙_123,560|_화이트_125,990","_블랙_123,560|_화이트_125,990","_블랙_123,560|_화이트_125,990","_블랙_123,560|_화이트_125,990","_블랙_123,560|_화이트_132,660"
100845719,잘만 Alpha II V2 A24,"_블랙_99,000|_화이트_105,000","_블랙_99,000|_화이트_105,000","_블랙_94,900|_화이트_102,000","_블랙_94,900|_화이트_102,000","_블랙_94,900|_화이트_102,000",0,0
100845704,잘만 Alpha II V2 A24,0,0,0,0,0,"_블랙_98,990|_화이트_104,990","_블랙_98,990|_화이트_104,990"
100759091,잘만 Alpha II V2 A36,"_블랙_123,560|_화이트_133,000","_블랙_123,560|_화이트_133,000","_블랙_119,000|_화이트_129,000","_블랙_119,000|_화이트_129,000","_블랙_119,000|_화이트_129,000","_블랙_123,550|_화이트_133,000","_블랙_123,550|_화이트_133,000"
16048124,잘만 Alpha24,"_블랙_104,000|_화이트_109,000","_블랙_104,000|_화이트_109,000","_블랙_104,000|_화이트_109,000","_블랙_104,000|_화이트_109,000","_블랙_104,000|_화이트_109,000","_블랙_104,000|_화이트_109,000","_블랙_104,000|_화이트_105,700"
16048925,잘만 Alpha28,"화이트_129,000","화이트_129,000","화이트_126,900","화이트_126,900","화이트_126,900","화이트_128,990","화이트_128,990"
16049006,잘만 Alpha36,"_블랙_94,040|_화이트_96,120","_블랙_94,040|_화이트_96,120","_블랙_94,030|_화이트_96,110","_블랙_94,030|_화이트_96,110","_블랙_94,030|_화이트_96,110",0,0
16049042,잘만 Alpha36,0,0,0,0,0,"_블랙_94,030|_화이트_96,110","_블랙_94,030|_화이트_96,110"
12023681,잘만 CNPS10X OPTIMA II RGB,"화이트_39,900","화이트_39,900","화이트_39,900","화이트_39,900","화이트_39,900","화이트_39,900","화이트_39,900"
16084124,잘만 CNPS10X PERFORMA,"화이트_58,000","화이트_58,000","화이트_58,000","화이트_57,790","화이트_57,790","화이트_57,800","화이트_58,000"
14144915,잘만 CNPS10X PERFORMA ST,"46,740","46,740","46,730","46,730","46,730","46,730","46,730"
123032247,잘만 CNPS12X BP 휨제로,"블랙_36,000","블랙_36,000","블랙_35,600","블랙_35,600","블랙_35,600","블랙_35,960","블랙_36,000"
123032269,잘만 CNPS12X BP 휨제로 ARGB,"블랙_37,000","블랙_37,000","블랙_36,580","블랙_36,450","블랙_36,340","블랙_36,800","블랙_37,000"
31413920,잘만 CNPS13X,"블랙_44,950","블랙_44,950","블랙_44,500","블랙_44,500","블랙_44,500","블랙_44,800","블랙_44,940"
42193148,잘만 CNPS13X DS,"블랙_57,930","블랙_57,930","블랙_57,350","블랙_57,350","블랙_57,350","블랙_57,920","블랙_57,920"
35843018,잘만 CNPS14X DUO,"51,120","51,120","51,110","51,110","51,110","51,110","51,110"
122728459,잘만 CNPS15X BP 휨제로,"블랙_58,940","블랙_58,940","블랙_58,350","블랙_58,350","블랙_58,350","블랙_58,930","블랙_58,930"
122829056,잘만 CNPS15X BP 휨제로 ARGB,"블랙_59,930","블랙_59,930","블랙_59,340","블랙_59,340","블랙_59,340","블랙_59,920","블랙_59,920"
10822371,잘만 CNPS16X,"_블랙_66,870|_화이트_75,330",0,0,"_블랙_66,870|_화이트_75,330","_블랙_66,870|_화이트_75,330","_블랙_68,346|_화이트_75,330",0
10822347,잘만 CNPS16X,0,"_블랙_66,870|_화이트_75,330","_블랙_66,870|_화이트_75,330",0,0,0,"_블랙_68,540|_화이트_75,330"
10029645,잘만 CNPS17X,"22,000","22,000","21,990","21,990","21,990","21,990","21,990"
10029720,잘만 CNPS20X,"126,000","126,000","126,000","126,000","126,000","126,000","126,000"
78310442,잘만 CNPS4X V2,"블랙_15,880","블랙_15,880","블랙_15,590","블랙_15,580","블랙_15,580","블랙_15,700","블랙_15,870"
15700661,잘만 CNPS7600 ARGB,"17,140","17,140","17,140","17,140","17,140","17,140","17,140"
17984129,잘만 CNPS80G Rev.3,"8,600","8,600","8,590","8,580","8,580","8,590","8,590"
143925,잘만 CNPS9500 AT,"90,000","90,000","90,000","90,000","90,000","90,000","90,000"
284022,잘만 CNPS9700 LED,"90,000","90,000","90,000","90,000","90,000","90,000","90,000"
1206375,잘만 CNPS9900 MAX 블루,"90,000","90,000","90,000","90,000","90,000","90,000","90,000"
96059915,잘만 CNPS9X ECO DS,"27,870","27,870","27,590","27,580","27,580","27,700","27,860"
75470216,잘만 CNPS9X OPTIMA II ARGB,"블랙_19,900","블랙_19,900","블랙_19,890","블랙_19,890","블랙_19,890","블랙_19,890","블랙_19,890"
90580034,잘만 CNPS9X OPTIMA II RGB,"블랙_19,200","블랙_19,200","블랙_18,900","블랙_18,890","블랙_18,890","블랙_19,190","블랙_19,190"
17658305,잘만 CNPS9X PERFORMA,"블랙_26,900","블랙_26,900","블랙_26,900","블랙_26,900","블랙_26,900","블랙_26,900","블랙_26,900"
18827993,잘만 CNPS9X PERFORMA ARGB,"_블랙_35,900|_화이트_38,500","_블랙_35,900|_화이트_38,500","_블랙_35,900|_화이트_38,500","_블랙_35,900|_화이트_38,500","_블랙_35,900|_화이트_38,500","_블랙_35,900|_화이트_38,500","_블랙_35,900|_화이트_38,500"
72064343,잘만 CNPS9X PERFORMA ARGB PLUS,"_블랙_35,870|_화이트_38,460","_블랙_35,870|_화이트_38,460","_블랙_35,500|_화이트_38,070","_블랙_35,500|_화이트_38,070","_블랙_35,500|_화이트_38,070","_블랙_35,860|_화이트_38,300","_블랙_35,860|_화이트_38,450"
71066846,잘만 CNPS9X PERFORMA PLUS,"블랙_27,870","블랙_27,870","블랙_27,590","블랙_27,580","블랙_27,580","블랙_27,700","블랙_27,860"
29631110,잘만 CNPS9X PERFORMA RGB,"실버_49,890","실버_49,890","실버_49,890","실버_49,890","실버_49,890","실버_49,890","실버_49,890"
43997,잘만 RC-56 3핀,990,990,990,990,990,990,990
14979128,잘만 Reserator5 Z24,"_블랙_83,580|_화이트_78,370","_블랙_83,580|_화이트_78,370","_블랙_83,570|_화이트_78,360","_블랙_83,570|_화이트_78,360","_블랙_83,570|_화이트_78,360","_블랙_83,570|_화이트_78,360","_블랙_83,570|_화이트_78,360"
14979431,잘만 Reserator5 Z36,"_블랙_168,000|_화이트_114,930","_블랙_168,000|_화이트_114,930","_블랙_168,000|_화이트_114,920","_블랙_168,000|_화이트_114,920","_블랙_168,000|_화이트_114,920","_블랙_168,000|_화이트_114,920","_블랙_168,000|_화이트_114,920"
2610039,잘만 VF1050,"25,000","25,000","25,000","25,000","25,000","25,000","25,000"
94523459,잘만 ZET 5 솔더링,"_블랙_71,160|_화이트_78,090","_블랙_71,160|_화이트_78,000","_블랙_71,160|_화이트_77,990","_블랙_71,410|_화이트_77,990","_블랙_71,410|_화이트_77,990","_블랙_71,410|_화이트_77,990","_블랙_69,450|_화이트_77,990"
46745780,잘만 ZM-4PALC ARGB 컨트롤러,"6,900","6,900","6,890","6,890","6,890","6,890","6,890"
30612059,잘만 ZM-AF120 PWM,"블랙_7,370","블랙_7,370","블랙_7,360","블랙_7,360","블랙_7,360","블랙_7,360","블랙_7,360"
30612005,잘만 ZM-AF120 PWM ARGB,"_블랙_7,900|_화이트_10,700","_블랙_7,900|_화이트_10,700","_블랙_7,900|_화이트_10,600","_블랙_7,900|_화이트_10,590","_블랙_7,900|_화이트_10,590","_블랙_7,900|_화이트_10,600","_블랙_7,900|_화이트_10,590"
72421397,잘만 ZM-AF120R PWM ARGB 리버스,"_블랙_10,470|_화이트_10,810","_블랙_10,470|_화이트_10,800","_블랙_10,400|_화이트_10,600","_블랙_10,400|_화이트_10,600","_블랙_10,400|_화이트_10,600","_블랙_10,460|_화이트_10,790","_블랙_10,460|_화이트_10,790"
16561682,잘만 ZM-AF135B PWM,"9,980","9,980","9,970","9,970","9,970","9,970","9,970"
106711232,잘만 ZM-DF120 PWM ARGB 데이지체인팬,"_3팩, 블랙_50,000|_3팩, 화이트_50,000|블랙_17,940|화이트_17,940","_3팩, 블랙_50,000|_3팩, 화이트_50,000|블랙_17,940|화이트_17,940","_3팩, 블랙_50,000|_3팩, 화이트_50,000|블랙_17,930|화이트_17,930","_3팩, 블랙_50,000|_3팩, 화이트_50,000|블랙_17,930|화이트_17,930",0,0,0
106711295,잘만 ZM-DF120 PWM ARGB 데이지체인팬,0,0,0,0,"_3팩, 블랙_50,000|_3팩, 화이트_50,000|블랙_17,930|화이트_17,930","_3팩, 블랙_50,000|_3팩, 화이트_50,000|블랙_17,930|화이트_17,930","_3팩, 블랙_50,000|_3팩, 화이트_50,000|블랙_17,930|화이트_17,930"
107768453,잘만 ZM-DF120R PWM ARGB 데이지체인 리버스팬,"_3팩, 블랙_48,990|_3팩, 화이트_48,990|블랙_17,940|화이트_17,940","_3팩, 블랙_48,990|_3팩, 화이트_48,990|블랙_17,940|화이트_17,940","_3팩, 블랙_48,980|_3팩, 화이트_48,980|블랙_17,930|화이트_17,930","_3팩, 블랙_48,980|_3팩, 화이트_48,980|블랙_17,930|화이트_17,930","3팩, 블랙_48,980|_3팩, 화이트_48,980|_블랙_17,930|화이트_17,930","3팩, 블랙_48,980|_3팩, 화이트_48,980|_블랙_17,930|화이트_17,930","3팩, 블랙_48,980|_3팩, 화이트_48,980|_블랙_17,930|화이트_17,930"
17016092,잘만 ZM-IF120 ARGB,"1팩_10,450","1팩_10,450","1팩_10,440","1팩_10,440","1팩_10,440","1팩_10,440","1팩_10,440"
17016239,잘만 ZM-IF120A3 ARGB,"컨트롤러/3팩_33,000","컨트롤러/3팩_33,000","컨트롤러/3팩_33,000","컨트롤러/3팩_33,000","컨트롤러/3팩_33,000","컨트롤러/3팩_33,000","컨트롤러/3팩_33,000"
75992123,잘만 ZM-LPH40 벌크,"9,000","9,000","8,990","8,990","8,990","8,990","8,990"
105446069,잘만 ZM-MF916 시스템 모니터링 LCD 디스플레이,"_블랙_66,930|_화이트_67,920","_블랙_66,930|_화이트_67,920","_블랙_66,260|_화이트_67,240","_블랙_66,260|_화이트_67,240","_블랙_66,260|_화이트_67,240","_블랙_66,920|_화이트_67,910",0
105452678,잘만 ZM-MF916 시스템 모니터링 LCD 디스플레이,0,0,0,0,0,0,"_블랙_66,920|_화이트_67,910"
17005448,잘만 ZM-MH10 ARGB 메모리 방열판,"_1팩_12,870|_2팩_25,770","_1팩_12,870|_2팩_25,770","_1팩_12,700|_2팩_25,520","_1팩_12,700|_2팩_25,520","_1팩_12,700|_2팩_25,520","_1팩_12,750|_2팩_25,760","_1팩_12,740|_2팩_25,760"
19281692,잘만 ZM-PF120 PWM ARGB,"블랙_10,670","블랙_11,000","블랙_11,000","블랙_11,000","블랙_11,000","블랙_11,000","블랙_11,000"
7544503,잘만 ZM-RFD120 SPECTRUM RGB,"7,000","7,000","7,000","7,000","7,000","7,000","7,000"
9910437,잘만 ZM-RFD120A SPECTRUM RGB,"12,000","12,000","11,990","11,990","11,990","11,990","11,990"
10267623,잘만 ZM-SF120 ARGB,"_1팩_24,000|_컨트롤러/3팩_78,720","_1팩_24,000|_컨트롤러/3팩_78,720","_1팩_23,990|_컨트롤러/3팩_78,710","_1팩_23,990|_컨트롤러/3팩_78,710","_1팩_23,990|_컨트롤러/3팩_78,710","_1팩_23,990|_컨트롤러/3팩_78,710","_1팩_23,990|_컨트롤러/3팩_78,710"
10267833,잘만 ZM-SF140 ARGB,"컨트롤러/3팩_89,000","컨트롤러/3팩_91,920","컨트롤러/3팩_91,920","컨트롤러/3팩_98,800","컨트롤러/3팩_98,800","컨트롤러/3팩_98,800","컨트롤러/3팩_98,800"
29631194,잘만 ZM-STC10,"2g_3,730","2g_3,730","2g_3,720","2g_3,720","2g_3,720","2g_3,720","2g_3,720"
7425745,잘만 ZM-STC7,"4g_6,670","4g_6,670","4g_6,660","4g_6,660","4g_6,660","4g_6,660","4g_6,660"
9723438,잘만 ZM-STC8,"1.5g_1,900","1.5g_1,900","1.5g_1,890","1.5g_1,890","1.5g_1,890","1.5g_1,890","1.5g_1,890"
7425823,잘만 ZM-STC9,"4g_13,000","4g_13,000","4g_13,000","4g_13,000","4g_13,000","4g_13,000","4g_13,000"
3392773,잘만 ZM-STG2M,1g_990,1g_990,1g_990,1g_990,1g_990,1g_990,1g_990
18914144,잘만 ZM-VS1 그래픽카드 지지대,"_블랙_8,900|_화이트_8,900","_블랙_8,900|_화이트_8,900","_블랙_8,890|_화이트_8,890","_블랙_8,890|_화이트_8,700","_블랙_8,890|_화이트_8,700","_블랙_8,890|_화이트_8,270","_블랙_8,890|_화이트_8,890"
103879328,잘만 ZM-VS3 DS 그래픽카드 지지대,"_블랙_19,550|_화이트_21,850",0,"_블랙_19,540|_화이트_21,690","_블랙_19,540|_화이트_21,690",0,"_블랙_19,540|_화이트_21,800",0
103879241,잘만 ZM-VS3 DS 그래픽카드 지지대,0,"_블랙_19,550|_화이트_21,850",0,0,"_블랙_19,540|_화이트_21,690",0,"_블랙_19,540|_화이트_21,840"
124117213,잘만 ZM-XF120 PWM,"블랙_5,620","블랙_5,620","블랙_5,610","블랙_5,610","블랙_5,610","블랙_5,610","블랙_5,610"
124117235,잘만 ZM-XF120 PWM ARGB,"_블랙_6,890|_화이트_6,890","_블랙_6,890|_화이트_6,890","_블랙_6,880|_화이트_6,880","_블랙_6,880|_화이트_6,880","_블랙_6,880|_화이트_6,880","_블랙_6,880|_화이트_6,880","_블랙_6,880|_화이트_6,880"
124117250,잘만 ZM-XF360 PWM ARGB,"_블랙_16,210|_화이트_16,210","_블랙_16,210|_화이트_16,210","_블랙_16,200|_화이트_16,200","_블랙_16,200|_화이트_16,200","_블랙_16,200|_화이트_16,200","_블랙_16,200|_화이트_16,200","_블랙_16,200|_화이트_16,200"
124117273,잘만 ZM-XF360R PWM ARGB,"_블랙_16,210|_화이트_16,210","_블랙_16,210|_화이트_16,210","_블랙_16,200|_화이트_16,200","_블랙_16,200|_화이트_16,200","_블랙_16,200|_화이트_16,200","_블랙_16,200|_화이트_16,200","_블랙_16,200|_화이트_16,200"
5647865,장우컴퍼니 JW-HTK01 M.2 방열판,"1,960","1,960","1,960","1,960",0,0,0
17491808,장우컴퍼니 JW-HTK03 PRO M.2 SSD 방열판,"_블랙_4,840|_그레이_4,840","_블랙_4,840|_그레이_4,840",0,"_블랙_4,840|_그레이_4,840",0,"_블랙_4,840|_그레이_4,840",0
19300613,장우컴퍼니 JW-HTK05 GRP M.2 SSD 방열판,"1,720","1,720","1,720","1,720","1,720","1,730","1,730"
12263558,장우컴퍼니 JW-HTK05 M.2 SSD 방열판,"4,290","4,290","4,290","4,290","4,290","4,290","4,290"
19729643,장우컴퍼니 JW-HTKM01 메모리 방열판,"블랙_5,350|그레이_5,220|_라이트핑크_4,940|실버_5,370|핑크_4,990|_화이트_5,380","블랙_5,350|그레이_5,220|_라이트핑크_4,940|실버_5,370|핑크_4,990|_화이트_5,380","블랙_5,350|그레이_5,220|_라이트핑크_4,940|실버_5,370|핑크_4,990|_화이트_5,380","블랙_5,350|그레이_5,220|_라이트핑크_4,940|실버_5,370|핑크_4,990|_화이트_5,380","블랙_5,350|그레이_5,220|_라이트핑크_4,940|실버_5,370|핑크_4,990|_화이트_5,380","블랙_5,350|그레이_5,220|_라이트핑크_4,940|_실버_5,370|핑크_4,990|화이트_5,380",0
18394358,장우컴퍼니 JW-HTKM01 메모리 방열판,0,0,0,0,0,0,"_블랙_5,350|그레이_5,220|라이트핑크_4,940|실버_5,370|핑크_4,990|_화이트_5,380"
17200370,조이쿨 ITX16-115X 3P,0,0,0,0,0,0,"9,400"
17200886,조이쿨 ITX39-4HEAT90,"22,390","22,390","22,390","22,390",0,0,0
14244044,조이쿨 JC-500 써멀그리스,0,0,"_2g_330|30g_1,380|_150g_5,900","_2g_330|30g_1,380|_150g_5,900","_2g_330|30g_1,380|_150g_5,900","_2g_330|30g_1,380|_150g_5,900","_2g_330|30g_1,380|_150g_5,900"
18424400,조이쿨 JC-900 써멀그리스,0,0,0,0,0,0,"_1.5g_1,300|4g_2,600|_10g_3,430"
94205378,조이쿨 JF140 ARGB PWM PST,"_블랙_8,500|_화이트_7,580","_블랙_8,500|_화이트_7,580","_블랙_8,500|_화이트_7,580","_블랙_8,500|_화이트_7,580","_블랙_8,500|_화이트_7,580","_블랙_8,500|_화이트_7,580","_블랙_8,500|_화이트_7,580"
15881069,조이쿨 M.2 2280 방열판 윈드 슬림,0,0,0,0,0,0,"_그레이_5,910|레드_5,840|_블랙_6,350"
11328675,조이쿨 M.2 SSD 방열판 블랙,0,0,0,0,0,0,"_3mm_2,190|6mm_2,200|_30mm_4,200"
124056621,조이쿨 MC45-6,"화이트_27,530","화이트_27,530",0,0,0,0,0
124057200,조이쿨 MC45-6 ARGB,"화이트_31,240","화이트_31,240","화이트_31,240","화이트_31,240","화이트_31,240","화이트_31,240","화이트_31,240"
13831103,조이쿨 MRM-90 SLIM,"6,260","6,260",0,0,"6,260",0,0
19474619,조이쿨 MVC-90 PWM,"12,460",0,0,0,"12,460","12,460","12,460"
42858455,조이쿨 NMB-04028DA-12T-AKH-PWM,"13,480","13,480","13,990","13,990","13,990","13,990",0
17007479,조이쿨 RGB-4PIPE90 V2,0,0,0,0,0,"18,000","18,000"
13083413,조이쿨 RGB-90CU SILENT,"8,510","8,510","8,510","8,510",0,0,0
15570104,조이쿨 USB 먼지마개 투명 Type C 전용,0,0,0,0,0,0,"_10개_990|_20개_1,690"
18771689,조이쿨 물결 팬필터 60mm,0,0,0,0,0,0,"1,500"
13000994,조이쿨 진동방지 실리콘핀,_블랙_520|_화이트_550,_블랙_520|_화이트_550,_블랙_520|_화이트_550,_블랙_520|_화이트_550,0,0,0
15465848,조이쿨 컴퓨터 포트 먼지마개,0,0,0,0,0,0,890
96986744,컴이지 킹덤 X92-I LED,0,0,0,0,0,0,"_블랙_9,130|_화이트_9,650"
9262665,쿨러마스터 A-RGB 1-to-3 Splitter Cable,"11,610","11,610","11,610","11,610","11,610","11,610","11,610"
11036238,쿨러마스터 ARGB 1-to-5 Splitter Cable,"15,180","15,180","15,180","15,180","15,180","15,180","15,180"
13690781,쿨러마스터 ARGB GPU Support Bracket,"38,610","38,610","38,610","38,190","38,610","38,610","38,190"
34741583,쿨러마스터 ATLAS ARGB GPU Support,"70,800","70,800","70,800","70,800","70,800","70,800","70,800"
101079677,쿨러마스터 ATMOS II Flex-Kit: LCD,"_블랙_58,000|_화이트_57,240","_블랙_58,000|_화이트_57,240","_블랙_58,000|_화이트_57,240","_블랙_58,000|_화이트_57,240",0,0,0
101079704,쿨러마스터 ATMOS II Flex-Kit: LCD,0,0,0,0,"_블랙_58,000|_화이트_57,240","_블랙_58,000|_화이트_57,240","_블랙_58,000|_화이트_57,240"
101079533,쿨러마스터 ATMOS II Flex-Kit: Pixel LED,"_블랙_68,000|_화이트_68,000","_블랙_68,000|_화이트_68,000","_블랙_68,000|_화이트_68,000","_블랙_68,000|_화이트_68,000","_블랙_68,000|_화이트_68,000","_블랙_68,000|_화이트_68,000","_블랙_68,000|_화이트_68,000"
101079944,쿨러마스터 ATMOS II Flex-Kit: VRM Fan,"_블랙_49,110|_화이트_49,110","_블랙_49,110|_화이트_49,110","_블랙_49,110|_화이트_49,110","_블랙_49,110|_화이트_49,110","_블랙_49,110|_화이트_49,110","_블랙_49,110|_화이트_49,110","_블랙_49,110|_화이트_49,110"
19706882,쿨러마스터 CF120 ARGB,"13,010","13,740","13,740","13,740","13,740","13,740","13,740"
15192242,쿨러마스터 CryoFuze,"10,220","10,220","10,220","10,220","10,220","10,220","10,220"
122828935,쿨러마스터 DT600,"_블랙_42,790|_화이트_42,140","_블랙_42,790|_화이트_42,140","_블랙_42,790|_화이트_42,130","_블랙_42,790|_화이트_42,130","_블랙_42,790|_화이트_42,130",0,"_블랙_42,790|_화이트_42,130"
123972002,쿨러마스터 DT600,0,0,0,0,0,"_블랙_42,790|_화이트_42,130",0
122705799,쿨러마스터 DT621,"_블랙_55,010|_화이트_57,180","_블랙_55,010|_화이트_57,180","_블랙_55,010|_화이트_57,180","_블랙_55,010|_화이트_57,180","_블랙_55,010|_화이트_57,180","_블랙_55,010|_화이트_57,180","_블랙_55,010|_화이트_57,180"
19707470,쿨러마스터 HYPER 212 HALO,"화이트_19,050","화이트_19,050","화이트_19,050","화이트_19,050","화이트_19,050","화이트_19,050","화이트_19,050"
28024406,쿨러마스터 HYPER 212 HALO SF6 RYU WHITE,"62,000","62,000","62,000","62,000","62,000","62,000","62,000"
93631772,쿨러마스터 HYPER 212 SPECTRUM V3 ARGB,"19,050","19,050","19,050","19,050","19,050","19,050","19,050"
90272207,쿨러마스터 HYPER 411 NANO,"22,760","22,760","24,000","22,930","22,930","22,930","22,920"
90272192,쿨러마스터 HYPER 411 NANO ARGB,"24,490","24,490","24,490","24,490","24,490","24,490","24,490"
75600674,쿨러마스터 HYPER 612 APEX,"_블랙_78,800|_화이트_79,800","_블랙_78,800|_화이트_79,800","_블랙_78,800|_화이트_79,800","_블랙_78,800|_화이트_79,800","_블랙_78,800|_화이트_79,800","_블랙_78,800|_화이트_79,800","_블랙_78,800|_화이트_79,800"
122701293,쿨러마스터 HYPER 612 APEX PRO,"_블랙_101,660|_실버_101,660|","_블랙_101,660|_실버_101,660|","_블랙_101,660||_화이트_101,660","_블랙_101,660||_화이트_101,660","_블랙_101,660||_화이트_101,660","_블랙_101,660||_화이트_101,660","_블랙_101,660||_화이트_101,660"
19690001,쿨러마스터 HYPER 620S ARGB,"55,200","55,200","55,200","55,200","55,200","55,200","55,200"
21766538,쿨러마스터 HYPER 622 HALO,"_블랙_63,530|_화이트_70,000","_블랙_63,530|_화이트_70,000","_블랙_63,530|_화이트_70,000","_블랙_63,530|_화이트_70,000","_블랙_63,530|_화이트_70,000","_블랙_63,530|_화이트_70,000","_블랙_65,000|_화이트_70,000"
100193432,쿨러마스터 Hyper 212 3DHP,"블랙_21,340","블랙_21,340","블랙_21,340","블랙_21,340","블랙_21,340","블랙_21,340","블랙_21,340"
100193450,쿨러마스터 Hyper 212 3DHP ARGB,"블랙_25,560","블랙_25,560","블랙_25,560","블랙_25,560","블랙_25,560","블랙_25,560","블랙_25,560"
100193369,쿨러마스터 INFINITY ARGB 120mm PWM REVERSE 벌크,"_블랙_11,330|_화이트_11,330",0,0,0,0,0,0
100193354,쿨러마스터 INFINITY ARGB 120mm PWM REVERSE 벌크,0,"_블랙_11,330|_화이트_11,330","_블랙_11,330|_화이트_11,330","_블랙_11,330|_화이트_11,330","_블랙_11,330|_화이트_11,330","_블랙_11,330|_화이트_11,330","_블랙_11,330|_화이트_11,330"
100193288,쿨러마스터 INFINITY ARGB 120mm PWM 벌크,"_블랙_11,000|_화이트_11,330","_블랙_11,330|_화이트_11,330","_블랙_11,330|_화이트_11,330","_블랙_11,330|_화이트_11,330","_블랙_11,330|_화이트_11,330",0,0
100193300,쿨러마스터 INFINITY ARGB 120mm PWM 벌크,0,0,0,0,0,"_블랙_11,330|_화이트_11,330","_블랙_11,330|_화이트_11,330"
15193160,쿨러마스터 LED Tube Sleeve A1,"12mm_60,040","12mm_60,040","12mm_63,000","12mm_63,000","12mm_63,000","12mm_63,000","12mm_63,000"
3772008,쿨러마스터 MASTERAIR MAKER 8,"195,000","195,000","195,000","195,000","195,000","195,000","195,000"
10270674,쿨러마스터 MASTERFAN ARGB AND PWM HUB,"23,430","23,430","23,430","23,430","23,430","23,430","23,430"
10270584,쿨러마스터 MASTERFAN MF120 HALO,"16,730","17,590","17,590","17,590","17,590","17,590","17,590"
11773075,쿨러마스터 MASTERFAN MF120 HALO 3IN1,"56,720","60,350","60,350","60,350","60,350","60,350","60,350"
14903891,쿨러마스터 MASTERFAN MF120 HALO 3IN1 WHITE EDITION,"57,470","60,490","60,490","60,490","60,490","60,490","60,490"
11468913,쿨러마스터 MASTERFAN MF120 HALO WHITE EDITION,"18,690","18,690","18,690","18,690","18,690","18,690","18,690"
13121114,쿨러마스터 MASTERFAN MF140 HALO,"29,250","30,790","30,790","30,790","30,790","30,790","30,790"
16125800,쿨러마스터 MASTERFAN MF140 HALO WHITE EDITION,"31,970","32,990","32,990","32,990","32,990","32,990","32,990"
9663372,쿨러마스터 MASTERFAN SF120M,"30,300","31,890","31,890","31,890","31,890","31,890","31,890"
7907362,쿨러마스터 MASTERFAN SF360R ARGB,"42,890","42,890","42,890","42,890","42,890","42,890","42,890"
32867126,쿨러마스터 MASTERLIQUID 240 ATMOS,"_블랙_151,920|_화이트_160,920","_블랙_151,920|_화이트_160,920","_블랙_151,920|_화이트_160,920","_블랙_151,920|_화이트_160,920","_블랙_151,920|_화이트_160,920","_블랙_151,920|_화이트_160,920","_블랙_151,920|_화이트_160,920"
95848784,쿨러마스터 MASTERLIQUID 240 ATMOS II LCD,"블랙_170,600","블랙_170,600","블랙_170,600","블랙_170,600","블랙_170,600","블랙_170,600","블랙_170,600"
95848871,쿨러마스터 MASTERLIQUID 240 ATMOS II Pixel LED,"블랙_190,400","블랙_190,400","블랙_190,400","블랙_190,400","블랙_190,400","블랙_190,400","블랙_190,400"
95848535,쿨러마스터 MASTERLIQUID 240 ATMOS II VRM Fan,"블랙_155,580","블랙_155,580","블랙_155,580","블랙_155,580","블랙_155,580","블랙_155,580","블랙_155,580"
32867237,쿨러마스터 MASTERLIQUID 360 ATMOS,"_블랙_178,000|_화이트_183,980","_블랙_178,000|_화이트_183,980","_블랙_171,500|_화이트_183,980","_블랙_178,000|_화이트_183,980",0,0,0
32867279,쿨러마스터 MASTERLIQUID 360 ATMOS,0,0,0,0,"_블랙_171,500|_화이트_183,980","_블랙_178,000|_화이트_183,980","_블랙_171,500|_화이트_183,980"
95847233,쿨러마스터 MASTERLIQUID 360 ATMOS II LCD,"_블랙_190,710|_화이트_198,970","_블랙_190,710|_화이트_198,970","_블랙_190,710|_화이트_198,970","_블랙_190,710|_화이트_198,970","_블랙_190,710|_화이트_198,970",0,"_블랙_190,710|_화이트_198,970"
95847245,쿨러마스터 MASTERLIQUID 360 ATMOS II LCD,0,0,0,0,0,"_블랙_190,710|_화이트_198,970",0
95847668,쿨러마스터 MASTERLIQUID 360 ATMOS II Pixel LED,"_블랙_209,100|_화이트_220,960","_블랙_209,100|_화이트_220,960","_블랙_209,100|_화이트_220,960","_블랙_209,100|_화이트_220,960","_블랙_209,100|_화이트_220,960","_블랙_209,100|_화이트_220,960","_블랙_209,100|_화이트_220,960"
95846972,쿨러마스터 MASTERLIQUID 360 ATMOS II VRM Fan,"_블랙_171,370|_화이트_175,530","_블랙_171,370|_화이트_175,530","_블랙_171,370|_화이트_175,530","_블랙_171,370|_화이트_175,530","_블랙_171,370|_화이트_175,530","_블랙_173,360|_화이트_175,530","_블랙_173,360|_화이트_175,530"
75466031,쿨러마스터 MASTERLIQUID 360 ATMOS Stealth,"164,100","164,100","164,100","164,100","164,100","164,100","164,100"
97364441,쿨러마스터 MASTERLIQUID 360 CORE II ARGB,"_블랙_114,220|_화이트_120,400","_블랙_114,220|_화이트_120,400","_블랙_114,220|_화이트_120,400","_블랙_114,220|_화이트_120,400","_블랙_114,220|_화이트_120,400",0,0
97364477,쿨러마스터 MASTERLIQUID 360 CORE II ARGB,0,0,0,0,0,"_블랙_114,220|_화이트_120,400","_블랙_114,220|_화이트_120,400"
97364258,쿨러마스터 MASTERLIQUID 360 CORE NEX ARGB,"_블랙_85,100|_화이트_91,300","_블랙_85,100|_화이트_91,300","_블랙_85,100|_화이트_91,300","_블랙_85,100|_화이트_91,300","_블랙_85,100|_화이트_91,300","_블랙_85,100|_화이트_91,300","_블랙_85,100|_화이트_91,300"
104616695,쿨러마스터 MASTERLIQUID 360 CORE NEX DIGITAL ARGB,"_블랙_119,440|_화이트_124,640",0,0,0,"_블랙_119,440|_화이트_124,640","_블랙_119,440|_화이트_124,640",0
104616692,쿨러마스터 MASTERLIQUID 360 CORE NEX DIGITAL ARGB,0,"_블랙_119,440|_화이트_124,640","_블랙_119,440|_화이트_124,640","_블랙_119,440|_화이트_124,640",0,0,"_블랙_119,440|_화이트_124,640"
68578307,쿨러마스터 MASTERLIQUID 360 ION LCD,"_블랙_318,950|_화이트_322,900","_블랙_334,000|_화이트_322,900","_블랙_314,000|_화이트_322,900","_블랙_320,840|_화이트_322,900","_블랙_327,450|_화이트_322,900","_블랙_322,950|_화이트_322,900","_블랙_328,330|_화이트_322,900"
19688804,쿨러마스터 MOBIUS 120 OC,"43,800","43,800","43,800","43,800","43,800","43,800","43,800"
122829009,쿨러마스터 MasterFan A120,"블랙_43,410","블랙_43,410","블랙_43,410","블랙_43,410","블랙_43,410","블랙_43,410","블랙_43,410"
124116511,쿨러마스터 MasterFan A120 FC,"블랙_53,470","블랙_53,470","블랙_53,470","블랙_53,470","블랙_53,470","블랙_53,470","블랙_53,470"
123972011,쿨러마스터 MasterFan A140,"블랙_51,290","블랙_51,290","블랙_51,290","블랙_51,290","블랙_51,290","블랙_51,290","블랙_51,290"
124116537,쿨러마스터 MasterFan A140 FC,"블랙_61,420","블랙_61,420","블랙_61,420","블랙_61,420","블랙_61,420","블랙_61,420","블랙_61,420"
122829043,쿨러마스터 MasterFan M120 ARGB,"블랙_28,070","블랙_28,070","블랙_28,070","블랙_28,070","블랙_28,070","블랙_28,070","블랙_31,170"
124116562,쿨러마스터 MasterFan M140 ARGB,"블랙_36,000","블랙_36,000","블랙_36,000","블랙_36,000","블랙_36,000","블랙_36,000","블랙_36,000"
122648937,쿨러마스터 MasterLiquid 240 Atmos II Stealth,"블랙_156,400","블랙_156,400","블랙_156,400","블랙_156,400","블랙_156,400","블랙_156,400","블랙_156,400"
122648913,쿨러마스터 MasterLiquid 360 Atmos II Stealth,"블랙_180,890","블랙_180,890","블랙_180,890","블랙_180,890","블랙_180,890","블랙_180,890","블랙_180,890"
122648784,쿨러마스터 MasterLiquid Core LCD 4인치 360 ARGB,"_블랙_141,200|_화이트_141,200","_블랙_141,200|_화이트_141,200","_블랙_141,200|_화이트_141,200","_블랙_141,200|_화이트_141,200","_블랙_141,200|_화이트_141,200","_블랙_141,200|_화이트_141,200","_블랙_141,200|_화이트_141,200"
122728501,쿨러마스터 MasterLiquid Core LCD 6인치 360 ARGB,"_블랙_184,000|_화이트_188,420","_블랙_184,000|_화이트_188,420","_블랙_183,990|_화이트_188,410","_블랙_183,990|_화이트_188,410","_블랙_183,990|_화이트_188,410",0,0
122728507,쿨러마스터 MasterLiquid Core LCD 6인치 360 ARGB,0,0,0,0,0,"_블랙_183,990|_화이트_188,410","_블랙_183,990|_화이트_188,410"
14296820,쿨러마스터 MasterLiquid ML240 Illusion,"_블랙_117,420|_화이트_88,370","_블랙_117,420|_화이트_88,370","_블랙_117,420|_화이트_88,360","_블랙_117,420|_화이트_88,360","_블랙_117,420|_화이트_88,360","_블랙_117,420|_화이트_88,360","_블랙_117,420|_화이트_88,360"
13691198,쿨러마스터 MasterLiquid ML240L V2 RGB,"화이트_73,590","화이트_73,590","화이트_73,580","화이트_73,580","화이트_73,580","화이트_73,580","화이트_73,580"
6377394,쿨러마스터 MasterLiquid ML240RS,"88,390","88,390","88,390","88,390","88,390","88,390","88,390"
9662934,쿨러마스터 MasterLiquid ML360P SILVER EDITION,"153,680","153,680","153,680","153,680","153,680","150,200","150,110"
16125284,쿨러마스터 MasterLiquid PL240 FLUX,"블랙_82,600","블랙_82,600","블랙_82,600","블랙_82,600","블랙_82,600","블랙_82,600","블랙_82,600"
16125488,쿨러마스터 MasterLiquid PL360 FLUX,"블랙_102,990","블랙_102,990","블랙_102,990","블랙_102,990","블랙_102,990","블랙_102,990","블랙_102,990"
19393199,쿨러마스터 Mobius 120,"44,670","44,670","46,080","44,670","44,670","44,670","44,670"
5374858,쿨러마스터 RGB LED 컨트롤러,"43,570","43,570","43,570","43,570","43,570","43,570","43,570"
11492712,쿨러마스터 SICKLEFLOW 120 ARGB,"3팩_69,750","3팩_69,750","3팩_69,750","3팩_69,750","3팩_69,750","3팩_75,000","3팩_71,250"
13120760,쿨러마스터 SICKLEFLOW 120 ARGB WHITE EDITION,"3팩_42,560","3팩_42,950","3팩_42,950","3팩_42,950","3팩_42,950","3팩_42,950","3팩_42,950"
60065909,쿨러마스터 SICKLEFLOW EDGE 120 ARGB,"_3팩, 블랙_60,750|_3팩, 화이트_63,240","_3팩, 블랙_61,990|_3팩, 화이트_66,990","_3팩, 블랙_61,990|_3팩, 화이트_66,990","_3팩, 블랙_61,990|_3팩, 화이트_66,990","_3팩, 블랙_61,990|_3팩, 화이트_66,990","_3팩, 블랙_61,990|_3팩, 화이트_66,990","_3팩, 블랙_61,990|_3팩, 화이트_66,990"
5852917,쿨러마스터 STANDARD A30,"7,710","7,710","7,710","7,710","7,710","7,710","7,710"
17009219,쿨러마스터 Silent Fan 120 SI2 4in1,"29,410","30,790","30,790","30,790","30,790","30,790","30,790"
15192626,쿨러마스터 Thermal Pad,"_0.5mm_7,840|1.0mm_8,680|2.0mm_13,980|_3.0mm_15,150","_0.5mm_7,840|1.0mm_8,680|2.0mm_13,980|_3.0mm_15,150","_0.5mm_7,840|1.0mm_8,680|2.0mm_13,980|_3.0mm_15,150","_0.5mm_7,840|1.0mm_8,680|2.0mm_13,980|_3.0mm_15,150","_0.5mm_7,840|1.0mm_8,680|2.0mm_13,980|_3.0mm_15,150","0.5mm_7,840|1.0mm_8,680|_2.0mm_13,980|_3.0mm_15,150","0.5mm_7,840|_1.0mm_8,680|2.0mm_13,980|_3.0mm_15,150"
15192713,쿨러마스터 Thermal Pad Pro,"_1.0mm_14,620|_2.0mm_23,090","_1.0mm_14,620|_2.0mm_23,090","_1.0mm_14,620|_2.0mm_23,090","_1.0mm_14,620|_2.0mm_23,090","_1.0mm_14,620|_2.0mm_23,090","_1.0mm_14,620|_2.0mm_23,090","_1.0mm_14,620|_2.0mm_23,090"
4398106,쿨러마스터 Universal VGA Holder,"39,990","39,990","36,990","39,990","39,990","39,990","36,990"
100193501,쿨러마스터 V4 Alpha 3DHP,"블랙_37,380","블랙_37,380","블랙_37,380","블랙_37,380","블랙_37,380","블랙_37,380","블랙_37,380"
123695783,쿨러마스터 V8 ACE 3DHP AMD Optimized,"블랙_174,730","블랙_155,870","블랙_155,870","블랙_155,870","블랙_155,870","블랙_155,870","블랙_155,870"
123695792,쿨러마스터 V8 ACE 3DHP INTEL Optimized,"블랙_155,870","블랙_155,870","블랙_155,870","블랙_155,870","블랙_155,870","블랙_155,870","블랙_155,870"
8659370,쿨러마스터 WIRED RGB CONTROLLER C10L,"6,500","6,500","6,500","6,500","6,500","6,500","6,500"
92107424,타무즈 T4-V3 ARGB,"_블랙_22,820|_화이트_22,820","_블랙_22,820|_화이트_22,820","_블랙_22,820|_화이트_22,820","_블랙_22,820|_화이트_22,820","_블랙_22,820|_화이트_22,820","_블랙_22,820|_화이트_22,820","_블랙_22,820|_화이트_22,820"
97778825,타무즈 T4-V4,"블랙_20,950","블랙_20,950","블랙_20,950","블랙_20,950","블랙_20,950","블랙_20,950","블랙_20,950"
92107589,타무즈 T4-V4D,"블랙_24,790","블랙_24,790","블랙_24,790","블랙_24,790","블랙_24,790","블랙_24,790","블랙_24,790"
92108021,타무즈 T4-V4D-ARGB,"_블랙_27,910|_화이트_27,660","_블랙_27,910|_화이트_27,660",0,0,0,"_블랙_27,910|_화이트_27,660","_블랙_27,910|_화이트_27,660"
92107994,타무즈 T4-V4D-ARGB,0,0,"_블랙_27,910|_화이트_27,660","_블랙_27,910|_화이트_27,660","_블랙_27,910|_화이트_27,660",0,0
92108099,타무즈 T6-V4D-ARGB,"_블랙_34,390|_화이트_33,970","_블랙_34,390|_화이트_33,970","_블랙_34,390|_화이트_33,970",0,0,0,0
92108081,타무즈 T6-V4D-ARGB,0,0,0,"_블랙_34,390|_화이트_33,970","_블랙_34,390|_화이트_33,970","_블랙_34,390|_화이트_33,970","_블랙_34,390|_화이트_33,970"
92108159,타무즈 T660-V4D,"블랙_45,490","블랙_45,490","블랙_45,490","블랙_45,490","블랙_45,490","블랙_45,490","블랙_45,490"
92108243,타무즈 T660-V4D-ARGB,"_블랙_51,990|_화이트_51,990","_블랙_51,990|_화이트_51,990","_블랙_51,990|_화이트_51,990","_블랙_51,990|_화이트_51,990","_블랙_51,990|_화이트_51,990","_블랙_51,990|_화이트_51,990","_블랙_51,990|_화이트_51,990"
92108297,타무즈 T880-V4D,"블랙_55,990","블랙_55,990","블랙_55,990","블랙_55,990","블랙_55,990","블랙_55,990","블랙_55,990"
92108375,타무즈 T880-V4D-ARGB,"_블랙_62,210|_화이트_62,880","_블랙_62,210|_화이트_62,880","_블랙_62,210|_화이트_62,880","_블랙_62,210|_화이트_62,880",0,"_블랙_62,210|_화이트_62,880","_블랙_62,210|_화이트_62,880"
92108354,타무즈 T880-V4D-ARGB,0,0,0,0,"_블랙_62,210|_화이트_62,880",0,0
97778387,타무즈 TC400 RGB,"블랙_15,560","블랙_15,560","블랙_15,560","블랙_15,560","블랙_15,560","블랙_15,560","블랙_15,560"
92108567,타무즈 TC45-4 WD,"블랙_19,000","블랙_19,000","블랙_19,000","블랙_19,000","블랙_19,000","블랙_19,000","블랙_19,000"
100329635,타무즈 TC600 ARGB,"블랙_30,840","블랙_30,840","블랙_30,840","블랙_30,840","블랙_30,840","블랙_30,840","블랙_30,840"
97847723,타무즈 TL360,"블랙_79,650","블랙_79,650","블랙_79,650","블랙_79,650","블랙_79,650","블랙_79,650","블랙_79,650"
98072642,타무즈 TL360 ARGB,"_블랙_83,980|_화이트_83,990","_블랙_83,980|_화이트_83,990","_블랙_83,980|_화이트_83,990","_블랙_83,980|_화이트_83,990","_블랙_83,980|_화이트_83,990","_블랙_83,980|_화이트_83,990","_블랙_83,980|_화이트_83,990"
74963399,투민시스템 THERMANOVA NOVA1 RGB,"7,630","7,630","7,630","7,630","7,630",0,0
74954237,투민시스템 THERMANOVA NOVA6 ARGB,"19,440","19,440",0,0,0,0,0
79399610,티테크놀로지 T-13W 써멀패드 100x100,0,0,0,0,0,"0.3mm_6,140|_0.5mm_8,080|_1.0mm_10,620|1.5mm_12,570|2.0mm_13,390",0
79407998,티테크놀로지 T-SC-HS 파워 3.5 HDD 조립용 나사,"_20개, 실버_660|_50개, 실버_1,190","_20개, 실버_660|_50개, 실버_1,190","_20개, 실버_670|_50개, 실버_1,190","_20개, 실버_670|_50개, 실버_1,190","_20개, 실버_670|_50개, 실버_1,190",0,0
95281421,티테크놀로지 T-SP42 진동방지 실리콘핀,0,0,0,0,0,0,_블랙_690|_화이트_660
79044590,티테크놀로지 쿨링팬 나사,0,"_20개, 블랙_690|20개, 실버_590|_50개, 블랙_1,390|50개, 실버_1,290","_20개, 블랙_690|20개, 실버_590|_50개, 블랙_1,390|50개, 실버_1,290",0,0,0,0
18242300,프로테크닉 MGA4005LR-A10,0,0,0,0,0,0,"5,740"
