Id,Name,2026-10-01 14:14:44,2026-10-02 14:04:28,2026-10-03 13:47:18,2026-10-04 14:18:53,2026-10-05 14:02:35,2026-10-06 14:50:38,2026-10-07 14:21:27,2026-10-08 14:31:03,2026-10-09 14:34:00,2026-10-10 14:18:23
10651296,ANYZEN AZ-380 게이밍 헤드셋,"8,900","8,900","8,900","8,900","8,900","8,900","8,900","8,900","8,900","8,900"
30333290,ANYZEN AZ-380C,"10,070","10,070","10,070","10,070","10,070","10,070","10,070","10,070","10,070","10,070"
12665087,ANYZEN AZ-580 스테레오 게이밍 헤드셋,0,0,0,0,0,0,"10,720","10,720","10,720","10,720"
30193853,ANYZEN AZ-580C,"11,910","12,030","12,030","12,030","12,030","12,040",0,0,"12,030","12,030"
7207030,ASUS ROG DELTA CORE,"정품_79,000","정품_79,000","정품_79,000",0,0,0,0,0,0,0
75471311,ASUS ROG DELTA II WIRELESS 게이밍 헤드셋,"블랙, 정품_349,000|화이트, 정품_349,000|해외구매_284,820","블랙, 정품_349,000|화이트, 정품_349,000|해외구매_284,820","블랙, 정품_349,000|화이트, 정품_349,000|해외구매_291,020","블랙, 정품_349,000|화이트, 정품_349,000|해외구매_291,020","블랙, 정품_349,000|화이트, 정품_349,000|해외구매_291,020","블랙, 정품_349,000|화이트, 정품_349,000|해외구매_291,020","블랙, 정품_349,000|화이트, 정품_349,000|해외구매_291,020","블랙, 정품_349,000|화이트, 정품_349,000|해외구매_291,020","블랙, 정품_349,000|화이트, 정품_349,000|해외구매_291,020","블랙, 정품_349,000|화이트, 정품_349,000|해외구매_291,020"
13484066,ASUS ROG DELTA S,0,"정품_159,000|해외구매_335,580","정품_159,000|해외구매_335,580","정품_159,000|해외구매_335,580","정품_159,000|해외구매_335,580","정품_159,000|해외구매_335,580","정품_159,000|해외구매_335,580","정품_159,000|해외구매_335,580","정품_159,000|해외구매_335,580","정품_159,000|해외구매_335,580"
122643993,ASUS ROG KITHARA,"정품_470,000|해외구매_589,250","정품_470,000|해외구매_589,250","정품_470,000|해외구매_589,250","정품_470,000|해외구매_589,250","정품_470,000|해외구매_589,250","정품_470,000|해외구매_589,250","정품_470,000|해외구매_589,250","정품_499,000|해외구매_589,250","정품_499,000|해외구매_589,250","정품_499,000|해외구매_589,250"
12621641,ASUS ROG THETA 7.1채널,"해외구매_352,800","해외구매_352,800","해외구매_352,800","해외구매_352,800","해외구매_352,800",0,0,0,0,0
91635971,ASUS TUF H1 Gen II 하츠네미쿠 에디션 게이밍 헤드셋,"정품_99,000|해외구매_172,790","정품_99,000|해외구매_172,790",0,0,"정품_99,000|해외구매_172,790","정품_99,000|해외구매_172,790","정품_99,000|해외구매_172,790","정품_99,000|해외구매_172,790","정품_99,000|해외구매_172,790",0
16303130,ASUS TUF H1 WIRELESS,0,0,0,0,"정품_71,100|해외구매_164,600","정품_71,100|해외구매_164,600","정품_71,100|해외구매_164,600","정품_71,100|해외구매_164,600","정품_71,100|해외구매_164,600","정품_71,100|해외구매_164,600"
123588972,ATK N9 Ultra 무선 게이밍 헤드셋,"블랙+퍼플, 정품_54,900||||해외구매_47,350","블랙+퍼플, 정품_54,900||||해외구매_47,350","블랙+퍼플, 정품_54,900||||해외구매_47,350","블랙+퍼플, 정품_54,900||||해외구매_47,350","블랙+퍼플, 정품_54,900||||해외구매_47,350","블랙+퍼플, 정품_54,900||||해외구매_48,300","블랙+퍼플, 정품_54,900||||해외구매_48,300","블랙+퍼플, 정품_54,900||||해외구매_47,770","블랙+퍼플, 정품_54,900||||해외구매_47,770","블랙+퍼플, 정품_54,900||||해외구매_47,770"
95206757,AULA A500,"해외구매_44,370","해외구매_44,370","해외구매_44,370","해외구매_44,370","해외구매_44,370","해외구매_44,370","해외구매_44,370","해외구매_44,370","해외구매_44,370","해외구매_44,370"
95059091,AULA G7,"해외구매_22,600","해외구매_22,600","해외구매_22,600","해외구매_22,600","해외구매_22,600","해외구매_22,600","해외구매_22,600","해외구매_22,600","해외구매_22,600","해외구매_22,600"
95059202,AULA G7 PRO,"해외구매_26,700","해외구매_26,700","해외구매_26,700","해외구매_26,700","해외구매_26,700","해외구매_27,600","해외구매_27,600","해외구매_27,300","해외구매_27,300","해외구매_27,300"
95986589,AULA S8,"해외구매_25,940","해외구매_25,940","해외구매_25,940","해외구매_25,940","해외구매_25,940","해외구매_26,220","해외구매_26,220","해외구매_26,220","해외구매_26,220","해외구매_26,220"
7117405,Actto BKS-78 USB 게이밍 헤드셋,"22,890","22,890","22,890","22,890","22,890","22,890","22,890","22,890","22,890","22,890"
15731177,Actto BKS-84,"28,920","28,920","28,920","28,920","28,920","28,920","28,920","28,920","28,920","28,920"
3282119,Actto GBKS-01,"13,240","13,240","13,440","13,440","13,440","13,440","13,440","13,440","13,440","13,440"
7245013,Actto GBKS-06,"50,780","50,780","51,340","51,340","51,340","51,340","51,340","50,790","50,780","50,780"
15239159,Actto 레벨 게이밍 헤드셋 GBKS-14,"24,200","24,200","24,200","24,200","24,410","24,410","24,410","24,190","23,930","23,930"
14607980,Actto 브라이트 블루투스 헤드셋 BTH-08,0,0,0,0,0,0,0,0,"29,580","29,580"
5260655,Actto 팝팝 키즈 BKS-74,"19,900","19,900","19,900","19,900","19,900","19,900","19,900","19,900","19,900","19,900"
20120261,Audeze Maxwell,0,0,0,0,0,"PS, 해외구매_641,700|Xbox, 해외구매_682,000","PS, 해외구매_641,700|Xbox, 해외구매_682,000","PS, 해외구매_641,700|Xbox, 해외구매_682,000","PS, 해외구매_641,700|Xbox, 해외구매_682,000","PS, 해외구매_641,700|Xbox, 해외구매_682,000"
14904911,Audeze Penrose X,"정품_484,000|해외구매_475,060","정품_484,000|해외구매_475,060","정품_484,000|해외구매_475,060","정품_484,000|해외구매_475,060","정품_484,000|해외구매_475,060","정품_484,000|해외구매_475,060",0,0,0,0
12683798,Britz 브리츠인터내셔널 BA-MPK1 게이밍 헤드셋,"24,840","24,840","24,840","24,840","24,840","24,840","24,840","24,840","24,840","24,840"
13466102,Britz 브리츠인터내셔널 BA-MPK10,"121,000","121,000","121,000","121,000","121,000","121,000","121,000","121,000","118,580","118,580"
17694248,Britz 브리츠인터내셔널 BE-HF10BT,"43,010","44,800","44,800","44,800","44,800","44,800","44,800","44,800","44,800","44,800"
18210281,Britz 브리츠인터내셔널 BR-ML3,"36,230","36,230","36,230","36,230","36,230","36,230","36,230","36,230","36,230","36,230"
16279004,Britz 브리츠인터내셔널 BT3900,"정품_80,100","정품_80,100","정품_80,100","정품_80,100","정품_80,100","정품_80,100","정품_80,100","정품_80,100","정품_80,100","정품_80,100"
12433733,Britz 브리츠인터내셔널 BZ-HK40,"75,000","75,000","75,000","75,000","75,000","75,000","75,000",0,0,0
6443249,Britz 브리츠인터내셔널 HS20 게이밍 헤드셋,"정품_68,510","정품_68,510","정품_68,510","정품_68,510","정품_68,510","정품_68,510","정품_69,900","정품_69,900","정품_69,900","정품_69,900"
18682721,Britz 브리츠인터내셔널 K3,"29,900","29,900","29,900","29,900","29,900","29,900","29,900","29,900","29,310","29,310"
4874516,Britz 브리츠인터내셔널 K35GH,"정품_21,800","정품_21,800","정품_21,800","정품_21,800","정품_21,800","정품_21,800","정품_21,800","정품_21,900","정품_21,900","정품_21,900"
12834641,Britz 브리츠인터내셔널 K71GH 가상 7.1채널 RGB 게이밍 헤드셋,"24,800","24,800","24,800","24,800","24,800","24,800","24,800","24,800","24,800","24,800"
12616313,Britz 브리츠인터내셔널 K820,"29,000","29,000","29,000","29,000","29,000","29,000","29,000","29,000","28,420","28,420"
92969102,Britz 브리츠인터내셔널 KG1100,"정품_49,760","정품_49,760","정품_49,760","정품_49,760","정품_49,760","정품_53,890","정품_53,890","정품_53,890","정품_53,890","정품_53,890"
8098264,Britz 브리츠인터내셔널 KG95X 리얼 5.2 멀티채널 진동 게이밍 헤드셋,"49,000","49,000","44,500","44,500","44,500","49,000","49,000","49,000","44,500","44,500"
1642765,CAMAC CMK-1090MV,"6,770","6,770","6,770","6,770","6,770","6,770","6,770","6,770","6,770","6,770"
1283241,CAMAC CMK-1102MV,"6,120","6,190","6,190","6,190","6,190","6,190","6,190","6,190","6,190","6,190"
4749339,CAMAC CMK-1300 USB,"9,930","9,930","9,930","9,930","9,930","9,930","9,930","9,930","9,930","9,930"
838897,CAMAC CMK-502MV,"2,390","2,390","2,390","2,390","2,390","2,390","2,390","2,390","2,390","2,390"
898184,CAMAC CMK-503MV,"2,850","2,850","2,870","2,870","2,870","2,870","2,870","2,870","2,870","2,870"
104628464,CHERRY XTRFY H3 무선 게이밍 헤드셋,"정품_139,000","정품_139,000","정품_139,000","정품_139,000","정품_139,000","정품_139,000","정품_139,000","정품_139,000","정품_139,000","정품_139,000"
6870865,CJ ENM ENTUS H5 스테레오,"16,900","16,900","16,900","16,900","16,900","16,900","16,900","16,900","16,890","16,890"
6530732,CJ ENM ENTUS LV400 CAMO LED 가상 7.1채널 진동,"19,510","19,510","19,510","19,510","19,510","19,510","19,510","19,510","19,510","19,510"
16611842,CJ ENM ENTUS-H6,"16,500","16,500","16,500","16,500","16,500","16,500","16,500","16,500","16,500","16,500"
48476708,CORSAIR HS35 SURROUND v2 7.1채널 게이밍 헤드셋,"74,750","74,750","74,750","74,750","74,750","73,125","73,125","73,125","73,125","73,125"
48476885,CORSAIR HS35 v2 게이밍 헤드셋,"블랙_65,900|블루_62,290","블랙_65,900|블루_62,290","블랙_65,900|블루_62,290","블랙_65,900|블루_62,290","블랙_65,900|블루_62,290","블랙_65,900|블루_62,046","블랙_76,840|블루_66,000","블랙_76,830|블루_66,000","블랙_76,830|블루_66,000","블랙_76,820|블루_66,000"
122710649,CORSAIR HS35 v3 게이밍 헤드셋,"블랙, 정품_55,650|","블랙, 정품_55,460|","블랙, 정품_50,100|","블랙, 정품_50,100|","블랙, 정품_50,100|","블랙, 정품_50,100|","블랙, 정품_50,100|","블랙, 정품_50,100|","블랙, 정품_49,030|","블랙, 정품_49,030|"
122710607,CORSAIR HS35 v3 무선 게이밍 헤드셋,"블랙, 정품_95,890||해외구매_183,330","블랙, 정품_91,080||해외구매_183,330","블랙, 정품_80,400||해외구매_183,330","블랙, 정품_80,400||해외구매_183,330","블랙, 정품_80,400||해외구매_183,330","블랙, 정품_80,400||해외구매_183,330","블랙, 정품_80,400||해외구매_183,330","블랙, 정품_80,400||해외구매_183,330","블랙, 정품_78,690||해외구매_183,330","블랙, 정품_78,690||해외구매_183,330"
8379099,CORSAIR HS35 스테레오,"정품_119,240","정품_119,240","정품_119,240","정품_119,240","정품_119,240","정품_119,240","정품_119,240","정품_119,240","정품_119,240","정품_119,240"
5675621,CORSAIR HS50,"정품_80,900","정품_80,900","정품_80,900","정품_80,900","정품_80,900","정품_80,900","정품_80,900","정품_80,900","정품_80,900","정품_80,900"
17979854,CORSAIR HS55 CORE 무선 블루투스 게이밍 헤드셋,"정품_142,390","정품_142,390","정품_142,390","정품_142,390","정품_142,390","정품_142,390","정품_142,390","정품_142,390","정품_142,390","정품_142,390"
17003411,CORSAIR HS55 STEREO 게이밍 헤드셋,"화이트, 정품_78,560|블랙, 정품_78,610|해외구매_153,270|블랙, 벌크_58,000","화이트, 정품_78,560|블랙, 정품_78,610|해외구매_153,270|블랙, 벌크_58,000","화이트, 정품_78,560|블랙, 정품_78,610|해외구매_153,270|블랙, 벌크_58,000","화이트, 정품_78,560|블랙, 정품_78,610|해외구매_153,270|블랙, 벌크_58,000","화이트, 정품_78,560|블랙, 정품_78,610|해외구매_153,270|블랙, 벌크_58,000","화이트, 정품_78,560|블랙, 정품_78,610|해외구매_153,270|블랙, 벌크_58,000","화이트, 정품_78,560|블랙, 정품_78,610|해외구매_153,270|블랙, 벌크_58,000","화이트, 정품_78,560|블랙, 정품_78,610|해외구매_153,270|블랙, 벌크_58,000","화이트, 정품_78,560|블랙, 정품_78,610|해외구매_153,270|블랙, 벌크_58,000","화이트, 정품_78,560|블랙, 정품_78,610|해외구매_153,270|블랙, 벌크_58,000"
17009168,CORSAIR HS55 SURROUND 7.1채널 게이밍 헤드셋,"블랙, 정품_81,990|화이트, 정품_81,990|블랙, 해외구매_105,690","블랙, 정품_81,990|화이트, 정품_81,990|블랙, 해외구매_105,690","블랙, 정품_81,990|화이트, 정품_81,990|블랙, 해외구매_105,690","블랙, 정품_81,990|화이트, 정품_81,990|블랙, 해외구매_105,690","블랙, 정품_81,990|화이트, 정품_81,990|블랙, 해외구매_105,690","블랙, 정품_81,990|화이트, 정품_81,990|블랙, 해외구매_105,690","블랙, 정품_81,990|화이트, 정품_81,990|블랙, 해외구매_105,690","블랙, 정품_81,990|화이트, 정품_81,990|블랙, 해외구매_105,690","블랙, 정품_81,990|화이트, 정품_81,990|블랙, 해외구매_105,690","블랙, 정품_81,990|화이트, 정품_81,990|블랙, 해외구매_105,690"
19020101,CORSAIR HS55 무선 블루투스 게이밍 헤드셋,"블랙, 정품_142,400|화이트, 정품_149,900|블랙, 해외구매_152,070|화이트, 해외구매_140,670","블랙, 정품_140,900|화이트, 정품_142,410|블랙, 해외구매_152,070|화이트, 해외구매_140,670","블랙, 정품_118,400|화이트, 정품_112,100|블랙, 해외구매_152,070|화이트, 해외구매_140,670","블랙, 정품_118,400|화이트, 정품_112,100|블랙, 해외구매_152,070|화이트, 해외구매_140,670","블랙, 정품_118,400|화이트, 정품_112,100|블랙, 해외구매_152,070|화이트, 해외구매_140,670","블랙, 정품_118,400|화이트, 정품_118,400|블랙, 해외구매_152,070|화이트, 해외구매_140,670","블랙, 정품_118,400|화이트, 정품_118,400|블랙, 해외구매_152,070|화이트, 해외구매_140,670","블랙, 정품_118,400|화이트, 정품_118,400|블랙, 해외구매_152,070|화이트, 해외구매_140,670","블랙, 정품_115,880|화이트, 정품_115,880|블랙, 해외구매_152,070|화이트, 해외구매_140,670","블랙, 정품_115,880|화이트, 정품_115,880|블랙, 해외구매_152,070|화이트, 해외구매_140,670"
12572522,CORSAIR HS60 HAPTIC 스테레오 게이밍 헤드셋,"카모, 정품_188,650|카본블랙, 정품_200,900|카모, 해외구매_218,990","카모, 정품_188,650|카본블랙, 정품_200,900|카모, 해외구매_218,990","카모, 정품_188,650|카본블랙, 정품_200,900|카모, 해외구매_218,990","카모, 정품_188,650|카본블랙, 정품_200,900|카모, 해외구매_225,990","카모, 정품_188,650|카본블랙, 정품_200,900|카모, 해외구매_225,990","카모, 정품_188,650|카본블랙, 정품_200,900|카모, 해외구매_218,990","카모, 정품_188,650|카본블랙, 정품_200,900|카모, 해외구매_218,990","카모, 정품_188,650|카본블랙, 정품_200,900|카모, 해외구매_225,990","카모, 정품_188,650|카본블랙, 정품_200,900|카모, 해외구매_225,990","카모, 정품_188,650|카본블랙, 정품_200,900|카모, 해외구매_218,990"
17004548,CORSAIR HS65 SURROUND 7.1채널 게이밍 헤드셋,"화이트, 정품_110,560|블랙, 정품_86,500|화이트, 해외구매_96,680|블랙, 해외구매_121,980","화이트, 정품_107,350|블랙, 정품_86,500|화이트, 해외구매_96,680|블랙, 해외구매_121,980","화이트, 정품_61,000|블랙, 정품_61,000|화이트, 해외구매_99,800|블랙, 해외구매_121,980","화이트, 정품_61,000|블랙, 정품_61,000|화이트, 해외구매_99,800|블랙, 해외구매_121,980","화이트, 정품_61,000|블랙, 정품_61,000|화이트, 해외구매_99,800|블랙, 해외구매_121,980","화이트, 정품_61,000|블랙, 정품_61,000|화이트, 해외구매_99,800|블랙, 해외구매_115,680","화이트, 정품_61,000|블랙, 정품_61,000|화이트, 해외구매_99,800|블랙, 해외구매_121,980","화이트, 정품_61,000|블랙, 정품_61,000|화이트, 해외구매_99,800|블랙, 해외구매_121,980","화이트, 정품_61,000|블랙, 정품_61,000|화이트, 해외구매_99,800|블랙, 해외구매_121,980","화이트, 정품_61,000|블랙, 정품_61,000|화이트, 해외구매_99,800|블랙, 해외구매_121,980"
19023920,CORSAIR HS65 무선 7.1채널 게이밍 헤드셋,"블랙, 정품_132,370|화이트, 정품_132,370|블랙, 해외구매_131,450|화이트, 해외구매_226,600","블랙, 정품_132,370|화이트, 정품_132,370|블랙, 해외구매_131,450|화이트, 해외구매_226,600","블랙, 정품_132,370|화이트, 정품_132,370|블랙, 해외구매_131,450|화이트, 해외구매_226,600","블랙, 정품_132,370|화이트, 정품_132,370|블랙, 해외구매_131,450|화이트, 해외구매_233,900","블랙, 정품_132,370|화이트, 정품_132,370|블랙, 해외구매_131,450|화이트, 해외구매_226,600","블랙, 정품_132,370|화이트, 정품_132,370|블랙, 해외구매_131,450|화이트, 해외구매_201,680","블랙, 정품_132,370|화이트, 정품_132,370|블랙, 해외구매_131,450|화이트, 해외구매_226,600","블랙, 정품_132,370|화이트, 정품_132,370|블랙, 해외구매_131,450|화이트, 해외구매_226,600","블랙, 정품_132,370|화이트, 정품_132,370|블랙, 해외구매_131,450|화이트, 해외구매_226,600","블랙, 정품_132,370|화이트, 정품_132,370|블랙, 해외구매_131,450|화이트, 해외구매_226,600"
6294139,CORSAIR HS70 SE 무선 7.1채널 게이밍 헤드셋,0,0,0,0,0,0,0,0,0,"정품_89,000"
12913094,CORSAIR HS70 블루투스 게이밍 헤드셋,"정품_229,710|해외구매_144,470","정품_229,710|해외구매_144,470","정품_229,710|해외구매_144,470","정품_229,710|해외구매_144,470","정품_229,710|해외구매_144,470","정품_229,710|해외구매_144,470","정품_229,710|해외구매_144,470","정품_229,710|해외구매_144,470","정품_229,710|해외구매_144,470","정품_229,710|해외구매_144,470"
27550187,CORSAIR HS80 MAX RGB 무선 게이밍 헤드셋,"스틸그레이, 정품_199,000|화이트, 정품_199,900|스틸그레이, 벌크_136,250","스틸그레이, 정품_199,000|화이트, 정품_199,900|스틸그레이, 벌크_136,250","스틸그레이, 정품_198,000|화이트, 정품_199,900|스틸그레이, 벌크_136,250","스틸그레이, 정품_198,000|화이트, 정품_199,900|스틸그레이, 벌크_136,250","스틸그레이, 정품_198,000|화이트, 정품_199,900|스틸그레이, 벌크_136,250","스틸그레이, 정품_198,000|화이트, 정품_199,900|스틸그레이, 벌크_136,250","스틸그레이, 정품_198,000|화이트, 정품_199,900|스틸그레이, 벌크_136,250","스틸그레이, 정품_198,000|화이트, 정품_199,900|스틸그레이, 벌크_134,820","스틸그레이, 정품_198,000|화이트, 정품_199,900|스틸그레이, 벌크_133,390","스틸그레이, 정품_198,000|화이트, 정품_199,900|스틸그레이, 벌크_133,390"
42286955,CORSAIR HS80 RGB USB 7.1채널 게이밍 헤드셋,"블랙, 정품_136,000|화이트, 정품_134,590|해외구매_149,400|벌크_96,680","블랙, 정품_136,000|화이트, 정품_134,590|해외구매_149,400|벌크_96,680",0,0,"블랙, 정품_136,000|화이트, 정품_135,990|해외구매_149,400|벌크_96,680","블랙, 정품_136,000|화이트, 정품_135,990|해외구매_149,400|벌크_96,680","블랙, 정품_136,000|화이트, 정품_135,990|해외구매_149,400|벌크_96,680","블랙, 정품_136,000|화이트, 정품_135,990|해외구매_149,400|벌크_95,660","블랙, 정품_136,000|화이트, 정품_135,990|해외구매_147,740|벌크_94,640",0
17009279,CORSAIR HS80 RGB USB 7.1채널 게이밍 헤드셋,"블랙, 정품_136,000|화이트, 정품_134,590|해외구매_149,400|벌크_96,680","블랙, 정품_136,000|화이트, 정품_134,590|해외구매_149,400|벌크_96,680","블랙, 정품_136,000|화이트, 정품_135,990|해외구매_149,400|벌크_96,680","블랙, 정품_136,000|화이트, 정품_135,990|해외구매_149,400|벌크_96,680","블랙, 정품_136,000|화이트, 정품_135,990|해외구매_149,400|벌크_96,680","블랙, 정품_136,000|화이트, 정품_135,990|해외구매_149,400|벌크_96,680","블랙, 정품_136,000|화이트, 정품_135,990|해외구매_149,400|벌크_96,680","블랙, 정품_136,000|화이트, 정품_135,990|해외구매_149,400|벌크_95,660","블랙, 정품_136,000|화이트, 정품_135,990|해외구매_147,740|벌크_94,640","블랙, 정품_136,000|화이트, 정품_135,990|해외구매_149,400|벌크_94,640"
15050054,CORSAIR HS80 RGB 무선 게이밍 헤드셋,"블랙, 정품_179,900|화이트, 정품_174,900|블랙, 해외구매_162,720|화이트, 해외구매_227,000|벌크_126,860","블랙, 정품_169,100|화이트, 정품_169,100|블랙, 해외구매_162,720|화이트, 해외구매_227,000|벌크_126,860","블랙, 정품_142,100|화이트, 정품_142,100|블랙, 해외구매_162,720|화이트, 해외구매_227,000|벌크_126,850","블랙, 정품_142,100|화이트, 정품_142,100|블랙, 해외구매_162,720|화이트, 해외구매_227,000|벌크_126,850","블랙, 정품_142,100|화이트, 정품_142,100|블랙, 해외구매_162,720|화이트, 해외구매_227,000|벌크_126,830","블랙, 정품_142,100|화이트, 정품_142,100|블랙, 해외구매_162,720|화이트, 해외구매_227,000|벌크_121,820","블랙, 정품_142,100|화이트, 정품_142,100|블랙, 해외구매_162,720|화이트, 해외구매_227,000|벌크_121,800","블랙, 정품_142,100|화이트, 정품_142,100|블랙, 해외구매_162,720|화이트, 해외구매_227,000|벌크_121,790","블랙, 정품_139,070|화이트, 정품_139,070|블랙, 해외구매_162,720|화이트, 해외구매_227,000|벌크_121,270","블랙, 정품_139,070|화이트, 정품_139,070|블랙, 해외구매_162,720|화이트, 해외구매_227,000|벌크_121,260"
72005501,CORSAIR HS80 RGB 무선 콜오브듀티 블랙옵스6 에디션 게이밍 헤드셋,"218,400","216,100","138,700","138,700","138,700","138,700","138,700","138,700","135,750","135,750"
68889164,CORSAIR VIRTUOSO MAX RGB 무선 게이밍 헤드셋,"블랙, 정품_375,000|실버, 정품_399,000|블랙, 해외구매_441,260|실버, 해외구매_412,000","블랙, 정품_375,000|실버, 정품_375,060|블랙, 해외구매_441,260|실버, 해외구매_416,480","블랙, 정품_375,000|실버, 정품_267,300|블랙, 해외구매_441,260|실버, 해외구매_416,480","블랙, 정품_375,000|실버, 정품_267,300|블랙, 해외구매_441,260|실버, 해외구매_416,480","블랙, 정품_375,000|실버, 정품_267,300|블랙, 해외구매_441,260|실버, 해외구매_416,480","블랙, 정품_375,000|실버, 정품_267,300|블랙, 해외구매_441,260|실버, 해외구매_413,560","블랙, 정품_353,600|실버, 정품_267,300|블랙, 해외구매_441,260|실버, 해외구매_416,480","블랙, 정품_353,600|실버, 정품_267,300|블랙, 해외구매_441,260|실버, 해외구매_416,480","블랙, 정품_353,600|실버, 정품_261,620|블랙, 해외구매_441,260|실버, 해외구매_416,480","블랙, 정품_353,600|실버, 정품_261,620|블랙, 해외구매_441,260|실버, 해외구매_418,020"
28415717,CORSAIR VIRTUOSO PRO 오픈백 게이밍 헤드셋,"카본_243,390|화이트_259,000","카본_243,390|화이트_259,000","카본_253,600|화이트_243,320","카본_253,600|화이트_243,320","카본_253,600|화이트_243,310","카본_253,600|화이트_243,310","카본_253,600|화이트_243,310","카본_253,600|화이트_243,310","카본_253,600|화이트_243,290","카본_253,600|화이트_243,280"
9619119,CORSAIR VIRTUOSO RGB SE 무선 게이밍 헤드셋,"정품_447,060","정품_447,060","정품_447,060","정품_447,060","정품_447,060","정품_447,060","정품_447,060","정품_442,360","정품_440,590","정품_440,590"
15050357,CORSAIR VIRTUOSO RGB XT 무선 게이밍 헤드셋,"정품_359,000|해외구매_264,630","정품_337,460|해외구매_264,630","정품_218,900|해외구매_264,630","정품_218,900|해외구매_264,630","정품_218,900|해외구매_264,630","정품_218,900|해외구매_264,630","정품_218,900|해외구매_264,630","정품_218,900|해외구매_264,630","정품_214,240|해외구매_264,630","정품_214,240|해외구매_264,630"
12591152,CORSAIR VIRTUOSO SE Espresso 게이밍 헤드셋,"정품_375,000","정품_375,000","정품_375,000","정품_375,000","정품_375,000","정품_375,000","정품_375,000","정품_375,000","정품_375,000","정품_375,000"
12670133,CORSAIR VOID ELITE 스테레오 게이밍 헤드셋,"정품_135,020|벌크_52,500","정품_135,020|벌크_52,500","정품_135,020|벌크_52,500","정품_135,020|벌크_52,500","정품_135,020|벌크_52,500","정품_135,020|벌크_52,500","정품_135,020|벌크_52,500","정품_135,020|벌크_52,500","정품_135,020|벌크_52,500","정품_135,020|벌크_52,500"
10193070,CORSAIR VOID RGB ELITE USB,"화이트, 정품_140,600|카본 블랙, 정품_140,600|벌크_86,500","화이트, 정품_140,600|카본 블랙, 정품_140,600|벌크_86,500","화이트, 정품_140,600|카본 블랙, 정품_140,600|벌크_86,500","화이트, 정품_140,600|카본 블랙, 정품_140,600|벌크_86,500","화이트, 정품_140,600|카본 블랙, 정품_140,600|벌크_86,500","화이트, 정품_140,600|카본 블랙, 정품_140,600|벌크_86,500","화이트, 정품_140,600|카본 블랙, 정품_140,600|벌크_86,500","화이트, 정품_140,600|카본 블랙, 정품_140,600|벌크_86,500","화이트, 정품_140,600|카본 블랙, 정품_140,600|벌크_86,500","화이트, 정품_140,600|카본 블랙, 정품_140,600|벌크_86,500"
9963978,CORSAIR VOID RGB ELITE 무선 게이밍 헤드셋,"카본 블랙, 정품_129,000|화이트, 정품_129,000|해외구매_140,600|벌크_138,390","카본 블랙, 정품_129,000|화이트, 정품_129,000|해외구매_140,600|벌크_138,390","카본 블랙, 정품_99,900|화이트, 정품_99,900|해외구매_140,600|벌크_139,860","카본 블랙, 정품_99,900|화이트, 정품_99,900|해외구매_140,600|벌크_139,860","카본 블랙, 정품_99,900|화이트, 정품_99,900|해외구매_140,600|벌크_139,860","카본 블랙, 정품_99,900|화이트, 정품_99,900|해외구매_140,600|벌크_139,860","카본 블랙, 정품_99,900|화이트, 정품_99,900|해외구매_140,600|벌크_139,860","카본 블랙, 정품_99,900|화이트, 정품_99,900|해외구매_140,600|벌크_138,390","카본 블랙, 정품_97,770|화이트, 정품_97,770|해외구매_140,600|벌크_136,920","카본 블랙, 정품_97,770|화이트, 정품_97,770|해외구매_140,600|벌크_136,920"
124326311,CORSAIR VOID v2 MAX RGB 무선 게이밍 헤드셋,"정품_196,190|벌크_142,750","정품_196,190|벌크_142,750","정품_196,190|벌크_144,270","정품_196,190|벌크_144,270","정품_196,190|벌크_144,230","정품_199,900|벌크_144,270","정품_183,100|벌크_144,270","정품_183,100|벌크_142,750","정품_183,100|벌크_141,240","정품_183,100|벌크_141,240"
98545736,CORSAIR VOID v2 MAX RGB 무선 게이밍 헤드셋,"정품_196,190|벌크_142,750","정품_196,190|벌크_142,750","정품_196,190|벌크_144,270","정품_196,190|벌크_144,270","정품_196,190|벌크_144,230","정품_199,900|벌크_144,270","정품_183,100|벌크_144,270","정품_183,100|벌크_142,750","정품_183,100|벌크_141,240","정품_183,100|벌크_141,240"
122704232,CORSAIR VOID v2 RGB 무선 게이밍 헤드셋,"병행수입_96,890|블랙_159,900|화이트_159,900|판다_155,090|베이비핑크_159,000|","병행수입_96,890|블랙_150,300|화이트_150,300|판다_150,300|베이비핑크_150,300|","병행수입_96,890|블랙_120,900|화이트_120,900|판다_120,900|베이비핑크_120,900|","병행수입_96,890|블랙_120,900|화이트_120,900|판다_120,900|베이비핑크_120,900|","병행수입_96,850|블랙_120,900|화이트_120,900|판다_120,900|베이비핑크_120,900|","병행수입_96,890|블랙_120,900|화이트_120,900|판다_120,900|베이비핑크_120,900|","병행수입_96,890|블랙_120,900|화이트_120,900|판다_120,900|베이비핑크_120,900|","병행수입_96,890|블랙_120,900|화이트_120,900|판다_120,900|베이비핑크_120,900|","병행수입_95,750|블랙_118,330|화이트_118,330|판다_118,330|베이비핑크_118,330|","병행수입_89,870|블랙_118,330|화이트_118,330|판다_118,330|베이비핑크_118,330|"
122722975,COX CACOXZA100 포커스 스터디 노이즈 캔슬링 무선 헤드셋,"59,000","59,000","59,000","59,000","59,000","59,000","59,000","59,000","45,000","45,000"
99886214,COX CH03 게이밍 라이트 헤드셋,"블랙, 정품_8,900|화이트, 정품_8,900","블랙, 정품_8,900|화이트, 정품_8,900","블랙, 정품_8,900|화이트, 정품_8,900","블랙, 정품_8,900|화이트, 정품_8,900","블랙, 정품_8,900|화이트, 정품_8,900","블랙, 정품_8,900|화이트, 정품_8,900","블랙, 정품_8,900|화이트, 정품_8,800","블랙, 정품_8,900|화이트, 정품_8,800","블랙, 정품_8,900|화이트, 정품_8,800","블랙, 정품_8,900|화이트, 정품_8,800"
18797711,COX CH300 진동 가상 7.1 레인보우 게이밍 헤드셋,"45,050","45,050","45,050","45,050","45,050","45,050","45,050","45,050","45,050","45,050"
70103192,COX CH31 항공 가상 7.1 LED 게이밍 헤드셋,"19,000","19,000","19,000","19,000","19,000","19,000","19,000","19,000","19,000","19,000"
14364227,COX CH43 가상 7.1 ENC EQ RGB 초경량 게이밍 헤드셋,"26,800","26,800","26,800","26,800","26,800","26,800","26,800","26,800","26,800","26,800"
18602348,COX CH48 애비에이션 가상 7.1 ENC RGB 진동 게이밍 헤드셋,"55,980","55,980","55,980","55,980","55,980","55,980","55,980","55,980","55,980","55,980"
7959565,COX CH50 IMPACT 가상 7.1채널 RGB LED 진동 게이밍 헤드셋,"160,300","160,300","160,300","160,300","160,300","160,300","160,300","160,300","160,300","160,300"
79396229,COX CH7 초경량 7.1 LED 게이밍 헤드셋,"정품_18,900","정품_18,900","정품_18,900","정품_18,900","정품_18,900","정품_18,900","정품_18,900","정품_18,900","정품_18,900","정품_18,900"
59757848,COX CH71 게이밍 라이팅 헤드셋,"16,980","16,940","17,000","17,000","17,000","17,000","17,000","17,000","17,000","17,000"
122619065,COX CH81 가상 7.1 LED 게이밍 헤드셋,"19,800","19,800","19,800","19,800","19,800","19,800","19,800","19,800","19,800","19,800"
91191854,COX CX-4 MEGA-CUP 가상 7.1 채널 RGB 게이밍 헤드셋,"블랙_29,800|핑크_29,800|블루_29,800","블랙_29,800|핑크_29,800|블루_29,800","블랙_29,800|핑크_29,800|블루_29,800","블랙_29,800|핑크_29,800|블루_29,800","블랙_29,800|핑크_29,800|블루_29,800","블랙_29,800|핑크_29,800|블루_29,800","블랙_29,800|핑크_29,800|블루_29,800","블랙_29,800|핑크_29,800|블루_29,800","블랙_29,800|핑크_29,800|블루_29,800","블랙_29,800|핑크_29,800|블루_29,800"
124076011,COX CX-5 무선 2.4GHz 통합형 게이밍 헤드셋,"68,000","68,000","68,000","68,000","68,000","68,000","68,000","68,000","68,000","68,000"
77621891,COX EH310 어린이용 무선 헤드셋,"정품_23,000","정품_23,000","정품_23,000","정품_23,000","정품_23,000","정품_23,000","정품_23,000","정품_23,000","정품_23,000","정품_23,000"
9412881,COX SCARLET 가상 7.1채널 RGB 노이즈캔슬링 마이크 진동 초경량 게이밍 헤드셋,"34,900","34,900","34,900","34,900","34,900","34,900","34,900","34,900","34,900","34,900"
98231783,COX V800 가상 7.1 ENC RGB 진동 게이밍 헤드셋,"블랙_29,800|화이트_29,800","블랙_29,800|화이트_29,800","블랙_29,800|화이트_29,800","블랙_29,800|화이트_29,800","블랙_29,800|화이트_29,800","블랙_29,800|화이트_29,800","블랙_29,800|화이트_29,800","블랙_29,800|화이트_29,800","블랙_29,800|화이트_29,800","블랙_29,800|화이트_29,800"
90889091,COX WCH150 무선 3MODE 게이밍 헤드셋,"정품_34,000","정품_34,000","정품_34,000","정품_34,000","정품_34,000","정품_34,000","정품_34,000","정품_34,000","정품_34,000","정품_34,000"
83007362,COX WCH200 무선 가상 7.1 게이밍 헤드셋,"정품_58,000","정품_58,000","정품_58,000","정품_58,000","정품_58,000","정품_58,000","정품_34,200","정품_35,000","정품_35,000","정품_35,000"
13507823,COX WCH220 가상 7.1채널 무선 게이밍 헤드셋,"84,970","84,970","84,970","84,970","124,240","84,970","84,970","84,970","84,970","84,970"
73890794,COX WCH300 무선 3모드 게이밍 헤드셋,"42,880","42,880","42,880","42,880","42,880","42,880","42,880","42,880","42,880","42,880"
56063660,Creative CHAT USB,"정품_44,900","정품_44,900","정품_44,900","정품_44,900","정품_44,900","정품_44,900","정품_44,900","정품_44,900","정품_44,900","정품_44,900"
74899145,Creative HS-230,"정품_26,900","정품_26,900","정품_26,900","정품_26,900","정품_26,900","정품_26,900","정품_26,900","정품_26,900","정품_26,900","정품_26,900"
32860658,Creative ZEN HYBRID PRO CLASSIC,"정품_185,070","정품_185,070","정품_185,070","정품_185,070","정품_185,070","정품_199,000","정품_189,050","정품_189,050","정품_199,000","정품_199,000"
15268679,DELL WL5022,0,0,0,0,0,0,"정품_199,000","정품_199,000","정품_199,000","정품_199,000"
19517003,DELL 에일리언웨어 AW920H,"다크, 정품_335,990|루나, 정품_335,990",0,0,0,0,0,0,0,0,0
3254474,DH-027TB,"47,500","47,500","47,500","47,500","47,500","47,500","47,500","47,500","47,500","47,500"
15734273,DOXX DX-5 가상 7.1채널 LED 게이밍 헤드셋,"46,490","46,490","46,490","46,490","46,490","43,317","46,490","46,490","46,490","46,490"
97225946,EKSA E900 Pro,"해외구매_54,730","해외구매_54,730","해외구매_54,730","해외구매_54,730","해외구매_54,730","해외구매_54,730","해외구매_54,730","해외구매_54,730","해외구매_54,730","해외구매_54,730"
15425594,EPOS H3hybrid USB 블루투스 헤드셋,0,"189,120","189,120","189,120","189,120","189,120","189,120","187,130",0,0
122689542,EPOS H3pro ANC 무선 헤드셋,"해외구매_134,710","해외구매_134,710","해외구매_134,710","해외구매_134,710","해외구매_134,710","해외구매_134,710",0,0,0,0
15639134,EPOS H6Pro 게이밍 헤드셋,0,"밀폐형, 해외구매_243,020|오픈형, 해외구매_158,900","밀폐형, 해외구매_243,020|오픈형, 해외구매_158,880","밀폐형, 해외구매_243,020|오픈형, 해외구매_158,820","밀폐형, 해외구매_243,020|오픈형, 해외구매_158,730","밀폐형, 해외구매_243,020|오픈형, 해외구매_158,720","밀폐형, 해외구매_243,020|오픈형, 해외구매_158,720","밀폐형, 해외구매_243,020|오픈형, 해외구매_158,720",0,0
72673334,EPOS IMPACT 430T,"정품_139,000","정품_139,000","정품_139,000","정품_139,000","정품_139,000","정품_139,000",0,0,0,0
106222988,EPOS IMPACT SC30 USB,"정품_75,150","정품_75,140","정품_75,130","정품_75,130","정품_76,230","정품_76,230","정품_75,140","정품_75,140","정품_75,140","정품_75,120"
106222775,EPOS IMPACT SC60 USB,"정품_84,540","정품_84,540","정품_84,540","정품_84,540","정품_85,880","정품_85,880","정품_84,660","정품_84,660","정품_84,660","정품_84,540"
71906327,EPOS 젠하이저 Adapt260,0,"정품_158,990",0,0,0,0,0,0,0,0
2577439,EPOS 젠하이저 GAME ZERO 게이밍 헤드셋,"해외구매_162,800","해외구매_162,800","해외구매_162,800","해외구매_162,800",0,0,0,0,0,0
4703866,EPOS 젠하이저 GSP 300 게이밍 헤드셋,"해외구매_130,590","해외구매_130,590","해외구매_130,590","해외구매_130,590","해외구매_130,590",0,0,0,0,0
10114806,EPOS 젠하이저 GSP 370 무선 게이밍 헤드셋,"정품_196,000","정품_196,000","정품_196,000","정품_196,000","정품_196,000","정품_196,000","정품_196,000","정품_196,000","정품_196,000","정품_196,000"
12602552,EPOS 젠하이저 PC 2 CHAT,"정품_24,890","정품_24,890","정품_24,890","정품_24,890","정품_24,890","정품_24,890",0,0,0,0
11950604,EPOS 젠하이저 PC 5 CHAT,"정품_28,200","정품_28,200","정품_28,200","정품_28,200","정품_28,200","정품_28,200","정품_28,200","정품_28,200","정품_28,200","정품_28,200"
12617453,EPOS 젠하이저 PC 8 USB,0,0,"정품_45,500","정품_45,500","정품_45,500","정품_45,500","정품_45,500","정품_45,500","정품_45,500","정품_45,500"
14165903,EPOS 젠하이저 게이밍헤드셋 H3,"해외구매_121,530","해외구매_121,530","해외구매_121,530","해외구매_121,530","해외구매_121,530","해외구매_121,530","해외구매_121,530","해외구매_121,530","해외구매_121,530","해외구매_121,530"
92625485,FIFINE TECHNOLOGY H6,"해외구매_39,980","해외구매_43,630",0,"해외구매_43,630","해외구매_43,630","해외구매_43,630","해외구매_43,630","해외구매_43,630","해외구매_43,630","해외구매_43,630"
100382831,For LG LGA-950,"정품_20,490","정품_20,490","정품_20,490","정품_20,490","정품_20,490","정품_20,490","정품_20,490","정품_20,270","정품_20,060","정품_20,060"
16013201,For LG LGA-HS100,"14,900","14,900","14,900","14,900","14,900","14,900","14,900","14,900","14,900","14,900"
5195029,For LG LH-950,"14,000","14,000","14,000","14,000","14,000","14,000","14,000","14,000","14,000","14,000"
96311582,Fractal Design Scape,"다크_298,680|라이트_298,680","다크_298,670|라이트_298,680","다크_298,670|라이트_298,670","다크_282,990|라이트_298,670","다크_284,040|라이트_298,670","다크_298,990|라이트_298,670","다크_298,680|라이트_299,000","다크_298,670|라이트_299,000","다크_278,070|라이트_299,000","다크_278,070|라이트_299,000"
21634454,GDEVIL G535 AURORA 가상 7.1채널 RGB 게이밍 헤드셋,"19,980","19,980","18,900","18,900","18,900","18,900","19,980","19,980","19,980","19,980"
36199940,GDEVIL G538 WILDCAT 가상 7.1채널 RGB 게이밍 헤드셋,"블랙_28,900|화이트_34,420|그레이_28,900|그린_28,900","블랙_28,900|화이트_34,430|그레이_28,900|그린_28,900","블랙_28,900|화이트_34,670|그레이_28,900|그린_28,900","블랙_28,900|화이트_34,670|그레이_28,900|그린_28,900","블랙_28,900|화이트_34,670|그레이_28,900|그린_28,900","블랙_28,900|화이트_34,670|그레이_28,773|그린_28,593","블랙_28,900|화이트_34,670|그레이_28,900|그린_28,900","블랙_28,900|화이트_34,670|그레이_28,900|그린_28,900","블랙_28,330|화이트_34,100|그레이_28,330|그린_28,330","블랙_28,330|화이트_34,100|그레이_28,330|그린_28,330"
31264631,GDEVIL G737 TUNE PRO 블루투스 무선 헤드셋,"블랙_62,130|화이트_62,130","블랙_63,200|화이트_63,200","블랙_63,200|화이트_63,200","블랙_63,200|화이트_63,200","블랙_63,200|화이트_63,200","블랙_63,200|화이트_63,200","블랙_63,200|화이트_63,200","블랙_63,200|화이트_63,200","블랙_61,940|화이트_61,940","블랙_61,940|화이트_61,940"
27359375,GDEVIL G737 TUNE71 가상 7.1채널 RGB 게이밍 헤드셋,"34,410","34,410","34,410","34,410","34,410","34,410","34,410","34,410","34,410","34,410"
105182522,GEOMAX GM-GH1500 USB 7.1 채널 게이밍 헤드셋,"정품_18,870","정품_18,810","정품_18,800","정품_18,800","정품_18,800","정품_18,800","정품_18,800","정품_18,800","정품_18,800","정품_18,800"
10715451,HP H200GS LED 가상 7.1채널 게이밍 헤드셋,"25,890","25,890","25,890","25,890","25,890","25,890","25,890","25,890","25,890","25,890"
10621590,HP H220S 스테레오 게이밍 헤드셋,"34,790","34,790","34,790","34,790","34,790","34,790","34,790","34,790","34,790","34,790"
6294660,HP 오멘 800 1KF76AA,"정품_59,900","정품_59,900","정품_59,900","정품_59,900","정품_59,900","정품_59,900","정품_59,900","정품_59,900","정품_59,900","정품_59,900"
5785920,HyperX Cloud Alpha,"정품_109,000|해외구매_89,380","정품_109,000|해외구매_89,380","정품_109,000|해외구매_89,380","정품_109,000|해외구매_89,380","정품_109,000|해외구매_89,380","정품_109,000|해외구매_89,370","정품_109,000|해외구매_89,370","정품_109,000|해외구매_90,310","정품_109,000|해외구매_90,310","정품_109,000|해외구매_90,310"
16928027,HyperX Cloud Alpha Wireless 4P5D4AA,"정품_203,350|해외구매_206,700","정품_203,350|해외구매_206,700","정품_203,350|해외구매_206,700","정품_203,340|해외구매_206,700","정품_203,340|해외구매_206,700","정품_203,340|해외구매_206,700","정품_203,340|해외구매_206,700","정품_203,340|해외구매_206,700","정품_203,340|해외구매_203,460","정품_203,340|해외구매_203,460"
3490520,HyperX Cloud II,"해외구매_78,620","해외구매_78,600","해외구매_78,540","해외구매_78,490","해외구매_78,430","해외구매_78,420","해외구매_78,370","해외구매_78,290","해외구매_78,200","해외구매_78,140"
105182081,HyperX Cloud II Alpha Wireless,"정품_399,000|해외구매_503,100","정품_399,000|해외구매_503,100","정품_399,000|해외구매_503,100","정품_399,000|해외구매_560,000","정품_399,000|해외구매_560,000","정품_399,000|해외구매_560,000","정품_399,000|해외구매_560,000","정품_399,000|해외구매_560,000","정품_399,000|해외구매_560,000","정품_399,000|해외구매_560,000"
20397689,HyperX Cloud III,"블랙, 정품_101,210|화이트핑크, 정품_99,000|레드, 정품_99,000|해외구매_96,570","블랙, 정품_101,210|화이트핑크, 정품_99,000|레드, 정품_99,000|해외구매_96,570","블랙, 정품_101,210|화이트핑크, 정품_99,000|레드, 정품_99,000|해외구매_96,570","블랙, 정품_101,210|화이트핑크, 정품_99,000|레드, 정품_99,000|해외구매_96,570","블랙, 정품_101,210|화이트핑크, 정품_99,000|레드, 정품_99,000|해외구매_96,570","블랙, 정품_101,210|화이트핑크, 정품_99,000|레드, 정품_99,000|해외구매_96,570","블랙, 정품_101,210|화이트핑크, 정품_99,000|레드, 정품_99,000|해외구매_96,570","블랙, 정품_101,210|화이트핑크, 정품_99,000|레드, 정품_99,000|해외구매_96,570","블랙, 정품_101,210|화이트핑크, 정품_98,320|레드, 정품_99,000|해외구매_96,570","블랙, 정품_101,210|화이트핑크, 정품_98,320|레드, 정품_99,000|해외구매_96,570"
92151113,HyperX Cloud III S,"블랙_199,000|화이트_211,020|레드_211,020|해외구매_244,920","블랙_199,000|화이트_211,020|레드_211,020|해외구매_244,920","블랙_199,000|화이트_211,020|레드_211,020|해외구매_204,750","블랙_199,000|화이트_211,020|레드_211,020|해외구매_204,750","블랙_199,000|화이트_211,020|레드_211,020|해외구매_210,975","블랙_199,000|화이트_211,020|레드_211,020|해외구매_210,975","블랙_199,000|화이트_211,020|레드_211,020|해외구매_210,975","블랙_199,000|화이트_208,800|레드_208,800|해외구매_210,975","블랙_199,000|화이트_206,580|레드_206,580|해외구매_210,975","블랙_199,000|화이트_206,580|레드_206,580|해외구매_210,975"
28089137,HyperX Cloud III Wireless,"블랙, 정품_225,860|블랙, 해외구매_245,900|레드, 해외구매_181,600","블랙, 정품_225,860|블랙, 해외구매_245,900|레드, 해외구매_181,600","블랙, 정품_225,860|블랙, 해외구매_245,900|레드, 해외구매_181,600","블랙, 정품_225,860|블랙, 해외구매_245,900|레드, 해외구매_181,600","블랙, 정품_225,860|블랙, 해외구매_245,900|레드, 해외구매_181,600","블랙, 정품_225,860|블랙, 해외구매_245,900|레드, 해외구매_181,600","블랙, 정품_225,860|블랙, 해외구매_245,900|레드, 해외구매_181,600","블랙, 정품_225,860|블랙, 해외구매_245,900|레드, 해외구매_181,600","블랙, 정품_225,860|블랙, 해외구매_245,900|레드, 해외구매_181,600","블랙, 정품_225,860|블랙, 해외구매_245,900|레드, 해외구매_181,600"
77964791,HyperX Cloud Jet,"블랙_106,890|라이트블루_109,000","블랙_106,890|라이트블루_109,000","블랙_106,890|라이트블루_109,000","블랙_106,890|라이트블루_109,000","블랙_106,890|라이트블루_109,000","블랙_106,000|라이트블루_109,000","블랙_106,000|라이트블루_109,000","블랙_105,770|라이트블루_109,000","블랙_104,640|라이트블루_109,000","블랙_104,640|라이트블루_109,000"
76556087,HyperX Cloud MIX 2 7P5J2AA,"정품_196,880","정품_196,880","정품_196,880","정품_196,880","정품_196,880","정품_196,880","정품_196,880","정품_196,880","정품_196,880","정품_196,880"
18107420,HyperX Cloud Stinger 2 Core 683L9AA,"정품_44,490|해외구매_44,490","정품_44,490|해외구매_44,490","정품_44,490|해외구매_44,490","정품_44,490|해외구매_44,490","정품_44,490|해외구매_44,490","정품_44,490|해외구매_44,490","정품_44,490|해외구매_44,490","정품_44,490|해외구매_44,490","정품_44,490|해외구매_44,490","정품_44,490|해외구매_44,490"
122705330,HyperX Cloud Stinger 2 Core 6H9B5AA,"정품_49,900","정품_49,900","정품_49,900","정품_49,900","정품_49,900","정품_49,410","정품_49,410","정품_49,410","정품_49,410","정품_49,410"
14021966,HyperX Cloud Stinger Core Wireless,0,0,"화이트, 해외구매_80,790|블랙, 벌크_1,192,500","화이트, 해외구매_80,790|블랙, 벌크_1,192,500","화이트, 해외구매_78,380|블랙, 벌크_1,192,500","화이트, 해외구매_78,380|블랙, 벌크_1,192,500","화이트, 해외구매_78,370|블랙, 벌크_1,192,500","화이트, 해외구매_78,370|블랙, 벌크_1,192,500","화이트, 해외구매_78,370|블랙, 벌크_1,192,500",0
122727955,JBL QUANTUM 250,"정품_86,240","정품_86,240","정품_86,240","정품_86,240","정품_86,240","정품_82,980","정품_82,980","정품_82,115","정품_82,115","정품_82,115"
11596577,JBL QUANTUM 300,"정품_70,850|해외구매_89,890",0,0,0,0,0,0,0,"정품_70,850|해외구매_89,890","정품_70,850|해외구매_89,890"
17628086,JBL QUANTUM 350,"정품_190,750|해외구매_169,160","정품_190,750|해외구매_169,160","정품_190,750|해외구매_169,160","정품_190,750|해외구매_175,200","정품_190,750|해외구매_168,490","정품_190,750|해외구매_168,490","정품_190,750|해외구매_168,710","정품_190,750|해외구매_167,820","정품_190,750|해외구매_167,820","정품_190,750|해외구매_167,590"
124259155,JBL QUANTUM 650,"정품_198,778","정품_198,778","정품_198,778","정품_198,778","정품_202,400","정품_202,400","정품_202,400","정품_202,400","정품_202,400","정품_202,400"
17808188,JBL QUANTUM 810,"해외구매_219,900",0,0,0,0,0,0,0,0,0
124259120,JBL QUANTUM 950,"정품_374,000","정품_374,000","정품_374,000","정품_374,000","정품_374,000","정품_374,000","정품_374,000","정품_374,000","정품_374,000","정품_374,000"
18020603,KOSS GMR540A,"82,080","82,080","82,080","82,080","82,080","82,080","82,080","81,210","80,350","80,350"
15249359,KOSS GMR545 Air,0,0,0,"정품_86,400|해외구매_176,540","정품_86,400|해외구매_176,540","정품_86,400|해외구매_176,540","정품_86,400|해외구매_176,540","정품_86,400|해외구매_176,540","정품_86,400|해외구매_176,540","정품_86,400|해외구매_176,540"
3318808,KOTION G2000,"정품_10,890|해외구매_23,500","정품_10,890|해외구매_23,500","정품_10,890|해외구매_23,500","정품_10,890|해외구매_23,500","정품_10,890|해외구매_23,500","정품_10,890|해외구매_23,500","정품_10,890|해외구매_23,500","정품_10,890|해외구매_23,500","정품_10,890|해외구매_23,500","정품_10,890|해외구매_23,500"
12451880,KOTION G5300,"18,700","18,700","18,700","18,700","18,700","18,700","18,700","18,700","18,700","18,700"
6082670,KOTION GS100,"30,440","31,320","31,870","31,870","31,870","31,870","31,320","31,320","31,320","31,320"
67693184,MAXTILL GM-GHC200 버추얼 7.1 C타입 게이밍 헤드셋,"21,870","21,780","21,660","21,860","21,790","21,890","21,890","21,890","21,470","21,470"
93317294,MAXTILL GM-GHC500 가상7.1채널 게이밍 헤드셋,0,0,0,"정품_21,900","정품_21,900","정품_21,900","정품_21,900","정품_21,900","정품_21,900","정품_21,900"
122626999,MAXTILL GM-GHU710 PRO 가상 7.1 LED,"정품_21,900","정품_21,900","정품_21,900","정품_21,900","정품_21,900","정품_21,900","정품_21,900","정품_21,900","정품_21,900","정품_21,900"
21509210,MAXTILL GM-HC10,"24,890","24,890","24,890","24,890","24,890","24,890","24,890","24,890","24,890","24,890"
16175066,MAXTILL GM-L100H 다이나믹 스테레오 헤드셋,"블랙_10,000|화이트_9,450","블랙_10,000|화이트_9,450","블랙_10,000|화이트_9,450","블랙_10,000|화이트_9,450","블랙_10,000|화이트_9,450","블랙_10,000|화이트_9,450","블랙_10,000|화이트_9,450","블랙_10,000|화이트_9,450","블랙_10,000|화이트_9,450","블랙_10,000|화이트_9,450"
16064687,MAXTILL GM-M100U 가상 7.1채널 LED 게이밍 헤드셋,"17,830","17,830","17,830","17,830","17,830","17,830","17,830","17,830","17,830","17,830"
35770523,MAXTILL GM-P500B 가상 7.1채널 무선 게이밍 헤드셋,"29,900","29,900","29,900","29,900","29,900","29,900","29,900","29,900","29,900","29,900"
28062368,MAXTILL MO-GH300U,0,0,0,0,0,"24,900","24,900","24,900","24,900","24,900"
13949867,MAXTILL TRON G900 가상7.1 채널 RGB LED 게이밍 헤드셋,"36,480","36,480","36,480","36,480","36,480","36,480","36,480","36,480","36,480","36,480"
50129669,MONKA HG9069W 유무선 RGB 게이밍 헤드셋,"66,400","66,400","66,400","66,400","66,400","62,910","62,910","62,910","62,910","62,910"
14408960,MPOW EG3 PRO 가상 7.1 채널 게이밍 헤드셋,"정품_25,900","정품_25,900","정품_25,900","정품_25,900","정품_25,900","정품_25,900","정품_25,900","정품_25,900","정품_25,900","정품_25,900"
33369605,MSI GH50 무선 게이밍 헤드셋,"정품_114,320","정품_114,320","정품_114,320","정품_114,320","정품_114,320","정품_114,320","정품_114,320","정품_114,320","정품_114,320","정품_114,320"
16311884,MSI H991,"14,360","14,360","14,360","14,360","14,360","14,360","14,360","14,360","14,360","14,360"
11265486,MadCatz F.R.E.Q.2,"정품_39,000","정품_39,000","정품_39,000","정품_39,000","정품_39,000","정품_39,000","정품_39,000","정품_39,000","정품_39,000","정품_39,000"
11304504,MadCatz F.R.E.Q.4,"정품_55,000","정품_55,000","정품_55,000","정품_55,000","정품_55,000","정품_55,000","정품_55,000","정품_55,000","정품_55,000","정품_55,000"
18128012,MadCatz P.I.L.O.T 5,"68,990","68,990","68,990","68,990","68,990","68,990","68,990","68,990","68,990","68,990"
18647024,Microsoft Xbox Wireless,"정품_77,900|해외구매_181,280","정품_77,900|해외구매_181,280","정품_77,900|해외구매_181,280","정품_77,900|해외구매_181,280","정품_77,900|해외구매_181,280","정품_79,000|해외구매_181,280","정품_79,000|해외구매_181,280","정품_79,000|해외구매_181,280","정품_79,000|해외구매_181,280","정품_79,000|해외구매_181,280"
20656073,NZXT RELAY 유선 헤드셋,"블랙, 정품_130,680|화이트, 정품_145,000|블랙, 해외구매_185,860|화이트, 해외구매_164,920","블랙, 정품_130,680|화이트, 정품_145,000|블랙, 해외구매_185,860|화이트, 해외구매_164,920","블랙, 정품_130,680|화이트, 정품_145,000|블랙, 해외구매_185,860|화이트, 해외구매_164,920","블랙, 정품_130,680|화이트, 정품_145,000|블랙, 해외구매_185,860|화이트, 해외구매_164,920","블랙, 정품_130,680|화이트, 정품_145,000|블랙, 해외구매_185,860|화이트, 해외구매_164,920","블랙, 정품_130,680|화이트, 정품_145,000|블랙, 해외구매_185,860|화이트, 해외구매_164,920","블랙, 정품_130,680|화이트, 정품_145,000|블랙, 해외구매_185,860|화이트, 해외구매_164,920","블랙, 정품_130,680|화이트, 정품_145,000|블랙, 해외구매_185,860|화이트, 해외구매_164,920","블랙, 정품_130,680|화이트, 정품_145,000|블랙, 해외구매_185,860|화이트, 해외구매_164,920","블랙, 정품_130,680|화이트, 정품_145,000|블랙, 해외구매_185,860|화이트, 해외구매_164,920"
101630693,ONIKUMA X31,"해외구매_26,600","해외구매_26,600","해외구매_26,600","해외구매_26,600","해외구매_26,600","해외구매_26,600","해외구매_26,600","해외구매_26,600","해외구매_26,600","해외구매_26,600"
3702344,OVLENG OV-X6,"정품_15,270","정품_15,270","정품_15,270","정품_15,270","정품_15,270","정품_15,270","정품_15,270","정품_15,270","정품_15,270","정품_15,270"
124087247,QCY 히어로드 GT2 3모드 유무선 게이밍 헤드셋,"해외구매_23,330|해외구매, 2개_62,200","해외구매_23,330|해외구매, 2개_62,200","해외구매_23,330|해외구매, 2개_62,200","해외구매_23,330|해외구매, 2개_62,200","해외구매_23,330|해외구매, 2개_62,200","해외구매_23,350|해외구매, 2개_63,940","해외구매_24,310|해외구매, 2개_63,940","해외구매_23,580|해외구매, 2개_63,240","해외구매_33,570|해외구매, 2개_63,240","해외구매_33,570|해외구매, 2개_63,240"
60167036,RHINO GEAR RG-GH500,"12,740","12,740","12,740","12,740","12,740","12,740","12,740","12,740","12,740","12,740"
12423998,ROCCAT ELO 7.1 AIR,0,0,0,0,0,0,0,0,"블랙, 정품_129,000|화이트, 정품_129,000","블랙, 정품_129,000|화이트, 정품_129,000"
19940912,RODE NTH-100M,"정품_319,033|해외구매_245,580","정품_319,033","정품_319,033","정품_319,033","정품_319,033","정품_319,033","정품_319,033","정품_319,033","정품_319,033","정품_319,033"
18535982,Razer Barracuda,0,0,0,0,0,"쿼츠, 정품_249,000|블랙, 해외구매_331,200|화이트, 해외구매_202,300|쿼츠, 해외구매_202,300","쿼츠, 정품_249,000|블랙, 해외구매_331,200|화이트, 해외구매_202,300|쿼츠, 해외구매_202,300","쿼츠, 정품_249,000|블랙, 해외구매_331,200|화이트, 해외구매_202,300|쿼츠, 해외구매_202,300","쿼츠, 정품_249,000|블랙, 해외구매_331,200|화이트, 해외구매_202,300|쿼츠, 해외구매_202,300","쿼츠, 정품_249,000|블랙, 해외구매_331,200|화이트, 해외구매_202,300|쿼츠, 해외구매_202,300"
17246339,Razer Barracuda Pro,"정품_389,000|해외구매_216,300","정품_389,000|해외구매_216,300","정품_240,000|해외구매_216,300","정품_240,000|해외구매_216,300","정품_240,000|해외구매_216,300","정품_240,000|해외구매_216,300","정품_240,000|해외구매_216,300","정품_240,000|해외구매_216,300","정품_240,000|해외구매_216,300","정품_240,000|해외구매_216,300"
14779604,Razer Barracuda X,"블랙, 정품_249,990|블랙, 해외구매_82,670|화이트, 해외구매_82,670|쿼츠, 해외구매_82,670|블랙, 벌크_82,500","블랙, 정품_249,990|블랙, 해외구매_82,670|화이트, 해외구매_82,670|쿼츠, 해외구매_82,670|블랙, 벌크_82,500","블랙, 정품_249,990|블랙, 해외구매_82,670|화이트, 해외구매_82,670|쿼츠, 해외구매_82,670|블랙, 벌크_82,500","블랙, 정품_249,990|블랙, 해외구매_82,670|화이트, 해외구매_82,670|쿼츠, 해외구매_82,670|블랙, 벌크_82,500","블랙, 정품_249,990|블랙, 해외구매_82,670|화이트, 해외구매_82,670|쿼츠, 해외구매_82,670|블랙, 벌크_82,500","블랙, 정품_249,990|블랙, 해외구매_85,120|화이트, 해외구매_85,460|쿼츠, 해외구매_85,460|블랙, 벌크_82,500","블랙, 정품_249,990|블랙, 해외구매_85,120|화이트, 해외구매_85,460|쿼츠, 해외구매_85,460|블랙, 벌크_82,500","블랙, 정품_249,990|블랙, 해외구매_84,530|화이트, 해외구매_84,530|쿼츠, 해외구매_84,530|블랙, 벌크_82,500","블랙, 정품_245,000|블랙, 해외구매_84,530|화이트, 해외구매_84,530|쿼츠, 해외구매_84,530|블랙, 벌크_82,500","블랙, 정품_245,000|블랙, 해외구매_84,530|화이트, 해외구매_84,530|쿼츠, 해외구매_84,530|블랙, 벌크_82,500"
71972552,Razer Barracuda X Chroma,"블랙, 정품_189,000|화이트, 정품_189,000|블랙, 해외구매_174,120|화이트, 해외구매_173,870|벌크_89,560","블랙, 정품_189,000|화이트, 정품_189,000|블랙, 해외구매_174,120|화이트, 해외구매_173,870|벌크_89,560","블랙, 정품_189,000|화이트, 정품_189,000|블랙, 해외구매_174,120|화이트, 해외구매_181,430|벌크_89,170","블랙, 정품_189,000|화이트, 정품_189,000|블랙, 해외구매_174,120|화이트, 해외구매_181,430|벌크_89,110","블랙, 정품_189,000|화이트, 정품_189,000|블랙, 해외구매_174,120|화이트, 해외구매_181,430|벌크_88,990","블랙, 정품_189,000|화이트, 정품_189,000|블랙, 해외구매_174,120|화이트, 해외구매_173,880|벌크_88,890","블랙, 정품_189,000|화이트, 정품_189,000|블랙, 해외구매_174,120|화이트, 해외구매_173,870|벌크_88,830","블랙, 정품_189,000|화이트, 정품_189,000|블랙, 해외구매_151,200|화이트, 해외구매_173,870|벌크_89,190","블랙, 정품_189,000|화이트, 정품_189,000|블랙, 해외구매_151,200|화이트, 해외구매_173,870|벌크_89,190","블랙, 정품_189,000|화이트, 정품_189,000|블랙, 해외구매_151,200|화이트, 해외구매_173,870|벌크_89,190"
96856196,Razer Barracuda X Chroma 팬텀 그린 에디션,"정품_259,000|","정품_259,000|","정품_259,000|","정품_259,000|","정품_259,000|","정품_259,000|","정품_259,000|","정품_259,000|","정품_259,000|","정품_259,000|"
99739823,Razer Barracuda X Chroma 팬텀 화이트 에디션,"정품_259,000|해외구매_272,120","정품_259,000|해외구매_272,120","정품_259,000|해외구매_281,000","정품_259,000|해외구매_281,000","정품_259,000|해외구매_281,000","정품_259,000|해외구매_281,000","정품_259,000|해외구매_281,000","정품_259,000|해외구매_281,000","정품_259,000|해외구매_281,000","정품_259,000|해외구매_281,000"
17228420,Razer Barracuda X Plus,"블랙, 정품_99,900|화이트, 정품_99,900|쿼츠, 정품_99,900|블랙, 해외구매_98,000|화이트, 해외구매_98,000|||","블랙, 정품_99,900|화이트, 정품_99,900|쿼츠, 정품_99,900|블랙, 해외구매_98,000|화이트, 해외구매_98,000|||","블랙, 정품_99,900|화이트, 정품_99,900|쿼츠, 정품_99,900|블랙, 해외구매_98,000|화이트, 해외구매_98,000|||","블랙, 정품_99,900|화이트, 정품_99,900|쿼츠, 정품_99,900|블랙, 해외구매_98,000|화이트, 해외구매_98,000|||","블랙, 정품_99,900|화이트, 정품_99,900|쿼츠, 정품_99,900|블랙, 해외구매_98,000|화이트, 해외구매_98,000|||","블랙, 정품_99,900|화이트, 정품_99,900|쿼츠, 정품_99,900|블랙, 해외구매_98,000|화이트, 해외구매_98,000|||","블랙, 정품_99,900|화이트, 정품_99,900|쿼츠, 정품_99,900|블랙, 해외구매_98,000|화이트, 해외구매_98,000|||","블랙, 정품_99,900|화이트, 정품_99,900|쿼츠, 정품_99,900|블랙, 해외구매_98,000|화이트, 해외구매_98,000|||","블랙, 정품_99,900|화이트, 정품_99,900|쿼츠, 정품_99,900|블랙, 해외구매_98,000|화이트, 해외구매_98,000|||","블랙, 정품_99,900|화이트, 정품_99,900|쿼츠, 정품_99,900|블랙, 해외구매_98,000|화이트, 해외구매_98,000|||"
28778972,Razer BlackShark V2 Hyperspeed,"블랙, 정품_199,000|화이트, 정품_199,000|블랙, 해외구매_128,100|화이트, 해외구매_184,490|블랙, 벌크_103,400|","블랙, 정품_199,000|화이트, 정품_199,000|블랙, 해외구매_128,100|화이트, 해외구매_184,490|블랙, 벌크_103,400|","블랙, 정품_199,000|화이트, 정품_199,000|블랙, 해외구매_128,100|화이트, 해외구매_184,490|블랙, 벌크_98,400|","블랙, 정품_199,000|화이트, 정품_199,000|블랙, 해외구매_128,100|화이트, 해외구매_184,490|블랙, 벌크_98,400|","블랙, 정품_199,000|화이트, 정품_199,000|블랙, 해외구매_128,100|화이트, 해외구매_184,490|블랙, 벌크_98,400|","블랙, 정품_199,000|화이트, 정품_199,000|블랙, 해외구매_128,100|화이트, 해외구매_180,640|블랙, 벌크_98,400|","블랙, 정품_199,000|화이트, 정품_199,000|블랙, 해외구매_129,360|화이트, 해외구매_180,640|블랙, 벌크_98,400|","블랙, 정품_199,000|화이트, 정품_199,000|블랙, 해외구매_129,350|화이트, 해외구매_180,640|블랙, 벌크_98,400|","블랙, 정품_199,000|화이트, 정품_199,000|블랙, 해외구매_129,350|화이트, 해외구매_180,640|블랙, 벌크_98,400|","블랙, 정품_199,000|화이트, 정품_199,000|블랙, 해외구매_129,350|화이트, 해외구매_180,640|블랙, 벌크_98,400|"
16275680,Razer BlackShark V2 Pro,"화이트, 정품_269,100|블랙, 해외구매_187,180|화이트, 해외구매_262,530|블랙, 벌크_224,220|화이트, 벌크_261,990","화이트, 정품_299,000|블랙, 해외구매_187,110|화이트, 해외구매_262,530|블랙, 벌크_224,220|화이트, 벌크_261,990","화이트, 정품_299,000|블랙, 해외구매_187,040|화이트, 해외구매_262,530|블랙, 벌크_224,220|화이트, 벌크_261,990","화이트, 정품_299,000|블랙, 해외구매_186,980|화이트, 해외구매_262,530|블랙, 벌크_224,220|화이트, 벌크_261,990","화이트, 정품_299,000|블랙, 해외구매_186,890|화이트, 해외구매_262,530|블랙, 벌크_224,220|화이트, 벌크_261,990","화이트, 정품_299,000|블랙, 해외구매_179,400|화이트, 해외구매_262,530|블랙, 벌크_224,220|화이트, 벌크_261,990","화이트, 정품_299,000|블랙, 해외구매_179,400|화이트, 해외구매_262,530|블랙, 벌크_224,220|화이트, 벌크_261,990","화이트, 정품_299,000|블랙, 해외구매_179,400|화이트, 해외구매_262,530|블랙, 벌크_221,860|화이트, 벌크_261,990","화이트, 정품_299,000|블랙, 해외구매_179,400|화이트, 해외구매_262,530|블랙, 벌크_219,500|화이트, 벌크_261,990","화이트, 정품_299,000|블랙, 해외구매_179,400|화이트, 해외구매_262,530|블랙, 벌크_219,500|화이트, 벌크_261,990"
19990316,Razer BlackShark V2 Pro 2023,"블랙, 정품_269,100|화이트, 정품_279,000|블랙, 해외구매_232,990|화이트, 해외구매_173,350|블랙, 벌크_173,690|","블랙, 정품_279,000|화이트, 정품_279,000|블랙, 해외구매_232,990|화이트, 해외구매_173,280|블랙, 벌크_173,690|","블랙, 정품_279,000|화이트, 정품_279,000|블랙, 해외구매_232,990|화이트, 해외구매_169,650|블랙, 벌크_169,690|","블랙, 정품_279,000|화이트, 정품_279,000|블랙, 해외구매_233,000|화이트, 해외구매_169,590|블랙, 벌크_169,690|","블랙, 정품_276,000|화이트, 정품_276,000|블랙, 해외구매_261,050|화이트, 해외구매_169,530|블랙, 벌크_169,690|","블랙, 정품_276,000|화이트, 정품_276,000|블랙, 해외구매_261,050|화이트, 해외구매_169,520|블랙, 벌크_169,690|","블랙, 정품_276,000|화이트, 정품_276,000|블랙, 해외구매_261,050|화이트, 해외구매_169,470|블랙, 벌크_169,690|","블랙, 정품_276,000|화이트, 정품_276,000|블랙, 해외구매_261,050|화이트, 해외구매_163,690|블랙, 벌크_163,690|","블랙, 정품_276,000|화이트, 정품_276,000|블랙, 해외구매_261,050|화이트, 해외구매_160,430|블랙, 벌크_163,690|","블랙, 정품_276,000|화이트, 정품_276,000|블랙, 해외구매_261,050|화이트, 해외구매_160,430|블랙, 벌크_163,690|"
49831460,Razer BlackShark V2 Pro Xbox Licensed,"블랙, 정품_299,000|화이트, 정품_299,000|블랙, 해외구매_271,980|화이트, 해외구매_209,410|병행수입_169,690","블랙, 정품_299,000|화이트, 정품_299,000|블랙, 해외구매_271,980|화이트, 해외구매_209,410|병행수입_169,690","블랙, 정품_299,000|화이트, 정품_299,000|블랙, 해외구매_271,980|화이트, 해외구매_204,900|병행수입_167,690","블랙, 정품_299,000|화이트, 정품_299,000|블랙, 해외구매_271,980|화이트, 해외구매_204,900|병행수입_167,690","블랙, 정품_299,000|화이트, 정품_299,000|블랙, 해외구매_271,980|화이트, 해외구매_202,850|병행수입_167,650","블랙, 정품_299,000|화이트, 정품_299,000|블랙, 해외구매_271,980|화이트, 해외구매_202,850|병행수입_167,690","블랙, 정품_299,000|화이트, 정품_299,000|블랙, 해외구매_271,980|화이트, 해외구매_246,120|병행수입_167,690","블랙, 정품_299,000|화이트, 정품_299,000|블랙, 해외구매_271,980|화이트, 해외구매_246,120|병행수입_163,700","블랙, 정품_299,000|화이트, 정품_299,000|블랙, 해외구매_271,980|화이트, 해외구매_244,600|병행수입_159,690","블랙, 정품_299,000|화이트, 정품_299,000|블랙, 해외구매_271,980|화이트, 해외구매_244,600|병행수입_159,690"
49831190,Razer BlackShark V2 Pro for PlayStation,"블랙, 정품_279,000|화이트, 정품_279,000|블랙, 해외구매_212,130|화이트, 해외구매_395,030","블랙, 정품_279,000|화이트, 정품_279,000|블랙, 해외구매_212,130|화이트, 해외구매_395,030","블랙, 정품_279,000|화이트, 정품_279,000|블랙, 해외구매_212,130|화이트, 해외구매_395,030","블랙, 정품_279,000|화이트, 정품_279,000|블랙, 해외구매_212,130|화이트, 해외구매_395,030","블랙, 정품_276,000|화이트, 정품_276,000|블랙, 해외구매_212,130|화이트, 해외구매_395,030","블랙, 정품_276,000|화이트, 정품_276,000|블랙, 해외구매_212,130|화이트, 해외구매_395,030","블랙, 정품_276,000|화이트, 정품_276,000|블랙, 해외구매_212,130|화이트, 해외구매_395,030","블랙, 정품_276,000|화이트, 정품_276,000|블랙, 해외구매_212,130|화이트, 해외구매_395,030","블랙, 정품_276,000|화이트, 정품_276,000|블랙, 해외구매_212,130|화이트, 해외구매_395,030","블랙, 정품_276,000|화이트, 정품_276,000|블랙, 해외구매_212,130|화이트, 해외구매_395,030"
12045284,Razer BlackShark V2 X,"블랙, 정품_151,500|쿼츠, 정품_89,000|그린, 정품_89,000|화이트, 정품_480,000|블랙, 해외구매_43,720||||","블랙, 정품_151,500|쿼츠, 정품_89,000|그린, 정품_89,000|화이트, 정품_480,000|블랙, 해외구매_43,720||||","블랙, 정품_151,500|쿼츠, 정품_89,000|그린, 정품_89,000|화이트, 정품_480,000|블랙, 해외구매_45,640||||","블랙, 정품_151,500|쿼츠, 정품_89,000|그린, 정품_89,000|화이트, 정품_480,000|블랙, 해외구매_44,790||||","블랙, 정품_151,500|쿼츠, 정품_89,000|그린, 정품_89,000|화이트, 정품_480,000|블랙, 해외구매_45,110||||","블랙, 정품_151,500|쿼츠, 정품_89,000|그린, 정품_89,000|화이트, 정품_480,000|블랙, 해외구매_44,790||||","블랙, 정품_151,500|쿼츠, 정품_89,000|그린, 정품_89,000|화이트, 정품_480,000|블랙, 해외구매_44,790||||","블랙, 정품_151,500|쿼츠, 정품_89,000|그린, 정품_89,000|화이트, 정품_480,000|블랙, 해외구매_44,790||||","블랙, 정품_151,500|쿼츠, 정품_89,000|그린, 정품_89,000|화이트, 정품_480,000|블랙, 해외구매_44,790||||","블랙, 정품_151,500|쿼츠, 정품_89,000|그린, 정품_89,000|화이트, 정품_480,000|블랙, 해외구매_44,790||||"
123589074,Razer BlackShark V2 X Essential,"정품_49,900","정품_49,900","정품_49,900","정품_49,900","정품_49,900","정품_49,900","정품_49,900","정품_49,900","정품_49,900","정품_49,900"
17763425,Razer BlackShark V2 X USB,"정품_106,560|벌크_106,890","정품_104,340|벌크_106,890","정품_104,340|벌크_106,890","정품_104,340|벌크_106,890","정품_104,340|벌크_106,850","정품_103,590|벌크_106,890","정품_102,120|벌크_106,890","정품_102,120|벌크_106,890","정품_101,000|벌크_104,770","정품_101,000|벌크_104,770"
124115431,Razer BlackShark V3,"블랙_239,000|벌크_165,290|화이트_239,000|해외구매_227,800","블랙_239,000|벌크_165,290|화이트_239,000|해외구매_227,800","블랙_239,000|벌크_165,290|화이트_239,000|해외구매_227,800","블랙_239,000|벌크_165,290|화이트_239,000|해외구매_227,800","블랙_239,000|벌크_165,290|화이트_239,000|해외구매_227,800","블랙_239,000|벌크_165,290|화이트_239,000|해외구매_227,800","블랙_229,000|벌크_165,290|화이트_239,000|해외구매_227,800","블랙_229,000|벌크_163,550|화이트_239,000|해외구매_227,800","블랙_229,000|벌크_161,810|화이트_239,000|해외구매_227,800","블랙_229,000|벌크_161,810|화이트_239,000|해외구매_227,800"
97123982,Razer BlackShark V3,"블랙_239,000|벌크_165,290|화이트_239,000|해외구매_227,800","블랙_239,000|벌크_165,290|화이트_239,000|해외구매_227,800","블랙_239,000|벌크_165,290|화이트_239,000|해외구매_227,800","블랙_239,000|벌크_165,290|화이트_239,000|해외구매_227,800","블랙_239,000|벌크_165,290|화이트_239,000|해외구매_227,800","블랙_239,000|벌크_165,290|화이트_239,000|해외구매_227,800","블랙_229,000|벌크_165,290|화이트_239,000|해외구매_227,800","블랙_229,000|벌크_163,550|화이트_239,000|해외구매_227,800","블랙_229,000|벌크_161,810|화이트_239,000|해외구매_227,800","블랙_229,000|벌크_161,810|화이트_239,000|해외구매_227,800"
97123877,Razer BlackShark V3 Pro,"블랙_399,000|화이트_399,000|해외구매_423,405","블랙_399,000|화이트_399,000|해외구매_423,405","블랙_399,000|화이트_399,000|해외구매_418,150","블랙_398,940|화이트_399,000|해외구매_418,150","블랙_398,820|화이트_399,000|해외구매_418,150","블랙_398,760|화이트_399,000|해외구매_418,150","블랙_359,100|화이트_359,100|해외구매_418,150","블랙_359,100|화이트_359,100|해외구매_418,150","블랙_359,100|화이트_359,100|해외구매_418,150","블랙_359,100|화이트_359,100|해외구매_418,150"
122692822,Razer BlackShark V3 Pro Niko EDITION,"정품_449,000|해외구매_520,520","정품_449,000|해외구매_520,520","정품_449,000|해외구매_531,850","정품_449,000|해외구매_531,850","정품_449,000|해외구매_531,850","정품_449,000|해외구매_531,850","정품_429,000|해외구매_531,850","정품_429,000|해외구매_531,850","정품_429,000|해외구매_531,850","정품_429,000|해외구매_531,850"
99890480,Razer BlackShark V3 Pro for PLAYSTATION,"블랙_389,000|화이트_389,000|해외구매_504,630","블랙_389,000|화이트_389,000|해외구매_504,630","블랙_389,000|화이트_389,000|해외구매_504,630","블랙_389,000|화이트_389,000|해외구매_561,590","블랙_389,000|화이트_389,000|해외구매_504,630","블랙_389,000|화이트_389,000|해외구매_504,630","블랙_389,000|화이트_389,000|해외구매_504,630","블랙_389,000|화이트_389,000|해외구매_504,630","블랙_389,000|화이트_389,000|해외구매_504,630","블랙_389,000|화이트_389,000|해외구매_504,630"
98484350,Razer BlackShark V3 Pro for Xbox,"블랙_389,000|화이트_389,000|해외구매_375,000","블랙_389,000|화이트_389,000|해외구매_375,000","블랙_389,000|화이트_389,000|해외구매_375,000","블랙_389,000|화이트_389,000|해외구매_375,000","블랙_389,000|화이트_389,000|해외구매_375,000","블랙_389,000|화이트_389,000|해외구매_375,000","블랙_379,000|화이트_379,000|해외구매_375,000","블랙_379,000|화이트_379,000|해외구매_375,000","블랙_361,770|화이트_379,000|해외구매_375,000","블랙_361,770|화이트_379,000|해외구매_375,000"
97124111,Razer BlackShark V3 X HyperSpeed,"정품_159,000|해외구매_142,310","정품_159,000|해외구매_142,310","정품_159,000|해외구매_143,640","정품_159,000|해외구매_143,640","정품_159,000|해외구매_143,640","정품_159,000|해외구매_143,640","정품_149,000|해외구매_143,640","정품_149,000|해외구매_143,640","정품_149,000|해외구매_143,640","정품_149,000|해외구매_143,640"
100619054,Razer BlackShark V3 X HyperSpeed for PlayStation,"정품, 블랙_154,000|정품, 화이트_159,000|해외구매_180,000","정품, 블랙_154,000|정품, 화이트_159,000|해외구매_180,000","정품, 블랙_154,000|정품, 화이트_159,000|해외구매_180,000","정품, 블랙_154,000|정품, 화이트_159,000|해외구매_180,000","정품, 블랙_154,000|정품, 화이트_159,000|해외구매_180,000","정품, 블랙_154,000|정품, 화이트_159,000|해외구매_180,000","정품, 블랙_149,000|정품, 화이트_159,000|해외구매_180,000","정품, 블랙_129,000|정품, 화이트_159,000|해외구매_180,000","정품, 블랙_129,000|정품, 화이트_159,000|해외구매_180,000","정품, 블랙_129,000|정품, 화이트_159,000|해외구매_180,000"
98483996,Razer BlackShark V3 X HyperSpeed for Xbox,"정품, 블랙_159,000|정품, 화이트_159,000|해외구매_142,380","정품, 블랙_159,000|정품, 화이트_159,000|해외구매_142,380","정품, 블랙_159,000|정품, 화이트_159,000|해외구매_142,380","정품, 블랙_159,000|정품, 화이트_159,000|해외구매_142,380","정품, 블랙_159,000|정품, 화이트_159,000|해외구매_142,380","정품, 블랙_159,000|정품, 화이트_159,000|해외구매_142,380","정품, 블랙_159,000|정품, 화이트_159,000|해외구매_142,380","정품, 블랙_159,000|정품, 화이트_159,000|해외구매_142,380","정품, 블랙_159,000|정품, 화이트_159,000|해외구매_142,380","정품, 블랙_159,000|정품, 화이트_159,000|해외구매_142,380"
100701647,Razer BlackShark V3 for PlayStation,"정품_239,000|해외구매_265,680","정품_239,000|해외구매_265,680","정품_239,000|해외구매_265,680","정품_239,000|해외구매_265,680","정품_239,000|해외구매_265,680","정품_239,000|해외구매_265,680","정품_239,000|해외구매_265,680","정품_239,000|해외구매_265,680","정품_239,000|해외구매_265,680","정품_239,000|해외구매_265,680"
98484185,Razer BlackShark V3 for Xbox,"블랙, 정품_239,000|해외구매_226,540|화이트, 정품_239,000","블랙, 정품_239,000|해외구매_226,540|화이트, 정품_239,000","블랙, 정품_239,000|해외구매_226,550|화이트, 정품_239,000","블랙, 정품_239,000|해외구매_226,550|화이트, 정품_239,000","블랙, 정품_239,000|해외구매_226,550|화이트, 정품_239,000","블랙, 정품_239,000|해외구매_226,550|화이트, 정품_239,000","블랙, 정품_239,000|해외구매_226,550|화이트, 정품_229,000","블랙, 정품_229,000|해외구매_226,550|화이트, 정품_229,000","블랙, 정품_229,000|해외구매_226,550|화이트, 정품_229,000","블랙, 정품_229,000|해외구매_226,550|화이트, 정품_229,000"
27672353,Razer Kraken Kitty V2,"블랙, 정품_149,000|화이트, 정품_149,000|쿼츠, 정품_149,000|쿼츠, 벌크_68,290","블랙, 정품_149,000|화이트, 정품_149,000|쿼츠, 정품_149,000|쿼츠, 벌크_68,290",0,"블랙, 정품_149,000|화이트, 정품_149,000|쿼츠, 정품_149,000|쿼츠, 벌크_68,290","블랙, 정품_149,000|화이트, 정품_149,000|쿼츠, 정품_149,000|쿼츠, 벌크_68,250","블랙, 정품_149,000|화이트, 정품_149,000|쿼츠, 정품_149,000|쿼츠, 벌크_68,290","블랙, 정품_149,000|화이트, 정품_149,000|쿼츠, 정품_149,000|쿼츠, 벌크_68,290","블랙, 정품_149,000|화이트, 정품_149,000|쿼츠, 정품_149,000|쿼츠, 벌크_68,290","블랙, 정품_149,000|화이트, 정품_149,000|쿼츠, 벌크_66,940","블랙, 정품_149,000|화이트, 정품_149,000|쿼츠, 벌크_66,940"
91871735,Razer Kraken Kitty V2 BT,"블랙, 정품_169,000|쿼츠, 정품_169,000|화이트, 정품_169,000|블랙, 해외구매_163,500|쿼츠, 해외구매_196,960|","블랙, 정품_169,000|쿼츠, 정품_169,000|화이트, 정품_169,000|블랙, 해외구매_163,500|쿼츠, 해외구매_196,890|","블랙, 정품_169,000|쿼츠, 정품_169,000|화이트, 정품_169,000|블랙, 해외구매_163,500|쿼츠, 해외구매_196,850|","블랙, 정품_169,000|쿼츠, 정품_169,000|화이트, 정품_169,000|블랙, 해외구매_163,500|쿼츠, 해외구매_196,770|","블랙, 정품_169,000|쿼츠, 정품_169,000|화이트, 정품_169,000|블랙, 해외구매_163,500|쿼츠, 해외구매_196,720|","블랙, 정품_169,000|쿼츠, 정품_169,000|화이트, 정품_169,000|블랙, 해외구매_163,500|쿼츠, 해외구매_196,610|","블랙, 정품_159,000|쿼츠, 정품_159,000|화이트, 정품_159,000|블랙, 해외구매_163,500|쿼츠, 해외구매_196,550|","블랙, 정품_159,000|쿼츠, 정품_159,000|화이트, 정품_159,000|블랙, 해외구매_163,500|쿼츠, 해외구매_196,500|","블랙, 정품_159,000|쿼츠, 정품_159,000|화이트, 정품_159,000|블랙, 해외구매_163,500|쿼츠, 해외구매_193,040|","블랙, 정품_159,000|쿼츠, 정품_159,000|화이트, 정품_159,000|블랙, 해외구매_163,500|쿼츠, 해외구매_192,980|"
19063310,Razer Kraken Kitty V2 Pro,"블랙, 정품_299,000|쿼츠, 정품_299,000|블랙, 해외구매_116,500|쿼츠, 해외구매_118,440|벌크_129,820","블랙, 정품_299,000|쿼츠, 정품_299,000|블랙, 해외구매_152,480|쿼츠, 해외구매_292,900|벌크_129,820","블랙, 정품_299,000|쿼츠, 정품_299,000|블랙, 해외구매_152,480|쿼츠, 해외구매_292,900|벌크_129,810","블랙, 정품_299,000|쿼츠, 정품_299,000|블랙, 해외구매_152,480|쿼츠, 해외구매_292,900|벌크_129,810","블랙, 정품_299,000|쿼츠, 정품_299,000|블랙, 해외구매_152,480|쿼츠, 해외구매_269,590|벌크_129,800","블랙, 정품_299,000|쿼츠, 정품_299,000|블랙, 해외구매_152,480|쿼츠, 해외구매_292,900|벌크_129,800","블랙, 정품_299,000|쿼츠, 정품_299,000|블랙, 해외구매_152,480|쿼츠, 해외구매_292,900|벌크_129,790","블랙, 정품_189,000|쿼츠, 정품_189,000|블랙, 해외구매_152,480|쿼츠, 해외구매_126,170|벌크_129,790","블랙, 정품_189,000|쿼츠, 정품_189,000|블랙, 해외구매_152,480|쿼츠, 해외구매_292,900|벌크_128,540","블랙, 정품_189,000|쿼츠, 정품_189,000|블랙, 해외구매_147,340|쿼츠, 해외구매_292,900|벌크_128,540"
97307042,Razer Kraken Kitty V3 Pro,"블랙_288,990|쿼츠_288,990|화이트_288,990|해외구매_270,720","블랙_288,990|쿼츠_288,990|화이트_288,990|해외구매_270,720","블랙_288,990|쿼츠_288,990|화이트_288,990|해외구매_273,350","블랙_288,990|쿼츠_288,990|화이트_288,990|해외구매_273,350","블랙_288,990|쿼츠_288,990|화이트_288,990|해외구매_273,350","블랙_289,000|쿼츠_289,000|화이트_289,000|해외구매_273,350","블랙_289,000|쿼츠_289,000|화이트_289,000|해외구매_273,350","블랙_289,000|쿼츠_289,000|화이트_289,000|해외구매_273,350","블랙_289,000|쿼츠_289,000|화이트_289,000|해외구매_273,350","블랙_289,000|쿼츠_289,000|화이트_289,000|해외구매_273,350"
97306799,Razer Kraken Kitty V3 X,"블랙_99,000|화이트_99,000|쿼츠_99,000|해외구매_91,620","블랙_99,000|화이트_99,000|쿼츠_99,000|해외구매_91,620","블랙_99,000|화이트_99,000|쿼츠_99,000|해외구매_99,590","블랙_99,000|화이트_99,000|쿼츠_99,000|해외구매_99,590","블랙_99,000|화이트_99,000|쿼츠_99,000|해외구매_99,590","블랙_99,000|화이트_99,000|쿼츠_99,000|해외구매_99,590","블랙_99,000|화이트_99,000|쿼츠_99,000|해외구매_99,590","블랙_99,000|화이트_99,000|쿼츠_99,000|해외구매_99,590","블랙_99,000|화이트_99,000|쿼츠_99,000|해외구매_99,590","블랙_99,000|화이트_99,000|쿼츠_99,000|해외구매_99,590"
6517117,Razer Kraken Tournament Edition,"정품_138,170","정품_138,170","정품_138,170","정품_138,170","정품_138,170","정품_138,990","정품_138,990","정품_138,990","정품_138,990","정품_138,990"
15799142,Razer Kraken V3,"정품_148,990|벌크_65,060","정품_148,990|벌크_65,060","정품_148,990|벌크_65,050","정품_148,990|벌크_65,050","정품_148,990|벌크_65,040","정품_148,990|벌크_65,040","정품_148,990|벌크_65,030","정품_148,990|벌크_65,030","정품_148,990|벌크_65,020","정품_148,990|벌크_74,310"
15799106,Razer Kraken V3 HyperSense,0,0,0,0,0,0,"정품_99,000|해외구매_143,000|벌크_162,240","정품_99,000|해외구매_143,000|벌크_162,240","정품_99,000|해외구매_143,000|벌크_162,240","정품_99,000|해외구매_143,000|벌크_162,240"
16255412,Razer Kraken V3 Pro,"정품_249,000|해외구매_253,700|벌크_125,900|해외리퍼_178,900","정품_249,000|해외구매_253,700|벌크_125,900|해외리퍼_178,900","정품_249,000|해외구매_253,700|벌크_125,900|해외리퍼_178,900","정품_249,000|해외구매_253,700|벌크_125,900|해외리퍼_178,900","정품_249,000|해외구매_253,700|벌크_125,900|해외리퍼_178,900","정품_249,000|해외구매_247,800|벌크_125,900|해외리퍼_178,900","정품_249,000|해외구매_247,800|벌크_125,900|해외리퍼_178,900","정품_249,000|해외구매_247,800|벌크_125,900|해외리퍼_178,900","정품_249,000|해외구매_247,800|벌크_125,900|해외리퍼_178,900","정품_249,000|해외구매_247,800|벌크_125,900|해외리퍼_178,900"
14050562,Razer Kraken V3 X,"정품_69,000|병행수입_55,360|해외구매_75,750|벌크_107,090","정품_69,000|해외구매_75,750|벌크_107,090","정품_69,000|해외구매_75,750|벌크_107,090","정품_69,000|해외구매_75,750|벌크_107,090","정품_69,000|해외구매_75,750|벌크_107,090","정품_87,100|해외구매_74,170|벌크_107,090","정품_59,000|해외구매_74,170|벌크_107,090","정품_59,000|해외구매_74,170|벌크_107,090","정품_59,000|해외구매_74,170|벌크_105,750","정품_59,000|해외구매_74,170|벌크_105,750"
68691911,Razer Kraken V4,"정품_259,000|해외구매_251,715","정품_259,000|해외구매_251,715","정품_259,000|해외구매_251,715","정품_259,000|해외구매_251,715","정품_259,000|해외구매_251,715","정품_259,000|해외구매_251,715","정품_239,000|해외구매_251,715","정품_239,000|해외구매_251,715","정품_239,000|해외구매_251,715","정품_239,000|해외구매_251,715"
123696085,Razer Kraken V4 EVANGELION Edition,"해외구매_447,010","해외구매_447,010","해외구매_447,010","해외구매_447,010","해외구매_447,010","해외구매_447,010","해외구매_447,010","해외구매_447,010","해외구매_447,010","해외구매_447,010"
71783651,Razer Kraken V4 Pro,"정품_579,000|해외구매_597,700|벌크_317,690","정품_579,000|해외구매_597,700|벌크_317,690","정품_579,000|해외구매_597,700|벌크_309,690","정품_578,990|해외구매_597,700|벌크_309,690","정품_578,990|해외구매_597,700|벌크_304,210","정품_578,990|해외구매_597,700|벌크_304,490","정품_578,990|해외구매_597,700|벌크_309,690","정품_578,990|해외구매_597,700|벌크_309,690","정품_578,990|해외구매_597,700|벌크_309,690","정품_578,990|해외구매_597,700|벌크_309,690"
71783444,Razer Kraken V4 X,"정품_139,000|해외구매_118,950","정품_139,000|해외구매_118,950","정품_139,000|해외구매_118,940","정품_139,000|해외구매_118,940","정품_139,000|해외구매_118,940","정품_139,000|해외구매_113,990","정품_129,000|해외구매_113,990","정품_129,000|해외구매_113,990","정품_129,000|해외구매_113,990","정품_129,000|해외구매_113,990"
124289841,Razer Kraken V4 X Sensa HD Haptics,"정품_179,000","정품_179,000","정품_179,000","정품_179,000","정품_179,000","정품_179,000","정품_179,000","정품_179,000","정품_166,470","정품_166,470"
80569925,Razer Kraken V4 X 마인크래프트 에디션,0,0,0,0,"정품_169,000|해외구매_119,760","정품_169,000|해외구매_119,760",0,0,"정품_169,000|해외구매_119,760",0
10671765,Razer Kraken X,0,0,0,0,0,"해외구매_60,630","해외구매_60,630","해외구매_60,630","해외구매_60,630","해외구매_60,630"
14785634,Razer Opus X,0,0,0,0,0,0,0,0,"쿼츠, 정품_139,000|그린, 정품_139,000|화이트, 해외구매_42,500|쿼츠, 해외구매_45,590|그린, 해외구매_53,660","쿼츠, 정품_139,000|그린, 정품_139,000|화이트, 해외구매_42,500|쿼츠, 해외구매_45,590|그린, 해외구매_53,660"
104947409,Razer 클리오,"정품_299,000","정품_299,000","정품_299,000","정품_299,000","정품_299,000","정품_299,000","정품_299,000","정품_299,000","정품_299,000","정품_299,000"
11497307,Redragon Helios H710,"35,000","35,000","35,000","35,000","35,000","35,000","35,000","35,000","35,000","35,000"
4230934,SADES Antenna Plus SA-919S 커플,"21,400","21,400","21,400","21,400","21,400","21,400","21,400","21,400","21,400","21,400"
2126520,SADES SA-708 게이밍 헤드셋,"정품_16,550","정품_16,550","정품_16,640","정품_16,640","정품_16,640","정품_16,640","정품_16,640","정품_16,640","정품_16,640","정품_16,640"
37826549,SIE 플레이스테이션 PULSE Elite CFI-ZWH2,"정품_178,000|해외구매_227,604","정품_178,000|해외구매_227,604","정품_195,000|해외구매_227,604","정품_195,000|해외구매_227,604","정품_195,000|해외구매_227,604","정품_198,000|해외구매_227,604","정품_198,000|해외구매_227,604","정품_198,000|해외구매_227,604","정품_198,000|해외구매_227,604","정품_198,000|해외구매_227,604"
75856739,SKY 핏 키티 IM-H26,0,0,0,0,0,"정품_19,990","정품_19,990","정품_19,990","정품_19,990","정품_19,990"
17505683,SONY INZONE H3 MDR-G300,"정품_91,000|해외구매_110,620","정품_91,000|해외구매_110,560","정품_91,000|해외구매_110,550","정품_91,000|해외구매_110,540","정품_91,000|해외구매_110,490","정품_93,000|해외구매_110,420","정품_91,990|해외구매_110,370","정품_91,990|해외구매_110,280","정품_91,990|해외구매_110,250","정품_91,990|해외구매_110,240"
29757875,SONY INZONE H5 WH-G500,"정품_153,110|해외구매_197,560|리퍼비시_146,900","정품_153,110|해외구매_221,900|리퍼비시_146,900","정품_153,110|해외구매_203,680|리퍼비시_146,900","정품_153,110|해외구매_203,670|리퍼비시_146,900","정품_153,110|해외구매_202,200|리퍼비시_146,900","정품_156,480|해외구매_196,930|리퍼비시_146,900","정품_156,390|해외구매_192,890|리퍼비시_131,770","정품_156,390|해외구매_175,680|리퍼비시_131,770","정품_156,390|해외구매_175,680|리퍼비시_138,700","정품_156,390|해외구매_170,410|리퍼비시_138,700"
122628205,SONY INZONE H6 Air,"정품_268,990|","정품_268,990|","정품_268,990|","정품_268,990|","정품_268,990|","정품_268,640|","정품_268,640|","정품_268,640|","정품_268,640|","정품_268,640|"
17505689,SONY INZONE H7 WH-G700,"정품_178,250|해외구매_191,000","정품_178,190|해외구매_191,000","정품_178,140|해외구매_191,000","정품_178,070|해외구매_191,000","정품_178,010|해외구매_191,000","정품_177,950|해외구매_191,000","정품_177,900|해외구매_191,000","정품_177,850|해외구매_191,000","정품_177,790|해외구매_191,000","정품_177,730|해외구매_191,000"
98415890,SONY INZONE H9 II WH-G910N,"정품_400,500|해외구매_375,900","정품_400,500|해외구매_375,900","정품_400,500|해외구매_375,900","정품_400,500|해외구매_375,900","정품_400,500|해외구매_375,900","정품_400,500|해외구매_375,900","정품_400,500|해외구매_334,860","정품_400,500|해외구매_334,860","정품_400,500|해외구매_335,230","정품_400,500|해외구매_334,970"
17505677,SONY INZONE H9 WH-G900N,"정품_205,200|해외구매_236,670","정품_205,200|해외구매_236,670","정품_205,200|해외구매_236,670","정품_205,200|해외구매_236,670","정품_205,200|해외구매_236,670","정품_205,200|해외구매_231,740","정품_205,200|해외구매_231,740","정품_205,200|해외구매_214,610","정품_205,200|해외구매_214,610","정품_205,200|해외구매_225,900"
14057882,SONY PS5 펄스 3D CFI-ZWH1G,0,0,0,0,0,0,0,0,0,"정품_197,550|해외구매_153,700"
74484380,SPM HM100 클로버 가상 7.1 LED 게이밍 헤드셋,0,0,0,0,0,0,0,"블랙_29,900|화이트_29,900","블랙_29,900|화이트_29,900","블랙_29,900|화이트_29,900"
98544845,Smartek STH-C301,"정품_19,800","정품_19,800","정품_19,800","정품_19,800","정품_19,800","정품_19,800","정품_19,800","정품_19,800","정품_19,800","정품_19,800"
18965039,TGIC컴퓨터 TGH-6000M,"블랙_5,690|블루_5,760|핑크_6,190","블랙_5,690|블루_5,760|핑크_6,190","블랙_5,690|블루_5,770|핑크_6,190","블랙_5,690|블루_5,770|핑크_6,190","블랙_5,690|블루_5,770|핑크_6,190","블랙_5,690|블루_5,770|핑크_6,190","블랙_5,690|블루_5,770|핑크_6,190","블랙_5,690|블루_5,770|핑크_6,190","블랙_5,690|블루_5,770|핑크_6,190","블랙_5,690|블루_5,770|핑크_6,190"
2898521,TGIC컴퓨터 TGH-DJ1,"블랙_5,030|화이트_5,030","블랙_5,020|화이트_5,030","블랙_5,020|화이트_5,020","블랙_5,020|화이트_5,020","블랙_5,020|화이트_5,020","블랙_5,020|화이트_5,020","블랙_5,240|화이트_5,190","블랙_5,240|화이트_5,190","블랙_5,240|화이트_5,190","블랙_5,240|화이트_5,190"
13914467,Team Scorpion LUCA G701 가상 7.1채널 RGB 게이밍 헤드셋,"29,950","29,950","29,950","29,950","29,950","29,950","29,950","29,950","29,950","29,950"
12462377,Tree SOYTO 라이브 833MV,"16,880","16,880","16,880","16,880","16,880","16,880","16,880","16,700","16,520","16,520"
12824975,Tree 바운스 450MV 게이밍 헤드셋,"22,000","22,000","22,000","22,000","22,000","22,000","22,000","22,000","22,000","22,000"
100382774,Tree 베이스 860MV 게이밍 헤드셋,"정품_30,540","정품_30,540","정품_32,280","정품_27,970","정품_27,970","정품_27,970","정품_27,970","정품_27,970","정품_27,970","정품_27,970"
12950573,Tree 보이스 게이밍 헤드셋,"15,090","15,090","15,090","15,090","15,090","15,090","15,090","15,090","15,090","15,090"
12438557,Tree 제노스 850MV,"25,720","25,720","25,720","25,720","25,720","25,720","25,720","25,720","25,720","25,720"
12729530,Tree 제로존 게이밍 헤드셋,"16,650","16,470","16,470","16,470","16,470","16,470","16,470","16,470","16,470","16,470"
124167197,UniThink 게이밍 헤드셋 UT-01,"38,900","38,900","38,900","38,900","38,900","38,900","38,900","38,900","38,900","38,900"
122710484,VARO VH100 RGB 가상 7.1 초경량 게이밍 헤드셋,"정품_24,150","정품_24,150","정품_24,150","정품_24,150","정품_24,150","정품_24,150","정품_24,150","정품_24,150","정품_24,150","정품_24,150"
54813896,VGN VXE V1,"해외구매_27,590","해외구매_27,590","해외구매_27,590","해외구매_27,590","해외구매_27,590","해외구매_29,140","해외구매_29,140","해외구매_29,140","해외구매_29,140","해외구매_29,140"
94449209,WESEARY WG3,"정품_52,730","정품_52,730","정품_52,730","정품_52,730",0,0,0,0,0,"정품_164,160"
15585851,갤럭시 갤라즈 GALAX EX-01 가상 7.1채널 RGB 게이밍 헤드셋,"27,000","27,000","27,000","27,000","27,000","27,000","27,000","27,000","27,000","27,000"
15500291,갤럭시 갤라즈 GALAX EX-03 가상 7.1채널 RGB 게이밍 헤드셋,"블랙_20,920","블랙_20,920","블랙_20,920","블랙_20,920","블랙_20,920","블랙_22,490","블랙_20,920","블랙_20,920","블랙_20,920","블랙_20,920"
122660095,글로리어스 GHS ETERNAL,"정품_43,600|해외구매_99,640","정품_43,600|해외구매_104,880","정품_43,600|해외구매_104,880","정품_43,600|해외구매_104,880","정품_43,600|해외구매_104,880","정품_43,600|해외구매_104,880","정품_43,600|해외구매_104,880","정품_109,000|해외구매_104,880","정품_109,000|해외구매_104,880","정품_109,000|해외구매_104,880"
122727519,글로리어스 GHS ETERNAL RGB,"정품_63,600","정품_63,600","정품_63,600","정품_63,600","정품_63,600","정품_63,600","정품_63,600","정품_159,000","정품_159,000","정품_159,000"
74490935,긱스타 GH01BE ENC 가상 7.1채널 RGB 게이밍 헤드셋,"정품_19,900","정품_19,900",0,0,0,0,0,0,0,0
3430401,넥시스 NH-017,"정품_22,320","정품_22,320","정품_22,320",0,0,0,0,0,0,0
2170312,다산일렉트론 DH-011S,"20,740","20,740","20,740","20,740","20,740","20,740","20,740","20,740","20,740","20,740"
2183096,다산일렉트론 DH-011T,"21,730","21,730","21,740","21,740","21,740","21,740","21,740","21,740","21,740","21,740"
2183190,다산일렉트론 DH-021TP,"29,670","29,670","29,670",0,0,0,0,"29,670","29,670",0
2541475,다산일렉트론 DH-070T,"32,550","32,550","32,550","32,550","32,550","32,550","32,550","32,550","32,550","32,550"
4317871,대진 DJH-500U,"12,710","12,710","12,710","12,710","12,710","12,710","12,710","12,710","12,640","12,640"
2381058,동현아이 T-SONIC TH-601MV PLUS USB 게이밍 헤드셋,0,0,0,0,0,0,"14,850","14,850","14,850","14,850"
59761661,두원통상 디보이스 CH-S1,0,0,"16,740","16,740","16,740","16,740","16,740","16,740",0,0
17899076,디알고 BH029M,"33,500","33,500","33,500","33,500","33,500","33,500","33,500","33,500","33,500","33,500"
54100934,디알고 가상 7.1 채널 오로라 RGB LED 게이밍 헤드셋 GHS05,"정품_29,800","정품_29,800","정품_29,800","정품_29,800","정품_29,800","정품_29,800","정품_29,800","정품_29,800","정품_29,800","정품_29,800"
67510250,디알고 고양이귀 키즈 블루투스 스터디 어학용 헤드셋 BH038M,"31,100","31,100","31,100","31,100","31,100","31,100","31,100","31,100","31,100","31,100"
5893665,라이트컴 COMS BS923,"25,000","25,000","25,000","25,000","25,000","25,000","25,000","25,000","25,000","25,000"
5881689,라이트컴 COMS BS977,"41,890","41,890","41,890","41,890","41,890","41,890","41,890","41,890","41,890","41,890"
12685526,라이트컴 COMS BT081 스테레오 게이밍 헤드셋,"16,240","16,240","16,240","16,240","16,240","16,240","16,240","16,240","16,240","16,240"
6423432,라이트컴 COMS BT082 게이밍 헤드셋,"15,000","15,000","15,000","15,000","15,000","15,000","15,000","15,000","15,000","15,000"
6878956,라이트컴 COMS BT083 USB LED 게이밍 헤드셋,"24,510","24,510","24,510","24,510","24,510","24,510","24,510","24,510","24,510","24,510"
15993026,라이트컴 COMS IC608,"15,500","15,500","15,500","15,500","15,500","15,500","15,500","15,500","15,500","15,500"
7085650,라이트컴 COMS ID199 USB 스테레오 LED 게이밍 헤드셋,"28,610","28,610","28,610","28,610","28,610","28,610","28,610","28,610","28,610","28,610"
9407349,라이트컴 COMS SO116,"10,020","10,020","10,020","10,020","10,020","10,020","10,020","10,020","10,020","10,020"
6801784,라이트컴 COMS V2000 LED 게이밍 헤드셋,"22,950","22,950","22,950","22,950","22,950","22,950","22,950","22,950","22,950","22,950"
102490733,로지텍 A20X LIGHTSPEED,"정품_198,990","정품_198,990","정품_198,990","정품_198,990","정품_198,990","정품_208,000","정품_208,000","정품_208,000","정품_208,000","정품_208,000"
6520040,로지텍 ASTRO A10,"정품_68,990|벌크_33,600","정품_68,990|벌크_33,600","정품_68,990|벌크_33,600",0,0,0,0,0,0,0
16720868,로지텍 ASTRO A10 2세대,"정품_75,470|해외구매_75,390|벌크_84,890","정품_75,410|해외구매_75,390|벌크_84,890","정품_75,400|해외구매_75,390|벌크_84,890","정품_75,390|해외구매_75,390|벌크_84,890","정품_75,330|해외구매_75,390|벌크_84,850","정품_75,270|해외구매_75,390|벌크_84,890","정품_70,970|해외구매_75,390|벌크_84,890","정품_72,590|해외구매_75,390|벌크_84,890","정품_72,590|해외구매_75,390|벌크_84,890","정품_72,590|해외구매_75,390|벌크_84,890"
99638516,로지텍 ASTRO A50 WIRELESS + BASE STATION 5세대,"해외구매_561,100","해외구매_561,100","해외구매_561,100","해외구매_561,100","해외구매_561,100","해외구매_561,100","해외구매_561,100","해외구매_561,100","해외구매_561,100","해외구매_561,100"
42144101,로지텍 ASTRO A50 X,"정품_464,070|해외구매_570,457","정품_464,070|해외구매_570,457","정품_464,070|해외구매_570,457","정품_464,070|해외구매_570,457","정품_464,070|해외구매_570,457","정품_499,000|해외구매_570,457","정품_499,000|해외구매_570,457","정품_499,000|해외구매_570,457","정품_499,000|해외구매_570,457","정품_499,000|해외구매_570,457"
8835974,로지텍 G PRO X,"정품_193,030|병행수입_236,050|해외구매_114,430|벌크_105,200","정품_193,030|병행수입_236,050|해외구매_114,430|벌크_105,200","정품_193,030|병행수입_236,050|해외구매_124,390|벌크_105,190","정품_193,030|병행수입_236,050|해외구매_124,390|벌크_105,190","정품_193,030|병행수입_236,050|해외구매_124,390|벌크_105,180","정품_149,000|병행수입_246,040|해외구매_124,390|벌크_105,180","정품_134,100|병행수입_246,040|해외구매_124,390|벌크_105,170","정품_149,000|병행수입_246,040|해외구매_124,390|벌크_105,170","정품_149,000|병행수입_246,040|해외구매_124,390|벌크_105,160","정품_149,000|병행수입_246,040|해외구매_124,390|벌크_105,160"
101069417,로지텍 G321 LIGHTSPEED,"정품_73,470|해외구매_65,670","정품_73,470|해외구매_65,670","정품_73,470|해외구매_70,000","정품_73,470|해외구매_70,000","정품_73,470|해외구매_70,000","정품_78,920|해외구매_70,000","정품_78,920|해외구매_70,000","정품_78,920|해외구매_70,000","정품_78,910|해외구매_70,000","정품_78,910|해외구매_70,000"
105487448,로지텍 G325 LIGHTSPEED,"블랙, 정품_110,670|화이트, 정품_110,670|라일락, 정품_110,670|해외구매_125,090","블랙, 정품_110,670|화이트, 정품_110,670|라일락, 정품_110,670|해외구매_125,090","블랙, 정품_110,670|화이트, 정품_110,670|라일락, 정품_110,670|해외구매_125,090","블랙, 정품_110,670|화이트, 정품_110,670|라일락, 정품_110,670|해외구매_125,090","블랙, 정품_110,670|화이트, 정품_110,670|라일락, 정품_110,670|해외구매_125,090","블랙, 정품_119,000|화이트, 정품_118,990|라일락, 정품_119,000|해외구매_125,090","블랙, 정품_119,000|화이트, 정품_118,990|라일락, 정품_119,000|해외구매_125,090","블랙, 정품_119,000|화이트, 정품_109,000|라일락, 정품_119,000|해외구매_125,090","블랙, 정품_118,990|화이트, 정품_109,000|라일락, 정품_118,990|해외구매_125,090","블랙, 정품_118,990|화이트, 정품_109,000|라일락, 정품_118,990|해외구매_125,090"
105484424,로지텍 G325 LIGHTSPEED,"블랙, 정품_110,670|화이트, 정품_110,670|라일락, 정품_110,670|해외구매_125,090","블랙, 정품_110,670|화이트, 정품_110,670|라일락, 정품_110,670|해외구매_125,090","블랙, 정품_110,670|화이트, 정품_110,670|라일락, 정품_110,670|해외구매_125,090","블랙, 정품_110,670|화이트, 정품_110,670|라일락, 정품_110,670|해외구매_125,090","블랙, 정품_110,670|화이트, 정품_110,670|라일락, 정품_110,670|해외구매_125,090","블랙, 정품_119,000|화이트, 정품_118,990|라일락, 정품_119,000|해외구매_125,090","블랙, 정품_119,000|화이트, 정품_118,990|라일락, 정품_119,000|해외구매_125,090","블랙, 정품_119,000|화이트, 정품_109,000|라일락, 정품_119,000|해외구매_125,090","블랙, 정품_118,990|화이트, 정품_109,000|라일락, 정품_118,990|해외구매_125,090","블랙, 정품_118,990|화이트, 정품_109,000|라일락, 정품_118,990|해외구매_125,090"
14916248,로지텍 G335,"정품_69,750|해외구매_99,850|벌크_99,000","정품_69,750|해외구매_99,390|벌크_99,000","정품_69,750|해외구매_99,390|벌크_99,000","정품_69,750|해외구매_98,370|벌크_99,000","정품_69,750|해외구매_98,370|벌크_99,000","정품_74,990|해외구매_98,550|벌크_99,000","정품_74,990|해외구매_98,550|벌크_99,000","정품_74,930|해외구매_72,750|벌크_99,000","정품_73,500|해외구매_72,750|벌크_99,000","정품_73,500|해외구매_72,750|벌크_99,000"
7323130,로지텍 G431,0,"정품_74,840|해외구매_151,040|벌크_99,000","정품_74,840|해외구매_151,040|벌크_99,000","정품_74,840|해외구매_151,040|벌크_99,000","정품_74,840|해외구매_151,040|벌크_99,000","정품_74,840|해외구매_151,040|벌크_99,000","정품_74,840|해외구매_151,040|벌크_99,000","정품_74,840|해외구매_151,040|벌크_99,000",0,"정품_74,840|해외구매_151,040|벌크_99,000"
5309956,로지텍 G433,"정품_88,900|해외구매_215,040|벌크_129,000|리퍼비시_137,620","정품_88,900|해외구매_215,040|벌크_129,000|리퍼비시_137,620","정품_88,900|해외구매_215,040|벌크_129,000|리퍼비시_144,400","정품_86,400|해외구매_215,040|벌크_129,000|리퍼비시_144,400","정품_88,900|해외구매_215,040|벌크_129,000|리퍼비시_144,400","정품_88,900|해외구매_215,040|벌크_129,000|리퍼비시_144,400","정품_88,900|해외구매_215,040|벌크_129,000|리퍼비시_144,400","정품_86,400|해외구매_215,040|벌크_129,000|리퍼비시_144,400","정품_86,400|해외구매_215,040|벌크_129,000|리퍼비시_109,600","정품_88,900|해외구매_215,040|벌크_129,000|리퍼비시_109,600"
15524945,로지텍 G435 LIGHTSPEED,"정품_93,980|해외구매_57,370|벌크_34,490","정품_93,980|해외구매_57,370|벌크_34,490","정품_93,980|해외구매_57,370|벌크_34,490","정품_93,980|해외구매_57,370|벌크_34,490","정품_93,980|해외구매_57,370|벌크_34,490","정품_93,980|해외구매_57,370|벌크_34,490","정품_93,980|해외구매_57,370|벌크_34,490","정품_93,980|해외구매_57,370|벌크_34,490","정품_93,980|해외구매_57,370|벌크_34,490","정품_93,980|해외구매_57,370|벌크_34,490"
92357075,로지텍 G522 LIGHTSPEED,"정품_177,910|해외구매_178,280","정품_177,600|해외구매_178,280","정품_185,070|해외구매_193,790","정품_185,070|해외구매_193,790","정품_185,070|해외구매_193,790","정품_199,000|해외구매_193,790","정품_198,960|해외구매_193,790","정품_198,910|해외구매_193,790","정품_198,820|해외구매_193,790","정품_198,700|해외구매_190,640"
17399033,로지텍 G535 LIGHTSPEED,"정품_189,000|해외구매_126,420|벌크_169,000","정품_189,000|해외구매_126,420|벌크_169,000","정품_189,000|해외구매_126,420|벌크_169,000","정품_189,000|해외구매_126,420|벌크_169,000","정품_189,000|해외구매_126,420|벌크_169,000",0,"정품_189,000|해외구매_126,420|벌크_169,000","정품_189,000|해외구매_126,420|벌크_169,000","정품_189,000|해외구매_126,420|벌크_169,000","정품_189,000|해외구매_126,420|벌크_169,000"
14342072,로지텍 G733 LIGHTSPEED,"병행수입_189,000|정품_139,990|해외구매_146,450|벌크_140,040","병행수입_189,000|정품_139,990|해외구매_146,450|벌크_140,040","병행수입_189,000|정품_139,990|해외구매_151,800|벌크_140,030","병행수입_189,000|정품_139,990|해외구매_151,800|벌크_140,030","병행수입_189,000|정품_139,990|해외구매_151,800|벌크_140,020","병행수입_189,000|정품_139,990|해외구매_151,800|벌크_140,020","병행수입_189,000|정품_139,990|해외구매_151,800|벌크_140,010","병행수입_189,000|정품_139,990|해외구매_151,800|벌크_140,010","병행수입_189,000|정품_139,990|해외구매_151,800|벌크_138,590","병행수입_189,000|정품_139,990|해외구매_151,800|벌크_138,580"
71503904,로지텍 G735,"해외구매_329,990","해외구매_329,990","해외구매_329,990",0,0,0,0,0,0,"해외구매_317,560"
7532869,로지텍 G933s 7.1 LIGHTSYNC,"해외구매_179,990|벌크_199,000","해외구매_181,990|벌크_199,000","해외구매_181,990|벌크_199,000","해외구매_181,990|벌크_199,000",0,0,0,0,0,0
122717123,로지텍 H111,"해외구매_38,900","해외구매_38,900","해외구매_41,220","해외구매_41,220","해외구매_41,220","해외구매_41,220","해외구매_41,220","해외구매_41,220","해외구매_41,220","해외구매_41,220"
1580720,로지텍 H150,"정품_16,670","정품_16,670","정품_13,000","정품_13,000","정품_13,000","정품_13,000","정품_16,670","정품_16,670","정품_13,000","정품_13,000"
3279544,로지텍 H151,"정품_16,990|해외구매_19,680","정품_16,990|해외구매_19,680","정품_13,000|해외구매_19,680","정품_13,000|해외구매_19,680","정품_13,000|해외구매_19,680","정품_13,000|해외구매_18,860","정품_17,850|해외구매_18,860","정품_17,890|해외구매_18,860","정품_13,000|해외구매_18,860","정품_13,000|해외구매_18,860"
1995771,로지텍 H340,"정품_38,730|병행수입_36,600|해외구매_52,530|벌크_63,480","정품_38,730|병행수입_36,600|해외구매_52,530|벌크_63,480","정품_34,900|병행수입_35,010|해외구매_52,530|벌크_63,480","정품_34,900|병행수입_35,010|해외구매_52,530|벌크_63,480","정품_34,900|병행수입_35,010|해외구매_52,530|벌크_63,480","정품_34,900|병행수입_35,010|해외구매_52,530|벌크_63,480","정품_36,810|병행수입_36,600|해외구매_52,530|벌크_63,480","정품_36,810|병행수입_38,100|해외구매_52,530|벌크_63,480","정품_34,900|병행수입_38,100|해외구매_52,530|벌크_63,480","정품_34,900|병행수입_38,100|해외구매_52,530|벌크_63,480"
1543809,로지텍 H390,"정품_44,430|병행수입_23,900|해외구매_65,000|벌크_23,600","정품_44,430|병행수입_23,900|해외구매_65,000|벌크_23,600","정품_39,900|병행수입_23,900|해외구매_65,000|벌크_23,600","정품_39,900|병행수입_23,900|해외구매_65,000|벌크_23,600","정품_39,900|병행수입_23,900|해외구매_65,000|벌크_23,600","정품_39,900|병행수입_23,900|해외구매_65,000|벌크_23,600","정품_44,460|병행수입_23,900|해외구매_65,000|벌크_23,600","정품_44,460|병행수입_23,900|해외구매_65,000|벌크_23,600","정품_39,900|병행수입_23,900|해외구매_65,000|벌크_23,600","정품_39,900|병행수입_23,900|해외구매_65,000|벌크_23,600"
2004606,로지텍 H540,"정품_57,900","정품_57,900","정품_52,900","정품_52,900","정품_52,900","정품_52,900","정품_57,900","정품_57,900","정품_57,900","정품_57,900"
10478793,로지텍 H570e,"정품_54,000|해외구매_81,040|벌크_48,000","정품_54,000|해외구매_81,040|벌크_48,000","정품_54,000|해외구매_81,040|벌크_48,000","정품_54,000|해외구매_81,040|벌크_48,000","정품_54,000|해외구매_81,040|벌크_48,000","정품_54,000|해외구매_81,040|벌크_48,000","정품_54,000|해외구매_81,040|벌크_48,000","정품_54,000|해외구매_81,040|벌크_48,000","정품_54,000|해외구매_81,040|벌크_48,000","정품_54,000|해외구매_81,040|벌크_48,000"
21550349,로지텍 PRO X 2 LIGHTSPEED,"정품_295,890|해외구매_237,720|병행수입_298,530|벌크_265,500","정품_295,890|해외구매_237,720|병행수입_304,950|벌크_265,500","정품_295,890|해외구매_242,890|병행수입_304,950|벌크_265,500","정품_295,890|해외구매_242,890|병행수입_304,950|벌크_265,500","정품_295,890|해외구매_242,890|병행수입_304,950|벌크_265,500","정품_233,100|해외구매_242,890|병행수입_315,790|벌크_265,500","정품_233,100|해외구매_233,100|병행수입_315,790|벌크_265,500","정품_259,000|해외구매_233,100|병행수입_312,460|벌크_265,500","정품_259,000|해외구매_242,890|병행수입_309,140|벌크_265,500","정품_259,000|해외구매_242,890|병행수입_309,140|벌크_265,500"
54813038,로지텍 ZONE 300,0,0,"해외구매_119,500",0,0,0,0,"해외구매_112,000","해외구매_112,000","해외구매_112,000"
18995609,로지텍 ZONE VIBE 100,"정품_98,000|해외구매_121,700|벌크_96,500","정품_98,000|해외구매_121,700|벌크_96,500","정품_89,000|해외구매_129,430|벌크_96,500","정품_89,000|해외구매_129,430|벌크_96,500","정품_89,000|해외구매_129,430|벌크_96,500","정품_89,000|해외구매_129,430|벌크_96,500","정품_98,990|해외구매_129,430|벌크_96,500","정품_98,990|해외구매_129,430|벌크_96,500","정품_89,000|해외구매_129,430|벌크_96,500","정품_89,000|해외구매_129,430|벌크_96,500"
100270124,리버네트워크 NEXI NX1571 가상 7.1채널 RGB 게이밍 헤드셋,"정품_33,160","정품_33,160","정품_33,160","정품_33,160","정품_33,160","정품_33,160","정품_33,160","정품_33,160","정품_33,160","정품_33,160"
100270256,리버네트워크 NEXI NX1572 가상 7.1채널 RGB 게이밍 헤드셋,"정품_24,600","정품_24,600","정품_24,600","정품_24,600","정품_24,600","정품_24,600","정품_24,600","정품_24,600","정품_24,600","정품_24,600"
11953721,마이크로닉스 MANIC HS-420 가상 7.1채널 게이밍 헤드셋,"28,900","28,900","28,900","28,900","28,900","28,900","28,900","28,900","28,900","28,900"
7334605,마이크로닉스 MANIC HS-510 가상 7.1채널 RGB 게이밍 헤드셋,"38,610","38,610","38,610","38,610","38,610","38,610","35,610","38,610","38,610","38,610"
20780837,마이크로닉스 WIZMAX H300 가상 7.1채널 게이밍 헤드셋,"24,200","24,200","24,200","24,200","24,200","24,200","24,200","24,200","24,200","24,200"
30277664,마이크로닉스 WIZMAX H561 가상 7.1채널 노이즈캔슬링 마이크 헤드셋,"29,000","29,000","29,000","29,000","29,000","29,000","29,000","29,000","29,000","29,000"
18815372,마이크로닉스 WIZMAX W301 7.1채널 RGB 게이밍 헤드셋,"블랙_36,900|화이트_30,600","블랙_36,900|화이트_30,430","블랙_36,900|화이트_30,430","블랙_36,900|화이트_30,430","블랙_36,900|화이트_30,430","블랙_36,900|화이트_30,430","블랙_36,900|화이트_30,430","블랙_36,900|화이트_30,430","블랙_36,900|화이트_30,430","블랙_36,900|화이트_31,570"
90578129,마이크로닉스 WIZMAX W301 7.1채널 aRGB 게이밍 헤드셋,"화이트_32,410","화이트_32,350","화이트_32,440","화이트_32,440","화이트_32,440","화이트_32,440","화이트_32,390","화이트_32,310","화이트_32,440","화이트_32,380"
16261766,마이크로닉스 모프 MH1 7.1채널 RGB 게이밍 헤드셋,"정품_24,000","정품_24,000","정품_24,000","정품_24,000","정품_24,000","정품_24,000","정품_24,000","정품_24,000","정품_24,000","정품_24,000"
16409366,마이크로닉스 모프 MH2 7.1채널 RGB 게이밍 헤드셋,"24,630","24,630","24,630","24,630","24,630","24,630","24,630","24,630","24,630","24,630"
16261583,마이크로닉스 워프 WH1 7.1채널 RGB 게이밍 헤드셋,"46,000","46,000","46,000","46,000","46,000","46,000","46,000","46,000","46,000","46,000"
67693580,몬스타 몬스타기어 가츠 H720 PRO 7.1채널 무선 게이밍 헤드셋,"56,900","56,900","56,900","56,900","56,900","56,900","56,900","56,900","56,900","56,900"
14899862,몬스터 AIRMARS N1 LED 게이밍 헤드셋,"16,800","16,800","16,800","16,800","16,800","16,800","16,800","16,800","16,800","16,800"
14900138,몬스터 AIRMARS N1S LED 7.1 게이밍 헤드셋,"29,230","29,230","29,230","29,230","29,230","29,230","29,230","29,230","29,230","29,230"
14900339,몬스터 AIRMARS N3 RGB 7.1 게이밍 헤드셋,"25,800","25,800","25,800","25,800","25,800","25,800","25,800","25,800","25,800","25,800"
15424946,몬스터 AIRMARS N3S ENC RGB 7.1 게이밍 헤드셋,"31,800","31,800","31,800","31,800","31,800","31,800","31,800","31,800","31,800","31,800"
14900546,몬스터 KNIGHT X300 게이밍 헤드셋,"18,900","18,900","18,900","18,900","18,900","18,900","18,900","18,900","18,900","18,900"
17246810,몬스터 KNIGHT X300P 7.1 게이밍 헤드셋,"22,800","22,800","22,800","22,800","22,800","22,800","22,800","22,800","22,800","22,800"
36307937,뱅앤올룹슨 Beoplay Portal,"Xbox, 해외구매_454,300|PC/PS, 해외구매_549,000","Xbox, 해외구매_454,300|PC/PS, 해외구매_549,000","Xbox, 해외구매_454,300|PC/PS, 해외구매_549,000",0,0,0,0,0,0,0
15239954,베링거 BH470U,"정품_38,990","정품_38,990","정품_38,930","정품_38,870","정품_38,810","정품_38,810","정품_38,990","정품_38,930","정품_38,990","정품_38,990"
15240158,베링거 HPM1100U,"23,080","23,010","22,960","22,890","22,650","22,790","22,740",0,0,0
17591435,베링거 HS10 USB,"정품_20,050|해외구매_45,040","정품_22,970|해외구매_45,040",0,0,0,0,"정품_22,970|해외구매_45,040","정품_23,000|해외구매_45,040",0,0
15194948,베링거 HS20 USB,"정품_21,540","정품_21,770","정품_21,890","정품_21,160","정품_21,140","정품_21,890","정품_21,740","정품_21,450","정품_21,230","정품_21,640"
100269398,벨킨 게이밍 인스파이어 ENA011,"정품_34,900","정품_34,900","정품_34,900","정품_34,900","정품_34,900","정품_34,900","정품_37,100","정품_39,900","정품_39,900","정품_39,900"
2614304,비트 CT-770 PLUS,"9,500","9,500","9,500","9,500","9,500","9,500","9,500","9,500","9,500","9,500"
12980078,사운드트랜드 카시오페이아 딥 보이스 랭귀지 ST-UDY400,0,0,0,0,0,0,0,0,"18,890",0
4124866,산와서플라이 MM-HS515SVN,"정품_28,510","정품_29,430","정품_29,420","정품_29,360","정품_29,300","정품_29,300","정품_29,200","정품_29,160","정품_29,070","정품_29,010"
1739138,삼성전자 SHS-100V/B,"19,080","19,080","19,080","19,080","19,080","19,080","19,080","19,080","19,080","19,080"
1739014,삼성전자 SHS-100V/W,"정품_19,240","정품_19,240","정품_19,240","정품_19,240","정품_19,240","정품_19,240","정품_19,240","정품_19,240","정품_19,240","정품_19,240"
10325283,삼성전자 SHS-150UW,"24,520","24,520","24,520","24,520","24,520","24,520","24,520","24,520","24,520","24,520"
12621179,삼성전자 SHS-300UB,0,"29,500",0,"29,500","29,500","29,500","29,500","29,500",0,0
1879874,상도아이앤티 ANYZONE AH-9000,"블랙_8,890|화이트_8,900","블랙_8,890|화이트_8,900","블랙_8,900|화이트_8,900","블랙_8,890|화이트_8,900","블랙_8,890|화이트_8,900","블랙_8,890|화이트_8,900","블랙_8,890|화이트_8,900","블랙_8,890|화이트_8,900","블랙_8,890|화이트_8,900","블랙_8,890|화이트_8,900"
90437654,상도아이앤티 ANYZONE ANY-H1,"정품_6,700",0,0,"정품_6,700","정품_6,700",0,0,0,0,0
97475795,상도아이앤티 ANYZONE ANY-H3 가상 7.1채널 RGB 게이밍 USB 헤드셋,"정품_39,890","정품_39,890","정품_39,890","정품_39,890","정품_39,890","정품_39,890","정품_39,890","정품_39,890","정품_39,890","정품_39,890"
76555829,샥즈 오픈밋 C610,"정품_247,760","정품_247,800","정품_247,800","정품_247,800","정품_247,800","정품_256,140","정품_247,800","정품_256,100","정품_247,800","정품_247,800"
6700432,소믹 G926 스테레오 게이밍 헤드셋,"벌크_14,500","벌크_14,500","벌크_14,500","벌크_14,500","벌크_14,500","벌크_14,500","벌크_14,500","벌크_14,500","벌크_14,500","벌크_14,500"
7196743,소믹 G938 가상 7.1채널 게이밍헤드셋,"벌크_19,000","벌크_19,000","벌크_19,000","벌크_19,000","벌크_19,000","벌크_19,000","벌크_19,000","벌크_19,000","벌크_19,000","벌크_19,000"
6700603,소믹 G947N 가상 7.1채널 게이밍 헤드셋,"벌크_22,000","벌크_22,000","벌크_22,000","벌크_22,000","벌크_22,000","벌크_22,000","벌크_22,000","벌크_22,000","벌크_22,000","벌크_22,000"
6732415,소믹 W263 USB 스테레오 게이밍 헤드셋,"벌크_17,000","벌크_17,000","벌크_17,000","벌크_17,000","벌크_17,000","벌크_17,000","벌크_17,000","벌크_17,000","벌크_17,000","벌크_17,000"
4847848,소믹테크놀러지 시베리아 V10 진동게이밍 헤드셋,"14,500","14,500","14,500","14,500","14,500","14,500","14,500","14,500","14,500","14,500"
21509945,스틸시리즈 Arctis 1 Wireless,0,0,0,0,0,0,0,"정품_99,000","정품_99,000","정품_99,000"
13613987,스틸시리즈 Arctis 1 X,"정품_79,000","정품_79,000","정품_79,000","정품_79,000","정품_79,000","정품_79,000","정품_79,000",0,0,0
78848129,스틸시리즈 Arctis 7X+ Wireless,"정품_125,800","정품_125,800","정품_125,800","정품_125,800","정품_125,800","정품_148,000",0,"정품_148,000","정품_148,000","정품_148,000"
17778728,스틸시리즈 Arctis Nova 1,"정품_74,800|해외구매_86,400","정품_74,800|해외구매_86,400","정품_74,800|해외구매_86,400","정품_74,800|해외구매_86,400","정품_74,800|해외구매_86,400","정품_79,900|해외구매_86,400","정품_79,900|해외구매_86,400","정품_79,900|해외구매_86,400","정품_79,900|해외구매_86,400","정품_79,900|해외구매_86,400"
17778887,스틸시리즈 Arctis Nova 3,"정품_139,000|해외구매_150,840","정품_139,000|해외구매_150,840","정품_139,000|해외구매_150,840","정품_139,000|해외구매_150,840","정품_139,000|해외구매_150,840","정품_139,000|해외구매_150,840","정품_139,000|해외구매_150,840","정품_139,000|해외구매_150,840","정품_139,000|해외구매_150,840","정품_139,000|해외구매_150,840"
92149388,스틸시리즈 Arctis Nova 3P,"블랙_149,000|화이트_138,570|아쿠아_149,000|라벤더_149,000","블랙_149,000|화이트_138,570|아쿠아_149,000|라벤더_149,000","블랙_149,000|화이트_138,570|아쿠아_149,000|라벤더_149,000","블랙_149,000|화이트_138,570|아쿠아_149,000|라벤더_149,000","블랙_149,000|화이트_138,570|아쿠아_149,000|라벤더_149,000","블랙_149,000|화이트_149,000|아쿠아_149,000|라벤더_149,000","블랙_118,000|화이트_149,000|아쿠아_149,000|라벤더_149,000","블랙_118,000|화이트_149,000|아쿠아_149,000|라벤더_149,000","블랙_118,000|화이트_149,000|아쿠아_149,000|라벤더_149,000","블랙_118,000|화이트_149,000|아쿠아_149,000|라벤더_149,000"
92149484,스틸시리즈 Arctis Nova 3X,"블랙_118,150|화이트_118,150|아쿠아_118,150|라벤더_118,150","블랙_118,150|화이트_118,150|아쿠아_118,150|라벤더_118,150","블랙_118,150|화이트_118,150|아쿠아_118,150|라벤더_118,150","블랙_118,150|화이트_118,150|아쿠아_118,150|라벤더_118,150","블랙_118,000|화이트_118,150|아쿠아_118,150|라벤더_118,150","블랙_118,000|화이트_139,000|아쿠아_139,000|라벤더_139,000","블랙_139,000|화이트_139,000|아쿠아_139,000|라벤더_139,000","블랙_139,000|화이트_139,000|아쿠아_139,000|라벤더_139,000","블랙_139,000|화이트_139,000|아쿠아_139,000|라벤더_139,000","블랙_139,000|화이트_139,000|아쿠아_139,000|라벤더_139,000"
53779892,스틸시리즈 Arctis Nova 5 Wireless,"블랙, 정품_169,150|블랙, 병행수입_199,000|화이트, 정품_169,150|블랙, 해외구매_169,150|화이트, 해외구매_175,560","블랙, 정품_169,150|블랙, 병행수입_199,000|화이트, 정품_169,150|블랙, 해외구매_169,150|화이트, 해외구매_175,560","블랙, 정품_169,150|블랙, 병행수입_199,000|화이트, 정품_169,150|블랙, 해외구매_169,150|화이트, 해외구매_175,570","블랙, 정품_169,150|블랙, 병행수입_199,000|화이트, 정품_169,150|블랙, 해외구매_169,150|화이트, 해외구매_175,570","블랙, 정품_169,150|블랙, 병행수입_199,000|화이트, 정품_169,150|블랙, 해외구매_169,150|화이트, 해외구매_175,570","블랙, 정품_182,000|블랙, 병행수입_199,000|화이트, 정품_182,000|블랙, 해외구매_199,000|화이트, 해외구매_175,570","블랙, 정품_182,000|블랙, 병행수입_199,000|화이트, 정품_182,000|블랙, 해외구매_199,000|화이트, 해외구매_175,570","블랙, 정품_182,000|블랙, 병행수입_199,000|화이트, 정품_182,000|블랙, 해외구매_199,000|화이트, 해외구매_175,570","블랙, 정품_182,000|블랙, 병행수입_199,000|화이트, 정품_182,000|블랙, 해외구매_199,000|화이트, 해외구매_175,570","블랙, 정품_182,000|블랙, 병행수입_199,000|화이트, 정품_182,000|블랙, 해외구매_199,000|화이트, 해외구매_175,570"
53779922,스틸시리즈 Arctis Nova 5P Wireless,"블랙, 정품_169,150|화이트, 정품_169,150|블랙, 해외구매_213,490|화이트, 해외구매_226,650","블랙, 정품_169,150|화이트, 정품_169,150|블랙, 해외구매_213,490|화이트, 해외구매_226,650","블랙, 정품_169,150|화이트, 정품_169,150|블랙, 해외구매_213,480|화이트, 해외구매_225,850","블랙, 정품_169,150|화이트, 정품_169,150|블랙, 해외구매_213,480|화이트, 해외구매_225,850","블랙, 정품_169,150|화이트, 정품_169,150|블랙, 해외구매_213,470|화이트, 해외구매_225,840","블랙, 정품_182,000|화이트, 정품_182,000|블랙, 해외구매_213,470|화이트, 해외구매_225,840","블랙, 정품_182,000|화이트, 정품_182,000|블랙, 해외구매_213,460|화이트, 해외구매_224,930","블랙, 정품_182,000|화이트, 정품_182,000|블랙, 해외구매_213,460|화이트, 해외구매_224,930","블랙, 정품_182,000|화이트, 정품_182,000|블랙, 해외구매_213,450|화이트, 해외구매_224,930","블랙, 정품_182,000|화이트, 정품_182,000|블랙, 해외구매_213,440|화이트, 해외구매_224,930"
56064077,스틸시리즈 Arctis Nova 5X Wireless,"블랙, 정품_199,000|화이트, 정품_199,000|블랙, 해외구매_184,690|화이트, 해외구매_258,900","블랙, 정품_199,000|화이트, 정품_199,000|블랙, 해외구매_184,690|화이트, 해외구매_258,900","블랙, 정품_199,000|화이트, 정품_199,000|블랙, 해외구매_184,690|화이트, 해외구매_258,900","블랙, 정품_199,000|화이트, 정품_199,000|블랙, 해외구매_184,690|화이트, 해외구매_312,200","블랙, 정품_182,000|화이트, 정품_182,000|블랙, 해외구매_184,690|화이트, 해외구매_312,200","블랙, 정품_182,000|화이트, 정품_182,000|블랙, 해외구매_184,690|화이트, 해외구매_312,200","블랙, 정품_182,000|화이트, 정품_182,000|블랙, 해외구매_184,690|화이트, 해외구매_312,200","블랙, 정품_182,000|화이트, 정품_182,000|블랙, 해외구매_184,690|화이트, 해외구매_312,200","블랙, 정품_182,000|화이트, 정품_182,000|블랙, 해외구매_184,690|화이트, 해외구매_312,200","블랙, 정품_182,000|화이트, 정품_182,000|블랙, 해외구매_184,690|화이트, 해외구매_312,200"
102002228,스틸시리즈 Arctis Nova 7 Gen2,"블랙, 정품_245,650|화이트, 정품_245,650|마젠다, 정품_245,650|해외구매_330,550|","블랙, 정품_245,650|화이트, 정품_245,650|마젠다, 정품_245,650|해외구매_330,480|","블랙, 정품_245,650|화이트, 정품_245,650|마젠다, 정품_245,650|해외구매_330,430|","블랙, 정품_245,650|화이트, 정품_245,650|마젠다, 정품_245,650|해외구매_328,460|","블랙, 정품_245,650|화이트, 정품_245,650|마젠다, 정품_245,650|해외구매_328,390|","블랙, 정품_255,650|화이트, 정품_258,000|마젠다, 정품_258,000|해외구매_328,380|","블랙, 정품_258,000|화이트, 정품_258,000|마젠다, 정품_258,000|해외구매_328,300|","블랙, 정품_258,000|화이트, 정품_258,000|마젠다, 정품_258,000|해외구매_328,210|","블랙, 정품_258,000|화이트, 정품_258,000|마젠다, 정품_258,000|해외구매_328,170|","블랙, 정품_258,000|화이트, 정품_258,000|마젠다, 정품_258,000|해외구매_328,160|"
102001811,스틸시리즈 Arctis Nova 7 Gen2,"블랙, 정품_245,650|화이트, 정품_245,650|마젠다, 정품_245,650|해외구매_330,550|","블랙, 정품_245,650|화이트, 정품_245,650|마젠다, 정품_245,650|해외구매_330,480|","블랙, 정품_245,650|화이트, 정품_245,650|마젠다, 정품_245,650|해외구매_330,430|","블랙, 정품_245,650|화이트, 정품_245,650|마젠다, 정품_245,650|해외구매_328,460|","블랙, 정품_245,650|화이트, 정품_245,650|마젠다, 정품_245,650|해외구매_328,390|","블랙, 정품_255,650|화이트, 정품_258,000|마젠다, 정품_258,000|해외구매_328,380|","블랙, 정품_258,000|화이트, 정품_258,000|마젠다, 정품_258,000|해외구매_328,300|","블랙, 정품_258,000|화이트, 정품_258,000|마젠다, 정품_258,000|해외구매_328,210|","블랙, 정품_258,000|화이트, 정품_258,000|마젠다, 정품_258,000|해외구매_328,170|","블랙, 정품_258,000|화이트, 정품_258,000|마젠다, 정품_258,000|해외구매_328,160|"
17779196,스틸시리즈 Arctis Nova 7 Wireless,"정품_279,000|해외구매_218,450","정품_279,000|해외구매_218,450","정품_279,000|해외구매_218,450","정품_279,000|해외구매_218,450","정품_279,000|해외구매_218,450","정품_279,000|해외구매_218,450","정품_279,000|해외구매_218,450","정품_279,000|해외구매_218,450","정품_279,000|해외구매_218,450","정품_279,000|해외구매_218,440"
102412001,스틸시리즈 Arctis Nova 7P Gen2,"블랙, 정품_245,650|화이트, 정품_245,650|마젠타, 정품_245,650","블랙, 정품_245,650|화이트, 정품_245,650|마젠타, 정품_245,650","블랙, 정품_245,650|화이트, 정품_245,650|마젠타, 정품_245,650","블랙, 정품_245,650|화이트, 정품_245,650|마젠타, 정품_245,650","블랙, 정품_245,650|화이트, 정품_245,650|마젠타, 정품_245,650","블랙, 정품_258,000|화이트, 정품_258,000|마젠타, 정품_258,000","블랙, 정품_258,000|화이트, 정품_258,000|마젠타, 정품_258,000","블랙, 정품_258,000|화이트, 정품_258,000|마젠타, 정품_258,000","블랙, 정품_258,000|화이트, 정품_258,000|마젠타, 정품_258,000","블랙, 정품_258,000|화이트, 정품_258,000|마젠타, 정품_258,000"
102489245,스틸시리즈 Arctis Nova 7P Gen2,"블랙, 정품_245,650|화이트, 정품_245,650|마젠타, 정품_245,650","블랙, 정품_245,650|화이트, 정품_245,650|마젠타, 정품_245,650","블랙, 정품_245,650|화이트, 정품_245,650|마젠타, 정품_245,650","블랙, 정품_245,650|화이트, 정품_245,650|마젠타, 정품_245,650","블랙, 정품_245,650|화이트, 정품_245,650|마젠타, 정품_245,650","블랙, 정품_258,000|화이트, 정품_258,000|마젠타, 정품_258,000","블랙, 정품_258,000|화이트, 정품_258,000|마젠타, 정품_258,000","블랙, 정품_258,000|화이트, 정품_258,000|마젠타, 정품_258,000","블랙, 정품_258,000|화이트, 정품_258,000|마젠타, 정품_258,000","블랙, 정품_258,000|화이트, 정품_258,000|마젠타, 정품_258,000"
17969351,스틸시리즈 Arctis Nova 7P Wireless,"블랙, 정품_298,990|화이트, 정품_251,100|해외구매_239,790|블랙, 벌크_171,440","블랙, 정품_298,990|화이트, 정품_251,100|해외구매_239,790|블랙, 벌크_184,900","블랙, 정품_298,990|화이트, 정품_251,100|해외구매_239,790|블랙, 벌크_184,900","블랙, 정품_298,990|화이트, 정품_251,100|해외구매_239,790|블랙, 벌크_184,900","블랙, 정품_298,990|화이트, 정품_251,100|해외구매_239,790|블랙, 벌크_184,900","블랙, 정품_298,990|화이트, 정품_251,100|해외구매_239,790|블랙, 벌크_184,900","블랙, 정품_298,990|화이트, 정품_251,100|해외구매_239,790|블랙, 벌크_184,900","블랙, 정품_298,990|화이트, 정품_251,100|해외구매_239,790|블랙, 벌크_184,900","블랙, 정품_298,990|화이트, 정품_251,100|해외구매_239,790|블랙, 벌크_184,900","블랙, 정품_298,990|화이트, 정품_251,100|해외구매_239,790|블랙, 벌크_184,900"
102002618,스틸시리즈 Arctis Nova 7X Gen2,"마젠타, 정품_299,000|블랙, 정품_299,000|화이트, 정품_299,000","마젠타, 정품_299,000|블랙, 정품_299,000|화이트, 정품_299,000","마젠타, 정품_299,000|블랙, 정품_299,000|화이트, 정품_299,000","마젠타, 정품_299,000|블랙, 정품_299,000|화이트, 정품_299,000","마젠타, 정품_258,000|블랙, 정품_299,000|화이트, 정품_258,000","마젠타, 정품_258,000|블랙, 정품_299,000|화이트, 정품_258,000","마젠타, 정품_258,000|블랙, 정품_258,000|화이트, 정품_258,000","마젠타, 정품_258,000|블랙, 정품_258,000|화이트, 정품_258,000","마젠타, 정품_258,000|블랙, 정품_258,000|화이트, 정품_258,000","마젠타, 정품_258,000|블랙, 정품_258,000|화이트, 정품_258,000"
17969705,스틸시리즈 Arctis Nova 7X Wireless,"블랙, 정품_279,000|화이트, 정품_303,450|블랙, 해외구매_210,900|화이트, 해외구매_231,990|블랙, 벌크_259,470","블랙, 정품_279,000|화이트, 정품_303,450|블랙, 해외구매_210,900|화이트, 해외구매_231,990|블랙, 벌크_259,470","블랙, 정품_279,000|화이트, 정품_303,450|블랙, 해외구매_210,900|화이트, 해외구매_231,990|블랙, 벌크_259,470","블랙, 정품_279,000|화이트, 정품_303,450|블랙, 해외구매_210,900|화이트, 해외구매_231,990|블랙, 벌크_259,470","블랙, 정품_279,000|화이트, 정품_303,450|블랙, 해외구매_210,900|화이트, 해외구매_231,990|블랙, 벌크_259,470","블랙, 정품_279,000|화이트, 정품_303,450|블랙, 해외구매_210,900|화이트, 해외구매_231,990|블랙, 벌크_259,470","블랙, 정품_279,000|화이트, 정품_303,450|블랙, 해외구매_210,900|화이트, 해외구매_231,990|블랙, 벌크_259,470","블랙, 정품_279,000|화이트, 정품_303,450|블랙, 해외구매_210,900|화이트, 해외구매_231,990|블랙, 벌크_259,470","블랙, 정품_279,000|화이트, 정품_303,450|블랙, 해외구매_210,900|화이트, 해외구매_231,990|블랙, 벌크_259,470","블랙, 정품_279,000|화이트, 정품_303,450|블랙, 해외구매_210,900|화이트, 해외구매_231,990|블랙, 벌크_259,470"
99746957,스틸시리즈 Arctis Nova Elite,"블랙, 정품_891,380|세이지골드, 정품_891,380|해외구매_859,370","블랙, 정품_891,380|세이지골드, 정품_891,380|해외구매_865,430","블랙, 정품_891,380|세이지골드, 정품_891,380|해외구매_959,760","블랙, 정품_891,380|세이지골드, 정품_891,380|해외구매_943,980","블랙, 정품_891,380|세이지골드, 정품_891,380|해외구매_943,970","블랙, 정품_932,690|세이지골드, 정품_1,048,690|해외구매_887,610","블랙, 정품_1,048,690|세이지골드, 정품_1,048,690|해외구매_887,610","블랙, 정품_1,048,690|세이지골드, 정품_1,048,690|해외구매_860,980","블랙, 정품_1,048,690|세이지골드, 정품_1,048,690|해외구매_860,980","블랙, 정품_1,048,690|세이지골드, 정품_1,048,690|해외구매_860,980"
17970365,스틸시리즈 Arctis Nova PRO X,"정품_352,470|해외구매_284,830|벌크_166,250","정품_352,470|해외구매_284,830|벌크_166,250","정품_352,470|해외구매_284,830|벌크_166,250","정품_352,470|해외구매_284,830|벌크_166,250","정품_352,470|해외구매_284,830|벌크_166,210","정품_360,050|해외구매_284,830|벌크_166,250","정품_360,050|해외구매_284,830|벌크_166,250","정품_356,260|해외구매_284,830|벌크_164,500","정품_352,470|해외구매_284,830|벌크_159,690","정품_352,470|해외구매_284,830|벌크_159,690"
17253272,스틸시리즈 Arctis Nova Pro,"정품_327,900|해외구매_279,440|벌크_153,850","정품_327,900|해외구매_279,440|벌크_153,850","정품_327,900|해외구매_279,440|벌크_153,850","정품_327,900|해외구매_279,440|벌크_153,850","정품_327,900|해외구매_279,440|벌크_153,810","정품_327,900|해외구매_279,440|벌크_153,850","정품_327,900|해외구매_279,440|벌크_153,850","정품_327,900|해외구매_279,440|벌크_152,230","정품_327,900|해외구매_279,440|벌크_150,610","정품_327,900|해외구매_279,440|벌크_150,610"
122703898,스틸시리즈 Arctis Nova Pro Omni,"블랙_629,000||미드나잇블루_665,120","블랙_629,000||미드나잇블루_665,120","블랙_629,000||미드나잇블루_665,120","블랙_629,000||미드나잇블루_665,120","블랙_629,000||미드나잇블루_659,000","블랙_629,000||미드나잇블루_659,000","블랙_629,000||미드나잇블루_679,000","블랙_629,000||미드나잇블루_679,000","블랙_629,000||미드나잇블루_679,000","블랙_629,000||미드나잇블루_679,000"
122653475,스틸시리즈 Arctis Nova Pro Omni,"블랙_629,000||","블랙_629,000||","블랙_629,000||","블랙_629,000||","블랙_629,000||","블랙_629,000||","블랙_629,000||","블랙_629,000||","블랙_629,000||","블랙_629,000||"
17655659,스틸시리즈 Arctis Nova Pro Wireless,"블랙, 정품_364,650|화이트, 정품_373,150|블랙, 해외구매_526,830|화이트, 해외구매_456,320|벌크_327,290","블랙, 정품_364,650|화이트, 정품_373,150|블랙, 해외구매_529,900|화이트, 해외구매_454,180|벌크_327,290","블랙, 정품_364,650|화이트, 정품_373,150|블랙, 해외구매_526,830|화이트, 해외구매_454,180|벌크_327,290","블랙, 정품_364,650|화이트, 정품_373,150|블랙, 해외구매_518,030|화이트, 해외구매_454,180|벌크_327,290","블랙, 정품_364,650|화이트, 정품_373,150|블랙, 해외구매_518,030|화이트, 해외구매_463,600|벌크_327,250","블랙, 정품_399,000|화이트, 정품_399,000|블랙, 해외구매_522,200|화이트, 해외구매_451,490|벌크_327,290","블랙, 정품_399,000|화이트, 정품_399,000|블랙, 해외구매_518,030|화이트, 해외구매_443,500|벌크_327,290","블랙, 정품_399,000|화이트, 정품_399,000|블랙, 해외구매_510,500|화이트, 해외구매_440,340|벌크_327,290","블랙, 정품_399,000|화이트, 정품_399,000|블랙, 해외구매_510,500|화이트, 해외구매_440,340|벌크_327,290","블랙, 정품_399,000|화이트, 정품_399,000|블랙, 해외구매_504,000|화이트, 해외구매_438,610|벌크_327,290"
17254118,스틸시리즈 Arctis Nova Pro Wireless X,"블랙, 정품_464,070|화이트, 정품_464,070|블랙, 해외구매_440,010|화이트, 해외구매_782,200","블랙, 정품_464,070|화이트, 정품_464,070|블랙, 해외구매_440,010|화이트, 해외구매_782,200","블랙, 정품_464,070|화이트, 정품_464,070|블랙, 해외구매_440,010|화이트, 해외구매_782,200","블랙, 정품_464,070|화이트, 정품_464,070|블랙, 해외구매_440,010|화이트, 해외구매_782,200","블랙, 정품_464,070|화이트, 정품_464,070|블랙, 해외구매_440,010|화이트, 해외구매_782,200","블랙, 정품_499,000|화이트, 정품_498,990|블랙, 해외구매_440,010|화이트, 해외구매_782,200","블랙, 정품_499,000|화이트, 정품_474,050|블랙, 해외구매_440,010|화이트, 해외구매_782,200","블랙, 정품_499,000|화이트, 정품_474,050|블랙, 해외구매_440,010|화이트, 해외구매_782,200","블랙, 정품_499,000|화이트, 정품_474,050|블랙, 해외구매_440,010|화이트, 해외구매_782,200","블랙, 정품_499,000|화이트, 정품_474,050|블랙, 해외구매_440,010|화이트, 해외구매_782,200"
107760155,아이리버 AirSet Flow 1.0 7.1 채널 게이밍 헤드셋,"정품, 베이지_34,800|정품, 블랙_34,800","정품, 베이지_34,800|정품, 블랙_34,800","정품, 베이지_34,800|정품, 블랙_34,800","정품, 베이지_34,800|정품, 블랙_34,800","정품, 베이지_34,800|정품, 블랙_34,800","정품, 베이지_34,800|정품, 블랙_34,800","정품, 베이지_34,800|정품, 블랙_34,800","정품, 베이지_34,800|정품, 블랙_34,800","정품, 베이지_34,800|정품, 블랙_34,800","정품, 베이지_34,800|정품, 블랙_34,800"
32464292,아이리버 Aurora GH3 ENC 가상 7.1채널 RGB 노이즈캔슬링 마이크 게이밍 헤드셋,"정품_37,480","정품_37,480","정품_37,480","정품_37,480","정품_37,490","정품_37,490","정품_37,490","정품_37,490","정품_37,490","정품_37,490"
68440790,아이리버 Aurora GH6 가상 7.1채널 게이밍 헤드셋,"블랙_33,000|화이트_33,000","블랙_33,000|화이트_33,000","블랙_33,000|화이트_33,000","블랙_33,000|화이트_33,000","블랙_33,000|화이트_33,000","블랙_33,000|화이트_33,000","블랙_33,000|화이트_33,000","블랙_33,000|화이트_33,000","블랙_33,000|화이트_33,000","블랙_33,000|화이트_33,000"
28780523,아이리버 BS-101U,"42,660","42,660","42,900","42,900","42,900",0,0,0,0,0
28780457,아이리버 BS-103U,"53,110","53,110","53,110","53,110","53,110","53,900","53,110","52,550",0,0
28837079,아이리버 EQWEAR-G30H Mirror LED ENC 가상 7.1채널 USB 헤드셋,"34,800","34,800","34,800","34,800","34,800","34,800","34,800","34,800","34,800","34,800"
18195275,아이리버 EQwear-G10H USB 게이밍 헤드셋,0,0,0,"정품_24,500","정품_24,500","정품_24,500","정품_24,500","정품_24,500","정품_24,500","정품_24,500"
29979062,아이리버 EQwear-G7H 노이즈캔슬링 마이크 게이밍 헤드셋,"블랙_23,900|핑크_23,900|화이트_23,580","블랙_23,900|핑크_23,900|화이트_23,580","블랙_23,900|핑크_23,900|화이트_23,580","블랙_23,900|핑크_23,900|화이트_23,580","블랙_23,900|핑크_23,900|화이트_23,580","블랙_23,900|핑크_23,900|화이트_23,580","블랙_23,900|핑크_23,900|화이트_23,580","블랙_23,900|핑크_23,900|화이트_23,580","블랙_23,420|핑크_23,900|화이트_23,420","블랙_23,420|핑크_23,420|화이트_23,420"
21634754,아이리버 EQwear-H10V LT,0,"블랙_23,900|화이트_23,900",0,"블랙_23,900|화이트_23,900","블랙_23,900|화이트_23,900","블랙_23,900|화이트_23,900","블랙_23,900|화이트_23,900","블랙_23,900|화이트_23,900","블랙_23,900|화이트_23,900","블랙_23,900|화이트_23,900"
14128799,아이리버 IBH-10C,"24,900","24,900","24,900","24,900","24,900","24,900","24,900","24,900","24,900","24,900"
15315194,아이리버 IGH-A20 7.1채널 RGB 게이밍 헤드셋,"39,000","39,000","39,000","39,000","39,000","39,000","39,000","39,000","39,000","39,000"
15317300,아이리버 IGH-A60 7.1채널 RGB 게이밍 헤드셋,"49,000","49,000","49,000","49,000","49,000","49,000","49,000","49,000","49,000","49,000"
70255370,아이리버 IGH-W5000C,"24,670","24,670","24,890","24,890","24,890","24,890","24,890","24,890","24,890","24,890"
98766065,아이리버 IGH-W6000C,"블랙_24,890|화이트_24,890","블랙_24,890|화이트_24,890","블랙_24,890|화이트_24,890","블랙_24,890|화이트_24,890","블랙_24,890|화이트_24,890","블랙_24,890|화이트_24,890","블랙_24,890|화이트_24,890","블랙_24,890|화이트_24,890","블랙_24,890|화이트_24,410","블랙_24,890|화이트_24,410"
78389933,아이리버 IGH-W6000C,0,0,0,0,0,0,"블랙_24,890|화이트_24,890",0,"블랙_24,890|화이트_24,410",0
5686504,아이리버 IR-H30V CLEARCHAT,"19,900","19,900","19,900","19,900","19,900","19,900","19,900","19,900","19,900","19,900"
67621694,아이리버 가상7.1채널 유무선 게이밍 헤드셋 LightFit WGH3,"정품_58,410","정품_58,410","정품_58,410","정품_58,410","정품_58,410","정품_58,410","정품_58,410","정품_58,410","정품_58,410","정품_58,410"
41615513,아이리버 어쌤블 WGH5 노이즈캔슬링 가상 7.1채널 무선 게이밍 헤드셋,"69,000","69,000","69,000","69,000","69,000","69,000","69,000","69,000","69,000","69,000"
4611076,아이온코리아 BOOMTZ BOSS-U10,"20,600","20,600","20,600","20,600","20,600","20,600","20,600","20,600","20,600","20,600"
2587021,아이온코리아 BOSSWIZ BOSS-G2,"12,090","12,030","12,020","12,140","12,090","12,030","12,020","12,140","12,090","12,030"
3755229,아이온코리아 BOSSWIZ BOSS-X5,"15,400","15,400","15,400","15,400","15,400","15,400","15,400","15,400","15,400","15,400"
15729971,알텍랜싱 ALGH9604 가상 7.1채널 게이밍 헤드셋,"25,800","25,800","25,800","25,800","25,800","25,800","25,800","25,800","25,800","25,800"
4272894,알티텔레콤 RTH-350G,"20,900","20,900","20,900","20,900","20,900","20,900","20,900","20,900","20,900","20,900"
35232479,알파스캔 AOC GH300 7.1채널 RGB 게이밍 헤드셋,"31,000","31,000","31,000","31,000","31,000","31,000","31,000","31,000","31,000","31,000"
15346391,앱코 ABKONCORE CH713M ENC 가상 7.1 LED 진동 3D 멀티 플랫폼 게이밍 헤드셋,"19,000","19,000","19,000","19,000","19,000","19,000","19,000","19,000","19,000","19,000"
71069015,앱코 AX-3 PLUS 가상 7.1채널 RGB 게이밍 헤드셋,"33,000","33,000","33,000","33,000","33,000","33,000","33,000","33,000","33,000","33,000"
14268485,앱코 B772 고양이 귀 가상 7.1 채널 진동 게이밍 헤드셋 B772,"65,900","65,900","65,900","65,900","65,900","65,900","65,900","65,900","65,900","65,900"
35233160,앱코 EH140 초경량 스테레오 헤드셋,"블랙_10,900|화이트_10,900","블랙_10,900|화이트_10,900","블랙_10,900|화이트_10,900","블랙_10,900|화이트_10,900","블랙_10,900|화이트_10,900","블랙_10,900|화이트_10,900","블랙_10,900|화이트_10,900","블랙_10,900|화이트_10,900","블랙_10,900|화이트_10,900","블랙_10,900|화이트_10,900"
13235837,앱코 EH450,"22,000","22,000","22,000","22,000","22,000","22,000","22,000","22,000","22,000","22,000"
14669576,앱코 EH500 USB 헤드셋,"28,000","28,000","28,000","28,000","28,000","28,000","28,000","28,000","28,000","28,000"
71282117,앱코 G600 가상 7.1 RGB 게이밍 헤드셋,"29,900","29,900","29,900","29,900","29,900","29,900","29,900","29,900","29,900","29,900"
122708796,앱코 H58 가상 7.1 RGB ENC MIC 게이밍 헤드셋,"블랙, 정품_18,900|","블랙, 정품_18,900|","블랙, 정품_18,900|","블랙, 정품_18,900|","블랙, 정품_18,900|","블랙, 정품_18,900|","블랙, 정품_18,900|","블랙, 정품_18,900|","블랙, 정품_18,900|","블랙, 정품_18,900|"
5279043,앱코 HACKER B90,"9,500","9,500","9,500","9,500","9,500","9,500","9,500","9,500","9,500","9,500"
6173775,앱코 HACKER B900U PLUS 음성변조 가상 7.1채널 RGB,"374,400","374,400","374,400","374,400","374,400","374,400","374,400","374,400","374,400","374,400"
6804031,앱코 HACKER N550 ENC 가상 7.1채널 RGB 게이밍 헤드셋,"37,000","37,000","37,000","37,000","37,000","37,000","37,000","37,000","37,000","37,000"
2431932,앱코 HS80,"정품_17,400","정품_17,400","정품_17,400","정품_17,400","정품_17,400","정품_17,400","정품_17,400","정품_17,400","정품_17,400","정품_17,400"
76333370,앱코 MR300 무선 3모드 게이밍 헤드셋,"정품_36,180","정품_36,180","정품_36,170","정품_44,990","정품_44,990","정품_44,990","정품_44,990","정품_44,990","정품_44,990","정품_44,990"
8579138,앱코 MR500 무선 가상 7.1채널 게이밍 헤드셋,"153,700","153,700","153,700","153,700","153,700","153,700","153,700","153,700","153,700","153,700"
77020307,앱코 MR550 무선 VIRTUAL 7.1 3MODE 게이밍 헤드셋,"정품_49,000","정품_49,000","정품_49,000","정품_49,000","정품_49,000","정품_49,000","정품_49,000","정품_49,000","정품_49,000","정품_49,000"
29978657,앱코 MR600 무선 가상 7.1 3-MODE 게이밍 헤드셋,"정품_66,900","정품_66,900","정품_66,900","정품_66,900","정품_66,900","정품_66,900","정품_66,900","정품_66,900","정품_66,900","정품_66,900"
124289843,앱코 MR600W,"블랙, 정품_37,000|화이트, 정품_37,000","블랙, 정품_37,000|화이트, 정품_37,000","블랙, 정품_37,000|화이트, 정품_37,000","블랙, 정품_37,000|화이트, 정품_37,000","블랙, 정품_37,000|화이트, 정품_37,000","블랙, 정품_37,000|화이트, 정품_37,000","블랙, 정품_34,200|화이트, 정품_34,200","블랙, 정품_37,000|화이트, 정품_37,000","블랙, 정품_37,000|화이트, 정품_37,000","블랙, 정품_37,000|화이트, 정품_37,000"
76790450,앱코 MR700 3모드 무선 게이밍 헤드셋,"정품_25,900","정품_25,900","정품_25,900","정품_25,900","정품_25,900","정품_25,900","정품_25,900","정품_25,900","정품_25,900","정품_25,900"
17518658,앱코 N300 가상 7.1 ENC 게이밍 헤드셋,"149,600","149,600","149,600","149,600","149,600","149,600","149,600","149,600","149,600","149,600"
17429624,앱코 N310 가상 7.1 RGB 게이밍 헤드셋,"19,000","19,000","19,000","19,000","19,000","19,000","19,000","19,000","19,000","19,000"
17392076,앱코 N440 가상 7.1 RGB 밴드라이팅 헤드셋,"29,650","29,650","29,650","29,650","29,650","29,650","29,650","29,650","29,650","29,650"
14694722,앱코 N460 가상 7.1 ENC 초경량 RGB 게이밍 헤드셋,"22,900","22,900","22,900","22,900","22,900","22,900","22,900","22,900","22,900","22,900"
14522765,앱코 N500 가상 7.1 ENC 초경량 RGB 게이밍 헤드셋,"27,500","27,500","27,500","27,500","27,500","27,500","27,500","27,500","27,500","27,500"
12278933,앱코 N700 가상 7.1채널 RGB 게이밍 헤드셋,"157,560","157,560","157,560","157,560","157,560","157,560","157,560","157,560","157,560","157,560"
15923834,앱코 N800 LITE 게이밍 헤드셋,"53,460","53,460","53,460","53,460","53,460","53,460","53,460","53,460","53,460","53,460"
13179062,앱코 N800 가상 7.1 진동 게이밍 헤드셋,"블랙_36,500|핑크_34,200|블루민트_37,000|라일락_34,770","블랙_36,500|핑크_34,200|블루민트_37,000|라일락_34,770","블랙_36,500|핑크_34,200|블루민트_37,000|라일락_34,770","블랙_36,500|핑크_34,200|블루민트_37,000|라일락_34,770","블랙_36,500|핑크_34,200|블루민트_37,000|라일락_34,770","블랙_36,500|핑크_34,200|블루민트_37,000|라일락_34,770","블랙_36,500|핑크_34,200|블루민트_37,000|라일락_34,770","블랙_36,500|핑크_36,500|블루민트_37,000|라일락_37,000","블랙_36,500|핑크_36,500|블루민트_37,000|라일락_37,000","블랙_36,500|핑크_36,500|블루민트_37,000|라일락_37,000"
72065495,앱코 N900 가상 7.1 ENC RGB 진동 마그네틱 이어컵 게이밍 헤드셋,"45,900","45,900","45,900","45,900","45,900","45,900","45,900","45,900","45,900","45,900"
56141897,앱코 N980 진동 가상 7.1 RGB 게이밍 헤드셋,"37,000","37,000","37,000","37,000","37,000","37,000","37,000","37,000","37,000","37,000"
86973179,앱코 N999 미러링 가상 7.1 진동 마그네틱 이어컵 게이밍 헤드셋,"정품_43,000","정품_43,000","정품_43,000","정품_43,000","정품_43,000","정품_43,000","정품_47,900","정품_47,900","정품_47,900","정품_47,900"
123031578,앱코 X23 노이즈캔슬링 RGB LED 초경량 USB 게이밍 헤드셋,"블랙, 정품_19,900|","블랙, 정품_19,900|","블랙, 정품_19,900|","블랙, 정품_19,900|","블랙, 정품_19,900|","블랙, 정품_19,900|","블랙, 정품_19,900|","블랙, 정품_19,900|","블랙, 정품_19,900|","블랙, 정품_19,900|"
94449278,에듀플레이어 ECH25 Pro,0,0,"정품_54,800","정품_54,800",0,0,0,0,0,"정품_54,800"
3445747,에이데이타코리아 DDZONE DH-1200,"5,490","5,490","5,490","5,490","5,490","5,490","5,490","5,490","5,490","5,490"
109595867,에이데이타코리아 DDZONE DHP-350 C타입,"10,330","10,330","10,330","10,330","10,330","10,330","10,330","10,330","10,330","10,330"
12620894,에이데이타코리아 SEEPAK SEEH-100,"5,210","5,210","5,210","5,210","5,210","5,210","5,210","5,210","5,210","5,210"
14917658,엠지텍 PENTA X11 가상 7.1채널 무선 게이밍 헤드셋,"148,890","148,890","148,890","148,890","148,890","148,890","148,890","148,890","148,890","148,890"
72304427,엠지텍 PENTA X12,"158,990",0,0,0,0,"158,990","158,990",0,0,0
8833268,엠지텍 PENTA X9,"122,830","121,550","121,550","121,550","121,550","121,550","121,540","121,540","121,540","121,540"
5351841,엠지텍 무선 PENTA X5 가상 7.1채널,"69,890","69,890","69,890","69,890","69,890","69,890","69,890","69,890","69,890","69,890"
15955814,오디오테크니카 ATH-101USB,"34,900","34,900","34,900","34,900","34,900",0,0,0,0,0
15953840,오디오테크니카 ATH-102USB,"정품_39,900","정품_39,900","정품_39,900","정품_39,470","정품_39,900","정품_39,900","정품_39,900","정품_39,900","정품_39,470","정품_39,470"
16098470,오디오테크니카 ATH-GDL3,0,0,0,0,"정품_136,220|해외구매_129,500","정품_136,220|해외구매_129,500","정품_139,000|해외구매_129,500",0,0,"정품_127,880|해외구매_129,500"
16098512,오디오테크니카 ATH-GL3,"정품_116,620|해외구매_128,900","정품_116,620|해외구매_128,480","정품_116,620|해외구매_140,290","정품_116,620|해외구매_127,130","정품_116,620|해외구매_140,290","정품_116,620|해외구매_128,700","정품_116,620|해외구매_126,480","정품_116,620|해외구매_127,800","정품_116,620|해외구매_127,410","정품_116,620|해외구매_126,520"
19472147,오디오테크니카 ATH-M50xSTS,"정품_234,220|해외구매_243,090","정품_234,220|해외구매_243,390","정품_234,220|해외구매_244,370","정품_219,880|해외구매_243,380","정품_234,220|해외구매_243,380","정품_234,220|해외구매_249,450","정품_234,220|해외구매_241,260","정품_234,220|해외구매_241,190","정품_219,880|해외구매_241,190","정품_219,880|해외구매_241,190"
19471718,오디오테크니카 ATH-M50xSTS-USB,"정품_269,500|해외구매_256,800","정품_269,500|해외구매_256,800","정품_269,500|해외구매_256,800","정품_253,000|해외구매_256,800","정품_269,500|해외구매_256,800","정품_269,500|해외구매_256,800","정품_269,500|해외구매_256,800","정품_269,500|해외구매_256,800","정품_253,000|해외구매_256,800","정품_253,000|해외구매_256,800"
17610179,울트라손 METEOR ONE,0,0,0,0,0,0,0,0,"정품_222,270","정품_222,270"
15187931,웨이코스 씽크웨이 BOB SHOCK H-PRO 게이밍 헤드셋,"32,540","32,540","32,890","32,890","34,990","34,990","34,990","34,990","34,990","34,990"
12951986,자브라 Evolve2 40 Stereo UC,"USB-C, 정품_209,000|A타입, 정품_209,000","USB-C, 정품_209,000|A타입, 정품_209,000","USB-C, 정품_209,000|A타입, 정품_209,000","USB-C, 정품_209,000|A타입, 정품_209,000","USB-C, 정품_209,000|A타입, 정품_209,000","USB-C, 정품_209,000|A타입, 정품_209,000","USB-C, 정품_209,000|A타입, 정품_209,000",0,0,0
20077466,자브라 Evolve2 50 Mono MS,"USB-A_259,000|USB-C_259,000","USB-A_259,000|USB-C_259,000","USB-A_259,000|USB-C_259,000","USB-A_259,000|USB-C_259,000","USB-A_259,000|USB-C_259,000","USB-A_259,000|USB-C_259,000",0,0,0,0
16519535,잘만 ARCHER ZM-HPS700W,"블랙_35,080","블랙_35,080","블랙_35,080","블랙_35,080","블랙_35,080","블랙_35,080","블랙_35,080","블랙_35,080","블랙_35,080","블랙_35,080"
17775518,잘만 ZM-HPS310 가상 7.1채널 게이밍 헤드셋,"블랙_26,630|화이트_26,630","블랙_26,630|화이트_26,630","블랙_26,630|화이트_26,630","블랙_26,630|화이트_26,630","블랙_26,630|화이트_26,630","블랙_26,630|화이트_26,630","블랙_26,630|화이트_26,630","블랙_26,630|화이트_26,630","블랙_26,630|화이트_26,630","블랙_26,630|화이트_26,630"
10639896,잘만 ZM-HPS600,"37,000","37,000","37,000","37,000","37,000","37,000","37,000","37,000","37,000","37,000"
18557402,잘만 ZM-HPS610 가상 7.1채널 게이밍 헤드셋,"정품_56,840","정품_56,840","정품_56,840","정품_56,840","정품_56,840","정품_56,840","정품_31,050","정품_31,050","정품_31,050","정품_31,050"
28420823,잘만 ZM-HPS700W Rev.1,"블랙_35,120","블랙_35,120","블랙_35,120","블랙_35,120","블랙_35,120","블랙_35,120","블랙_35,120","블랙_35,120","블랙_35,120","블랙_35,120"
53878469,잘만 ZM-HPS800W,"76,710","76,710","76,710","76,710","76,710","77,290","33,980","33,980","33,980","33,980"
11516810,제닉스 STORMX GH3 게이밍 헤드셋,0,0,0,0,0,"36,900","36,900","36,900","36,900","36,900"
5836989,제닉스 STORMX H3,"20,610","20,610","20,610","20,610","20,610","20,610","20,610","20,610","20,610","20,610"
17414324,제닉스 TITAN WH6 가상 7.1채널 무선 게이밍 헤드셋,"정품_31,000","정품_31,000","정품_31,000","정품_31,000","정품_31,000","정품_31,000","정품_31,000","정품_31,000","정품_31,000","정품_31,000"
36199436,제닉스 TITAN WH6BT 가상 7.1채널 무선 게이밍 헤드셋,0,0,"정품_61,640","정품_61,640","정품_61,640","정품_61,640","정품_61,640","정품_61,640","정품_61,640","정품_61,640"
109597256,제이테크 투스카니 HD-6000M,"정품_9,700","정품_9,700","정품_9,700","정품_9,700","정품_9,660","정품_9,650","정품_9,620","정품_9,560","정품_9,690","정품_9,690"
109597445,제이테크 투스카니 HD-X10,"정품_7,580","정품_7,580","정품_7,580","정품_7,580","정품_7,580","정품_7,580","정품_7,580","정품_7,580","정품_7,580","정품_7,580"
75724913,제카 AIRWING Z1 가상 7.1채널 유무선 게이밍 헤드셋,0,0,0,0,"정품_54,000","정품_54,000","정품_54,000","정품_54,000",0,0
36199568,젬스트 Canleen G20 가상 7.1채널 게이밍 헤드셋,"퍼플_23,120|핑크_22,920|블랙_23,120","퍼플_23,120|핑크_22,920|블랙_23,120","퍼플_23,120|핑크_22,920|블랙_23,120","퍼플_23,120|핑크_22,920|블랙_23,120","퍼플_23,120|핑크_22,920|블랙_23,120","퍼플_23,120|핑크_22,920|블랙_23,120","퍼플_23,120|핑크_22,920|블랙_23,120","퍼플_23,120|핑크_22,920|블랙_23,120","퍼플_23,120|핑크_22,920|블랙_23,120","퍼플_23,120|핑크_22,920|블랙_23,120"
104749955,젬스트 Canleen G202 가상7.1 ENC 인피니티미러 노이즈캔슬링 게이밍헤드셋,"정품_30,790","정품_30,790","정품_30,790","정품_30,790","정품_30,790","정품_30,790","정품_30,790","정품_30,790","정품_30,790","정품_30,790"
7085437,젬스트 LEF G38 타이탄 가상 7.1채널 게이밍 헤드셋,"31,360","31,360","31,360","31,360","31,360","31,360","31,360","31,360","31,360","31,360"
13413179,지군코리아 PLH-V88 USB 7.1 게이밍 헤드셋,"17,800","17,800","17,800","17,800","17,800","20,030","20,030","20,030","20,030","20,030"
58620773,지클릭커 슈퍼히어로 G-SHOT 7.1 버추얼 게이밍 헤드셋 U3100,0,0,0,0,0,0,0,0,0,"블랙_22,800|화이트_22,800"
99481346,지클릭커 슈퍼히어로 G-SHOT C타입 버추얼7.1 ENC 블루투스 무선 게이밍 헤드셋 GH-WB4000,"블랙_32,300|화이트_32,300|핫핑크_32,300","블랙_32,300|화이트_32,300|핫핑크_32,300","블랙_32,300|화이트_32,300|핫핑크_32,300","블랙_32,300|화이트_32,300|핫핑크_32,300","블랙_32,300|화이트_32,300|핫핑크_32,300","블랙_32,300|화이트_32,300|핫핑크_32,300","블랙_32,300|화이트_32,300|핫핑크_32,300","블랙_32,300|화이트_34,800|핫핑크_32,300","블랙_32,300|화이트_34,800|핫핑크_32,300","블랙_32,300|화이트_34,800|핫핑크_32,300"
14438030,청연MnS naVee NV89-HDS10,"28,900","28,900","28,890","28,890","28,890","28,890","28,890","28,890","28,890","28,890"
15423329,체리 HC 2.2 게이밍 헤드셋,"정품_89,000","정품_89,000","정품_89,000","정품_89,000","정품_89,000","정품_89,000","정품_89,000","정품_89,000","정품_89,000","정품_89,000"
19823180,코시 HS2190,"18,940","18,940","18,930","18,930","18,920","18,920","18,910","18,910","18,900","18,890"
27657611,코시 HS3520BT,"45,560","45,560","46,010","45,940","45,880","45,810","45,760","45,700","45,620","45,560"
58011731,코시 HS4042BT,"42,800","42,800","42,800","42,800","42,800",0,0,0,0,0
18089258,코시 HS4046BT,"24,900",0,0,0,0,0,0,0,0,0
63271454,코시 HS4124C,"26,560","26,560","26,560","26,560","26,560","26,560","26,560","26,560","26,560","26,560"
99944318,코시 HS4155C,"정품_22,900","정품_22,900","정품_22,900","정품_22,900","정품_22,900","정품_22,900","정품_22,900","정품_22,900","정품_22,900","정품_22,900"
99944366,코시 HS4158,"정품_15,500","정품_15,500","정품_15,500","정품_15,500","정품_15,500","정품_15,500","정품_15,500","정품_15,500","정품_15,500","정품_15,500"
95851514,코시 비타 HS2254C,"정품_22,990","정품_22,990","정품_22,990","정품_22,930","정품_22,810","정품_22,970","정품_22,990","정품_22,990","정품_22,990","정품_22,990"
95851511,코시 비타 HS2255C,"정품_21,030","정품_21,030","정품_22,980","정품_22,930","정품_22,810","정품_22,740","정품_22,940","정품_22,980","정품_22,980","정품_22,980"
28026380,쿨러마스터 CH331 Street Fighter 6 Chun-Li USB 가상 7.1채널 RGB 게이밍 헤드셋,"43,510","43,510","43,510","43,510","43,510","43,510","43,510","43,510","43,510","43,510"
19387955,쿨러마스터 CH331 USB 가상 7.1채널 RGB 게이밍 헤드셋,"정품_40,510","정품_40,510","정품_40,510","정품_40,510","정품_40,510","정품_40,510","정품_40,510","정품_40,510","정품_40,510","정품_40,510"
15426503,쿨러마스터 MH630 게이밍 헤드셋,"정품_45,000","정품_45,000","정품_45,000","정품_45,000","정품_45,000","정품_45,000","정품_45,000","정품_45,000","정품_44,660","정품_44,660"
15427007,쿨러마스터 MH650 7.1 채널 RGB 게이밍 헤드셋,"정품_78,640|해외구매_182,570","정품_78,640|해외구매_182,570","정품_78,640|해외구매_182,570","정품_78,640|해외구매_182,570","정품_78,640|해외구매_182,570","정품_78,640|해외구매_182,570","정품_78,640|해외구매_182,570","정품_78,640|해외구매_182,570","정품_78,640|해외구매_182,570","정품_78,640|해외구매_182,570"
27758138,키밍 KM1940-86,"22,670","22,670","22,670","22,670","22,670","22,670","22,670","22,670","22,670","22,670"
27758450,키밍 KM3748-251,"15,820","15,820","15,820","15,820","15,820","15,820","15,820","15,820","15,820","15,820"
123669858,터틀비치 Atlas 200,"정품, 블랙_82,760|정품, 화이트_82,760|정품, 민트_89,000||","정품, 블랙_82,760|정품, 화이트_82,760|정품, 민트_89,000||","정품, 블랙_82,760|정품, 화이트_84,540|정품, 민트_89,000||","정품, 블랙_82,760|정품, 화이트_84,540|정품, 민트_89,000||","정품, 블랙_82,760|정품, 화이트_84,540|정품, 민트_89,000||","정품, 블랙_82,760|정품, 화이트_84,540|정품, 민트_89,000||","정품, 블랙_82,760|정품, 화이트_84,540|정품, 민트_89,000||","정품, 블랙_82,760|정품, 화이트_84,540|정품, 민트_89,000||","정품, 블랙_82,760|정품, 화이트_84,540|정품, 민트_89,000||","정품, 블랙_82,760|정품, 화이트_84,540|정품, 민트_89,000||"
107733086,터틀비치 Atlas 200,"정품, 블랙_82,760|정품, 화이트_82,760|||","정품, 블랙_82,760|정품, 화이트_82,760|||","정품, 블랙_82,760|정품, 화이트_84,540|||","정품, 블랙_82,760|정품, 화이트_84,540|||","정품, 블랙_82,760|정품, 화이트_84,540|||","정품, 블랙_82,760|정품, 화이트_84,540|||","정품, 블랙_82,760|정품, 화이트_84,540|||","정품, 블랙_82,760|정품, 화이트_84,540|||","정품, 블랙_82,760|정품, 화이트_84,540|||","정품, 블랙_82,760|정품, 화이트_84,540|||"
58846409,터틀비치 Atlas Air,"정품_249,000|해외구매_279,030","정품_249,000|해외구매_279,030","정품_249,000|해외구매_279,030","정품_249,000|해외구매_279,030","정품_249,000|해외구매_279,030","정품_249,000|해외구매_279,030","정품_249,000|해외구매_279,030","정품_249,000|해외구매_279,030","정품_199,000|해외구매_279,030","정품_199,000|해외구매_279,030"
106745786,터틀비치 Recon 50P,"블랙, 정품_35,910","블랙, 정품_35,910","블랙, 정품_35,910","블랙, 정품_35,910","블랙, 정품_35,910","블랙, 정품_35,910","블랙, 정품_39,900","블랙, 정품_35,910","블랙, 정품_19,900","블랙, 정품_19,900"
13434929,터틀비치 Recon CHAT,0,0,0,0,0,"정품_17,000","정품_17,000","정품_17,000","정품_17,000","정품_17,000"
14312300,터틀비치 Recon CHAT XBOX,"정품_15,810","정품_15,810","정품_15,810","정품_15,810","정품_15,810","정품_15,810","정품_15,810","정품_15,810","정품_15,810","정품_15,810"
21523496,터틀비치 STEALTH 600 Gen2 MAX,0,0,"블랙, 정품_159,000|블랙, 해외구매_209,750","블랙, 정품_159,000|블랙, 해외구매_209,750","블랙, 정품_159,000|블랙, 해외구매_209,750","블랙, 정품_159,000|블랙, 해외구매_209,750","블랙, 정품_159,000|블랙, 해외구매_209,750","블랙, 정품_159,000|블랙, 해외구매_209,750","블랙, 정품_159,000|블랙, 해외구매_209,750",0
58848038,터틀비치 Stealth 500 PC,"정품_59,900","정품_59,900","정품_79,900","정품_79,900","정품_79,900","정품_79,900","정품_79,900","정품_79,900","정품_59,900","정품_59,900"
58848053,터틀비치 Stealth 500 PS,"정품_79,000|해외구매_159,280","정품_79,000|해외구매_159,280","정품_79,000|해외구매_159,130","정품_79,000|해외구매_156,910","정품_79,000|해외구매_156,910","정품_79,000|해외구매_156,910","정품_79,000|해외구매_157,210","정품_79,000|해외구매_156,180","정품_79,000|해외구매_156,180","정품_79,000|해외구매_156,300"
58848131,터틀비치 Stealth 500 XBOX,"정품_74,900|해외구매_140,800","정품_74,900|해외구매_140,800","정품_74,900|해외구매_140,800","정품_74,900|해외구매_140,800","정품_74,900|해외구매_140,800","정품_74,900|해외구매_140,800","정품_74,900|해외구매_140,800","정품_74,900|해외구매_140,800","정품_74,900|해외구매_140,800","정품_74,900|해외구매_140,800"
58847144,터틀비치 Stealth 600 Gen3 PC,"149,000","149,000","149,000","149,000","149,000","149,000","149,000","149,000","149,000","149,000"
58847564,터틀비치 Stealth 600 Gen3 PS,"134,100","134,100","134,100","134,100","134,100","134,100","141,550","140,060","140,060","140,060"
58847420,터틀비치 Stealth 600 Gen3 XB,"정품_141,550|해외구매_170,000","정품_141,550|해외구매_170,000","정품_149,000|해외구매_170,000","정품_149,000|해외구매_170,000","정품_149,000|해외구매_170,000","정품_149,000|해외구매_170,000","정품_141,550|해외구매_170,000","정품_140,060|해외구매_170,000","정품_140,060|해외구매_170,000","정품_140,060|해외구매_170,000"
19169198,터틀비치 Stealth 700 Gen 2 MAX,0,0,0,"블랙, 정품_245,000|코발트블루, 정품_245,000","블랙, 정품_245,000|코발트블루, 정품_245,000",0,"블랙, 정품_245,000|코발트블루, 정품_245,000","블랙, 정품_245,000|코발트블루, 정품_245,000","블랙, 정품_245,000|코발트블루, 정품_245,000","블랙, 정품_245,000|코발트블루, 정품_245,000"
68789237,터틀비치 Stealth 700 Gen3 PC,"288,990","288,990","288,990","288,990","288,990","289,000","289,000","289,000","289,000","289,000"
68788790,터틀비치 Stealth 700 Gen3 PS,"블랙, 정품_260,100|화이트, 정품_274,550","블랙, 정품_260,100|화이트, 정품_274,550","블랙, 정품_260,100|화이트, 정품_289,000","블랙, 정품_260,100|화이트, 정품_289,000","블랙, 정품_260,100|화이트, 정품_289,000","블랙, 정품_260,100|화이트, 정품_289,000","블랙, 정품_260,100|화이트, 정품_274,550","블랙, 정품_260,100|화이트, 정품_279,000","블랙, 정품_260,100|화이트, 정품_279,000","블랙, 정품_260,100|화이트, 정품_279,000"
68788265,터틀비치 Stealth 700 Gen3 XBOX,"블랙, 정품_268,770|블루, 정품_268,770|해외구매_232,180","블랙, 정품_268,770|블루, 정품_268,770|해외구매_233,820","블랙, 정품_268,770|블루, 정품_268,770|해외구매_275,770","블랙, 정품_268,770|블루, 정품_268,770|해외구매_275,750","블랙, 정품_268,770|블루, 정품_268,770|해외구매_281,710","블랙, 정품_268,770|블루, 정품_268,770|해외구매_274,500","블랙, 정품_268,770|블루, 정품_268,770|해외구매_275,450","블랙, 정품_268,770|블루, 정품_268,770|해외구매_274,490","블랙, 정품_268,770|블루, 정품_268,770|해외구매_274,490","블랙, 정품_268,770|블루, 정품_268,770|해외구매_274,490"
20399864,터틀비치 Stealth Pro PS,"정품_399,000","정품_399,000","정품_399,000","정품_399,000",0,0,"정품_399,000","정품_399,000","정품_399,000","정품_399,000"
74340674,테크리버 TK-GH1000,"정품_35,970","정품_37,320","정품_37,320","정품_37,320","정품_37,320","정품_36,432","정품_37,320","정품_37,320","정품_37,320","정품_37,320"
6503521,티앤에스인터내셔널 NOX Black-Hole NX-4 가상 7.1채널 진동 LED 게이밍,"45,000","45,000","45,000","45,000","45,000","45,000","45,000","45,000","45,000","45,000"
14984126,티앤에스인터내셔널 NOX NX-3 PLUS 가상 7.1채널 RGB 게이밍 헤드셋,"42,000","42,000","42,000","42,000","42,000","42,000","42,000","42,000","42,000","42,000"
12390917,티앤에스인터내셔널 NOX NX-501,"37,500","37,500","37,500",0,0,0,0,0,0,0
12391268,티앤에스인터내셔널 NOX NX-502,"정품_39,500|+거치대, 정품_45,800","정품_39,500|+거치대, 정품_45,800","정품_39,500|+거치대, 정품_45,800","정품_39,500|+거치대, 정품_45,800","정품_39,500|+거치대, 정품_45,800","정품_39,500|+거치대, 정품_45,800","정품_39,500|+거치대, 정품_45,800",0,0,0
13798262,티앤에스인터내셔널 NX-2 PLUS 가상 7.1채널 RGB 게이밍 헤드셋,"47,990","47,990","47,990","47,990","47,990","47,990","47,990","47,990","47,530","47,530"
101074457,티테크놀로지 T-DM900,"정품_2,040","정품_2,040","정품_2,050","정품_2,050","정품_2,050","정품_2,050","정품_2,050","정품_2,050","정품_2,050","정품_2,050"
124336880,파이널 VR3000 EX,"정품_209,990|해외구매_188,060","정품_209,990|해외구매_188,110","정품_209,990|해외구매_188,110","정품_209,990|해외구매_186,140","정품_209,990|해외구매_186,140","정품_209,990|해외구매_186,140","정품_209,990|해외구매_181,440","정품_209,990|해외구매_181,440","정품_209,990|해외구매_181,440","정품_209,990|해외구매_181,440"
18771614,포트리스 플레이기어 USB 7.1 RGB LED 게이밍 헤드셋 PH732,"24,900","24,900","24,900","24,900","24,900","24,900","24,900","24,900","24,900","24,900"
92358116,프리플로우 MCHOSE V9,"정품_72,900|해외구매_38,800","정품_72,900|해외구매_38,800","정품_72,900|해외구매_38,800","정품_72,900|해외구매_38,800","정품_72,900|해외구매_38,800","정품_72,900|해외구매_39,000",0,0,"정품_72,900|해외구매_38,580","정품_72,900|해외구매_38,580"
92357951,프리플로우 MCHOSE V9 PRO,"정품_72,900|해외구매_35,330","정품_72,900|해외구매_34,150","정품_72,900|해외구매_35,720","정품_72,900|해외구매_34,550","정품_72,900|해외구매_35,720","정품_72,900|해외구매_35,710","정품_72,900|해외구매_34,550","정품_72,900|해외구매_36,100","정품_72,900|해외구매_36,100","정품_72,900|해외구매_36,100"
124289840,프리플로우 archon AH60 PRO,"정품_49,900","정품_49,900","정품_49,900","정품_49,900","정품_49,900","정품_49,900","정품_49,900","정품_49,900","정품_49,900","정품_49,900"
14280455,플레오맥스 HS-10,"8,080","8,070","8,070","8,070","8,070","8,500","8,500","8,500","8,500","8,500"
15314426,플레오맥스 HS-20 스테레오 게이밍헤드셋,"14,490","14,490","14,490","14,490","14,490","14,490","14,490","14,490","14,490","14,490"
13196780,플레오맥스 HS-5 스테레오 게이밍 헤드셋,"6,900","6,900","6,900","6,900","6,900","6,900","6,900","6,900","6,900","6,900"
11612345,플레오맥스 HS-9 스테레오 게이밍 헤드셋,"블랙_8,100|화이트_8,500","블랙_8,100|화이트_8,500","블랙_8,100|화이트_8,500","블랙_8,100|화이트_8,500","블랙_8,100|화이트_8,500","블랙_8,100|화이트_8,500","블랙_8,100|화이트_8,500","블랙_8,100|화이트_8,500","블랙_8,100|화이트_8,500","블랙_8,100|화이트_8,500"
13366811,플레오맥스 PHS-G30 게이밍 헤드셋,"15,200","15,200","15,200","15,200","15,200","15,900","15,900","15,900","15,900","15,900"
15314756,플레오맥스 PHS-G60 USB LED 게이밍 헤드셋,"18,910","18,910","18,910","18,910","18,910","19,900","19,900","19,900","19,900","19,900"
17732627,플레오맥스 PM-GH200,"21,900","21,900","21,900","21,900","21,900","21,900","21,900","21,900","21,900","21,900"
18109535,필립스 TAH3155,"정품_29,900","정품_29,900","정품_29,900","정품_34,800","정품_34,800","정품_34,800","정품_34,800","정품_37,520","정품_34,800","정품_34,800"
67693016,한성컴퓨터 TFG CH PRO Wireless 3모드 게이밍 헤드셋,"블랙_59,900|화이트_59,800","블랙_49,900|화이트_49,900","블랙_49,900|화이트_49,900","블랙_49,900|화이트_49,900","블랙_49,900|화이트_49,900","블랙_49,900|화이트_49,900","블랙_49,900|화이트_49,900","블랙_59,900|화이트_59,900","블랙_59,900|화이트_59,900","블랙_59,900|화이트_59,890"
13074326,한성컴퓨터 TFG CH240 가상 7.1채널 게이밍 헤드셋,"블랙_23,490|화이트_23,490|핑크_24,860|퍼플_24,900","블랙_23,490|화이트_23,490|핑크_24,900|퍼플_24,900","블랙_23,490|화이트_23,490|핑크_24,900|퍼플_24,900","블랙_23,490|화이트_23,490|핑크_24,900|퍼플_24,900","블랙_23,490|화이트_23,490|핑크_24,900|퍼플_24,900","블랙_23,490|화이트_23,490|핑크_24,900|퍼플_24,900","블랙_23,490|화이트_23,490|핑크_24,900|퍼플_24,900","블랙_23,490|화이트_23,490|핑크_24,900|퍼플_24,900","블랙_23,490|화이트_23,490|핑크_24,900|퍼플_24,900","블랙_23,490|화이트_23,490|핑크_24,900|퍼플_24,900"
