Id,Name,2026-10-01 14:14:48,2026-10-02 14:04:20,2026-10-03 13:47:38,2026-10-04 14:19:13,2026-10-05 14:02:54,2026-10-06 14:50:43
28441325,1MORE FIT SE S30,"정품_28,990|해외구매_34,500","정품_28,990|해외구매_34,500",0,0,0,0
74341292,1MORE SonoFlow Pro HQ51,"해외구매_87,360","해외구매_87,360","해외구매_87,360","해외구매_87,360","해외구매_87,360",0
18044345,7Hz Salnotes Zero,"3.5mm, 마이크X, 해외구매_28,490",0,0,"3.5mm, 마이크X, 해외구매_28,490",0,"3.5mm, 마이크X, 해외구매_28,490"
36200729,7Hz X Crinacle Zero 2,"정품_39,800|해외구매_30,900","정품_39,800|해외구매_30,900","정품_39,800|해외구매_30,900","정품_39,800|해외구매_30,900","정품_39,800|해외구매_30,900","정품_39,800|해외구매_30,900"
78713513,AFUL PERFORMER 7,0,0,0,"4.4mm, 정품_370,020",0,0
10705095,AKG EO-IC100,"정품_15,470|벌크_14,900","정품_15,470|벌크_14,900","정품_15,470|벌크_14,900","정품_15,470|벌크_14,900","정품_15,470|벌크_14,900","정품_15,470|벌크_14,900"
664601,AKG K271 MKII,"정품_60,000|해외구매_207,090","정품_60,000|해외구매_225,090","정품_60,000|해외구매_225,090",0,0,0
21505475,AKG K361,0,0,0,0,"정품_190,000|해외구매_210,150","정품_190,000|해외구매_210,150"
11482977,AKG K371,"정품_260,000|해외구매_188,370","정품_260,000|해외구매_188,370","정품_260,000|해외구매_188,370","정품_260,000|해외구매_188,370","정품_260,000|해외구매_188,370","정품_260,000|해외구매_188,370"
10625445,AKG K52,"정품_58,990|해외구매_87,990",0,0,0,"정품_58,990|해외구매_87,990","정품_58,990|해외구매_87,990"
140120,AKG K701,"정품_419,999|해외구매_248,490","정품_419,999|해외구매_248,490",0,0,0,0
803333,AKG K702,"정품_469,999|해외구매_264,700","정품_469,999|해외구매_264,700","정품_469,999|해외구매_264,700","정품_469,999|해외구매_264,700",0,0
5646032,AKG K72,"정품_73,600|해외구매_77,820",0,"정품_73,600|해외구매_77,830","정품_73,600|해외구매_77,830","정품_73,600|해외구매_77,830","정품_73,600|해외구매_77,830"
5061731,AKG K92,"정품_89,000|해외구매_136,250","정품_89,000|해외구매_136,250","정품_89,000|해외구매_140,190","정품_89,000|해외구매_140,190",0,"정품_89,000|해외구매_140,190"
57492965,AKG N5 HYBRID,"정품_225,390|해외구매_474,910","정품_225,390|해외구매_474,910","정품_225,390|해외구매_474,910","정품_225,390|해외구매_474,910","정품_225,390|해외구매_474,910","정품_225,390|해외구매_474,910"
5805871,AKG N5005,"해외구매_552,000","해외구매_552,000","해외구매_552,000","해외구매_552,000","해외구매_552,000","해외구매_552,000"
57493382,AKG N9 HYBRID,"정품_232,320|해외구매_470,000","정품_232,320|해외구매_470,000","정품_232,320|해외구매_470,000","정품_232,320|해외구매_470,000","정품_232,320|해외구매_470,000","정품_232,320|해외구매_470,000"
101633138,ANKER Soundcore C40i A3331,"정품_54,900","정품_54,900","정품_54,900","정품_54,900","정품_50,900","정품_50,900"
122619249,ANKER Soundcore C50i D1101,"정품_54,900|해외구매_73,600","정품_54,900|해외구매_73,600","정품_54,900|해외구매_73,600","정품_54,900|해외구매_73,600","정품_54,900|해외구매_73,600","정품_54,900|해외구매_73,600"
14101925,ANKER Soundcore Life Q30 A3028,0,"정품_64,900",0,0,0,0
18454823,ANKER Soundcore P10 A3850,0,"해외구매_80,040","해외구매_78,300","해외구매_78,300","해외구매_78,300","해외구매_80,040"
53421806,ANKER Soundcore P20i A3949,"해외구매_40,300","해외구매_40,300","해외구매_40,300","해외구매_40,300","해외구매_40,300",0
78716027,ANKER Soundcore P30i A3959,"정품_32,900|해외구매_50,230","정품_32,900|해외구매_50,230","정품_32,900|해외구매_50,230","정품_32,900|해외구매_50,230","정품_32,900|해외구매_50,230","정품_32,900|해외구매_51,320"
122642363,ANKER Soundcore P31i D1202,"정품_31,760|해외구매_60,440","정품_31,760|해외구매_60,440","정품_31,760|해외구매_60,440","정품_31,760|해외구매_60,440","정품_31,760|해외구매_60,440","정품_32,460|해외구매_62,460"
78176216,ANKER Soundcore P40i A3955,"정품_51,900|해외구매_70,130","정품_51,900|해외구매_70,130","정품_51,900|해외구매_70,130","정품_51,900|해외구매_70,130","정품_51,900|해외구매_70,130","정품_51,900|해외구매_70,130"
94086776,ANKER Soundcore P41i A3937,"정품_69,900","정품_69,900","정품_69,900","정품_69,900","정품_69,900","정품_69,900"
123799216,ANKER Soundcore P42i D1205,"정품_99,900","정품_99,900","정품_99,900","정품_99,900","정품_93,900","정품_93,900"
96582446,ANKER Soundcore Q20i A3004,0,0,"정품_46,900|해외구매_54,624","정품_46,900|해외구매_54,624","정품_46,900|해외구매_54,624","정품_46,900|해외구매_51,210"
21726290,ANKER Soundcore 리버티 4 NC A3947,"정품_74,900|해외구매_97,200","정품_93,510|해외구매_97,200","정품_96,510|해외구매_97,200","정품_96,510|해외구매_97,200","정품_96,700|해외구매_97,200","정품_96,700|해외구매_97,200"
74253788,ANKER Soundcore 리버티 4 프로 A3954,"정품_109,110|해외구매_142,190","정품_109,110|해외구매_142,190","정품_109,110|해외구매_142,190","정품_109,110|해외구매_142,190","정품_109,110|해외구매_142,190","정품_111,510|해외구매_142,190"
91767473,ANKER Soundcore 리버티 5 A3957,"정품_91,900|해외구매_117,950","정품_91,900|해외구매_118,590","정품_91,900|해외구매_118,590","정품_91,900|해외구매_118,590","정품_91,900|해외구매_118,590","정품_91,900|해외구매_118,590"
122686277,ANKER Soundcore 리버티 5 프로 D1203,"정품_199,900|해외구매_349,500","정품_199,900|해외구매_349,500","정품_199,900|해외구매_349,500","정품_199,900|해외구매_349,500","정품_201,900|해외구매_349,500","정품_201,900|해외구매_349,500"
122685543,ANKER Soundcore 리버티 5 프로 맥스 D1204,"정품_284,900","정품_284,900","정품_284,900","정품_284,900","정품_284,900","정품_284,900"
122619413,ANKER Soundcore 리버티 버즈 D1200,"정품_79,900","정품_79,900","정품_79,900","정품_79,900","정품_79,900","정품_79,900"
123763727,ANKER Soundcore 스페이스 2 D1402,"정품_179,900|해외구매_190,180","정품_179,900|해외구매_190,180","정품_179,900|해외구매_190,180","정품_179,900|해외구매_190,180","정품_179,900|해외구매_190,180","정품_179,900|해외구매_190,180"
17895389,ANKER Soundcore 스페이스 A40 A3936,"정품_71,900|해외구매_94,990","정품_71,900|해외구매_94,990","정품_71,900|해외구매_94,990","정품_71,900|해외구매_94,990","정품_69,900|해외구매_121,110","정품_69,900|해외구매_121,110"
17743568,ANKER Soundcore 스페이스 Q45 A3040,"정품_99,900|해외구매_107,070","정품_99,900|해외구매_107,070","정품_99,900|해외구매_107,070","정품_99,900|해외구매_107,070","정품_93,900|해외구매_107,070","정품_93,900|해외구매_107,070"
78100583,ANKER Soundcore 스페이스원 프로 A3062,"정품_172,810|해외구매_175,100","정품_172,810|해외구매_175,100","정품_172,810|해외구매_175,100","정품_172,810|해외구매_175,100","정품_172,810|해외구매_175,100","정품_176,610|해외구매_175,100"
91041050,ANKER Soundcore 스포츠 X20 A3968,"해외구매_107,350","해외구매_107,280","해외구매_107,230","해외구매_107,100","해외구매_106,980","해외구매_106,900"
74341058,ANKER Soundcore 슬립 A20 A6611,"정품_104,900|해외구매_155,340","정품_104,900|해외구매_155,340","정품_104,900|해외구매_155,340","정품_104,900|해외구매_155,340","정품_104,900|해외구매_155,340","정품_99,900|해외구매_155,340"
99480551,ANKER Soundcore 슬립 A30 D1301,"정품_199,000|해외구매_154,100","정품_199,000|해외구매_154,100","정품_199,000|해외구매_154,100","정품_199,000|해외구매_154,100","정품_199,000|해외구매_154,100","정품_199,000|해외구매_154,100"
96981677,ANKER Soundcore 에어로클립 A3388,"정품_114,900|해외구매_101,200","정품_114,900|해외구매_101,200","정품_114,900|해외구매_99,000","정품_114,900|해외구매_99,000","정품_114,900|해외구매_99,000","정품_114,900|해외구매_101,200"
71721911,ANKER Soundcore 에어로핏 2 A3874,"해외구매_89,140","해외구매_89,140","해외구매_89,140","해외구매_89,140","해외구매_89,140","해외구매_89,140"
122624903,ANKER Soundcore 에어로핏 2 A3874X,"정품_169,900|해외구매_87,815","정품_169,900|해외구매_87,795","정품_169,900|해외구매_87,950","정품_169,900|해외구매_88,164","정품_158,900|해외구매_88,164","정품_158,900|해외구매_88,164"
7111930,AONE CRUISE CB-M20,"88,960","88,960","88,960","88,960","88,960","88,960"
20230073,APPLE Beats by Dr.Dre 비츠 스튜디오 버즈 플러스,"정품_153,000|해외구매_179,120","정품_153,000|해외구매_179,120","정품_153,000|해외구매_179,120","정품_153,000|해외구매_179,120","정품_153,000|해외구매_179,120","정품_153,000|해외구매_179,120"
28024445,APPLE Beats by Dr.Dre 비츠 스튜디오 프로 와이어리스,"정품_238,000|해외구매_293,872|해외리퍼비시_242,100","정품_238,000|해외구매_293,872|해외리퍼비시_242,030","정품_238,000|해외구매_293,872|해외리퍼비시_241,980","정품_238,000|해외구매_293,872|해외리퍼비시_241,850","정품_238,000|해외구매_293,870|해외리퍼비시_241,730","정품_238,000|해외구매_293,870|해외리퍼비시_241,660"
76463273,APPLE Beats by Dr.Dre 파워비츠 프로 2,"정품_313,650","정품_313,650","정품_313,650","정품_313,650","정품_313,650","정품_313,650"
12877895,APPLE 에어팟 맥스,"정품_692,860|해외구매_1,020,000","정품_692,860|해외구매_1,020,000","정품_692,860|해외구매_1,020,000","정품_692,860|해외구매_1,020,000","정품_692,860|해외구매_1,020,000","정품_692,860|해외구매_1,020,000"
65920895,APPLE 에어팟 맥스 USB-C,"정품_526,500|해외구매_738,690","정품_526,500|해외구매_738,690","정품_555,740|해외구매_738,690","정품_555,740|해외구매_738,690","정품_555,740|해외구매_738,690","정품_555,740|해외구매_738,690"
109481933,APPLE 에어팟 맥스2,"정품_602,820|해외구매_875,410","정품_618,930|해외구매_875,410","정품_618,830|해외구매_875,410","정품_618,750|해외구매_875,410","정품_618,690|해외구매_875,410","정품_618,610|해외구매_875,410"
15616310,APPLE 에어팟 프로1 맥세이프 MLWK3KH/A,0,"정품_265,500|해외구매_491,800","정품_265,500|해외구매_491,800","정품_265,500|해외구매_491,800","정품_265,500|해외구매_491,800","정품_265,500|해외구매_491,800"
28208783,APPLE 에어팟 프로2 맥세이프 USB-C MTJV3KH/A,"정품_315,000|해외구매_213,750","정품_314,990|해외구매_213,750","정품_214,090|해외구매_213,750","정품_218,990|해외구매_213,750","정품_208,990|해외구매_213,750","정품_208,990|해외구매_213,750"
31311461,APPLE 에어팟 프로2 맥세이프 USB-C 이어버드 단품,0,0,0,"오른쪽, 벌크_114,390|왼쪽, 벌크_111,300|왼쪽, 해외벌크_107,420|오른쪽, 해외벌크_102,940","오른쪽, 벌크_114,390|왼쪽, 벌크_111,300|왼쪽, 해외벌크_107,420|오른쪽, 해외벌크_102,940","오른쪽, 벌크_114,390|왼쪽, 벌크_111,300|왼쪽, 해외벌크_102,940|오른쪽, 해외벌크_102,940"
17941787,APPLE 에어팟 프로2 맥세이프 라이트닝 MQD83KH/A,0,0,0,0,0,"정품_338,500|해외구매_463,700"
97405013,APPLE 에어팟 프로3 MFHP4KH/A,"정품_282,600|해외구매_245,080","정품_291,620|해외구매_241,580","정품_221,340|해외구매_232,320","정품_222,840|해외구매_232,520","정품_209,750|해외구매_232,490","정품_199,880|해외구매_241,330"
15463181,APPLE 에어팟3 맥세이프 MME73KH/A,"정품_243,990|해외구매_291,000","정품_243,990|해외구매_291,000","정품_243,990|해외구매_291,000","정품_243,990|해외구매_291,000","정품_243,990|해외구매_291,000","정품_243,990|해외구매_291,000"
65920016,APPLE 에어팟4 MXP63KH/A,"정품_155,700|해외구매_159,000","정품_155,990|해외구매_161,750","정품_139,260|해외구매_161,750","정품_143,190|해외구매_161,750","정품_143,190|해외구매_161,750","정품_156,900|해외구매_155,020"
65919884,APPLE 에어팟4 액티브 노이즈 캔슬링 MXP93KH/A,"정품_170,810|해외구매_194,106","정품_169,800|해외구매_194,106","정품_161,950|해외구매_194,106","정품_161,940|해외구매_194,106","정품_157,990|해외구매_194,106","정품_157,990|해외구매_194,106"
94085450,APPLE 에어팟4 액티브 노이즈 캔슬링 이어버드 단품,"오른쪽, 벌크_97,190|왼쪽, 벌크_97,400","오른쪽, 벌크_97,190|왼쪽, 벌크_104,890",0,0,0,0
94085666,APPLE 에어팟4 액티브 노이즈 캔슬링 충전 케이스,0,"벌크_89,890","벌크_89,890","벌크_89,890","벌크_89,890","벌크_89,890"
94085762,APPLE 에어팟4 이어버드 단품,0,0,0,0,"오른쪽, 벌크_77,660|왼쪽, 벌크_77,660|왼쪽, 중고_79,000",0
124182403,APPLE 에어팟5 MKFW4KH/A,"정품_197,890|해외구매_186,966","정품_198,790|해외구매_186,966","정품_198,740|해외구매_186,966","정품_198,610|해외구매_186,966","정품_198,490|해외구매_186,966","정품_198,390|해외구매_186,966"
124182489,APPLE 에어팟5 무선 충전 케이스 MKFT4KH/A,"정품_228,790|해외구매_230,760","정품_228,790|해외구매_230,760","정품_228,700|해외구매_230,760","정품_228,620|해외구매_230,760","정품_227,560|해외구매_230,760","정품_227,500|해외구매_230,760"
62320103,APPLE 이어팟 3.5mm MWU53FE/A,"정품_26,600","정품_26,600","정품_26,600","정품_26,600","정품_26,600","정품_26,600"
67370525,APPLE 이어팟 USB-C MYQY3ZP/A,"정품_25,200","정품_25,200","정품_25,200","정품_25,200","정품_25,200","정품_25,200"
4429279,APPLE 이어팟 라이트닝 MMTN2ZP/A,0,"정품_24,360|해외구매_46,230","정품_24,360|해외구매_46,230","정품_24,360|해외구매_46,230","정품_24,360|해외구매_46,230","정품_24,360|해외구매_46,230"
62321957,APPLE 이어팟 라이트닝 MWTY3ZP/A,"21,670","21,670","21,670","21,670","21,670","21,670"
32091956,ASUS ROG CETRA TRUE WIRELESS SPEEDNOVA,"정품_379,000|해외구매_201,910","정품_379,000|해외구매_201,910","정품_379,000|해외구매_201,910","정품_379,000|해외구매_201,910","정품_379,000|해외구매_201,910","정품_379,000|해외구매_201,910"
15598079,ASUS ROG METAL STAND 헤드셋 거치대,"39,900","39,900","39,900","39,900","39,900","39,900"
123981084,ASUS ROG Throne II Core 게이밍 헤드셋 스탠드 거치대,"정품_59,000|해외구매_165,680","정품_79,000|해외구매_165,680","정품_79,000|해외구매_165,680","정품_79,000|해외구매_165,680","정품_79,000|해외구매_165,680","정품_79,000|해외구매_165,680"
19974179,Actto BKS-86,"12,820","12,820","12,820","12,820","12,820","12,820"
14055182,Actto BTE-31,"28,130","29,890","29,890","29,890","29,890","29,890"
19626935,Actto BTE-35,"18,890","18,890","18,890","18,890","18,890","18,890"
91191893,Actto BTE-39,"정품_17,780","정품_18,890","정품_18,890","정품_18,890","정품_18,890","정품_18,890"
16971272,Actto BTH-11,"23,890","23,890","23,890","23,890","23,890","23,890"
5952481,Actto ERP-92 루나,"정품_8,530","정품_8,600",0,0,0,"정품_8,620"
73697882,Actto TWS-22,"정품_32,820","정품_32,820","정품_32,770","정품_32,640","정품_32,520","정품_32,440"
11398794,Actto 뉴이스트 ERP-110,"9,900","9,900","9,900","9,900","9,900","9,900"
11395995,Actto 뉴트위스트 ERP-109,"9,400","9,400","9,390","9,390","9,390","9,390"
11399508,Actto 라임 ERP-105,"5,030","4,530","4,530","4,530","4,530","4,530"
76463546,Actto 바이브 BTE-38,"정품_33,030","정품_33,030","정품_33,030","정품_33,030","정품_33,370","정품_32,310"
79109810,Actto 바이브 ERP-119,"14,890","14,890","14,890","14,890","14,890","14,890"
59760440,Actto 블리스 ERP-117,"9,310","9,310","9,310","9,310","9,310","9,310"
5924544,Actto 비올라 BTH-02,"정품_24,790","정품_24,730","정품_24,680","정품_24,610","정품_24,550","정품_24,490"
14418239,Actto 비틀 ERP-112,"9,603","9,603","9,603","9,603","9,603","9,603"
10926474,Actto 서라운드 BTH-05,"23,180","23,180","23,180","23,180","23,180","23,180"
56064782,Actto 아우라 BTH-12,"24,370","24,370","24,370","24,370","23,980","23,970"
14417750,Actto 안단테 ERP-113,"8,900","8,900","8,900","8,900","7,500","7,500"
13039097,Actto 오브 BTH-06,"29,790","29,790","29,790","29,790","29,790","29,790"
67371461,Actto 이노센트 TWS-21,"17,760","17,760","17,710","17,580","17,460","17,390"
9391497,Actto 캣츠 BKS-80,"18,900","18,900","19,900","18,900","18,900","18,900"
10872588,Actto 팡팡 BTH-03,"32,130","32,300","32,200","33,890","32,200","32,200"
37351235,Actto 페블 TWS-20,"19,303","19,303","19,303","19,303","19,303","17,910"
99323132,Apple Beats by Dr.Dre 파워비츠 핏,"정품_192,000","정품_192,000","정품_192,000","정품_192,000","정품_192,000","정품_192,000"
69695603,Audeze MM-100,0,0,0,0,"정품_640,000|해외구매_835,990",0
20105393,Audeze MM-500,"정품_2,740,000","정품_2,740,000","정품_2,740,000","정품_2,740,000","정품_2,740,000","정품_2,740,000"
62162015,Axxen N641,"29,310","29,310","29,300","29,300","29,290","29,290"
74052566,Axxen N700,"정품_23,310","정품_23,310","정품_23,310","정품_23,310","정품_23,310","정품_23,310"
52158299,Axxen 플레이고 N840,"정품_9,310","정품_9,310","정품_9,310","정품_9,310","정품_9,310","정품_9,690"
18990776,B&W PI7 S2,0,0,0,0,0,"정품_558,600|해외구매_244,990"
72305186,B&W Pi6,"정품_330,440|해외구매_279,020","정품_379,680|해외구매_279,020","정품_379,670|해외구매_303,290","정품_379,670|해외구매_303,290","정품_388,630|해외구매_303,290","정품_388,560|해외구매_303,290"
72305255,B&W Pi8,"정품_560,780|해외구매_581,920","정품_560,690|해외구매_586,020","정품_560,620|해외구매_586,020","정품_560,560|해외구매_585,290","정품_558,950|해외구매_585,280","정품_558,850|해외구매_567,720"
18966050,B&W Px7 S2,"정품_449,190|해외구매_324,900","정품_449,190|해외구매_324,900","정품_449,190|해외구매_324,900","정품_449,190|해외구매_324,900","정품_449,190|해외구매_324,900","정품_449,190|해외구매_324,900"
28621997,B&W Px7 S2e,"정품_430,000|해외구매_393,030","정품_430,000|해외구매_393,020","정품_430,000|해외구매_393,230","정품_430,000|해외구매_393,230","정품_430,000|해외구매_393,230","정품_430,000|해외구매_406,280"
93502724,B&W Px7 S3,"정품_584,990|해외구매_588,790","정품_584,990|해외구매_582,900","정품_584,980|해외구매_582,900","정품_584,980|해외구매_604,230","정품_558,990|해외구매_604,230","정품_558,980|해외구매_619,710"
19889270,B&W Px8,"정품_729,000|해외구매_573,560","정품_729,000|해외구매_584,990","정품_729,000|해외구매_573,560","정품_729,000|해외구매_571,900","정품_729,000|해외구매_571,900","정품_729,000|해외구매_571,900"
99641561,B&W Px8 S2,"정품_1,026,000|해외구매_1,238,080|중고_869,000","정품_1,026,000|해외구매_1,245,360","정품_1,026,000|해외구매_1,245,350","정품_1,026,000|해외구매_1,251,850","정품_999,000|해외구매_1,251,850","정품_999,000|해외구매_1,251,700"
6084867,BEAT DODO 다용도 파우치,0,"3,330","3,330","3,330","3,330","3,330"
3017213,BEAT EF-E5,"2,420","2,420","2,420","2,420","2,420","2,420"
4081843,BEAT S120,"정품_7,270","정품_7,270","정품_7,270","정품_7,270","정품_7,270","정품_7,270"
8629556,BITWAY TWS GW-15,"57,000","57,000","57,000","57,000","57,000","57,000"
7673449,BOB KERC-003,"6,558","6,558","6,558","6,558","6,558","6,558"
8327781,BOB PLEXTONE X56M,"4,340","4,340","4,340","4,340","4,340","4,340"
8326917,BOB 리본써클,"5,290","5,290","5,290","5,290","5,290","5,290"
28330307,BOSE QC,"정품_256,000|해외구매_298,260|중고_256,000","정품_256,000|해외구매_331,390|중고_256,000","정품_256,000|해외구매_300,560|중고_256,000","정품_256,000|해외구매_369,990|중고_256,000","정품_256,000|해외구매_300,560|중고_256,000","정품_256,000|해외구매_300,560|중고_256,000"
124259261,BOSE QC 2nd Gen,"정품_351,820","정품_351,820","정품_351,820","정품_351,820","정품_351,820","정품_351,820"
6338174,BOSE QC 35 2,0,0,0,0,0,"정품_388,990|해외구매_301,600"
15797471,BOSE QC 45,"정품_426,460|해외구매_263,910|중고_213,500","정품_426,460|해외구매_263,910|중고_213,500","정품_426,460|해외구매_290,300|중고_213,500","정품_426,460|해외구매_263,910|중고_213,500","정품_426,460|해외구매_263,910|중고_213,500","정품_426,460|해외구매_263,910|중고_213,500"
72668633,BOSE QC SC,"정품_266,450|해외구매_294,580","정품_266,440|해외구매_294,580","정품_229,680|해외구매_294,580","정품_240,000|해외구매_294,580","정품_240,000|해외구매_294,580","정품_220,800|해외구매_294,580"
28376288,BOSE QC 울트라 이어버드,"정품_219,000|해외구매_257,280","정품_219,000|해외구매_257,280","정품_219,000|해외구매_257,280","정품_219,000|해외구매_257,280","정품_219,000|해외구매_257,280","정품_219,000|해외구매_257,280"
94884290,BOSE QC 울트라 이어버드 2세대,"정품_278,070|해외구매_371,760|중고_345,000","정품_278,070|해외구매_371,760|중고_345,000","정품_278,070|해외구매_417,700|중고_345,000","정품_278,070|해외구매_417,700|중고_345,000","정품_278,070|해외구매_417,700|중고_345,000","정품_278,070|해외구매_417,700|중고_345,000"
28837895,BOSE QC 울트라 헤드폰,"정품_350,000|해외구매_464,910","정품_350,000|해외구매_468,820","정품_350,000|해외구매_468,310","정품_350,000|해외구매_468,310","정품_350,000|해외구매_468,300","정품_350,000|해외구매_468,310"
99736994,BOSE QC 울트라 헤드폰 2세대,"정품_488,990|해외구매_506,730","정품_488,990|해외구매_506,730","정품_488,990|해외구매_506,730","정품_488,990|해외구매_506,730","정품_488,990|해외구매_506,730","정품_467,990|해외구매_506,730"
12708203,BOSE QC 이어버드,"정품_174,840",0,0,0,0,0
67512923,BOSE QC 이어버드 2024년형,"정품_195,000","정품_195,000","정품_195,000","정품_195,000","정품_195,000","정품_195,000"
36707483,BOSE 울트라 오픈 이어버드,"정품_272,000|해외구매_322,150|중고_256,000","정품_272,000|해외구매_322,150|중고_256,000","정품_272,000|해외구매_350,170|중고_256,000","정품_272,000|해외구매_350,170|중고_256,000","정품_272,000|해외구매_350,170|중고_256,000","정품_272,000|해외구매_350,170|중고_256,000"
124376263,BOSE 울트라 오픈 이어버드 2세대,0,"정품_350,030","정품_350,030","정품_350,030","정품_341,050","정품_349,000"
3008288,BRYSI  BY-330,"정품_4,430","정품_4,430","정품_4,430","정품_4,430","정품_4,430","정품_4,430"
100691606,BUTTONS CLIP,0,0,0,0,0,"정품_269,100"
43535345,Britz BZ-WE100P,"21,890","21,900","21,900","21,900","21,900","21,900"
75073829,Britz 브리츠인터내셔널 ANC1000XL3,"정품_49,900","정품_49,900","정품_49,900","정품_49,900","정품_49,900","정품_49,900"
20609606,Britz 브리츠인터내셔널 Apods3,"28,900","28,900","28,900","28,900","28,900","28,890"
124337158,Britz 브리츠인터내셔널 Apods4 ANC,"정품_34,900","정품_34,900","정품_34,900","정품_34,900","정품_34,900","정품_34,900"
6532468,Britz 브리츠인터내셔널 BE-BONE5,"44,550","44,550","44,550","44,550","44,550","44,550"
16588007,Britz 브리츠인터내셔널 BE-BONE7,"정품_54,900","정품_54,900","정품_54,900","정품_54,900","정품_54,900","정품_54,900"
16518866,Britz 브리츠인터내셔널 BT4000 ANC,"96,900","96,900","96,900","96,900","96,900","96,900"
27576089,Britz 브리츠인터내셔널 BT5000 ANC,"89,850","89,850","89,850","89,850","89,850",0
19532927,Britz 브리츠인터내셔널 BZ-ANC9,"45,800","45,800","35,100","43,840","39,000","43,840"
124276615,Britz 브리츠인터내셔널 BZ-BONE X10,"정품_89,000","정품_89,000","정품_89,000","정품_89,000","정품_89,000","정품_89,000"
122648601,Britz 브리츠인터내셔널 BZ-BONE X5,"정품_39,800","정품_39,800","정품_39,800","정품_39,800","정품_39,800","정품_39,800"
122617101,Britz 브리츠인터내셔널 BZ-BONE9 PLUS,"정품_74,900","정품_74,900","정품_74,900","정품_74,900","정품_74,900","정품_74,900"
124167100,Britz 브리츠인터내셔널 BZ-CURVE1,"47,900","47,900","47,900","47,900","47,900","47,900"
76463645,Britz 브리츠인터내셔널 BZ-Clip7,"정품_34,900","정품_34,900","정품_34,900","정품_34,900","정품_34,900","정품_34,900"
122693423,Britz 브리츠인터내셔널 BZ-Clip7 PLUS,"정품_39,900","정품_39,900","정품_39,900","정품_39,900","정품_39,900","정품_39,900"
124153959,Britz 브리츠인터내셔널 BZ-D100SE,"49,900","49,900","49,900","49,900","49,900","49,900"
77205101,Britz 브리츠인터내셔널 BZ-D100X,"정품_49,900","정품_49,900","정품_49,900","정품_49,900","정품_49,900","정품_49,900"
91347716,Britz 브리츠인터내셔널 BZ-ER3,0,"정품_35,900","정품_35,900","정품_35,900","정품_35,900","정품_35,900"
103753670,Britz 브리츠인터내셔널 BZ-ER7L,"정품_42,900","정품_42,900","정품_42,900","정품_42,900","정품_42,900","정품_42,900"
105968669,Britz 브리츠인터내셔널 BZ-H1Pro,"정품_73,950","정품_73,950","정품_31,410","정품_73,950","정품_34,900","정품_73,950"
73694930,Britz 브리츠인터내셔널 BZ-HJ10,"정품_41,460","정품_41,460",0,0,0,0
124376056,Britz 브리츠인터내셔널 BZ-Irex7,0,"44,900","44,900","44,900","44,900","44,900"
124276837,Britz 브리츠인터내셔널 BZ-JX7Pro,"정품_89,790","정품_89,790","정품_89,780","정품_89,780","정품_89,770","정품_89,770"
91495004,Britz 브리츠인터내셔널 BZ-M2BONE,"정품_64,800","정품_64,800","정품_64,800","정품_64,800","정품_64,790","정품_64,790"
124289844,Britz 브리츠인터내셔널 BZ-M5BONE,"69,900","69,900","69,900","69,900","69,900","69,900"
34371392,Britz 브리츠인터내셔널 BZ-ME900,"34,900","34,900","34,900","34,900","34,890","34,890"
61545470,Britz 브리츠인터내셔널 BZ-Mode3,0,0,0,"정품_18,230","정품_18,230",0
59760923,Britz 브리츠인터내셔널 BZ-Mtalk7R,0,0,"32,900","32,900",0,"31,890"
28930289,Britz 브리츠인터내셔널 BZ-UL20BT,"정품_31,520","정품_31,520","정품_31,520","정품_31,520","정품_31,520",0
20164589,Britz 브리츠인터내셔널 BZ-VOX7B,0,0,0,"정품_58,990",0,"정품_58,990"
92968280,Britz 브리츠인터내셔널 BZ-WE900P,"정품_19,800","정품_19,800","정품_19,800","정품_19,800","정품_19,800","정품_19,800"
122648222,Britz 브리츠인터내셔널 BZ-XT5,"정품_47,800","정품_47,800","정품_47,800","정품_47,800","정품_47,800","정품_47,800"
70619942,Britz 브리츠인터내셔널 Fit9 Pro,"정품_79,800","정품_79,800","정품_79,800","정품_79,800","정품_79,790","정품_79,790"
74488868,Britz 브리츠인터내셔널 InbudsTWS5,0,0,"정품_34,900","정품_34,900","정품_34,890","정품_34,890"
122692773,Britz 브리츠인터내셔널 Inspire5,"정품_22,470","정품_22,440","정품_22,370","정품_22,310","정품_22,190","정품_22,110"
106701911,Britz 브리츠인터내셔널 Ironcuve,0,0,"69,900","69,900","69,900","69,900"
124351551,Britz 브리츠인터내셔널 MAX10BT,"블랙_47,130|아이보리_47,130","블랙_47,130|아이보리_47,130","블랙_47,130|아이보리_47,130","블랙_47,130|아이보리_47,130","블랙_47,130|아이보리_47,130","블랙_47,130|아이보리_47,130"
103187966,Britz 브리츠인터내셔널 MAX30BT 노이즈캔슬링 블루투스 무선 헤드폰 ANC,"정품_89,000","정품_89,000","정품_89,000","정품_89,000","정품_89,000","정품_89,000"
16400804,Britz 브리츠인터내셔널 Minipop,0,0,0,0,"32,900","32,900"
17393654,Britz 브리츠인터내셔널 P20GX,"22,990","23,000","23,000","23,000","23,000","23,000"
5926705,Britz 브리츠인터내셔널 P510GX,"정품_18,000","정품_18,000","정품_18,000","정품_18,000","정품_18,000","정품_18,000"
6347664,Britz 브리츠인터내셔널 PH22,"23,970","23,970","23,970","23,970","23,970","23,970"
31949270,Britz 브리츠인터내셔널 ProPods9 ANC,"39,900","39,900","39,900",0,0,0
122649037,Britz 브리츠인터내셔널 Radius7,"정품_93,070","정품_93,070","정품_93,060","정품_93,060","정품_93,050","정품_93,050"
73696949,Britz 브리츠인터내셔널 Realfit5,"정품_47,900","정품_47,900","정품_47,900","정품_47,900","정품_47,900","정품_47,900"
16008971,Britz 브리츠인터내셔널 StormTWS7,"정품_32,900","정품_32,900","정품_32,900","정품_32,900","정품_32,890","정품_32,890"
80715524,CORSAIR HS80 게이밍 헤드셋 전용 이어패드,"1쌍_10,840","1쌍_10,840","1쌍_10,840","1쌍_10,840","1쌍_10,840","1쌍_10,840"
5557920,CORSAIR ST100 RGB 프리미엄 헤드셋 거치대,"정품_80,630|해외구매_104,760","정품_80,630|해외구매_105,360","정품_80,630|해외구매_105,360","정품_80,630|해외구매_105,360","정품_80,630|해외구매_105,360","정품_80,630|해외구매_105,370"
93914345,CORSAIR VOID v2 게이밍 헤드셋 메쉬 이어패드,"블랙_13,890|화이트_11,670","블랙_13,890|화이트_11,670","블랙_13,890|화이트_11,670","블랙_13,890|화이트_11,670","블랙_13,890|화이트_11,670","블랙_13,890|화이트_11,670"
12107798,COX CGR100ANC,"9,890","9,890","9,890","9,890","9,890","9,890"
98766377,COX KIWICOX 카콕자 베릴륨 드라이버 이어폰,"그린_51,000|레드_151,000|블루_51,000|퍼플_51,000","그린_51,000|레드_151,000|블루_51,000|퍼플_51,000","그린_51,000|레드_151,000|블루_51,000|퍼플_51,000","그린_51,000|레드_151,000|블루_51,000|퍼플_51,000","그린_51,000|레드_151,000|블루_51,000|퍼플_51,000","그린_51,000|레드_151,000|블루_51,000|퍼플_51,000"
91351922,CVJ 어쌔신,"정품_75,580|해외구매_61,480","정품_75,580|해외구매_61,480","정품_75,530|해외구매_61,480","정품_75,400|해외구매_61,480","정품_75,280|해외구매_61,480","정품_75,220|해외구매_61,480"
15502562,Creative OUTLIER AIR V2,"정품_109,000","정품_109,000","정품_109,000","정품_109,000","정품_109,000","정품_109,000"
20656886,Creative Outlier Free Pro,"정품_143,000|해외구매_280,270","정품_143,000|해외구매_280,270","정품_143,000|해외구매_280,270","정품_143,000|해외구매_280,270","정품_143,000|해외구매_280,270","정품_143,000|해외구매_280,270"
57305705,Creative ZEN AIR PRO,"정품_82,770|해외구매_79,390","정품_82,770|해외구매_79,390","정품_89,000|해외구매_79,390","정품_89,000|해외구매_79,390","정품_89,000|해외구매_79,390","정품_89,000|해외구매_79,390"
66138872,Creative ZEN AIR SXFI,"정품_82,770|해외구매_168,240","정품_82,770|해외구매_168,240","정품_82,770|해외구매_168,240","정품_82,770|해외구매_168,240","정품_82,770|해외구매_168,240","정품_89,000|해외구매_168,240"
32855384,Creative ZEN HYBRID PRO,"정품_138,570|해외구매_184,680","정품_138,570|해외구매_184,680","정품_138,570|해외구매_184,680","정품_138,570|해외구매_184,680","정품_138,570|해외구매_184,680","정품_149,000|해외구매_184,680"
68246453,Creative ZEN HYBRID SXFi,"정품_99,000|해외구매_124,440","정품_99,000|해외구매_124,440","정품_99,000|해외구매_124,440","정품_99,000|해외구매_124,440","정품_99,000|해외구매_124,440","정품_99,000|해외구매_124,440"
74123903,DAICOO S3,"정품_26,670","정품_26,670",0,0,0,0
80548256,DOPE L6,"정품_32,250","정품_32,220","정품_32,100","정품_31,970","정품_31,850","정품_31,840"
2012701,DOXX DX-01,"정품_4,000","정품_4,000","정품_4,000","정품_4,000","정품_4,000","정품_4,000"
2516421,DOXX DX-02,"정품_3,500","정품_3,500","정품_3,500","정품_3,500","정품_3,500","정품_3,500"
2516598,DOXX DX-100,"정품_8,620","정품_9,000","정품_9,000","정품_9,000","정품_9,000","정품_9,000"
2516682,DOXX DX-200,"정품_2,500","정품_2,500","정품_2,500","정품_2,500","정품_2,500","정품_2,500"
4392581,DOXX DX-A05,"정품_6,000","정품_6,000","정품_6,000","정품_6,000","정품_6,000","정품_6,000"
5902175,DOXX DX-A06,"정품_12,060",0,"정품_12,070","정품_12,070","정품_12,070","정품_11,326"
15693143,DOXX DX-CE100,"9,900",0,"9,900","9,900","9,900","9,900"
100842491,DOXX DX-EARCAP,"3쌍_1,455","3쌍_1,455","3쌍_1,455","3쌍_1,455","3쌍_1,455","3쌍_1,455"
13955303,DOXX DX-TWScolor,"28,280",0,"28,280",0,"28,280",0
3458410,DOXX 이어폰 파우치 DX-A10,"3,630","3,630","3,630","3,630","3,630","3,630"
3410745,DS-4989,"정품_3,000","정품_3,000","정품_3,000","정품_3,000","정품_3,000","정품_3,000"
122694621,DUNU Gizaudio Davinci,"정품_601,440",0,0,0,0,0
122695616,ENZO 크리스탈 인이어 유선 이어폰,"정품_19,080",0,"정품_19,080","정품_19,080",0,"정품_19,080"
13578926,EPOS 젠하이저 GTW 270 하이브리드,0,0,0,0,0,"정품_556,810|해외구매_177,960"
97411337,ESR 에어팟 프로3 할로락 플릭 락 맥세이프 케이스,"정품_29,650","정품_29,650",0,0,0,0
63470660,FiiO FF1,"정품_39,500|해외구매_35,100","정품_39,500|해외구매_35,100","정품_39,500|해외구매_35,100","정품_39,500|해외구매_35,100","정품_39,500|해외구매_35,100","정품_39,500|해외구매_35,100"
77312591,FiiO FT1,"정품_230,000|해외구매_163,387","정품_230,000|해외구매_163,380","정품_230,000|해외구매_163,380","정품_230,000|해외구매_163,380","정품_230,000|해외구매_163,380","정품_230,000|해외구매_162,150"
77787068,FiiO FT1 PRO,"정품_314,860|해외구매_221,210","정품_314,770|해외구매_221,210","정품_314,660|해외구매_221,210","정품_314,580|해외구매_221,210","정품_314,520|해외구매_221,210","정품_314,460|해외구매_221,210"
97476449,FiiO FT7,"정품_1,090,000|해외구매_901,650","정품_1,090,000|해외구매_908,080","정품_1,090,000|해외구매_908,080","정품_1,089,990|해외구매_908,080","정품_1,089,990|해외구매_908,080","정품_1,089,990|해외구매_908,080"
80548202,FiiO JF11,0,0,0,0,0,"정품_11,900"
95848415,FiiO SNOWSKY WIND,"정품_19,900",0,0,0,"정품_19,900","정품_19,900"
124350230,FiiO SNOWSKY WIND PRO,"정품_22,400|해외구매_32,310","정품_22,400|해외구매_32,310","정품_22,400|해외구매_32,310","정품_22,400|해외구매_32,310","정품_22,400|해외구매_32,310","정품_22,400|해외구매_30,897"
104752616,FiiO UTWS5 블루투스 이어폰 어댑터,0,0,0,0,0,"해외구매_223,050"
124046673,FiiO 무선 레트로 헤드폰 EH11,"해외구매_47,830","해외구매_47,830","해외구매_47,830","해외구매_47,830","해외구매_47,830","해외구매_47,740"
62323613,FiiO 제이드오디오 JD1 Type-C,"정품_26,300|해외구매_33,400",0,"정품_26,300|해외구매_33,400",0,0,0
63471134,FiiO 제이드오디오 JT1,"정품_92,400|해외구매_95,530","정품_92,400|해외구매_95,530","정품_92,400|해외구매_95,530","정품_92,400|해외구매_95,530","정품_92,400|해외구매_95,530","정품_92,400|해외구매_95,530"
6419065,For LG FL-E220,"6,090","6,090","6,090","6,090","6,090","6,090"
4887249,For LG FLM-H100,"정품_8,050","정품_8,050","정품_8,050","정품_8,050","정품_8,050","정품_8,050"
7734514,For LG LGC-AEP07,"7,450","7,410","7,350","7,330","7,600","7,540"
6614932,For LG LGC-AEP08,"8,330","8,320","8,800","8,790","8,330","8,320"
6063081,For LG LTA-AEP04,"9,000","9,000","9,000","9,000","9,000","9,000"
6087756,For LG LTA-AEP08,"6,500","6,500","6,500","6,500","6,500","6,500"
8809484,GT텔레콤 모비프렌 MFB-E3100 Plus,"정품_55,560","정품_55,560","정품_55,560","정품_55,560","정품_55,560",0
9563544,GT텔레콤 모비프렌 마블 MFB-E3300,"정품_54,960","정품_54,960","정품_54,960","정품_54,960","정품_54,960","정품_54,960"
14582744,HACC PS5 전용 헤드폰 거치대 걸이,"3,300","3,300","3,300","3,300","3,300","3,300"
124351989,HAVIT SPACE NC01T,"정품_45,000","정품_45,000","정품_45,000","정품_45,000","정품_45,000","정품_45,000"
2784291,HDC영창 YH-2000,"10,000","10,000","10,000","10,000","10,000","10,000"
1847607,HDC영창 커즈와일 YH-3000,"정품_18,800","정품_18,800","정품_18,800","정품_18,800","정품_18,800","정품_18,800"
7312465,HICKIES A1,"2,370","2,470","2,470","2,470","2,470","2,470"
5841153,HICKIES BH-HPSTD-NEWBEE,"정품_6,350","정품_6,350","정품_6,350","정품_6,350","정품_6,350","정품_6,350"
100692293,HICKIES HEG-100,"1,840","1,840","1,840","1,840","1,840","1,840"
77857088,HIFIMAN ANANDA NANO,"정품_458,990|해외구매_583,870","정품_458,990|해외구매_583,870","정품_458,990|해외구매_583,870","정품_458,990|해외구매_597,240","정품_458,990|해외구매_478,440","정품_458,990|해외구매_583,870"
78713873,HIFIMAN ANANDA V3 Stealth,0,0,0,0,"정품_349,990","정품_349,990"
77856992,HIFIMAN ARYA Organic,"정품_1,111,990|해외구매_1,242,380","정품_1,111,990|해외구매_1,242,380","정품_1,111,990|해외구매_1,242,380","정품_1,111,990|해외구매_1,393,920","정품_1,111,990|해외구매_1,242,380","정품_1,111,990|해외구매_1,105,720"
77466017,HIFIMAN ARYA Stealth,"정품_889,990|해외구매_1,098,100","정품_889,990|해외구매_1,070,100",0,"정품_889,990|해외구매_1,042,100","정품_889,990|해외구매_1,161,100",0
18017807,HIFIMAN EDITION XS,"정품_302,990|해외구매_280,480","정품_302,990|해외구매_280,440","정품_302,990|해외구매_280,330","정품_302,990|해외구매_280,260","정품_302,990|해외구매_280,210","정품_293,000|해외구매_280,140"
97227203,HIFIMAN EDITION XV,"정품_516,050|해외구매_565,720","정품_516,050|해외구매_565,720","정품_516,040|해외구매_565,720","정품_516,040|해외구매_565,720","정품_516,030|해외구매_565,720","정품_516,030|해외구매_565,720"
123981342,HIFIMAN HE-6 Remastered,"정품_3,170,000","정품_3,170,000","정품_3,170,000","정품_3,170,000","정품_3,170,000","정품_3,170,000"
78713789,HIFIMAN HE1000 Stealth,"정품_1,389,990","정품_1,389,990","정품_1,389,990","정품_1,389,990","정품_1,389,990","정품_1,389,990"
77786348,HIFIMAN HE1000se,"정품_2,133,760","정품_2,133,760","정품_2,133,760","정품_2,133,760","정품_2,133,760","정품_2,133,760"
16726931,HIFIMAN HE400SE 스텔스 마그넷,"정품_98,700|해외구매_100,610","정품_98,700|해외구매_100,610","정품_98,690|해외구매_100,610","정품_98,690|해외구매_100,610","정품_98,680|해외구매_100,610","정품_94,900|해외구매_98,520"
12678869,HIFIMAN SUNDARA,"정품_189,000|해외구매_344,260","정품_189,000|해외구매_344,260","정품_189,000|해외구매_349,720","정품_189,000|해외구매_349,720","정품_189,000|해외구매_330,900","정품_189,000|해외구매_340,530"
81062882,HP 폴리 보이저 레전드 50,"정품_169,000|해외구매_103,670",0,"정품_169,000|해외구매_103,660","정품_169,000|해외구매_103,660","정품_169,000|해외구매_103,660","정품_169,000|해외구매_103,660"
94937315,ID221 MOTO A1M,"정품_67,000","정품_67,000","정품_67,000","정품_67,000","정품_67,000",0
10104786,INTRO TWS-501,"19,771","19,771","19,771","19,771","19,771","19,771"
72754154,IZNC N3,"정품_5,900","정품_5,900","정품_5,900","정품_5,900",0,0
3046952,JAVIS JV-200,"정품_9,220","정품_9,220","정품_9,220","정품_9,220","정품_9,220","정품_9,220"
101074589,JBL ENDURANCE PEAK3,0,0,0,0,0,"해외구매_122,090"
5706718,JBL Focus 100,"정품_17,310","정품_17,250",0,0,0,0
72303479,JBL JR320BT,"정품_30,620","정품_30,620","정품_30,620","정품_30,620","정품_30,620","정품_30,620"
45252281,JBL LIVE 670NC,"정품_135,945|해외구매_172,800","정품_137,376|해외구매_172,800","정품_139,920|해외구매_172,800","정품_139,920|해외구매_172,800","정품_139,920|해외구매_172,800","정품_136,535|해외구매_172,800"
123994401,JBL LIVE 680NC,"정품_159,280|해외구매_177,170","정품_159,280|해외구매_175,700","정품_159,280|해외구매_175,590","정품_159,280|해외구매_170,440","정품_159,280|해외구매_170,320","정품_159,280|해외구매_170,320"
56151716,JBL LIVE 770NC,"정품_153,045|해외구매_150,410","정품_154,650|해외구매_157,990","정품_157,510|해외구매_157,990","정품_157,510|해외구매_157,990","정품_157,510|해외구매_157,990","정품_154,967|해외구매_157,990"
123972877,JBL LIVE 780NC,"정품_183,920|해외구매_251,080","정품_183,920|해외구매_251,070","정품_183,920|해외구매_242,970","정품_183,920|해외구매_242,970","정품_183,920|해외구매_242,960","정품_183,920|해외구매_242,960"
124337029,JBL LIVE BEAM 4,"정품_245,050","정품_245,050","정품_245,050","정품_245,050","정품_245,050","정품_245,050"
124259552,JBL LIVE BUDS 4,"정품_245,050|해외구매_260,900","정품_245,050|해외구매_260,900","정품_245,050|해외구매_255,120","정품_245,050|해외구매_278,990","정품_245,050|해외구매_278,990","정품_245,050|해외구매_278,990"
17790365,JBL QUANTUM 50,"정품_50,320","정품_50,320",0,"정품_50,320","정품_50,320","정품_50,320"
73693946,JBL QUANTUM 50C,"정품_39,520","정품_39,510","정품_39,510","정품_39,510","정품_39,510","정품_39,510"
73693430,JBL QUANTUM TWS AIR,"정품_93,986|해외구매_268,900","정품_93,986|해외구매_268,900","정품_93,986|해외구매_268,900","정품_93,986|해외구매_268,900","정품_94,660|해외구매_268,900","정품_88,821|해외구매_268,900"
94449398,JBL SENSE LITE,"정품_136,840|해외구매_97,330","정품_136,840|해외구매_97,270","정품_136,840|해외구매_102,820","정품_136,840|해외구매_102,820","정품_136,840|해외구매_102,820","정품_136,840|해외구매_102,820"
108219809,JBL SENSE PRO,"정품_221,470|해외구매_169,210","정품_211,990|해외구매_167,130","정품_211,990|해외구매_181,550","정품_211,990|해외구매_182,170","정품_211,990|해외구매_182,050","정품_211,990|해외구매_181,960"
107991542,JBL SOUNDGEAR CLIPS,"정품_176,170|해외구매_135,200","정품_176,170|해외구매_135,110","정품_176,170|해외구매_150,500","정품_176,170|해외구매_150,380","정품_176,170|해외구매_150,260","정품_176,170|해외구매_150,160"
122708740,JBL T215BT,"정품_40,800","정품_40,800","정품_40,800","정품_40,800","정품_40,800","정품_39,111"
91118831,JBL TOUR ONE M3 Smart Tx,"정품_279,840","정품_279,840","정품_279,840","정품_279,840","정품_279,840","정품_279,840"
69468491,JBL TOUR PRO 3,"정품_289,000|해외구매_263,910","정품_289,000|해외구매_263,910","정품_289,000|해외구매_263,910","정품_289,000|해외구매_263,910","정품_289,000|해외구매_263,910","정품_289,000|해외구매_263,910"
13958216,JBL TUNE 215BT,"정품_39,340","정품_39,340","정품_39,340","정품_39,340","정품_39,340","정품_39,340"
56150825,JBL TUNE 310C,0,"정품_30,943|해외구매_35,800","정품_30,943|해외구매_35,800","정품_30,943|해외구매_35,800","정품_30,943|해외구매_35,800","정품_28,710|해외구매_35,800"
15252755,JBL TUNE 510BT,0,0,0,0,"정품_39,900|해외구매_64,330","정품_39,900|해외구매_64,320"
20320745,JBL TUNE 520BT,0,0,"정품_48,900|해외구매_63,990","정품_48,900|해외구매_63,990","정품_48,900|해외구매_63,990","정품_48,900|해외구매_62,010"
106709963,JBL TUNE 530BT,"정품_47,440|해외구매_63,890","정품_47,430|해외구매_63,890","정품_47,430|해외구매_63,890","정품_47,430|해외구매_63,890","정품_47,430|해외구매_63,890","정품_46,710|해외구매_63,890"
20758100,JBL TUNE 720BT,"정품_70,850|해외구매_98,990","정품_70,850|해외구매_98,990","정품_70,850|해외구매_100,600","정품_70,850|해외구매_100,600","정품_70,850|해외구매_100,600","정품_69,590|해외구매_92,830"
122629369,JBL TUNE 730BT,"정품_96,710|해외구매_115,280","정품_96,710|해외구매_113,540","정품_96,710|해외구매_113,460","정품_96,710|해외구매_110,140","정품_96,710|해외구매_110,070","정품_95,800|해외구매_110,070"
27888011,JBL TUNE 770NC,"정품_112,617|해외구매_90,300","정품_112,617|해외구매_136,490","정품_112,617|해외구매_136,440","정품_112,617|해외구매_136,370","정품_112,617|해외구매_136,310","정품_106,100|해외구매_136,240"
75859001,JBL TUNE BEAM 2,"정품_89,000|해외구매_132,490","정품_89,000|해외구매_132,490","정품_89,000|해외구매_132,490","정품_89,000|해외구매_132,490","정품_89,000|해외구매_132,490","정품_89,000|해외구매_132,490"
75859052,JBL TUNE BUDS 2,"정품_89,000|해외구매_85,710","정품_89,000|해외구매_85,710","정품_89,000|해외구매_85,710","정품_89,000|해외구매_85,710","정품_89,000|해외구매_85,710","정품_89,000|해외구매_85,710"
101070620,JBL TUNE FLEX,"해외구매_93,490","해외구매_93,490","해외구매_93,490","해외구매_93,490","해외구매_93,490","해외구매_93,490"
75858869,JBL WAVE BEAM 2,"정품_43,820|해외구매_66,990","정품_43,820|해외구매_66,990","정품_43,820|해외구매_66,990","정품_43,820|해외구매_66,990","정품_43,820|해외구매_66,990","정품_43,820|해외구매_60,590"
75858776,JBL WAVE BUDS 2,"정품_54,900|해외구매_88,800","정품_54,900|해외구매_88,800","정품_54,900|해외구매_88,800","정품_54,900|해외구매_88,800","정품_54,900|해외구매_88,800","정품_54,900|해외구매_88,800"
2003344,JLAB JBuds J2,"정품_5,340","정품_5,340","정품_5,340","정품_5,340","정품_5,340","정품_5,340"
7341241,KALRON 이어팁 + 메모리 폼팁,"6쌍_9,900","6쌍_9,900","6쌍_9,900","6쌍_9,900","6쌍_9,900","6쌍_9,900"
32845865,KEFINE Klanar,0,"3.5mm, 정품_172,310|3.5mm, 해외구매_140,110","3.5mm, 정품_172,310|3.5mm, 해외구매_140,070",0,"3.5mm, 정품_172,310|3.5mm, 해외구매_139,890",0
13611545,KOSS KPH30i,"정품_44,290","정품_46,790","정품_44,290","정품_44,290","정품_46,790","정품_46,790"
18676445,KOSS KPH40 Utility,"정품_59,890|해외구매_62,400","정품_59,890|해외구매_62,400","정품_59,890|해외구매_62,400","정품_59,890|해외구매_62,400","정품_59,890|해외구매_62,400","정품_59,890|해외구매_62,400"
2645672,KOSS KPH7,"해외구매_14,760","해외구매_14,760","해외구매_14,760","해외구매_14,760","해외구매_14,760","해외구매_14,760"
14292530,KOSS KSC35,"정품_65,000|해외구매_100,590|벌크_68,690","정품_65,000|해외구매_100,590|벌크_68,690","정품_65,000|해외구매_100,590|벌크_68,690","정품_65,000|해외구매_100,590|벌크_68,690","정품_65,000|해외구매_100,590|벌크_68,690","정품_65,000|해외구매_100,590|벌크_68,690"
789993,KOSS KSC75,"정품_28,400|해외구매_37,200","정품_28,400|해외구매_37,200","정품_28,400|해외구매_37,200","정품_28,400|해외구매_37,200","정품_28,400|해외구매_37,200","정품_28,400|해외구매_37,200"
4150712,KOSS Porta Pro,"정품_60,160|해외구매_50,040","정품_60,160|해외구매_50,040","정품_60,800|해외구매_50,040","정품_60,800|해외구매_50,040","정품_60,800|해외구매_50,040","정품_60,800|해외구매_51,430"
95060096,KOSS Porta Pro Wireless,"정품_119,000|해외구매_154,980","정품_119,000|해외구매_154,920","정품_119,000|해외구매_154,880","정품_119,000|해외구매_154,810","정품_119,000|해외구매_154,800","정품_119,000|해외구매_154,790"
14299073,KSC75 KSC35 호환용 파츠익스프레스 헤어밴드,"10,990","10,990","10,990","10,990",0,"10,990"
99478715,KZ CASTOR,"마이크X, 해외구매_20,510","마이크X, 해외구매_20,510","마이크X, 해외구매_20,510","마이크X, 해외구매_20,510","마이크X, 해외구매_20,510","마이크X, 해외구매_20,510"
123846808,KZ Carol Pro,"해외구매_40,370","해외구매_39,080","해외구매_40,800","해외구매_40,740","해외구매_39,390","해외구매_40,800"
123668312,KZ Gale,"해외구매_13,860","해외구매_13,860","해외구매_13,860","해외구매_13,860",0,0
123846776,KZ KZ AS16 Pro,"해외구매_50,770","해외구매_50,770","해외구매_50,770","해외구매_50,770","해외구매_52,870","해외구매_52,870"
14857379,KZ KZ-ZSN Pro X,"해외구매_23,500","해외구매_23,500","해외구매_23,500","해외구매_23,500",0,0
122700942,LETSHUOER S12 PRO,"해외구매_192,190","해외구매_192,190","해외구매_196,460","해외구매_196,460","해외구매_196,460","해외구매_196,460"
4838237,LG U+ SU-100,"정품_6,890","정품_6,890","정품_6,890","정품_6,890","정품_6,890","정품_6,890"
21570113,LG전자 Sleepwave 브리즈 brid.zzz SLDHF1,0,0,0,0,0,"정품_232,730"
19763744,LG전자 TONE Free 이어젤 COA01245720,"3쌍_9,290","3쌍_9,290","3쌍_9,290","3쌍_9,290","3쌍_9,290","3쌍_9,290"
5241194,LG전자 Tone+ HBS-510,"정품_93,000","정품_93,000","정품_93,000","정품_93,000","정품_93,000","정품_93,000"
9618300,LG전자 Tone+ HBS-PL5,0,0,0,"1,047,090",0,0
16474829,LG전자 Tone+ TONE-TNP3,0,"1,288,790","1,288,790","1,288,790","1,288,790","1,288,790"
73693094,LG전자 엑스붐 버즈,"정품_119,830","정품_119,810","정품_119,700","정품_119,570","정품_119,450","정품_119,350"
97705973,LG전자 엑스붐 버즈 라이트,"정품_85,640","정품_85,550","정품_85,400","정품_85,270","정품_85,150","정품_85,070"
97706114,LG전자 엑스붐 버즈 플러스,"정품_166,070","정품_166,000","정품_165,880","정품_165,750","정품_165,640","정품_165,560"
124362995,LG전자 톤프리 HBS-TFN5 충전 케이스 COA01245403,"72,600","72,600","72,600","72,600","72,600","72,600"
124363071,LG전자 톤프리 HBS-TFN5 충전 케이스 COA01245406,"72,600","72,600","72,600","72,600","72,600","72,600"
17738081,LG전자 톤프리 TONE-UT90Q,"223,040","223,020","222,960","222,900","222,840","222,820"
62795744,LG전자 톤프리 TONE-UT90Q 충전 케이스,"85,290","85,290","85,290",0,0,0
32067905,LG전자 톤프리 TONE-UT90S,"정품_179,000","정품_179,000","정품_179,000","정품_179,000","정품_179,000","정품_194,990"
76791440,MAXTILL GM-8D100,"정품_23,310","정품_23,310","정품_23,310","정품_23,310","정품_23,310","정품_23,310"
16618199,MAXTILL GM-P200B,"29,800","29,800","29,800","29,800","29,800","29,800"
122657969,MAXTILL MW-BTAE20 ANC,"38,990",0,"38,990",0,"38,990",0
18323294,MEZE AUDIO 109 PRO,"정품_1,173,900|해외구매_1,423,000","정품_1,173,900|해외구매_1,423,000",0,0,"정품_1,173,900|해외구매_1,423,000","정품_1,173,900|해외구매_1,423,000"
86101388,MEZE AUDIO ALBA,"정품_198,000","정품_198,000",0,0,0,0
77465618,MEZE AUDIO LIRIC II,"정품_2,969,990","정품_2,969,990",0,0,0,0
123731633,MEZE AUDIO STRADA,"정품_1,230,000","정품_984,000","정품_984,000","정품_984,000","정품_984,000","정품_984,000"
54959189,MONKA BE-965,0,0,0,0,0,"68,890"
10306470,MSI HS01 헤드셋 거치대,"해외구매_37,800","해외구매_37,800","해외구매_37,800","해외구매_37,800","해외구매_37,800","해외구매_37,800"
123730691,MUJI MH1,"해외구매_73,200","해외구매_73,200","해외구매_73,200","해외구매_73,200","해외구매_73,200","해외구매_73,200"
122724781,NEX Q10,"25,830","25,830","25,830","25,830","25,830","25,830"
32088143,NiceHCK EB2S Pro,0,"3.5mm, 마이크X, 해외구매_34,400",0,0,"3.5mm, 마이크X, 해외구매_34,400","3.5mm, 마이크X, 해외구매_34,400"
27575027,NiceHCK NX7 MK4,"3.5mm, 해외구매_141,060|4.4mm, 해외구매_177,000","3.5mm, 해외구매_141,060|4.4mm, 해외구매_177,000","3.5mm, 해외구매_141,060|4.4mm, 해외구매_177,000","3.5mm, 해외구매_141,060|4.4mm, 해외구매_177,000","3.5mm, 해외구매_141,060|4.4mm, 해외구매_177,000","3.5mm, 해외구매_141,060|4.4mm, 해외구매_177,000"
62161217,Nothing CMF Buds Pro 2,"정품_79,000|해외구매_79,000","정품_79,000|해외구매_79,000","정품_74,260|해외구매_79,000","정품_74,260|해외구매_79,000","정품_74,260|해외구매_79,000","정품_79,000|해외구매_79,000"
99479483,Nothing CMF Headphone Pro,0,0,0,"정품_121,260|해외구매_139,890","정품_121,260|해외구매_139,890","정품_121,260|해외구매_139,890"
51549122,Nothing Ear,"정품_247,200|해외구매_119,490","정품_247,200|해외구매_119,490","정품_247,200|해외구매_122,120","정품_247,200|해외구매_122,120","정품_247,200|해외구매_122,120","정품_247,200|해외구매_113,360"
99127763,Nothing Ear (3),"정품_219,000|해외구매_376,800","정품_219,000|해외구매_376,800","정품_219,000|해외구매_376,800","정품_219,000|해외구매_376,800","정품_219,000|해외구매_376,800","정품_219,000|해외구매_376,800"
51548801,Nothing Ear (a),"정품_99,000|해외구매_90,400","정품_99,000|해외구매_90,400","정품_93,060|해외구매_90,450","정품_93,060|해외구매_90,450","정품_93,060|해외구매_90,450","정품_99,000|해외구매_90,450"
72472355,Nothing Ear (open),0,0,"정품_158,860|해외구매_162,420",0,0,"정품_159,000|해외구매_154,064"
95285384,Nothing Headphone (1),0,0,0,"정품_395,010","정품_395,010","정품_389,000"
122724759,QCY AilyBuds Clear QT32,"2개, 해외구매_23,040|해외구매_13,800","2개, 해외구매_23,040|해외구매_13,800","2개, 해외구매_23,040|해외구매_13,800","2개, 해외구매_23,040|해외구매_13,800","2개, 해외구매_23,040|해외구매_13,800","2개, 해외구매_23,820|해외구매_13,800"
78240839,QCY AilyBuds E10 QT35,"해외구매_17,570","해외구매_17,570","해외구매_17,570","해외구매_17,570","해외구매_17,570","해외구매_17,570"
86101646,QCY AilyBuds E20 HT13,0,"해외구매_17,700","해외구매_17,700","해외구매_17,700","해외구매_17,700","해외구매_18,300"
54963269,QCY AilyBuds Lite QT29,0,"정품_26,900|해외구매_18,860","정품_26,900|해외구매_18,850","정품_26,900|해외구매_18,850",0,"정품_26,900|해외구매_18,830"
64468826,QCY AilyBuds Pro HT10,"정품_39,900|해외구매_47,500","정품_39,900|해외구매_47,500","정품_39,900|해외구매_47,500","정품_39,900|해외구매_47,500","정품_39,900|해외구매_47,500","정품_39,900|해외구매_47,500"
64468982,QCY AilyBuds Pro+ HT10-Hires,"정품_46,990|해외구매_48,260","정품_46,990|해외구매_48,260","정품_46,990|해외구매_48,260","정품_46,990|해외구매_50,440","정품_46,990|해외구매_50,440","정품_46,990|해외구매_50,440"
122688176,QCY AilyBuds T35,"정품_26,900","정품_26,900","정품_26,900","정품_26,900","정품_26,900","정품_26,900"
28370681,QCY ArcBuds HT07,0,0,0,0,0,"정품_78,990|해외구매_39,910"
30257801,QCY C1,"정품_19,900","정품_19,900","정품_19,900","정품_19,900","정품_19,900","정품_19,900"
20640557,QCY C2,0,0,"해외구매_53,400",0,0,0
73695026,QCY Crossky C30 T33,"정품_39,900|해외구매_44,740","정품_39,900|해외구매_44,740","정품_39,900|해외구매_44,740","정품_39,900|해외구매_44,740","정품_39,900|해외구매_44,740","정품_39,900|해외구매_44,740"
78241076,QCY Crossky C30S,"해외구매_36,990","해외구매_36,990","해외구매_36,990","해외구매_36,990","해외구매_36,990","해외구매_36,990"
123807035,QCY Crossky C50,"정품_54,900|해외구매_43,020","정품_54,900|해외구매_43,020","정품_54,900|해외구매_43,020","정품_54,900|해외구매_43,020","정품_54,900|해외구매_43,020","정품_54,900|해외구매_44,060"
123971895,QCY Crossky C50i,"2개, 해외구매_81,680|해외구매_36,440","2개, 해외구매_81,680|해외구매_36,440","2개, 해외구매_81,680|해외구매_36,440","2개, 해외구매_81,680|해외구매_36,440","2개, 해외구매_81,680|해외구매_36,440","2개, 해외구매_79,940|해외구매_37,620"
65910779,QCY Crossky GTR2 T30,"정품_33,500|해외구매_31,070","정품_33,500|해외구매_31,070","정품_33,500|해외구매_31,070","정품_33,500|해외구매_31,070","정품_33,500|해외구매_31,070","정품_33,500|해외구매_32,110"
21533051,QCY Crossky Link T22,"정품_26,500","정품_26,500","정품_26,500","정품_26,500","정품_26,500","정품_26,500"
91494776,QCY Crossky R70,"해외구매_68,400","해외구매_68,400","해외구매_68,390","해외구매_68,390","해외구매_68,390","해외구매_68,390"
122724862,QCY Era 7,"해외구매_18,610","해외구매_18,610","해외구매_18,610","해외구매_18,610","해외구매_18,610","해외구매_19,220"
28370867,QCY H2 PRO,"정품_27,480|해외구매_33,230","정품_27,500|해외구매_33,230","정품_27,500|해외구매_33,230","정품_27,500|해외구매_33,230","정품_27,500|해외구매_33,230","정품_27,500|해외구매_32,570"
31959515,QCY H3,"정품_42,900|해외구매_44,460","정품_42,900|해외구매_44,460","정품_42,900|해외구매_44,460","정품_42,900|해외구매_47,630","정품_42,900|해외구매_47,630","정품_42,900|해외구매_44,800"
79400474,QCY H3 Pro,"정품_54,460|해외구매_65,400","정품_54,460|해외구매_65,400","정품_54,460|해외구매_54,190","정품_54,890|해외구매_54,190","정품_54,830|해외구매_54,190","정품_54,760|해외구매_54,190"
98548913,QCY H3S,"해외구매_47,560","해외구매_47,560","해외구매_47,560","해외구매_47,560","해외구매_47,560","해외구매_49,140"
124276980,QCY H3S EXTREME ANC,"정품_54,460","정품_54,460","정품_54,410","정품_54,280","정품_54,160","정품_54,080"
30257669,QCY H4,"정품_49,900|해외구매_67,290","정품_49,900|해외구매_67,290","정품_49,900|해외구매_67,290","정품_49,900|해외구매_67,290","정품_49,900|해외구매_67,290","정품_49,900|해외구매_67,290"
106693007,QCY MeloBuds N20,"해외구매_25,500","해외구매_25,500","해외구매_25,500","해외구매_25,500","해외구매_25,500","해외구매_25,500"
92968457,QCY MeloBuds N30 HT16,"정품_25,800|해외구매_29,900","정품_25,800|해외구매_29,900","정품_25,800|해외구매_29,900","정품_25,800|해외구매_29,900","정품_25,800|해외구매_29,900","정품_25,800|해외구매_29,900"
78239669,QCY MeloBuds N50 HT12,"정품_30,900","정품_30,900","정품_28,860","정품_28,860","정품_28,850",0
100190570,QCY MeloBuds N60 HT19,"해외구매_46,900","해외구매_46,900","해외구매_46,900","해외구매_46,900","해외구매_46,900","해외구매_46,900"
95423273,QCY MeloBuds N70 HT18,"해외구매_78,210","해외구매_78,210","해외구매_78,210","해외구매_78,210","해외구매_78,210","해외구매_78,210"
71645780,QCY MeloBuds Pro HT08,"정품_46,900|해외구매_47,904","정품_46,900|해외구매_47,904","정품_46,900|해외구매_47,904","정품_46,900|해외구매_47,904","정품_46,900|해외구매_47,904","정품_46,900|해외구매_44,910"
104940635,QCY RACE,"정품_48,500","정품_48,500","정품_48,500","정품_48,500","정품_48,500","정품_48,500"
15071006,QCY T13,"정품_24,300|해외구매_20,740","정품_24,300|해외구매_20,740","정품_24,300|해외구매_20,740","정품_24,300|해외구매_20,740","정품_24,300|해외구매_20,740","정품_24,300|해외구매_20,740"
19927838,QCY T13 ANC,"정품_28,200|해외구매_35,330","정품_28,200|해외구매_35,330","정품_28,200|해외구매_35,330","정품_28,200|해외구매_35,330","정품_28,200|해외구매_35,330","정품_28,200|해외구매_35,330"
52367075,QCY T13 ANC 2,"정품_28,900|해외구매_38,320","정품_28,900|해외구매_38,320","정품_28,900|해외구매_38,320","정품_28,900|해외구매_38,320","정품_28,900|해외구매_38,320","정품_28,900|해외구매_38,320"
30257405,QCY T13X,"정품_25,900|해외구매_37,990","정품_25,900|해외구매_37,990","정품_25,900|해외구매_37,990","정품_25,900|해외구매_37,990","정품_25,900|해외구매_37,990","정품_25,900|해외구매_37,990"
16818110,QCY T17,"정품_34,300|해외구매_31,890","정품_34,300|해외구매_34,160","정품_34,300|해외구매_32,680",0,0,0
96258452,QCY T41 AIR,"정품_27,270","정품_27,270","정품_27,260","정품_27,260","정품_27,250","정품_27,250"
94814210,QCY T43 Buds,"정품_19,900","정품_19,900","정품_19,900","정품_19,900","정품_19,900","정품_19,900"
88133408,QKZ AK6,"병행수입_9,210|해외구매_7,160",0,0,0,0,0
124087049,RAZER 베이스 스테이션 V3 크로마 헤드셋 거치대,"139,000","139,000","139,000","139,000","139,000","139,000"
3007852,REAL RL-500,"3,500","3,500","3,500","3,500","3,500","3,500"
3006766,REAL RL-700,"정품_4,700","정품_4,700","정품_4,700","정품_4,700","정품_4,700","정품_4,700"
28865090,ROYCHE BTH-910,0,0,0,"14,800","14,800","14,800"
94934597,Razer Hammerhead V3,"블랙_79,000|화이트_79,000","블랙_79,000|화이트_79,000","블랙_79,000|화이트_79,000","블랙_79,000|화이트_79,000","블랙_79,000|화이트_79,000","블랙_79,000|화이트_79,000"
122634182,Razer Hammerhead V3 HyperSpeed,"정품_229,000","정품_229,000","정품_229,000","정품_229,000","정품_229,000","정품_229,000"
122628299,Razer Hammerhead V3 X HyperSpeed,"정품_139,000|해외구매_181,080","정품_139,000|해외구매_181,080","정품_139,000|해외구매_181,080","정품_139,000|해외구매_181,080","정품_139,000|해외구매_181,080","정품_139,000|해외구매_181,080"
123537759,Razer Hammerhead V3 X HyperSpeed for PlayStation,"정품_159,000","정품_159,000","정품_159,000","정품_159,000","정품_159,000","정품_159,000"
123537698,Razer Hammerhead V3 X HyperSpeed for Xbox,"정품_159,000","정품_159,000","정품_159,000","정품_159,000","정품_159,000","정품_159,000"
21691085,Razer Moray,"정품_199,000|해외구매_118,170","정품_199,000|해외구매_118,170","정품_199,000|해외구매_118,170","정품_199,000|해외구매_118,170","정품_199,000|해외구매_118,170","정품_199,000|해외구매_118,170"
1813633,SHOWER SH-i30,"정품_6,900","정품_6,900","정품_6,900","정품_6,900","정품_6,900","정품_6,900"
3422584,SHOWER SHi90,"정품_12,270","정품_12,240","정품_12,180","정품_12,170","정품_12,110","정품_12,050"
12650738,SICRON SM-100BT,"20,613","20,613","20,613","20,613","20,613","20,613"
37825949,SIE 플레이스테이션 PULSE Explore,"정품_226,000|해외구매_255,990","정품_226,000|해외구매_255,990","정품_226,000|해외구매_255,990","정품_229,000|해외구매_255,990","정품_226,000|해외구매_255,990","정품_226,000|해외구매_255,990"
71722082,SIMGOT EA500 DSP,"정품_113,290|해외구매_66,220","정품_111,000|해외구매_66,220","정품_111,000|해외구매_66,220","정품_107,430|해외구매_66,220","정품_107,430|해외구매_66,220","정품_107,430|해외구매_66,220"
46100522,SIMGOT EA500 LM,"해외구매_109,100",0,0,0,0,0
52065650,SIMGOT EA500 LM,0,"정품_108,470|해외구매_109,100","정품_108,470|해외구매_109,100","정품_108,470|해외구매_109,100","정품_108,470|해외구매_109,100","정품_108,470|해외구매_110,300"
103517513,SIMGOT EG280,"정품_99,000","정품_97,270","정품_97,270","정품_97,270","정품_97,270","정품_97,270"
79407377,SIMGOT ET142,"정품_298,990","정품_298,990","정품_298,990","정품_298,990","정품_298,990",0
25642181,SIMGOT EW100,"마이크X, 정품_23,370|마이크O, 정품_25,000|마이크X, 해외구매_30,340","마이크X, 정품_23,370|마이크O, 정품_25,000|마이크X, 해외구매_30,340","마이크X, 정품_24,110|마이크O, 정품_25,000|마이크X, 해외구매_30,340","마이크X, 정품_23,140|마이크O, 정품_25,000|마이크X, 해외구매_30,340","마이크X, 정품_23,120|마이크O, 정품_25,000|마이크X, 해외구매_30,340","마이크X, 정품_23,120|마이크O, 정품_25,000|마이크X, 해외구매_30,340"
28887641,SIMGOT EW100P,"정품_32,190|해외구매_45,510","정품_32,190|해외구매_45,510","정품_32,190|해외구매_45,510","정품_32,190|해외구매_45,510","정품_32,190|해외구매_45,510","정품_32,190|해외구매_45,510"
27891020,SIMGOT EW200,"해외구매_47,350|+LC1, 해외구매_74,559|+LC1T, 해외구매_81,201|+LC3T, 해외구매_92,275",0,0,0,0,0
24132833,SIMGOT EW200,0,"정품_56,980|해외구매_47,350|+LC1, 해외구매_74,441|+LC1T, 해외구매_81,073|+LC3T, 해외구매_92,129","정품_56,980|해외구매_47,350|+LC1, 해외구매_74,573|+LC1T, 해외구매_81,217|+LC3T, 해외구매_92,292","정품_56,980|해외구매_47,350|+LC1, 해외구매_74,573|+LC1T, 해외구매_81,217|+LC3T, 해외구매_92,292","정품_56,980|해외구매_47,350|+LC1, 해외구매_74,573|+LC1T, 해외구매_81,217|+LC3T, 해외구매_92,292","정품_56,980|해외구매_47,250|+LC1, 해외구매_74,573|+LC1T, 해외구매_81,217|+LC3T, 해외구매_92,292"
72006188,SIMGOT EW200 DSP,0,"정품_59,000","정품_59,000","정품_59,000","정품_59,000","정품_59,000"
72005879,SIMGOT EW300,"해외구매_78,085","해외구매_78,085","해외구매_78,085","해외구매_78,085","해외구매_78,085","해외구매_78,085"
72006038,SIMGOT EW300 DSP,"정품_120,000|해외구매_116,800","정품_120,000|해외구매_116,800","정품_120,000|해외구매_116,800","정품_120,000|해외구매_116,800","정품_120,000|해외구매_116,800","정품_120,000|해외구매_116,800"
104982707,SIMGOT SuperMix 5,"정품_349,000","정품_349,000","정품_349,000","정품_349,000","정품_349,000","정품_349,000"
77967047,SIVGA Anser,"정품_272,090","정품_272,090","정품_272,090","정품_272,090","정품_272,090",0
19531670,SKY 웰 헤드셋 거치대,"7,990","7,990","7,990","7,990","7,990","7,990"
72304919,SKY 핏 버스트 IM-S33ANC,0,0,"정품_19,990","정품_19,990","정품_19,990","정품_19,990"
99476360,SONY IER-EX15C,"정품_29,000|해외구매_24,000","정품_29,000|해외구매_24,000","정품_29,000|해외구매_24,000","정품_29,000|해외구매_24,000","정품_29,000|해외구매_24,000","정품_29,000|해외구매_24,000"
124259188,SONY IER-M500,"정품_148,000","정품_148,000","정품_148,000","정품_148,000","정품_148,000","정품_148,000"
28775405,SONY INZONE Buds WF-G700N,"정품_216,600|해외구매_192,020","정품_219,000|해외구매_192,020","정품_219,000|해외구매_192,020","정품_219,000|해외구매_192,020","정품_219,000|해외구매_192,020","정품_219,000|해외구매_192,020"
99739352,SONY INZONE E9 IER-G900,"정품_154,400|해외구매_195,190","정품_154,400|해외구매_195,190","정품_154,400|해외구매_195,190","정품_154,400|해외구매_195,190","정품_154,400|해외구매_195,190","정품_157,790|해외구매_195,190"
32990,SONY MDR-7506,"정품_127,990|중고_119,000|병행수입_211,990|해외구매_145,700","정품_127,990|중고_119,000|병행수입_211,990|해외구매_145,700","정품_127,990|중고_119,000|병행수입_211,990|해외구매_145,700","정품_127,990|중고_119,000|병행수입_211,990|해외구매_145,700","정품_127,990|중고_119,000|병행수입_211,990|해외구매_145,700","정품_127,990|중고_119,000|병행수입_211,990|해외구매_145,700"
3593312,SONY MDR-7506 / MDR-V6 이어패드,"7,520","7,520",0,0,0,0
2005985,SONY MDR-CD900ST,0,0,0,"해외구매_216,570","해외구매_216,570",0
1326809,SONY MDR-E9LP,"정품_6,380|해외구매_23,400","정품_6,340|해외구매_23,400","정품_6,280|해외구매_23,400","정품_6,220|해외구매_23,400","정품_6,180|해외구매_23,400","정품_6,180|해외구매_23,400"
5260102,SONY MDR-EX155AP,"정품_28,900|해외구매_32,240","정품_28,900|해외구매_32,240","정품_28,900|해외구매_35,040","정품_28,900|해외구매_35,040","정품_28,900|해외구매_35,040","정품_28,900|해외구매_35,040"
2136235,SONY MDR-EX15AP,"정품_10,210|해외구매_24,600","정품_10,210|해외구매_24,600","정품_10,200|해외구매_24,600","정품_10,200|해외구매_24,600","정품_10,190|해외구매_24,600","정품_10,190|해외구매_24,600"
5260299,SONY MDR-EX255AP,"정품_38,890|해외구매_58,000","정품_38,890|해외구매_58,000","정품_38,890|해외구매_58,000","정품_38,890|해외구매_58,000","정품_38,890|해외구매_58,000","정품_38,890|해외구매_58,000"
3130116,SONY MDR-EX650AP,"해외구매_77,910","해외구매_77,910",0,0,0,0
2005537,SONY MDR-EX800ST,"해외구매_299,000",0,0,0,0,0
68362961,SONY MDR-M1,"정품_328,000|해외구매_429,760","정품_328,000|해외구매_429,760","정품_328,000|해외구매_429,760","정품_328,000|해외구매_429,760","정품_328,000|해외구매_356,720","정품_328,000|해외구매_429,760"
19841069,SONY MDR-MV1,"정품_498,000|해외구매_390,090","정품_498,000|해외구매_392,200","정품_498,000|해외구매_395,830","정품_498,000|해외구매_385,980","정품_498,000|해외구매_385,920","정품_498,000|해외구매_385,930"
6457275,SONY MDR-Z7M2,"정품_743,060|해외구매_884,490","정품_743,060|해외구매_884,490","정품_743,060|해외구매_884,490","정품_743,060|해외구매_884,490","정품_743,060|해외구매_884,490","정품_733,070|해외구매_884,490"
2961467,SONY MDR-ZX110,"정품_21,860|해외구매_33,980","정품_21,860|해외구매_33,980",0,0,0,0
2270637,SONY MDR-ZX110AP,"정품_25,980|해외구매_24,060","정품_25,920|해외구매_24,060","정품_25,870|해외구매_24,060","정품_25,800|해외구매_48,770","정품_25,780|해외구매_24,060","정품_25,000|해외구매_21,420"
47488970,SONY ULT WEAR WH-ULT900N,"정품_212,970|해외구매_182,380|중고_163,500","정품_212,970|해외구매_182,380|중고_163,500","정품_212,960|해외구매_182,380|중고_163,500","정품_212,960|해외구매_182,380|중고_163,500","정품_212,950|해외구매_182,380|중고_163,500","정품_212,950|해외구매_177,460|중고_163,500"
14570231,SONY WF-1000XM4,"정품_199,460|해외구매_215,840","정품_199,460|해외구매_215,810","정품_199,460|해외구매_215,710","정품_199,460|해외구매_215,640","정품_199,460|해외구매_215,580","정품_199,460|해외구매_215,520"
27250154,SONY WF-1000XM5,"정품_328,970|해외구매_238,730|해외리퍼비시_239,050","정품_306,490|해외구매_238,730|해외리퍼비시_238,980","정품_306,490|해외구매_247,200|해외리퍼비시_238,940","정품_306,490|해외구매_247,130|해외리퍼비시_238,860","정품_306,490|해외구매_247,070|해외리퍼비시_238,800","정품_306,490|해외구매_238,740|해외리퍼비시_238,730"
67576301,SONY WF-1000XM5 스모키 핑크 에디션,"정품_251,700|해외리퍼비시_241,210","정품_259,200|해외리퍼비시_241,210","정품_259,200|해외리퍼비시_253,000","정품_259,200|해외리퍼비시_253,000","정품_259,200|해외리퍼비시_253,000","정품_259,200|해외리퍼비시_253,000"
106689230,SONY WF-1000XM6,"정품_459,000||해외구매_319,200|해외리퍼비시_179,300","정품_459,000||해외구매_319,200|해외리퍼비시_179,300","정품_459,000||해외구매_319,200|해외리퍼비시_179,300","정품_459,000||해외구매_319,200|해외리퍼비시_179,300","정품_459,000||해외구매_319,200|해외리퍼비시_179,300","정품_459,000||해외구매_319,200|해외리퍼비시_179,300"
65432375,SONY WF-C510,"정품_81,870|해외구매_79,790","정품_81,880|해외구매_79,790","정품_81,880|해외구매_79,790","정품_81,880|해외구매_79,790","정품_81,880|해외구매_79,790","정품_81,880|해외구매_76,810"
83297033,SONY WF-C710N,"정품_82,980|해외구매_130,230","정품_82,980|해외구매_130,230","정품_82,980|해외구매_130,230","정품_82,980|해외구매_130,230","정품_82,980|해외구매_130,230","정품_82,980|해외구매_125,580"
122677167,SONY WH-1000X THE COLLEXION,"정품_868,000|해외구매_1,015,500","정품_868,000|해외구매_1,015,500","정품_868,000|해외구매_1,015,500","정품_859,000|해외구매_1,015,500","정품_841,060|해외구매_1,015,500","정품_859,000|해외구매_1,015,500"
12003638,SONY WH-1000XM4,"정품_362,010|해외구매_301,990|해외리퍼비시_219,130","정품_362,010|해외구매_301,990|해외리퍼비시_219,130","정품_362,010|해외구매_301,990|해외리퍼비시_219,140","정품_362,010|해외구매_301,990|해외리퍼비시_219,140","정품_362,010|해외구매_301,990|해외리퍼비시_219,140","정품_362,010|해외구매_301,990|해외리퍼비시_219,140"
17229284,SONY WH-1000XM5,"정품_273,600|해외구매_295,010|해외리퍼비시_262,160","정품_273,600|해외구매_281,970|해외리퍼비시_262,100","정품_273,600|해외구매_288,550|해외리퍼비시_262,050","정품_273,600|해외구매_282,050|해외리퍼비시_261,980","정품_273,600|해외구매_288,550|해외리퍼비시_259,340","정품_273,600|해외구매_287,500|해외리퍼비시_259,340"
67576193,SONY WH-1000XM5 스모키 핑크 에디션,"정품_364,800|","정품_364,800|","정품_364,800|","정품_364,800|","정품_364,800|","정품_364,800|"
92622830,SONY WH-1000XM6,"블랙_478,800|플래티넘 실버_478,800|미드나잇 블루_478,800|올리브 그레이_529,000|샌드 핑크_529,000|||","블랙_489,350|플래티넘 실버_489,350|미드나잇 블루_490,500|올리브 그레이_529,000|샌드 핑크_529,000|||","블랙_489,300|플래티넘 실버_489,350|미드나잇 블루_490,500|올리브 그레이_529,000|샌드 핑크_529,000|||","블랙_489,170|플래티넘 실버_489,350|미드나잇 블루_490,500|올리브 그레이_529,000|샌드 핑크_529,000|||","블랙_489,050|플래티넘 실버_489,350|미드나잇 블루_490,500|올리브 그레이_529,000|샌드 핑크_529,000|||","블랙_479,600|플래티넘 실버_479,600|미드나잇 블루_479,600|올리브 그레이_529,000|샌드 핑크_529,000|||"
19161290,SONY WH-CH520,"정품_68,000|해외구매_53,100|중고_90,000","정품_68,000|해외구매_53,100|중고_90,000","정품_68,000|해외구매_53,100|중고_83,700","정품_68,000|해외구매_53,100|중고_83,700","정품_68,000|해외구매_53,100|중고_83,700","정품_68,000|해외구매_53,100|중고_83,700"
19160999,SONY WH-CH720N,"정품_149,000|해외구매_116,920|중고_140,100|해외리퍼비시_106,620","정품_146,410|해외구매_116,830|중고_140,100|해외리퍼비시_114,170","정품_149,000|해외구매_116,760|중고_140,100|해외리퍼비시_114,120","정품_149,000|해외구매_116,700|중고_140,100|해외리퍼비시_114,050","정품_149,000|해외구매_116,640|중고_140,100|해외리퍼비시_113,990","정품_149,000|해외구매_113,060|중고_140,100|해외리퍼비시_112,580"
124351439,SONY WH-CH730N,"정품_192,360","정품_186,910","정품_186,910","정품_186,910","정품_186,910","정품_186,910"
32065679,SONY WI-C100,"해외구매_40,010","해외구매_40,010","해외구매_40,010","해외구매_40,010","해외구매_40,010","해외구매_41,240"
9743304,SONY WI-XB400,0,0,0,"해외구매_54,170","해외구매_54,170","해외구매_54,170"
27807218,SONY 노이즈 아이솔레이션 이어팁 EP-NI1010,0,0,"SS, 1쌍_22,900|S, 1쌍_22,900|M, 1쌍_22,900|L, 1쌍_22,900","SS, 1쌍_22,900|S, 1쌍_22,900|M, 1쌍_22,900|L, 1쌍_22,900","SS, 1쌍_22,900|S, 1쌍_22,900|M, 1쌍_22,900|L, 1쌍_22,900","SS, 1쌍_22,900|S, 1쌍_22,900|M, 1쌍_22,900|L, 1쌍_22,900"
71160086,SONY 링크버즈 오픈 WF-L910,"정품_248,640|해외구매_177,800","정품_248,640|해외구매_177,840","정품_248,640|해외구매_177,840","정품_248,640|해외구매_175,980","정품_248,640|해외구매_175,980","정품_247,480|해외구매_175,980"
104616605,SONY 링크버즈 클립 WF-LC900,"정품_229,030|해외구매_201,930","정품_229,030|해외구매_204,620","정품_229,030|해외구매_204,620","정품_229,030|해외구매_204,370","정품_229,030|해외구매_204,370","정품_229,030|해외구매_201,940"
5491300,SV-180V,"4,510","4,510","4,510","4,510","4,510","4,510"
15732818,Saramonic SR-BH600,"정품_110,700","정품_110,700","정품_110,700","정품_110,700","정품_110,700","정품_110,700"
123731682,Sendy Audio Egret,"정품_1,230,000","정품_1,230,000","정품_1,230,000","정품_1,230,000","정품_1,230,000","정품_1,230,000"
4731286,Smartek STBT-2100,"정품_29,900","정품_29,900","정품_29,900","정품_29,900","정품_29,900","정품_29,900"
16609232,Smartek STBT-ANC10,"38,700","38,700","38,700","38,700","38,700","38,700"
9831609,Smartek STBT-BCE01,"정품_32,580","정품_32,580","정품_32,580","정품_32,580","정품_32,580","정품_32,580"
28607981,Smartek STBT-BCE02,"24,900","24,900","24,900","24,900","24,900","24,900"
27474350,Smartek STBT-D100,"19,900","19,900","19,900","19,900","19,900","19,900"
47832908,Smartek STBT-E50,0,0,0,0,"9,900","9,900"
12927665,Smartek STBT-E800,"14,900","14,900","14,900","14,900","14,900","14,900"
27787853,Smartek STBT-EC150,"정품_19,900","정품_19,900","정품_19,900","정품_19,900","정품_19,900","정품_19,900"
4386114,Smartek STBT-N1,0,0,0,0,0,"정품_34,380"
24132695,Smartek STBT-RE01,0,"18,630","19,470","19,470","19,470","19,470"
12008834,Smartek STBT-TW2000,"19,900","19,900","19,900","19,900","19,900","19,900"
27788096,Smartek STBT-TW3000,"24,890","24,890","24,890","24,890","24,890","24,890"
13545107,Smartek STE-C100,"정품_5,530","정품_5,530","정품_5,530","정품_5,530","정품_5,530","정품_5,530"
18060923,Smartek STE-C50,"4,700","4,700","4,700","4,700","4,700","4,700"
7929172,SonicGearLab 소닉기어 뉴 에어폰3,"민트_18,490|블랙_16,950|화이트_16,950","민트_18,490|블랙_16,950|화이트_16,950","민트_18,490|블랙_16,950|화이트_16,950","민트_18,490|블랙_16,950|화이트_16,950","민트_18,490|블랙_16,950|화이트_16,950","민트_18,490|블랙_16,950|화이트_16,950"
15488471,SooPii KE05,"3,700","3,700","3,700","3,700","3,700","3,900"
17182997,SooPii KE05GD,"4,750","4,750","4,750","4,750","4,750","5,000"
15863531,SooPii KE06,"4,270","4,270","4,260","4,260","4,260","4,260"
78844748,SooPii USB겸용 C타입 이어폰 KE06GD12,"정품_4,750","정품_4,750","정품_4,750","정품_4,750","정품_4,750","정품_5,000"
97357622,SoundPEATS H3,"해외구매_135,370","해외구매_135,370","해외구매_135,360","해외구매_135,360","해외구매_135,350","해외구매_135,340"
79603781,SoundPEATS T3 Pro,"정품_17,900|2개, 정품_30,770|해외구매_59,800","정품_17,900|2개, 정품_30,770|해외구매_59,800","정품_17,900|2개, 정품_30,260|해외구매_59,800",0,"정품_17,900|2개, 정품_32,300|해외구매_59,800",0
39104354,Sudio A1,"정품_58,000","정품_58,000","정품_58,000","정품_58,000","정품_58,000",0
99554423,Sudio V3,0,0,"정품_21,340|해외구매_76,000","정품_21,340|해외구매_76,000","정품_21,340|해외구매_76,000","정품_19,800|해외구매_76,000"
20371454,T+A Solitaire T,"정품_1,830,000|해외구매_3,009,160","정품_1,850,000|해외구매_3,009,160","정품_1,850,000|해외구매_3,009,160","정품_1,850,000|해외구매_3,009,160","정품_1,850,000|해외구매_3,009,160","정품_1,850,000|해외구매_3,009,160"
20703110,TANGZU 당삼채 Tang Sancai,"3쌍, 정품_17,900","3쌍, 정품_17,900","3쌍, 정품_17,900","3쌍, 정품_17,900",0,0
90115256,TANGZU 상관완아 2 WANER 2,"정품_31,900|","정품_31,900|","정품_31,890|","정품_31,890|","정품_31,890|","정품_31,890|"
18545315,TANGZU 상관완아 WANER SG,"마이크X, 정품_27,900|마이크X, 해외구매_28,700|마이크O, 해외구매_26,800","마이크X, 정품_27,900|마이크X, 해외구매_28,700|마이크O, 해외구매_26,800","마이크X, 정품_27,900|마이크X, 해외구매_30,480|마이크O, 해외구매_26,800","마이크X, 정품_27,900|마이크X, 해외구매_30,480|마이크O, 해외구매_26,800","마이크X, 정품_27,900|마이크X, 해외구매_30,480|마이크O, 해외구매_26,800","마이크X, 정품_27,900|마이크X, 해외구매_30,480|마이크O, 해외구매_26,800"
1629207,TG삼보 TGE-V10 TG-V10,"정품_2,920","정품_2,920","정품_2,890","정품_2,880","정품_2,880","정품_2,880"
79553192,THOUSTA 귀걸이형 블루투스 이어폰 M91,"정품_30,330","정품_30,330","정품_30,330",0,0,0
101188346,TKDS Disney M2 이어폰,"정품_2,730","정품_2,730","정품_2,730","정품_2,730","정품_2,730","정품_2,730"
2722732,TKDS 디즈니 겨울왕국 이어폰,"4,610","4,610","4,610","4,610","4,610","4,610"
101188508,TKDS 마블 블랙팬서 이어폰,"정품_2,300","정품_2,300","정품_2,300","정품_2,300","정품_2,300","정품_2,300"
124351948,TOZO 에어로사운드6 프로,"해외구매_166,400","해외구매_166,400","해외구매_166,400","해외구매_166,400","해외구매_166,400","해외구매_166,400"
124351870,TOZO 오픈X2 프로,"해외구매_199,000","해외구매_199,000","해외구매_199,000","해외구매_199,000","해외구매_199,000","해외구매_199,000"
96856463,TOZO 오픈라임,"정품_49,000","정품_49,000",0,0,0,0
55451768,TOZO 오픈버즈,0,0,0,"정품_69,000","정품_69,000","정품_69,000"
14933354,TRN MT1 3.5mm,0,"마이크X, 정품_16,400|마이크X, 해외구매_16,020",0,0,"마이크X, 정품_16,400|마이크X, 해외구매_16,020","마이크X, 정품_16,400|마이크X, 해외구매_16,020"
19234598,TRUTHEAR HEXA,"해외구매_147,490","해외구매_147,490","해외구매_147,490","해외구매_147,490","해외구매_147,490",0
57499796,TRUTHEAR NOVA,0,"해외구매_313,830","해외구매_313,830","해외구매_313,830","해외구매_313,830","해외구매_313,830"
20399108,TRUTHEAR X Crinacle ZERO:RED,"해외구매_95,790","해외구매_95,790","해외구매_95,790","해외구매_95,790","해외구매_95,790","해외구매_95,790"
93445934,USAMS EP-42,"정품_5,960","정품_5,960","정품_5,960","정품_5,960","정품_5,960","정품_5,960"
32125397,USAMS EP-43,"정품_15,640","정품_15,830","정품_15,830","정품_15,830","정품_15,830","정품_15,830"
59758319,VICXXO 갤럭시 버즈3 레빅스킨 케이스,"10,900","10,900","10,900","10,900",0,0
3519096,VJJB V1S,"정품_15,750","정품_15,420","정품_15,420",0,0,0
20596958,XTRA gni-305,"60,760","60,720","60,660","60,600","60,540","60,480"
36202535,XTRA gni-512,"16,170","16,170","16,170","16,170","16,170","16,170"
19766081,XTRA gni-514,"28,080","28,080",0,0,0,0
39249467,XTRA gni-515,0,0,0,0,0,"28,690"
3555536,YISON CX-330,"정품_4,650","정품_4,650","정품_4,650","정품_4,650","정품_4,650","정품_4,650"
2983710,YISON CX-390,"정품_10,130","정품_10,130","정품_10,130","정품_10,130","정품_10,130","정품_10,059"
3688319,YISON 매직 펜슬,"정품_7,500","정품_7,260","정품_7,150","정품_7,150","정품_7,150","정품_7,150"
2006722,ZUMREED ZHP-019S,"정품_13,070","정품_13,070",0,0,0,0
104753264,iFi audio Go Pod Air,0,0,"정품_320,160","정품_320,160","정품_320,160","정품_320,160"
4001320,kee-ka EE-63,"정품_7,380","정품_7,380","정품_7,380","정품_7,380","정품_7,330","정품_7,330"
78989594,nwm ONE,"해외구매_362,510","해외구매_362,510","해외구매_362,510","해외구매_362,510","해외구매_362,510","해외구매_362,510"
4498540,강원전자 NETmate 초슬림 스테레오 Y 케이블,"3,720","3,720","3,720","3,720","3,720","3,720"
2027292,강원전자 NETmate 퍼즐 이어폰 줄감개 NMA-LM28,600,600,600,600,600,600
2027283,강원전자 NETmate 퍼즐 이어폰 줄감개 NMA-LM29,"1,930","1,930","1,930","1,930","1,930","1,930"
2027257,강원전자 NETmate 퍼즐 이어폰 줄감개 NMA-LM30,"1,930","1,930","1,930","1,930","1,930","1,930"
124130461,그라도 Signature S950,"정품_3,960,000","정품_3,960,000","정품_3,960,000","정품_3,960,000","정품_3,960,000","정품_3,960,000"
29825441,그레이코 BOSE QC Ultra Earbuds 투명 케이스,"6,890","6,890","6,890","6,890","6,890","6,890"
92969186,그레이코 샥즈 오픈닷 원 E310 컬러 케이스,"정품_3,900","정품_3,900","정품_3,900","정품_3,900","정품_3,900","정품_3,900"
93018116,그레이코 샥즈 오픈닷 원 E310 투명 케이스,"정품_3,900","정품_3,900","정품_3,900","정품_3,900","정품_3,900","정품_3,900"
28627640,그레이코 자브라 엘리트7 액티브 컬러 슬림 케이스,"7,900",0,0,0,0,0
21632405,그린솔루션 펭카 버즈 PB1004,"정품_23,900","정품_23,900","정품_23,900","정품_23,900","정품_23,900","정품_23,900"
21633359,그린솔루션 펭카 버즈 PB1004 전용 케이스,"3,620",0,"3,620","3,620",0,0
11647517,글로리어스 TRIDENT 헤드셋 거치대,"해외구매_31,380","해외구매_31,380","해외구매_31,380","해외구매_31,380","해외구매_31,380","해외구매_31,380"
123731602,노블오디오 IRIS,"정품_1,240,000","정품_1,240,000","정품_1,240,000","정품_1,240,000","정품_1,240,000","정품_1,240,000"
62176403,누아트 갤럭시 버즈3 투명 하드케이스,"25,120","25,120","25,120","25,120","25,120","25,120"
19872071,누아트 에어팟 맥스 헤드 실리콘 커버,"13,490","13,490",0,"13,490","13,490","13,490"
98240291,누아트 에어팟 프로3 모던 가죽 케이스,"정품_14,490","정품_14,470","정품_14,460","정품_14,460","정품_14,450","정품_14,450"
68363108,다이슨 온트랙,"정품_499,190|해외구매_490,330","정품_499,190|해외구매_490,330","정품_499,190|해외구매_490,330","정품_499,190|해외구매_490,330","정품_499,190|해외구매_490,330","정품_499,190|해외구매_490,330"
16985489,닥터웰 청아 음성증폭 이어폰 TS-22,0,0,0,"159,100","159,100","159,100"
5106423,담소 DS-7777,"정품_3,500","정품_3,500","정품_3,500","정품_3,500","정품_3,500","정품_3,500"
5106548,담소 DS-7942,"정품_3,500","정품_3,500","정품_3,500","정품_3,500","정품_3,500","정품_3,500"
5103389,담소 DS-9090,"정품_3,500","정품_3,500","정품_3,500","정품_3,500","정품_3,500","정품_3,500"
6531876,더나은 Dual speaker,"7,500","7,500","7,500","7,500","7,500","7,890"
15238979,더나은 짐승 EDITION S,"정품_7,240","정품_7,240","정품_7,240","정품_10,900","정품_7,240","정품_6,930"
27609602,더조은셀러 갤럭시 버즈 프로 스윗팁,"S, 1쌍_1,790|M, 1쌍_1,790|L, 1쌍_1,790|S+M+L, 3쌍_8,200","S, 1쌍_1,790|M, 1쌍_1,790|L, 1쌍_1,790|S+M+L, 3쌍_8,200","S, 1쌍_1,790|M, 1쌍_1,790|L, 1쌍_1,790|S+M+L, 3쌍_8,200","S, 1쌍_1,790|M, 1쌍_1,790|L, 1쌍_1,790|S+M+L, 3쌍_8,200","S, 1쌍_1,790|M, 1쌍_1,790|L, 1쌍_1,790|S+M+L, 3쌍_8,200",0
64270424,더조은셀러 갤럭시 버즈3 스위치 락 케이스,0,"10,890","10,890","10,890","10,890","10,120"
101070554,더하기 고부기 갤럭시 버즈3 TPU 키링 케이스,"정품_5,490","정품_5,490","정품_5,480","정품_5,480","정품_5,470","정품_5,470"
6453970,데논 AH-D9200,"정품_1,680,000|해외구매_1,551,270","정품_1,680,000|해외구매_1,535,050","정품_1,680,000|해외구매_1,534,000","정품_1,680,000|해외구매_1,489,000","정품_1,680,000|해외구매_1,487,980","정품_1,680,000|해외구매_1,493,570"
20337506,데코니 머큐리 폼팁,"S, 3쌍_23,890|M, 3쌍_23,900|L, 3쌍_23,900|S+M+L, 3쌍_23,900","S, 3쌍_23,890|M, 3쌍_23,900|L, 3쌍_23,900|S+M+L, 3쌍_23,900","S, 3쌍_23,890|M, 3쌍_23,900|L, 3쌍_23,900|S+M+L, 3쌍_23,900","S, 3쌍_23,890|M, 3쌍_23,900|L, 3쌍_23,900|S+M+L, 3쌍_23,900",0,0
14410070,듀얼 헤드폰 거치대 걸이,"8,440","8,390","8,330","8,270","8,270","8,270"
28271558,드비알레 GEMINI 2,"정품_620,000|해외구매_686,372","정품_620,000|해외구매_686,372","정품_620,000|해외구매_686,372","정품_620,000|해외구매_686,372","정품_620,000|해외구매_686,372","정품_620,000|해외구매_686,372"
122703930,디알고 BCK03,"정품_27,800","정품_27,800","정품_27,800","정품_27,800","정품_27,800","정품_27,800"
18670346,디알고 BH020C,"17,780","17,780","17,780","17,780","17,780","17,780"
13138856,디알고 BH028C,"19,800","19,800","19,800","19,800","19,800","19,800"
21723998,디알고 BH028K,"27,800","27,800","27,800",0,0,"27,800"
33483884,디알고 BH038C,"26,800","26,800","26,800",0,0,0
17882825,디알고 BH06CK,"29,800","29,800","29,800","29,800","29,800","29,800"
99911483,디알고 BH10Q,"정품_26,800","정품_26,800","정품_26,800","정품_26,800","정품_26,800","정품_26,800"
14960540,디알고 EP05C,"26,230","26,230","26,230",0,0,0
15044618,디알고 게이밍 RGB 이어폰 GT03,"37,180","37,180","37,180","37,180","37,180","37,180"
17959748,디엠케이코리아 어반사운드 US-EP8A,0,0,0,0,0,"정품_6,400"
21551039,디엠케이코리아 어반사운드 US-EPC1,"5,670","5,670","5,670","5,670","5,670","5,670"
21118001,디월트 Jobsite Pro DXMA1902091A,"정품_64,700|해외구매_50,420","정품_64,700|해외구매_50,420","정품_64,700|해외구매_50,420","정품_64,700|해외구매_50,420","정품_64,700|해외구매_50,420","정품_64,700|해외구매_50,420"
100691903,디월트 Jobsite Pro X2 DXMA1902097,0,0,0,0,0,"정품_168,260|해외구매_196,690"
123730605,디젤 60458 USB-C타입,"해외구매_153,735","해외구매_153,735","해외구매_153,735","해외구매_153,735","해외구매_153,735","해외구매_153,735"
91769606,디큐브 무브웨이브,"정품_16,990","정품_16,990","정품_16,990","정품_16,990","정품_16,990",0
10949628,라온 BTH-3000,"16,760","16,760","16,760","16,760","16,760","16,760"
30130622,라온 BTH-5000ANC,"36,710","36,710","36,710","36,710","36,710",0
16225382,라온 ITB-BTE70,"정품_24,900","정품_24,900","정품_24,890","정품_24,890","정품_24,890","정품_24,890"
27759167,라온 ITB-BTE80,"18,480","18,480","18,470","18,460","18,450","18,450"
29339951,라온 ITB-BTE90,0,0,0,0,0,"19,510"
5969302,라이트컴 COMS BB082,"정품_10,630","정품_10,630","정품_10,630","정품_10,630","정품_10,630","정품_10,630"
5467985,라이트컴 COMS BB371,정품_500,정품_500,정품_500,정품_500,정품_500,정품_500
13312937,라이트컴 COMS BB493,"정품_43,000","정품_43,010","정품_43,010","정품_43,000","정품_43,000","정품_43,000"
90890483,라이트컴 COMS BD213,"정품_11,990","정품_11,990","정품_11,990","정품_11,990","정품_11,990","정품_11,990"
43531052,라이트컴 COMS BF261,"4,980","4,980","4,980","4,980","4,980",0
5955213,라이트컴 COMS BS981-1,"정품_10,500","정품_10,500","정품_10,270","정품_10,010","정품_10,010","정품_10,010"
3227141,라이트컴 COMS BU920,"정품_8,260","정품_8,260","정품_8,260","정품_8,260","정품_8,260","정품_8,260"
3227172,라이트컴 COMS BU921,"정품_8,710","정품_8,710","정품_8,710","정품_8,710","정품_8,710","정품_8,710"
3249850,라이트컴 COMS BU922,"정품_7,300","정품_7,300","정품_7,300","정품_7,300","정품_7,300","정품_7,300"
3249920,라이트컴 COMS BU923,"정품_7,300","정품_7,300","정품_7,300","정품_7,300","정품_7,300","정품_7,300"
91767884,라이트컴 COMS FU145,"정품_25,500","정품_25,500","정품_25,500","정품_25,500","정품_25,500","정품_25,500"
7995856,라이트컴 COMS ID181,0,0,0,0,0,"19,140"
10583049,라이트컴 COMS ID654,"4,510","4,500","4,500","4,500","4,500","4,500"
101190257,라이트컴 COMS IF197,"정품_4,310","정품_4,310","정품_4,310","정품_4,310","정품_4,310","정품_4,310"
99050210,라이트컴 COMS IF202,0,0,0,0,"정품_7,610","정품_7,610"
21677408,라이트컴 COMS IH614,0,0,0,0,0,"6,700"
2490929,라이트컴 COMS IP-608,"정품_7,300","정품_7,300","정품_7,300","정품_7,300","정품_7,300","정품_7,300"
3663452,라이트컴 COMS ITB656,"정품_15,610","정품_15,610","정품_15,610","정품_15,610","정품_15,610","정품_15,610"
7060777,라이트컴 COMS SM502,"10,690","10,690","10,690","10,690",0,0
19556090,라이트컴 COMS SR2370,"6,990","6,990","6,990","6,990","6,990","6,990"
19556081,라이트컴 COMS SR2371,"7,490","7,490","7,480","7,500","7,450","7,450"
19555979,라이트컴 COMS SR2372,"정품_8,180","정품_8,180","정품_8,180","정품_8,180","정품_8,180","정품_8,180"
19556012,라이트컴 COMS SR2373,"정품_8,890","정품_8,890","정품_8,890","정품_8,890","정품_8,890","정품_8,890"
19555937,라이트컴 COMS SR2374,0,0,0,0,0,"8,900"
17959571,라이트컴 COMS TB333,"4,330","4,330","4,330","4,330","4,330","4,330"
100842611,라이트컴 COMS TB336,"정품_2,090","정품_2,090","정품_2,090","정품_2,090","정품_2,090","정품_2,090"
30094592,라이트컴 COMS YN452,"17,000","17,000","17,000","17,000","17,000","17,000"
30094604,라이트컴 COMS YN453,"17,000","17,000","17,000","17,000","17,000","17,000"
30094619,라이트컴 COMS YN454,"17,000","17,000","17,000","17,000","17,000","17,000"
29764154,라인업시스템 LANSTAR 20 in 1 청소키트 LS-CL201,"7,980","7,980","7,980","7,980","7,980","8,400"
122697430,레노버 RS107,"해외구매_50,880","해외구매_50,880","해외구매_50,880","해외구매_50,880","해외구매_50,880","해외구매_50,880"
122697348,렉스세븐 8채널 C타입 고음질 유선이어폰,"정품_14,610","정품_14,610","정품_14,610","정품_14,610","정품_14,610","정품_14,610"
100269743,로마네 브런치브라더 코튼 에어팟 파우치,"정품_10,400","정품_10,400","정품_10,400","정품_10,400","정품_10,400","정품_10,400"
10960869,로마네 에어팟 프로 브런치 브라더 실리콘 케이스,0,0,0,0,"11,190","11,190"
72968090,로제트 RX-1600,"정품_20,700","정품_20,700","정품_20,700","정품_20,700","정품_20,700","정품_20,700"
71159885,로제트 RX-1610,"정품_28,420","정품_28,420","정품_28,420","정품_28,420","정품_28,430","정품_28,430"
27553037,로제트 RX-1820,"정품_29,990","정품_29,990","정품_29,990","정품_29,990","정품_29,990","정품_29,990"
11553068,로제트 RX-900,"9,600",0,0,0,0,0
79407476,로제트 RX-915,"정품_7,800","정품_7,800","정품_7,800","정품_7,800","정품_7,800","정품_7,800"
32125988,로제트 RX-930,"7,500","7,500","7,500","7,500","7,500","7,500"
64271096,로지텍 G333,0,0,"해외구매_76,680","해외구매_76,680","해외구매_76,680",0
6340389,루비 RE-690,"3,500","3,500","3,500","3,500","3,500","3,500"
98484326,리썬즈몰 밥튠 8D,0,0,"정품_102,000",0,"정품_102,000","정품_102,000"
51549605,마샬 마이너 4,"정품_165,620|해외구매_155,070","정품_165,620|해외구매_155,010","정품_165,620|해외구매_154,960","정품_165,620|해외구매_154,830","정품_165,620|해외구매_154,710","정품_165,620|해외구매_154,620"
13606163,마샬 메이저 4,"정품_180,500|해외구매_75,430","정품_180,500|해외구매_75,430","정품_180,500|해외구매_75,430","정품_180,500|해외구매_75,430","정품_180,500|해외구매_75,430","정품_189,990|해외구매_75,430"
56061392,마샬 메이저 5,"정품_180,910|해외구매_136,630","정품_180,820|해외구매_136,630","정품_180,750|해외구매_136,630","정품_180,690|해외구매_136,630","정품_180,580|해외구매_136,630","정품_180,500|해외구매_136,630"
69466199,마샬 모니터 3 ANC,0,0,0,"정품_489,000|해외구매_480,160",0,0
28470398,마샬 모티프 2 ANC,0,0,0,"정품_269,000|해외구매_271,880",0,0
7340734,마이크로닉스 MANIC PHS1 7.1CH 헤드셋 거치대,"29,700","29,700","29,700","29,700","29,700","29,700"
28026794,마하 MACH-854,"27,710","27,710","27,660","27,590","27,530","27,450"
21702560,맨큐 A13,"정품_59,200","정품_59,200","정품_59,200","정품_59,200",0,0
64272551,머레이 BT-70,"27,190","28,820","28,820","28,820","28,820","28,830"
94523735,머레이 BT-90,"정품_14,710","정품_14,710","정품_14,710","정품_19,190","정품_14,710","정품_14,080"
39768650,머레이 LED 포켓팟 BT-50,"23,710","23,210","23,210","23,210","23,210","23,210"
97307648,몬스터이어 쉐도우 X,"정품_88,990|+4.4mm 케이블_121,260","정품_88,990|+4.4mm 케이블_121,260","정품_88,990|+4.4mm 케이블_121,260","정품_88,990|+4.4mm 케이블_121,260","정품_88,990|+4.4mm 케이블_121,260","정품_88,990|+4.4mm 케이블_121,260"
2103938,미니로 MO-1000,"정품_3,000","정품_3,000","정품_3,000","정품_3,000","정품_3,000","정품_3,000"
2775837,미니플러스 EPS-05 딸기,0,0,0,0,0,"10,530"
1657530,미니플러스 동물 미니어처 이어폰 EPA-02 개구리,0,0,0,0,"10,530","10,530"
1657539,미니플러스 동물 미니어처 이어폰 EPA-03 돼지,"5,840","5,840","5,840","10,530","10,530","10,530"
1774529,바이럴 VE-10,"정품_4,900",0,0,0,0,"정품_4,900"
2684244,바이럴 VE-20,"정품_6,010","정품_6,300","정품_6,290","정품_6,290","정품_6,290","정품_6,290"
1769770,바이럴 VSE-200,"정품_2,710","정품_2,710","정품_2,660","정품_2,660","정품_2,660","정품_2,660"
1984767,바이럴 VSE-300,"7,210","7,210","7,210","7,210","7,210","7,210"
2075288,바이럴 VSE-500,"정품_5,000","정품_5,000","정품_5,000","정품_5,000","정품_5,000","정품_5,000"
2983801,바이럴 VSE-800,"정품_9,740","정품_9,850","정품_9,850","정품_9,840","정품_9,840","정품_9,830"
3263668,바이럴 VSE-900,"정품_16,380","정품_16,380","정품_16,380","정품_16,380","정품_16,380","정품_16,380"
122680046,뱅앤올룹슨 Beo Grace,"정품_1,641,450","정품_1,641,450","정품_1,641,450","정품_1,641,450","정품_1,641,450","정품_1,641,450"
16911584,뱅앤올룹슨 Beoplay EX,0,0,"정품_384,790|해외구매_542,700","정품_384,790|해외구매_542,700","정품_384,790|해외구매_542,700","정품_384,790|해외구매_542,700"
73693229,뱅앤올룹슨 Beoplay Eleven,"정품_657,720","정품_657,720","정품_659,080","정품_659,080","정품_659,080","정품_659,080"
67372943,뱅앤올룹슨 Beoplay H100,"정품_2,418,000|해외구매_2,377,820","정품_2,418,000|해외구매_2,377,820","정품_2,418,000|해외구매_2,308,450","정품_2,418,000|해외구매_2,308,450","정품_2,418,000|해외구매_2,362,590","정품_2,418,000|해외구매_2,300,890"
12146378,뱅앤올룹슨 Beoplay H95,"정품_1,356,300|해외구매_1,241,350","정품_1,356,290|해외구매_1,241,350","정품_1,356,290|해외구매_1,241,350","정품_1,356,290|해외구매_1,241,350","정품_1,356,290|해외구매_1,241,350","정품_1,356,290|해외구매_1,241,350"
13758290,뱅앤올룹슨 Beoplay HX,"정품_772,830|해외구매_649,000","정품_772,830|해외구매_649,000","정품_772,820|해외구매_649,000","정품_772,820|해외구매_649,000","정품_772,820|해외구매_649,000","정품_772,820|해외구매_649,000"
124277375,베링거 BH20,"55,460","55,460","55,460","55,460","55,460","55,460"
104373956,베온 Dolce L19C,"7,170","7,170","7,170","7,170","7,170","7,170"
101184932,베이스어스 BP1 Pro,"정품_29,900|해외구매_52,640","정품_29,900|해외구매_52,640","정품_29,900|해외구매_52,640","정품_29,900|해외구매_52,640","정품_29,900|해외구매_52,640","정품_29,900|해외구매_52,640"
20306513,베이스어스 Bowie D05,"정품_27,090|해외구매_47,900","정품_27,090|해외구매_47,900",0,0,0,0
55464104,베이스어스 Bowie E20s,"16,150","16,150","16,150",0,0,0
76513511,베이스어스 Bowie MC1,0,0,"정품_54,380","정품_54,380",0,"정품_54,380"
101075093,베이스어스 Bowie MC1 PRO,"정품_64,980|해외구매_90,000","정품_64,940|해외구매_90,000","정품_64,830|해외구매_90,000","정품_64,700|해외구매_90,000","정품_64,580|해외구매_90,000","정품_64,500|해외구매_90,000"
122727159,베이스어스 Bowie MC2 Air,"해외구매_65,240","해외구매_65,170","해외구매_65,050","해외구매_64,920","해외구매_64,810","해외구매_64,740"
47832737,베이스어스 Eli Sport 1 PM2OA,"정품_36,160|해외구매_166,000","정품_36,160|해외구매_166,000","정품_36,160|해외구매_166,000","정품_36,160|해외구매_166,000","정품_36,160|해외구매_166,000","정품_36,160|해외구매_166,000"
124277747,베이어다이나믹 DT 990 PRO X,"정품_318,240|해외구매_387,710","정품_334,990|해외구매_390,450","정품_318,250|해외구매_390,450","정품_318,240|해외구매_390,450","정품_318,240|해외구매_400,870","정품_318,240|해외구매_390,410"
16941764,베이어다이나믹 DT700 PRO X,"정품_425,000|해외구매_483,600","정품_425,000|해외구매_487,020","정품_424,980|해외구매_487,020","정품_403,740|해외구매_487,020","정품_403,740|해외구매_487,780","정품_403,740|해외구매_482,870"
73948619,베이어다이나믹 DT770 PRO X LIMITED EDITION,"정품_335,000|해외구매_337,000","정품_335,000|해외구매_337,000","정품_318,250|해외구매_337,000","정품_318,250|해외구매_337,000","정품_318,250|해외구매_337,000","정품_318,250|해외구매_337,000"
2342915,베이어다이나믹 DT770 Pro 80Ω,"정품_279,000|해외구매_256,200","정품_279,000|해외구매_256,200","정품_279,000|해외구매_256,200","정품_279,000|해외구매_256,200","정품_279,000|해외구매_256,200","정품_279,000|해외구매_256,200"
16942031,베이어다이나믹 DT900 PRO X,"정품_403,740|해외구매_487,060","정품_403,740|해외구매_487,050","정품_403,740|해외구매_487,050","정품_403,740|해외구매_487,050","정품_403,740|해외구매_487,010","정품_403,740|해외구매_487,010"
3525102,베이어다이나믹 MMX 102iE,0,"정품_6,160","정품_6,090","정품_5,770",0,0
14661941,벨루젠 VZ-CBE50,"19,900","19,900","19,900","19,900","19,900","19,900"
124277605,벨킨 AUC017,"44,900","44,900","44,900","44,900","44,900","44,900"
100383602,벨킨 사운드폼 G3H0003,"정품_26,900","정품_26,900","정품_26,900","정품_26,900","정품_26,900","정품_26,900"
14211608,별다섯 갤럭시 버즈 프로/라이브 디자인 케이스,"10,240","10,200","10,140","10,080",0,0
20597147,블라우풍트 BLP-BE331,"블랙_48,900|화이트_29,900|레드_48,900|퍼플_48,900|옐로우_48,900","블랙_48,900|화이트_29,900|레드_48,900|퍼플_48,900|옐로우_48,900","블랙_48,900|화이트_29,900|레드_48,900|퍼플_48,900|옐로우_48,900","블랙_54,900|화이트_29,900|레드_54,900|퍼플_54,900|옐로우_54,900","블랙_54,900|화이트_29,900|레드_54,900|퍼플_54,900|옐로우_54,900","블랙_54,900|화이트_29,900|레드_54,900|퍼플_54,900|옐로우_54,900"
67372736,블라우풍트 BLP-BE363,"정품_26,900","정품_26,900","정품_26,900","정품_26,900","정품_26,900","정품_26,900"
39249137,블라우풍트 BLP-OE383,"정품_64,940","정품_64,920","정품_64,910","정품_64,910","정품_64,900","정품_64,900"
124075202,블라우풍트 BLP-OE663,"정품_66,230","정품_66,230","정품_67,820","정품_67,820","정품_67,820","정품_70,220"
97226852,블루선 BLS-3800,0,0,0,0,0,"정품_86,030"
6339249,블루선 엑스트라 지니 301,"27,920","27,920","27,870","27,800","27,740","27,680"
18359675,비즈모아코리아 BZ-SA80,"5,300","5,300","5,300","5,300","5,300","5,300"
1845598,비트 패턴브레이커 스칸디나비아 스타일 PB-i100,"정품_4,400","정품_4,400","정품_4,400","정품_4,400","정품_4,400","정품_4,400"
20742197,사라반도체 SRTWS-53,0,0,"23,390","11,200","10,720","11,200"
13544066,사라반도체 SRTWS-G05,"15,700","15,700","15,700","15,700","15,700","15,700"
13543283,사라반도체 지파워 SRTWS-04,0,0,"17,490","17,490","17,490","17,490"
15359006,삼성전자 EO-IA500,"18,530","18,530","18,530","18,530","18,530","18,530"
3813968,삼성전자 G시리즈 SES-G20,"정품_12,000","정품_12,000","정품_12,000","정품_12,000","정품_12,000","정품_12,000"
16729304,삼성전자 SES-T60,"15,000","15,000","15,000","15,000","15,000","15,000"
3371401,삼성전자 갤럭시 S6/S6 엣지 EO-EG920,"벌크_6,820","벌크_6,820","벌크_6,820","벌크_6,820","벌크_6,820","벌크_6,820"
5084244,삼성전자 갤럭시 S8 번들 이어폰 EO-IG955 Tuned by AKG,"벌크_10,490","벌크_10,490","벌크_10,490","벌크_10,490","벌크_10,490","벌크_10,490"
28531961,삼성전자 갤럭시 버즈 FE SM-R400,"정품_164,480|해외구매_118,000|해외리퍼비시_147,870","정품_164,480|해외구매_118,000|해외리퍼비시_147,870","정품_164,460|해외구매_117,950|해외리퍼비시_147,870","정품_164,400|해외구매_117,820|해외리퍼비시_147,870","정품_164,340|해외구매_117,710|해외리퍼비시_147,870","정품_174,990|해외구매_117,630|해외리퍼비시_147,870"
7133293,삼성전자 갤럭시 버즈 SM-R170,0,0,"정품_190,000","정품_190,000","정품_190,000","정품_190,000"
11915881,삼성전자 갤럭시 버즈 라이브 SM-R180,"정품_595,000","정품_595,000","정품_595,000","정품_595,000","정품_595,000","정품_595,000"
103414031,삼성전자 갤럭시 버즈 코어 SM-R410,"해외구매_53,750","해외구매_53,940","해외구매_53,500","해외구매_53,500","해외구매_53,500","해외구매_54,090"
13010462,삼성전자 갤럭시 버즈 프로 SM-R190,"정품_239,800|해외리퍼비시_148,390","정품_239,800|해외리퍼비시_148,390","정품_239,800|해외리퍼비시_148,390","정품_239,800|해외리퍼비시_148,390","정품_239,800|해외리퍼비시_148,390","정품_239,800|해외리퍼비시_148,390"
14986085,삼성전자 갤럭시 버즈2 SM-R177,"정품_220,000|해외구매_127,200","정품_220,000|해외구매_127,140","정품_220,000|해외구매_127,130","정품_220,000|해외구매_127,120","정품_220,000|해외구매_127,060","정품_220,000|해외구매_127,000"
17641574,삼성전자 갤럭시 버즈2 프로 SM-R510,"정품_281,000|해외구매_231,750","정품_281,000|해외구매_231,750","정품_281,000|해외구매_231,750","정품_281,000|해외구매_231,750","정품_281,000|해외구매_231,750","정품_281,000|해외구매_231,750"
96987275,삼성전자 갤럭시 버즈3 FE SM-R420,"정품_129,860|해외구매_110,080","정품_129,780|해외구매_110,080","정품_129,670|해외구매_110,080","정품_129,540|해외구매_110,080","정품_129,430|해외구매_110,080","정품_129,350|해외구매_110,080"
102357326,삼성전자 갤럭시 버즈3 FE 키캡 케이스 GP-FPR420,"16,150","16,150","16,150","16,150","16,150","16,960"
59541506,삼성전자 갤럭시 버즈3 SM-R530N,"정품_178,990|해외구매_181,900","정품_158,640|해외구매_181,900","정품_178,990|해외구매_181,900","정품_178,990|해외구매_181,900","정품_178,990|해외구매_181,900","정품_178,990|해외구매_181,900"
59537216,삼성전자 갤럭시 버즈3 프로 SM-R630N,"정품_219,530|해외구매_170,465|중고_180,420","정품_219,530|해외구매_170,465|중고_180,420","정품_219,530|해외구매_170,465|중고_180,420","정품_219,530|해외구매_170,465|중고_180,420","정품_219,530|해외구매_170,465|중고_180,420","정품_217,980|해외구매_170,465|중고_180,420"
106702613,삼성전자 갤럭시 버즈4 SM-R540,"정품_218,860|해외구매_173,213","정품_218,850|해외구매_173,727","정품_218,730|해외구매_173,213","정품_218,600|해외구매_173,213","정품_218,490|해외구매_173,213","정품_218,410|해외구매_174,183"
106702589,삼성전자 갤럭시 버즈4 프로 SM-R640,"정품_304,660|해외구매_209,200","정품_304,660|해외구매_209,200","정품_314,930|해외구매_209,200","정품_314,800|해외구매_209,200","정품_314,680|해외구매_209,200","정품_312,760|해외구매_209,200"
123668290,삼신E&B 캔디 BE-15,"정품_29,000","정품_29,000","정품_29,000","정품_29,000","정품_29,000","정품_29,000"
89732048,삼신E&B 캔디 BE-22,"정품_108,000","정품_108,000","정품_108,000","정품_108,000","정품_108,000",0
78099938,삼신E&B 캔디 BE-33,"정품_173,890","정품_173,890","정품_173,880","정품_173,880","정품_173,870","정품_173,870"
20544125,삼지아이티 피스넷 올웨이즈,"69,900",0,"69,900","69,900","69,900",0
64296605,삼지아이티 피스넷 워터본,"99,900","99,900","99,900","99,900","99,900",0
11613116,삼지아이티 피스넷 이어앰프,"93,050",0,0,0,0,0
21463538,상도아이앤티 ANYZONE ANY-E1,"정품_5,690","정품_5,690","정품_5,690","정품_5,690","정품_5,690","정품_5,690"
88132856,샤오미 레드미 버즈 6 플레이 M2420E1,"정품_12,800|해외구매_26,770","정품_12,800|해외구매_26,770","정품_12,800|해외구매_26,770","정품_12,800|해외구매_26,770","정품_12,800|해외구매_26,770","정품_12,800|해외구매_26,770"
124198846,샤오미 레드미 버즈 8 M2544E1,"72,640","72,640",0,0,0,0
103809611,샤오미 레드미 버즈 8 라이트,"정품_29,790","정품_29,800","정품_29,800","정품_29,800","정품_29,800",0
108398921,샤오미 레드미 버즈 8 프로,"정품_87,500","정품_87,500","정품_87,500","정품_87,500","정품_87,500","정품_87,500"
122723175,샥즈 오픈닷 2 E320,"정품_298,990|해외구매_199,432","정품_298,990|해외구매_199,432","정품_298,990|해외구매_199,432","정품_298,990|해외구매_200,684","정품_298,990|해외구매_199,432","정품_298,990|해외구매_199,432"
122726142,샥즈 오픈닷 에어 E210,"정품_181,090|해외구매_136,683","정품_183,080|해외구매_136,887","정품_183,080|해외구매_136,819","정품_183,080|해외구매_136,557","정품_183,080|해외구매_136,402","정품_183,080|해외구매_136,402"
92149661,샥즈 오픈닷 원 E310,"정품_197,920|해외구매_142,678","정품_197,920|해외구매_142,678","정품_197,920|해외구매_142,678","정품_197,920|해외구매_142,678","정품_197,920|해외구매_142,678","정품_190,260|해외구매_142,678"
16100378,샥즈 오픈런 S803,"정품_170,050|해외구매_128,330","정품_170,050|해외구매_128,330","정품_170,050|해외구매_129,760","정품_170,050|해외구매_129,760","정품_170,050|해외구매_129,760","정품_170,050|해외구매_128,340"
68691662,샥즈 오픈런 USB-C S805,"정품_170,050","정품_170,050","정품_170,050","정품_170,050","정품_170,050","정품_170,050"
68691731,샥즈 오픈런 USB-C 미니 S806,0,"정품_170,050","정품_170,050","정품_170,050","정품_170,050","정품_170,050"
18129398,샥즈 오픈런 미니 S804MINI,0,0,0,"정품_232,600","정품_232,600","정품_232,600"
123993740,샥즈 오픈런 에어 2 S610,"정품_189,200","정품_189,200","정품_189,200","정품_189,200","정품_189,200","정품_189,200"
123993789,샥즈 오픈런 에어 2 미니 S611,"189,200","189,200","189,200","189,200","189,200","189,200"
65303006,샥즈 오픈런 프로 2 S820,"정품_224,100|해외구매_158,628","정품_224,100|해외구매_158,628","정품_224,100|해외구매_158,628","정품_224,100|해외구매_158,628","정품_224,100|해외구매_158,628","정품_224,100|해외구매_158,628"
65303081,샥즈 오픈런 프로 2 미니 S821MINI,"정품_209,900|해외구매_181,140","정품_209,900|해외구매_189,010","정품_209,900|해외구매_189,010","정품_209,900|해외구매_189,010","정품_209,900|해외구매_189,010","정품_209,900|해외구매_181,140"
16595240,샥즈 오픈런 프로 S810,"정품_236,060|해외구매_142,930","정품_235,900|해외구매_142,930","정품_230,910|해외구매_142,930","정품_235,900|해외구매_142,930","정품_228,520|해외구매_142,930","정품_235,900|해외구매_136,980"
16101425,샥즈 오픈무브 S661,"정품_104,720|해외구매_80,450","정품_104,720|해외구매_81,820","정품_104,720|해외구매_81,820","정품_104,720|해외구매_81,820","정품_104,720|해외구매_81,820","정품_104,720|해외구매_79,580"
54958685,샥즈 오픈스윔 프로 S710,"정품_289,000|해외구매_160,923","정품_289,000|해외구매_160,923","정품_289,000|해외구매_160,923","정품_289,000|해외구매_160,923","정품_289,000|해외구매_160,923","정품_289,000|해외구매_160,923"
29392877,샥즈 오픈컴 2 C110,"정품_188,320","정품_188,320","정품_188,320","정품_188,320","정품_188,320","정품_188,320"
88207430,샥즈 오픈컴 2 C타입 C120,"정품_192,600","정품_192,600","정품_192,600","정품_192,600","정품_192,600","정품_192,600"
77378609,샥즈 오픈핏 2 T920,"정품_258,950|해외구매_163,170","정품_258,880|해외구매_163,170","정품_258,830|해외구매_163,170","정품_258,700|해외구매_163,170","정품_258,590|해외구매_163,170","정품_258,480|해외구매_159,060"
92149979,샥즈 오픈핏 2+ T921,"정품_254,320|해외구매_162,820","정품_254,320|해외구매_162,820","정품_254,320|해외구매_162,820","정품_254,320|해외구매_162,820","정품_254,320|해외구매_162,820","정품_254,320|해외구매_156,860"
21419264,샥즈 오픈핏 T910,"정품_268,990|해외구매_136,610","정품_268,990|해외구매_136,610","정품_268,990|해외구매_141,210","정품_268,990|해외구매_141,210","정품_268,990|해외구매_141,210","정품_268,990|해외구매_136,620"
123993563,샥즈 오픈핏 에어 2 T520,"정품_189,200","정품_189,200","정품_189,200","정품_189,200","정품_189,200","정품_189,200"
54957167,샥즈 오픈핏 에어 T511,"정품_166,190|해외구매_93,020","정품_166,190|해외구매_93,020","정품_166,200|해외구매_93,020","정품_166,190|해외구매_93,020","정품_166,190|해외구매_93,020","정품_166,190|해외구매_92,460"
109596077,샥즈 오픈핏 프로 T010,"정품_369,000|해외구매_359,150","정품_369,000|해외구매_359,150","정품_369,000|해외구매_359,150","정품_369,000|해외구매_359,150","정품_369,000|해외구매_359,150","정품_369,000|해외구매_364,710"
5818984,서진네트웍스 유니콘 TW-900DUAL,"정품_13,200","정품_13,200","정품_13,200","정품_13,200","정품_13,200","정품_13,200"
90504578,서진네트웍스 유니콘 XM-Q7,"정품_23,480","정품_23,390","정품_23,500","정품_23,500","정품_23,440","정품_23,320"
30131075,서진네트웍스 지니큐 ZQ-G10,"18,630","19,800","19,800","19,800","19,800","19,800"
30131042,서진네트웍스 지니큐 ZQ-G10L,"18,630","19,800","19,800","19,800","19,800","19,800"
73891622,서진네트웍스 지니큐 ZQ-SFit5,"정품_17,950","정품_17,950","정품_17,950","정품_17,950","정품_17,950","정품_18,890"
13693175,세중에스비 ebada 갤럭시 버즈 프로/라이브 투명 PC 키링 케이스,"6,400","6,400","6,400","6,400","6,400","6,400"
5478624,셀레브레이트 C9,"정품_6,040","정품_6,320","정품_6,320","정품_6,320","정품_6,320","정품_6,320"
21465857,셔우드 IS-WBT01,"35,320","35,320","35,370","35,370","35,370","25,200"
4486576,솔 리퍼블릭 Relays Sport,"정품_42,080","정품_42,080","정품_42,080","정품_42,080","정품_42,080","정품_42,080"
57500018,수월우 U-2,"해외구매_61,380","해외구매_61,380",0,0,0,0
86492555,수월우 X 붕괴 스타레일 로빈,"해외구매_195,300","해외구매_195,300",0,"해외구매_195,300",0,0
99559331,수월우 란 2,"REF버전, 해외구매_56,640|POP버전, 해외구매_56,640","REF버전, 해외구매_56,396|POP버전, 해외구매_56,396","REF버전, 해외구매_56,396|POP버전, 해외구매_56,396","REF버전, 해외구매_56,396|POP버전, 해외구매_56,396","REF버전, 해외구매_56,396|POP버전, 해외구매_56,396","REF버전, 해외구매_55,660|POP버전, 해외구매_55,660"
36203159,수월우 메이,"해외구매_152,160","해외구매_148,990","해외구매_148,990","해외구매_148,990","해외구매_148,990","해외구매_148,500"
79552664,수월우 메테오,0,0,0,0,0,"해외구매_600,000"
25256186,수월우 블레싱 3,"정품_489,000|해외구매_445,640","정품_489,000|해외구매_445,640","정품_489,000|해외구매_445,640","정품_489,000|해외구매_445,640","정품_489,000|해외구매_445,640","정품_489,000|해외구매_436,350"
31643771,수월우 아리아 2,"해외구매_109,120","해외구매_109,120","해외구매_109,120","해외구매_109,120","해외구매_109,120","해외구매_110,300"
27815981,수월우 츄 2,"해외구매_29,150","해외구매_29,150","해외구매_29,150","해외구매_29,150","해외구매_29,150","해외구매_29,150"
28891025,슈어 AONIC 50 GEN 2,"정품_570,000",0,"정품_570,000","정품_570,000","정품_570,000","정품_570,000"
12566756,슈어 AONIC215-UNI,"163,000","163,000","163,000","163,000","163,000","163,000"
1334884,슈어 SE215,"정품_189,000|해외구매_150,000","정품_189,000|해외구매_150,000","정품_189,000|해외구매_150,000","정품_189,000|해외구매_150,000","정품_189,000|해외구매_150,000","정품_189,000|해외구매_150,000"
1846520,슈어 SE215 SPE,"정품_163,000|해외구매_142,690","정품_174,000|해외구매_143,700","정품_174,000|해외구매_166,440","정품_174,000|해외구매_166,440","정품_174,000|해외구매_165,680","정품_174,000|해외구매_165,680"
2178958,슈어 SE846,"정품_1,666,000|해외구매_1,674,750","정품_1,666,000|해외구매_1,674,750","정품_1,666,000|해외구매_1,674,750","정품_1,666,000|해외구매_1,674,750","정품_1,666,000|해외구매_1,674,750","정품_1,666,000|해외구매_1,674,750"
1547641,슈어 SRH240A,0,0,0,0,"정품_108,000|해외구매_106,610","정품_108,000|해외구매_106,600"
16477679,슈어 SRH440A,"정품_163,000|해외구매_160,850","정품_163,000|해외구매_160,850","정품_168,000|해외구매_160,850","정품_168,000|해외구매_160,850","정품_168,000|해외구매_160,850","정품_168,000|해외구매_160,850"
16409846,슈어 SRH840A,"정품_245,000|해외구매_218,000","정품_245,000|해외구매_218,000","정품_245,000|해외구매_218,000","정품_245,000|해외구매_218,000","정품_245,000|해외구매_218,000","정품_245,000|해외구매_218,000"
123695753,슈피겐 갤럭시 버즈4 시리즈 GP-FPR640HICUK 마그넷 스탠드 케이스,"정품_25,900","정품_25,900","정품_25,900","정품_25,900","정품_25,900","정품_25,900"
123695745,슈피겐 갤럭시 버즈4 시리즈 GP-FPR640PGFBK 패브릭 케이스,"정품_18,610","정품_18,580","정품_18,460","정품_18,330","정품_18,210","정품_18,130"
12952385,스컬캔디 크러셔 Evo,0,0,"해외구매_232,070","해외구매_232,070","해외구매_232,070","해외구매_232,070"
70098014,스틸시리즈 Arctis Gamebuds,"정품_199,000|해외구매_208,200|병행수입_183,840","정품_199,000|해외구매_208,200|병행수입_183,840","정품_222,270|해외구매_208,200|병행수입_183,840","정품_199,000|해외구매_208,200|병행수입_183,840","정품_199,000|해외구매_208,200|병행수입_183,840","정품_199,000|해외구매_208,200|병행수입_183,840"
73886861,스틸시리즈 Arctis Gamebuds X,"정품_186,150|해외구매_298,400","정품_186,150|해외구매_298,400","정품_186,150|해외구매_298,540","정품_186,150|해외구매_295,850","정품_186,150|해외구매_295,850","정품_204,000|해외구매_294,000"
13395971,스틸시리즈 TUSQ,"66,450","66,450","66,450","66,450",0,0
97475870,신지모루 에어팟 프로3 투명 케이스,"정품_8,100","정품_8,100","정품_8,100","정품_8,100","정품_8,100",0
122717075,씨오디오 HAKUYA,"정품_3,299,000","정품_3,299,000","정품_3,299,000","정품_3,299,000","정품_3,299,000","정품_3,299,000"
96984641,씨오디오 YUME IV,0,0,0,0,0,"정품_299,000"
21439358,씨오디오 YUME ULTRA,"정품_239,000","정품_239,000","정품_239,000","정품_239,000","정품_239,000","정품_239,000"
124277834,아가사운드 서브리메이션,"135,000","135,000","135,000","135,000","135,000","135,000"
13222532,아남전자 AMT-R1,"36,000","36,000","36,000","36,000","36,000","36,000"
12552164,아남전자 AN-700S,"3,800","3,990","3,990","3,990","3,990","3,990"
20305121,아남전자 AN-C003,"10,700","10,700","10,700","10,700","10,700","10,700"
20305235,아남전자 AN-C004,"10,700","10,700","10,700","10,700","10,700","10,700"
52068248,아남전자 AN-C007,"5,420","5,350","5,300","5,270","5,270","5,270"
124278411,아남전자 AN-C100,"10,690","10,690","10,690","10,690","10,690","10,690"
59761001,아남전자 AN-C2,"5,000","5,220","5,220","5,220","5,220","5,220"
13088735,아남전자 BT BONE PRO,"정품_59,000","정품_59,000","정품_59,000","정품_59,000","정품_59,000","정품_59,000"
10159419,아남전자 BT-AIR WING,"34,760","34,760","40,940","40,940","40,940","40,940"
17950463,아남전자 BT-AIRSTW6,"22,970","22,870","22,740","22,650","22,650","22,650"
124278412,아남전자 BT-BONE PRO W,"83,620","83,560","83,510","83,380","83,260","83,190"
34372136,아남전자 BTAIR-Cring,"46,560","46,560",0,0,0,0
101074487,아남전자 BTAIR-STAR2,"정품_57,090","정품_57,090","정품_57,080","정품_57,080","정품_57,070",0
40020710,아남전자 BTAIR-airable,"16,830",0,0,0,0,0
30216575,아남전자 BTAIR-clean,"정품_24,900","정품_24,900","정품_24,900","정품_24,900","정품_24,900","정품_24,900"
19976504,아남전자 NO.11,"17,370","17,370","17,370","17,370","17,370","17,370"
26422919,아남전자 NO.55,"8,890","8,890","8,890","8,890","8,890","8,890"
60146480,아라리 갤럭시 버즈3 팝스 실리콘 케이스,"9,500","9,500","9,500","9,500",0,0
30319961,아스카코리아 갤럭시 버즈2 프로/FE 러기지택 아머 케이스,0,"20,890","20,890","20,890","20,890","20,890"
65915882,아우라플로 갤럭시 버즈3 성심당 튀김소보로 케이스 GP-FPR630AUF,"14,600","14,600","14,600","14,600","14,600",0
42205085,아이리버 4 in 1 충전기 헤드폰 거치대 IHS-300,"44,350","44,360","45,390","45,390",0,0
95933210,아이리버 ACTIVO VOLCANO,"정품_79,800",0,0,"정품_79,800","정품_79,800","정품_79,800"
11338317,아이리버 BHC-120,"정품_9,790","정품_9,790","정품_9,790","정품_9,790","정품_9,790","정품_9,790"
9251181,아이리버 BHC-130,"9,990","9,990","9,990","9,990","9,990","9,990"
8178820,아이리버 BHC-200,"6,180","6,180","6,180","6,180","6,180","6,180"
10217352,아이리버 BS-BT101,"정품_39,000","정품_39,000","정품_39,000","정품_39,000","정품_39,000","정품_39,000"
12556394,아이리버 BS-BT303,"34,990","34,990","34,990","34,990","34,990","34,990"
15152690,아이리버 BVC-100C,"정품_8,190","정품_8,190","정품_8,190","정품_8,190","정품_8,190","정품_8,190"
124278413,아이리버 BVC-R01,"13,900","13,900","13,900","13,900","13,900","13,900"
27726962,아이리버 Eiger Opera Sports X3 RUN,"정품_58,880","정품_55,240","정품_55,790","정품_55,790","정품_55,790","정품_55,790"
18178424,아이리버 Eiger-X7,"정품_79,000","정품_79,000","정품_79,000","정품_79,000","정품_79,000","정품_79,000"
94637315,아이리버 FACT ITW-S7,"정품_31,890","정품_31,890",0,0,0,0
97227146,아이리버 Go Free Air30,"정품_39,170","정품_39,130","정품_39,060","정품_39,060","정품_39,100","정품_39,100"
124278414,아이리버 IB-A01H,"14,000","14,000","14,000","14,000","14,000","14,000"
16225037,아이리버 IB-D1010BT,"33,900","33,900","33,900","33,900","33,900","33,900"
124278415,아이리버 IB-IX5,"34,800","34,800","34,800","34,800","34,800","34,800"
122688556,아이리버 IB-IX7,"정품_39,900","정품_39,900","정품_39,900","정품_39,900","정품_39,900","정품_39,900"
92893745,아이리버 IB-N3,"정품_39,800","정품_39,800","정품_39,800","정품_39,800","정품_39,800",0
124278416,아이리버 IB-NX1,"39,900","39,900","39,900","39,900","39,900","39,900"
19035926,아이리버 IB-OK101BT,"22,260","22,260","22,260","22,260","22,260","22,260"
71504792,아이리버 IB-P1,"정품_32,900","정품_32,900","정품_32,900","정품_32,900",0,0
124278417,아이리버 IB-PX3,"35,900","35,900","35,900","35,900","35,900","35,900"
90505298,아이리버 IB-SH20,0,0,0,0,0,"정품_19,790"
123763091,아이리버 IB-SP01,"17,550","17,550","17,550","17,550","17,550","17,550"
18497981,아이리버 IB-T5010BT,"33,150","33,150",0,0,0,0
124278418,아이리버 IB-TAE1,"29,000","29,000","29,000","29,000","29,000","29,000"
59080169,아이리버 IB-TWS02,"19,900","19,900","19,900","19,900",0,0
122688078,아이리버 IB-TX2,0,0,0,0,0,"정품_19,900"
122696482,아이리버 IB-TX4,"정품_32,190","정품_32,190","정품_32,190","정품_32,190","정품_32,190","정품_32,190"
122710841,아이리버 IB-ZX5,0,0,0,0,0,"정품_44,800"
17128076,아이리버 IBC-AIR9,0,0,"정품_64,500","정품_64,500",0,"정품_64,500"
28805138,아이리버 IBE-G07,"30,940","30,940","30,940","30,940","30,940","30,940"
94264553,아이리버 IBO-CLIPON3,0,"정품_39,800","정품_39,800","정품_39,800","정품_39,800","정품_39,800"
122682160,아이리버 IBO-OPENBEAT3,"정품_47,900","정품_47,900","정품_47,900","정품_47,900","정품_47,900",0
8559638,아이리버 ICP-30i,"9,010","9,010","9,010","9,010","9,010","9,010"
19565090,아이리버 ICP-C90i,"12,970","12,930","12,870","12,860","12,850","12,840"
3062826,아이리버 ICP-X70i,"정품_6,890","정품_6,890","정품_6,890","정품_6,890","정품_6,890","정품_6,890"
8035549,아이리버 IDP-05i,"정품_7,320","정품_7,320","정품_7,320","정품_7,320","정품_7,320","정품_7,320"
28369268,아이리버 IDP-CL707,"정품_13,790","정품_13,790","정품_13,790","정품_13,790","정품_13,790","정품_13,790"
32069000,아이리버 IEH-10C,"19,730","19,730","19,720","19,920","19,920","19,920"
7998838,아이리버 IGE-101,"14,900","14,900","14,900","14,900","14,900","14,900"
19564940,아이리버 IGE-202C,"18,470","18,470","18,470","18,470","18,470","18,470"
40567520,아이리버 IGE-606C,"14,900","14,900","14,900","14,900","14,900","14,900"
33386075,아이리버 IGE-8D20C,"37,800","37,800","37,800","37,800","37,800","37,800"
17203379,아이리버 IHBT-T90,"정품_49,000","정품_49,000","정품_49,000","정품_49,000","정품_49,000","정품_49,000"
25297322,아이리버 IHBT-US30,"정품_24,830","정품_24,880","정품_24,870","정품_24,870","정품_24,860","정품_24,860"
92108228,아이리버 IOW-A96,"정품_56,910","정품_56,910","정품_56,910","정품_56,910","정품_56,910","정품_56,910"
13267721,아이리버 ITW-G4,"36,000",0,0,0,"36,000","36,000"
19454417,아이리버 ITW-J6,"정품_18,900","정품_18,900","정품_18,900","정품_18,900","정품_18,900","정품_19,900"
91347482,아이리버 마카롱 MC50,"정품_34,900","정품_34,900","정품_34,900","정품_34,900","정품_34,900","정품_34,900"
9540090,아이리버 블랭크 BHC-210,"8,870","8,810","8,740",0,0,0
10380558,아이리버 블랭크 BHC-30M,"9,600","9,600","9,600","9,600","9,600","9,600"
6767317,아이리버 블랭크 BHC-60M,"12,610","12,610","12,610","12,610","12,610","12,610"
4699828,아이리버 블랭크 IGH-100,"정품_29,900","정품_29,900","정품_29,900","정품_29,900","정품_29,900","정품_29,900"
104628500,아이스마트 T1,0,"2개,정품_15,320|정품_8,890","2개,정품_15,320|정품_8,370","2개,정품_15,320|정품_8,370","2개,정품_15,320|정품_8,350","2개,정품_16,190|정품_8,340"
16210853,아이온코리아 BOSSWIZ BOS-KT100,"정품_40,760","정품_40,760","정품_40,760","정품_40,760","정품_40,760","정품_41,860"
12586151,아이코모스 ICOMOS EPC-02,"10,900","10,900","10,900","10,900","10,900","10,900"
43527722,아이콘스 카카오프렌즈 춘식이 미니 와이어리스 이어폰 RCBE-001,0,0,0,0,0,"17,760"
62794280,아즈라 세드나이어핏 맥스 TWS 6 이어팁,"SS, 2쌍_21,900|S, 2쌍_21,900|MS, 2쌍_21,900|M, 2쌍_21,900|ML, 2쌍_21,900|||||","SS, 2쌍_21,900|S, 2쌍_21,900|MS, 2쌍_21,900|M, 2쌍_21,900|ML, 2쌍_21,900|||||","SS, 2쌍_21,900|S, 2쌍_21,900|MS, 2쌍_21,900|M, 2쌍_21,900|ML, 2쌍_21,900|||||","SS, 2쌍_21,900|S, 2쌍_21,900|MS, 2쌍_21,900|M, 2쌍_21,900|ML, 2쌍_21,900|||||","SS, 2쌍_21,900|S, 2쌍_21,900|MS, 2쌍_21,900|M, 2쌍_21,900|ML, 2쌍_21,900|||||","SS, 2쌍_21,900|S, 2쌍_21,900|MS, 2쌍_21,900|M, 2쌍_21,900|ML, 2쌍_21,900|||||"
19672583,아즈라 세드나이어핏 맥스 TWS용 이어팁,"2쌍, SSS_19,800|2쌍, SS_19,800|2쌍, S_19,800|2쌍, MS_19,800|2쌍, M_19,800|||||","2쌍, SSS_19,800|2쌍, SS_19,800|2쌍, S_19,800|2쌍, MS_19,800|2쌍, M_19,800|||||",0,0,0,"2쌍, SSS_19,800|2쌍, SS_19,800|2쌍, S_19,800|2쌍, MS_19,800|2쌍, M_19,800|||||"
52069064,아즈라 세드나이어핏 셀라스텍 2,0,0,0,0,"SS, 2쌍_22,000|S, 2쌍_22,000|MS, 2쌍_22,000|M, 2쌍_22,000|ML, 2쌍_22,000|||||","SS, 2쌍_22,000|S, 2쌍_22,000|MS, 2쌍_22,000|M, 2쌍_22,000|ML, 2쌍_22,000|||||"
19317128,아즈라 아젤 에디션 G 2세대,"정품_244,860","정품_244,860","정품_244,860","정품_244,860","정품_244,860","정품_244,860"
78389927,아즈라 아젤 에디션 G 3세대,"정품_99,000","정품_99,000","정품_99,000","정품_99,000","정품_99,000","정품_99,000"
76792430,아즈라 트리뷰트 AZT-300,"정품_20,900","정품_20,900","정품_20,900","정품_20,900","정품_20,900",0
76792457,아즈라 트리뷰트 AZT-350C,0,0,0,0,"정품_21,700","정품_21,700"
33438836,아즈라 호라이즌 2,"정품_189,000","정품_189,000","정품_189,000","정품_189,000","정품_189,000",0
122657806,아크로아이앤티 아크로 AE30,"27,700","27,700","27,700","27,700","27,700","27,700"
33438572,아크로아이앤티 아크로 버즈 에어,"정품_29,880","정품_29,850","정품_29,740","정품_29,630","정품_29,560","정품_29,550"
19405775,아크로아이앤티 아크로 프로버즈,"정품_26,820","정품_26,820","정품_26,820","정품_26,820","정품_26,820",0
106757222,알머스 갤럭시 버즈4 시리즈 GP-FPR640AMC 레트로 픽셀 메뉴 케이스,"정품_24,400",0,0,0,0,"정품_24,400"
123695684,알머스 갤럭시 버즈4 시리즈 GP-FPR640AMKAK 약과 케이스,"정품_29,990","정품_29,990","정품_29,850","정품_29,790","정품_29,670","정품_29,600"
123695670,알머스 갤럭시 버즈4 시리즈 GP-FPR640AMLYK  양은 냄비 케이스,"정품_29,880","정품_29,880","정품_29,790","정품_29,660","정품_29,540","정품_29,460"
8011819,앱코 BEATONIC E01,"15,430","15,430","15,430","15,430","15,430","15,430"
8013643,앱코 BEATONIC E02,"23,810","23,810","23,810","23,810","23,810","23,810"
11715458,앱코 BEATONIC E06,"20,000","20,000","20,000","20,000","20,000","20,000"
11259747,앱코 BEATONIC E07,"35,760","35,760","35,760","35,760","35,760","35,760"
11984009,앱코 BEATONIC E08,"46,560","46,560","46,560","46,560","46,560","45,590"
11871532,앱코 BEATONIC E09,"50,600","50,600","50,710","50,600","50,590","50,590"
11091807,앱코 BEATONIC EF01,"47,720","47,720","47,720","47,720","47,720","47,720"
11213496,앱코 BEATONIC EZ02,"56,130","56,130","56,130","56,130","56,130","56,130"
11214027,앱코 BEATONIC EZ03,"95,000","95,000","95,000","95,000","95,000","95,000"
12195893,앱코 BEATONIC EZ04,"13,740","13,740","13,740","13,740","13,740","13,740"
10522692,앱코 BEATONIC SOAP,"정품_64,890","정품_64,890","정품_64,840","정품_64,770","정품_64,710","정품_64,650"
10520484,앱코 BEATONIC 트루엔진 2,"59,670","59,670","59,670","59,670","59,670","59,670"
11870713,앱코 EH200 BT,"정품_31,060","정품_31,060","정품_31,060","정품_31,060","정품_31,060","정품_31,060"
52062014,앱코 EH300,"정품_26,500","정품_26,500","정품_26,500","정품_26,500","정품_26,500","정품_26,500"
11620031,앱코 HACKER HR600 RGB 헤드셋 거치대,"47,700","47,700","47,700","47,700","47,700","47,700"
7976086,앱코 HACKER 헤드셋 거치대,"3,530","3,530","3,530","3,530","3,530","3,540"
16395425,앱코 TRIDER,"73,000","73,000","73,000","73,000","73,000","73,000"
7637596,앱코 Tcom B-type,"86,000","86,000","86,000","86,000","86,000","86,000"
11858932,앱코 Tcom 올인원,"65,000","65,000","65,000","65,000","65,000","65,000"
96580976,앱코 Z-RIDER,0,"정품_66,810","정품_66,810","정품_66,810","정품_66,810","정품_66,810"
89731580,앱코 스포티 미니 S10-M,"정품_67,000","정품_67,000","정품_67,000","정품_67,000","정품_67,000","정품_67,000"
4505755,야마하 HPH-100,"블랙, 해외구매_46,500|화이트, 해외구매_49,290",0,0,0,0,0
3468103,야마하 HPH-50,"정품_35,800|해외구매_29,120","정품_35,800|해외구매_29,320","정품_35,800|해외구매_29,320","정품_35,800|해외구매_29,330","정품_35,800|해외구매_29,330","정품_35,541|해외구매_26,397"
16975070,야마하 HPH-MT8,"정품_221,890|해외구매_299,440","정품_221,890|해외구매_293,445","정품_221,890|해외구매_293,445","정품_221,890|해외구매_293,445","정품_221,890|해외구매_298,470","정품_221,890|해외구매_315,720"
20355434,어쿠스튠 AEX50,0,"2쌍, XS_24,000|2쌍, S_24,000|2쌍, M_24,000|2쌍, L_24,000|2쌍, XL_24,000","2쌍, XS_24,000|2쌍, S_24,000|2쌍, M_24,000|2쌍, L_24,000|2쌍, XL_24,000","2쌍, XS_24,000|2쌍, S_24,000|2쌍, M_24,000|2쌍, L_24,000|2쌍, XL_24,000","2쌍, XS_24,000|2쌍, S_24,000|2쌍, M_24,000|2쌍, L_24,000|2쌍, XL_24,000","2쌍, XS_24,000|2쌍, S_24,000|2쌍, M_24,000|2쌍, L_24,000|2쌍, XL_24,000"
28889354,얼리버드 원터치 블루투스 무선 이어폰 TWS-S30,"7,440","7,440","7,440","7,440","7,440","7,440"
123590233,에디파이어 A6,"해외구매_42,380","해외구매_42,380","해외구매_42,380","해외구매_42,860","해외구매_42,860","해외구매_42,860"
78984941,에디파이어 Comfo C R1,"정품_79,000",0,0,0,"정품_79,000","정품_79,000"
78177674,에디파이어 ES850NB,"정품_169,000|해외구매_98,990","정품_169,000|해외구매_98,990","정품_169,000|해외구매_98,990","정품_169,000|해외구매_98,990","정품_169,000|해외구매_98,990","정품_169,000|해외구매_98,990"
27760811,에디파이어 W820NB Plus,"해외구매_63,790","해외구매_63,790","해외구매_63,790","해외구매_63,790","해외구매_63,790","해외구매_63,790"
123590095,에디파이어 Zero Air,"해외구매_22,500","해외구매_22,500","해외구매_22,500","해외구매_22,500","해외구매_22,500","해외구매_22,500"
97706693,에스엠원 에어팟4 아머 보호 케이스,"정품_7,620","정품_7,620","정품_7,620","정품_7,620","정품_7,620","정품_7,620"
7733827,에이스텍 ACE-X1,"39,900","39,900","39,900","39,900","39,900","39,900"
9996627,에이스텍 ACE-X2,"25,800","25,800","25,800","25,800","25,800","25,800"
13549052,에이투 AW111C,"29,900","29,900",0,0,0,0
93916214,에이투 EF3,"정품_18,510","정품_18,510","정품_18,510","정품_18,510",0,0
79553513,에이투 오픈이어 7,"정품_59,900","정품_59,900","정품_59,900","정품_59,900","정품_59,900","정품_59,900"
106734794,엑스플러스 갤럭시 버즈4 시리즈 GP-FPR640 클립 클리어 케이스 위드 카라비너,0,"정품_15,710","정품_15,710","정품_15,710","정품_15,710","정품_16,880"
28608806,엑티몬 C타입 유선 이어폰 MON EAR SOUND,"4,050","3,950","3,890","3,890","4,070","3,930"
20142512,엑티몬 TWS100,"8,910","8,910","8,910","8,910","8,910","8,910"
98084129,엘라고 에어팟 프로2 클리어 행 케이스,"정품_13,500","정품_13,500","정품_13,500","정품_13,500","정품_13,500","정품_13,500"
97411463,엘라고 에어팟 프로3 클리어 투명 케이스,"정품_13,000","정품_13,000","정품_13,000","정품_13,000",0,0
97411457,엘라고 에어팟 프로3 클리어 투명 행 케이스,"정품_13,900","정품_13,900","정품_13,900","정품_13,900","정품_13,900","정품_13,900"
77862239,엘라고 에어팟4 이어팁 EAP4-PADSM,"2쌍_10,000","2쌍_10,000","2쌍_14,330","2쌍_14,840","2쌍_14,840",0
67369955,엘라고 에어팟4 클리어 행 케이스,"15,000",0,0,0,0,0
30319331,엠지텍 이어프리 W,"234,200","234,200",0,0,0,0
95201216,엠지텍 지링크,"정품_99,900","정품_99,900","정품_99,900","정품_99,900","정품_99,900","정품_99,900"
11854399,엠피보스 MS-CLO11,"12,640","12,610","12,600","12,600","12,590","12,590"
34740953,엠피보스 MS-OPENAIR800,"19,780","19,780","19,770","19,770","19,760","19,760"
19091870,엠피보스 MS-RMBT80,"정품_30,400","정품_30,400","정품_30,400","정품_30,400","정품_30,400","정품_30,400"
5186770,엠피보스 MS-XBT1,"정품_19,440","정품_19,440","정품_19,440","정품_19,440","정품_19,440","정품_19,440"
6047713,오디오테크니카 ATH-ANC700BT,"정품_149,000|해외구매_456,170","정품_149,000|해외구매_456,170","정품_149,000|해외구매_456,170","정품_149,000|해외구매_456,170","정품_149,000|해외구매_456,170","정품_149,000|해외구매_456,170"
124259658,오디오테크니카 ATH-CKD30C,"정품_35,560|해외구매_39,000","정품_35,560|해외구매_39,000","정품_35,930|해외구매_39,000","정품_35,880|해외구매_39,000","정품_35,930|해외구매_39,000","정품_35,930|해외구매_39,000"
16093286,오디오테크니카 ATH-CKD3C,"정품_36,950|해외구매_36,200","정품_36,950|해외구매_36,200",0,0,0,0
124259707,오디오테크니카 ATH-CKD7NC,"정품_82,020|해외구매_103,960","정품_82,020|해외구매_103,960","정품_82,020|해외구매_103,960","정품_82,020|해외구매_103,960","정품_82,020|해외구매_103,960","정품_82,020|해외구매_103,960"
20775785,오디오테크니카 ATH-CKS330C,"정품_43,880|해외구매_45,200","정품_43,880|해외구매_45,200","정품_43,880|해외구매_45,200","정품_43,720|해외구매_45,200","정품_43,720|해외구매_45,200","정품_43,720|해외구매_45,200"
76791869,오디오테크니카 ATH-CKS330NC,"정품_60,790|해외구매_69,540","정품_60,790|해외구매_69,540","정품_60,800|해외구매_69,540","정품_58,880|해외구매_69,540","정품_60,790|해외구매_93,460","정품_60,790|해외구매_93,460"
3998582,오디오테크니카 ATH-E40,0,0,0,0,"정품_149,000|해외구매_156,870",0
2609467,오디오테크니카 ATH-EQ300M,"해외구매_27,230","해외구매_27,230","해외구매_27,230","해외구매_27,230","해외구매_27,230",0
100448558,오디오테크니카 ATH-HL7BT,"해외구매_146,710","해외구매_146,700","해외구매_146,820","해외구매_146,350","해외구매_146,350",0
2561901,오디오테크니카 ATH-M20X,"정품_77,420|해외구매_70,470","정품_77,420|해외구매_70,410","정품_77,420|해외구매_70,370","정품_72,680|해외구매_70,300","정품_77,420|해외구매_70,290","정품_77,420|해외구매_70,280"
16597502,오디오테크니카 ATH-M20xBT,"정품_94,050|해외구매_132,780","정품_94,050|해외구매_132,780","정품_94,050|해외구매_132,770","정품_91,080|해외구매_132,770","정품_94,050|해외구매_132,770","정품_94,050|해외구매_132,760"
2563500,오디오테크니카 ATH-M40X,"정품_146,020|해외구매_148,890","정품_146,020|해외구매_148,900","정품_143,000|해외구매_148,890","정품_143,000|해외구매_148,890","정품_143,000|해외구매_148,890","정품_143,000|해외구매_148,890"
2563515,오디오테크니카 ATH-M50x,"정품_220,000|해외구매_105,930","정품_220,000|해외구매_105,930","정품_220,000|해외구매_105,930","정품_210,680|해외구매_105,930","정품_220,000|해외구매_105,930","정품_220,000|해외구매_105,930"
100618475,오디오테크니카 ATH-M50x ENSO,"정품_259,000|해외구매_354,890","정품_259,000|해외구매_305,530",0,0,0,0
15582173,오디오테크니카 ATH-M50xBT2,"정품_229,000|해외구매_241,970","정품_229,000|해외구매_241,970","정품_229,000|해외구매_241,970","정품_229,000|해외구매_241,970","정품_229,000|해외구매_241,970","정품_229,000|해외구매_241,970"
92545781,오디오테크니카 ATH-R30x,"정품_148,660|해외구매_138,330",0,0,0,0,0
75464609,오디오테크니카 ATH-R50x,"정품_262,400|해외구매_253,360","정품_262,400|해외구매_255,150","정품_262,400|해외구매_255,150","정품_262,400|해외구매_255,150","정품_262,400|해외구매_255,150","정품_262,400|해외구매_255,150"
3376790,오디오테크니카 ATH-R70x,"정품_429,000|해외구매_822,260","정품_429,000|해외구매_822,260","정품_429,000|해외구매_792,530",0,"정품_429,000|해외구매_778,900","정품_429,000|해외구매_828,730"
75464651,오디오테크니카 ATH-R70xa,"정품_439,000|해외구매_425,270","정품_439,000|해외구매_425,280","정품_439,000|해외구매_425,280","정품_413,080|해외구매_425,280","정품_439,000|해외구매_425,280","정품_439,000|해외구매_425,280"
56152748,오디오테크니카 ATH-S120C,0,0,"정품_39,560|해외구매_43,000","정품_39,560|해외구매_43,000",0,"정품_40,840|해외구매_43,000"
58011590,오디오테크니카 ATH-S300BT,0,0,0,"정품_139,870|해외구매_144,650","정품_139,870|해외구매_144,650","정품_139,870|해외구매_140,120"
41615006,오디오테크니카 ATH-SQ1TW2,0,"정품_79,000","정품_79,000","정품_79,000","정품_79,000","정품_79,000"
98547329,오디오테크니카 ATH-TWX9MK2,"정품_331,550|해외구매_314,400","정품_331,550|해외구매_314,390","정품_331,550|해외구매_314,390","정품_330,280|해외구매_315,000","정품_331,550|해외구매_311,250","정품_331,550|해외구매_311,250"
17178632,오스트리안 오디오 Hi-X15,0,0,0,"정품_199,000|해외구매_156,870","정품_199,000|해외구매_156,870","정품_199,000|해외구매_156,870"
27630788,우리투비 MS-501,"29,790","29,800","29,790","29,790","29,790","29,790"
20106833,우성음향 EXS X21C,"정품_9,220","정품_9,220","정품_9,210","정품_9,200","정품_9,140","정품_9,020"
1865017,우일 HL-50S,"정품_5,500","정품_5,500","정품_5,500","정품_5,500","정품_5,500","정품_5,500"
2684178,원테크플러스 MIXS MX-001,"정품_8,450","정품_8,450","정품_8,450","정품_8,450","정품_8,450","정품_8,450"
14923802,원테크플러스 투비뉴 TO-BS21,"38,720","38,720","38,720","38,720","38,720","38,720"
122678459,유코텍 C1,"정품_39,900","정품_39,900","정품_39,900","정품_39,900","정품_39,900","정품_39,900"
122707444,유코텍 E1,"정품_145,000","정품_145,000","정품_145,000","정품_145,000","정품_145,000","정품_145,000"
91040741,유코텍 ES903MK2,"정품_32,230|+NURI DAC, 정품_45,900","정품_32,230|+NURI DAC, 정품_45,900","정품_32,230|+NURI DAC, 정품_45,900","정품_32,230|+NURI DAC, 정품_45,900","정품_32,230|+NURI DAC, 정품_45,900","정품_32,900|+NURI DAC, 정품_45,900"
4321147,유키 YK470,"정품_4,510","정품_4,510","정품_4,510","정품_4,510","정품_4,510","정품_4,510"
20731976,이어락 G9 MK3,"정품_96,900","정품_96,900","정품_96,900",0,0,0
122711390,이어펀 AirPro4,"정품_105,540|해외구매_85,360","정품_105,540|해외구매_85,360","정품_105,540|해외구매_85,360","정품_105,540|해외구매_85,360","정품_105,540|해외구매_85,320","정품_105,540|해외구매_88,220"
101075282,이어펀 Tune Pro,"정품_74,610|해외구매_70,710","정품_74,610|해외구매_70,710","정품_74,610|해외구매_70,710","정품_74,610|해외구매_70,710","정품_74,610|해외구매_70,710","정품_74,610|해외구매_70,710"
103182398,이지넷유비쿼터스 NEXTU 이어비트 B1 IP68 방수 방진 오픈형 골전도 블루투스 이어폰,"정품_44,800","정품_44,800","정품_44,800","정품_44,800","정품_44,800","정품_44,800"
63468230,이지넷유비쿼터스 NEXTU 이어스프린트 BT60-EAR,"정품_26,100","정품_26,100","정품_26,100","정품_26,100","정품_26,100","정품_26,100"
124351993,인켈 CLIP Pro IK-WA01,"50,000","50,000","50,000","50,000","50,000","50,000"
1777932,인켈 HES-222,"정품_1,800","정품_1,800","정품_1,800","정품_1,800","정품_1,800","정품_1,800"
1351052,인켈 IE-245,"정품_12,380","정품_12,380","정품_12,380","정품_12,380","정품_12,380","정품_12,380"
11717969,인켈 IK-KB500,"19,290","19,290","19,290","19,290","19,290","19,290"
19815311,잇서 사운드 프로,"정품_27,550","정품_27,550","정품_27,550","정품_27,550","정품_27,550","정품_27,550"
42205970,잇츠온 IT-HDS02,"9,310","9,310","9,310",0,0,0
31465013,잘만 ZM-HPS510 ANC,"정품_36,170","정품_36,170","정품_36,170","정품_36,170","정품_36,170","정품_36,170"
79407215,제닉스 TITAN GE3,"정품_59,170","정품_59,170","정품_59,170","정품_59,170","정품_59,170","정품_59,170"
122686403,제닉스 TITAN GE5,"정품_50,900","정품_50,900","정품_50,900","정품_50,900","정품_50,900","정품_50,900"
124259324,젠하이저 CX 80U,"정품_51,050|해외구매_가격비교예정","정품_51,050|해외구매_가격비교예정","정품_51,050|해외구매_가격비교예정","정품_51,050|해외구매_가격비교예정","정품_51,050|해외구매_가격비교예정","정품_54,900|해외구매_가격비교예정"
12170,젠하이저 HD 25,"정품_290,000|해외구매_189,460","정품_290,000|해외구매_189,460","정품_290,000|해외구매_183,780","정품_290,000|해외구매_183,780","정품_290,000|해외구매_186,080","정품_290,000|해외구매_188,010"
8781998,젠하이저 HD 400S,"정품_79,000|해외구매_77,300",0,"정품_79,000|해외구매_77,300","정품_79,000|해외구매_77,300","정품_79,000|해외구매_77,300","정품_79,000|해외구매_77,300"
124259354,젠하이저 HD 400U,"정품_110,670|해외구매_107,090","정품_110,670|해외구매_107,090","정품_110,670|해외구매_103,880","정품_110,670|해외구매_103,880","정품_110,670|해외구매_103,550","정품_119,000|해외구매_102,790"
11079843,젠하이저 HD 450 BT,0,0,0,0,0,"정품_169,000|해외구매_214,500"
122711253,젠하이저 HD 480 PRO,"정품_730,000|해외구매_612,950","정품_730,000|해외구매_610,940","정품_730,000|해외구매_610,940","정품_730,000|해외구매_609,720","정품_730,000|해외구매_609,720","정품_730,000|해외구매_609,720"
122712113,젠하이저 HD 480 PRO PLUS,"정품_800,000","정품_800,000","정품_800,000","정품_800,000","정품_800,000","정품_800,000"
39767978,젠하이저 HD 490 PRO,"정품_730,000|해외구매_641,000","정품_730,000|해외구매_622,390","정품_730,000|해외구매_621,770","정품_730,000|해외구매_622,290","정품_730,000|해외구매_620,260","정품_730,000|해외구매_620,260"
39767981,젠하이저 HD 490 PRO PLUS,"정품_880,000|해외구매_741,930","정품_880,000|해외구매_741,930","정품_880,000|해외구매_741,930","정품_880,000|해외구매_741,930",0,0
86100683,젠하이저 HD 505 Cooper Edition,"정품_259,000|해외구매_562,100","정품_259,000|해외구매_562,100","정품_259,000|해외구매_562,100","정품_259,000|해외구매_562,100",0,"정품_259,000|해외구매_562,100"
86100908,젠하이저 HD 550,"정품_352,470","정품_352,470","정품_352,470","정품_352,470","정품_352,470","정품_379,000"
12573776,젠하이저 HD 560S,"정품_229,000|해외구매_229,000","정품_229,000|해외구매_229,000","정품_229,000|해외구매_229,000","정품_229,000|해외구매_268,100","정품_229,000|해외구매_203,810","정품_229,000|해외구매_229,000"
4592486,젠하이저 HD 569,0,0,0,0,"정품_169,000|해외구매_203,310","정품_169,000|해외구매_203,310"
4592412,젠하이저 HD 599,"정품_189,000|해외구매_254,020","정품_189,000|해외구매_254,020","정품_189,000|해외구매_254,020","정품_189,000|해외구매_259,470","정품_189,000|해외구매_253,200","정품_189,000|해외구매_251,480"
12192,젠하이저 HD 600,"정품_359,000|해외구매_540,910","정품_359,000|해외구매_544,730","정품_359,000|해외구매_544,730","정품_359,000|해외구매_544,730","정품_359,000|해외구매_539,600","정품_359,000|해외구매_544,730"
58010621,젠하이저 HD 620S,"정품_499,000|해외구매_561,280","정품_499,000|해외구매_561,280","정품_498,990|해외구매_561,280","정품_498,990|해외구매_561,280","정품_498,990|해외구매_562,460","정품_498,990|해외구매_556,780"
19786772,젠하이저 HD 650,"정품_549,000","정품_549,000","정품_549,000","정품_549,000","정품_549,000","정품_549,000"
18980885,젠하이저 HD 660S2,"정품_525,000|해외구매_846,440","정품_525,000|해외구매_846,440","정품_525,000|해외구매_852,410","정품_525,000|해외구매_852,410","정품_525,000|해외구매_852,390","정품_525,000|해외구매_846,570"
3893819,젠하이저 HD 800S,"정품_2,290,000|해외구매_2,035,790","정품_2,290,000|해외구매_2,050,160","정품_2,290,000|해외구매_2,050,160","정품_2,290,000|해외구매_2,050,160","정품_2,290,000|해외구매_2,050,160","정품_2,290,000|해외구매_2,063,740"
99322775,젠하이저 HDB 630,"정품_719,000|해외구매_836,950","정품_719,000|해외구매_836,950","정품_719,000|해외구매_836,900","정품_719,000|해외구매_836,770","정품_719,000|해외구매_836,660","정품_719,000|해외구매_725,440"
14418743,젠하이저 IE 100 PRO,"정품_188,000|해외구매_118,500","정품_188,000|해외구매_119,330","정품_188,000|해외구매_119,330","정품_188,000|해외구매_119,330","정품_188,000|해외구매_119,330","정품_188,000|해외구매_118,520"
18686864,젠하이저 IE 200,"정품_179,000|해외구매_155,090","정품_179,000|해외구매_156,180","정품_179,000|해외구매_156,180","정품_179,000|해외구매_156,180","정품_179,000|해외구매_156,180","정품_179,000|해외구매_160,150"
13424426,젠하이저 IE 300,"정품_299,000|해외구매_255,500","정품_299,000|해외구매_257,300","정품_299,000|해외구매_257,300","정품_299,000|해외구매_257,300","정품_299,000|해외구매_257,300","정품_299,000|해외구매_207,700"
16532969,젠하이저 IE 600,"정품_769,860|해외구매_1,054,500","정품_815,510|해외구매_1,054,500","정품_815,510|해외구매_1,054,500","정품_815,510|해외구매_1,054,500","정품_815,510|해외구매_1,054,500","정품_830,380|해외구매_1,054,500"
16905332,젠하이저 IE 900,"정품_1,605,520|해외구매_1,827,840","정품_1,746,280|해외구매_1,840,740","정품_1,746,280|해외구매_1,840,740","정품_1,746,280|해외구매_1,840,740","정품_1,746,280|해외구매_1,840,690","정품_1,746,290|해외구매_1,840,690"
17703695,젠하이저 모멘텀 4 와이어리스 M4AEBT,"정품_398,000|+BTD600, 정품_448,900|해외구매_426,450","정품_398,000|+BTD600, 정품_448,900|해외구매_426,450","정품_398,000|+BTD600, 정품_448,900|해외구매_426,450","정품_398,000|+BTD600, 정품_448,900|해외구매_426,450","정품_398,000|+BTD600, 정품_448,900|해외구매_426,450","정품_398,000|+BTD600, 정품_448,900|해외구매_426,450"
122707391,젠하이저 모멘텀 5 와이어리스 M5AEBT,"정품_599,000|해외구매_853,900","정품_599,000|해외구매_853,900","정품_599,000|해외구매_853,900","정품_599,000|해외구매_853,900","정품_599,000|해외구매_853,900","정품_599,000|해외구매_853,900"
36205724,젠하이저 모멘텀 트루 와이어리스 4 MTW4,"정품_299,000|해외구매_427,900","정품_299,000|해외구매_430,920","정품_299,000|해외구매_430,920","정품_299,000|해외구매_430,920","정품_299,000|해외구매_430,920","정품_299,000|해외구매_430,920"
124224819,젠하이저 모멘텀 트루 와이어리스 5 MTW5,"429,000","429,000","429,000","429,000","429,000","429,000"
28864313,젠하이저 엑센텀 ACAEBT,"정품_139,000|해외구매_328,730","정품_139,000|해외구매_328,730","정품_139,000|해외구매_328,730","정품_139,000|해외구매_328,730","정품_139,000|해외구매_328,730","정품_139,000|해외구매_328,730"
92761823,젠하이저 엑센텀 오픈 OTW1,"정품_110,670","정품_110,670","정품_110,670","정품_110,670","정품_110,670","정품_119,000"
48475406,젠하이저 엑센텀 플러스 ACPAEBT,"정품_279,000|해외구매_313,990","정품_279,000|해외구매_313,990","정품_279,000|해외구매_313,990","정품_279,000|해외구매_313,990","정품_279,000|해외구매_313,990","정품_279,000|해외구매_313,990"
10785780,주닉스 ZNS-B6,"1,040","1,090","1,090",0,0,0
78978929,주닉스 ZNS-B9,정품_920,정품_920,정품_910,정품_910,정품_950,정품_910
48646757,지군코리아 ZYON ZE-S20C,"블랙_7,480|화이트_7,480","블랙_7,480|화이트_7,480","블랙_7,480|화이트_7,480","블랙_7,480|화이트_7,480","블랙_7,480|화이트_7,480","블랙_7,480|화이트_7,480"
16926209,지성아이엔씨 플라이토 스테레오 AUX 유선 이어폰,"8,900","8,900","8,900","8,900","8,900","8,900"
17864153,지스타코리아 TEMPLER BT-E70,"정품_7,160","정품_7,160","정품_7,160","정품_7,160","정품_7,160","정품_7,160"
91496096,지스타코리아 TEMPLER BT-W500,"정품_7,110","정품_7,110","정품_7,110","정품_7,110","정품_7,110","정품_7,110"
91351424,지스타코리아 TEMPLER MXBT-TWS3,"정품_15,270","정품_15,180","정품_15,090","정품_14,980","정품_14,970","정품_14,970"
30094133,지스타코리아 TEMPLER TEM-EP120,"3,386","3,425","3,410","3,357","3,357","3,357"
28055732,지스타코리아 TEMPLER 프로 6 TEM-TWS-i12,"정품_6,470","정품_6,810","정품_6,810","정품_6,810","정품_6,810","정품_6,810"
98918693,청연MnS naVee NV196-CHD2G,"정품_21,830","정품_21,830","정품_21,830","정품_21,830","정품_21,830","정품_21,830"
33334004,청연MnS naVee NV2-OWE1,"18,300","28,630","28,900","28,900","28,900","28,900"
58011434,청연MnS naVee NV3-OWE2,"정품_19,900","정품_19,900","정품_19,900","정품_19,900","정품_19,900","정품_19,900"
34394396,청연MnS naVee NV60-BC300,"38,800","38,800","38,800","38,800","38,800","38,800"
13398980,청연MnS naVee NV87-CSR77,"25,390","25,390","25,400","25,390","25,390","25,390"
100736297,청연MnS naVee NV88-NTW1,"정품_38,800","정품_38,800","정품_38,800","정품_38,800","정품_38,800","정품_38,800"
96256430,캠브리지오디오 Melomania A100,"정품_235,000|해외구매_240,110","정품_235,000|해외구매_240,110","정품_235,000|해외구매_260,990","정품_235,000|해외구매_260,990","정품_235,000|해외구매_260,990","정품_235,000|해외구매_260,990"
2597936,캡스톤 DailyTunes,"11,000","10,940","10,890","10,820","10,810","10,810"
43545344,컴길 빌보드 BL-AH001,"78,990","78,990","78,990","78,990","78,990","78,990"
40019327,컴길 빌보드 BL-ANC002,"68,990","68,990","68,990","68,990","68,990","68,990"
41019245,컴길 빌보드 BL-BH001,"49,000","49,000","49,000","49,000","49,000","49,000"
40896779,컴길 빌보드 BL-TWS001,"29,000","29,000","29,000","29,000","29,000","29,000"
43523228,컴길 빌보드 BL-TWS002,"정품_39,000","정품_39,000","정품_39,000","정품_39,000","정품_39,000","정품_39,000"
40019135,컴길 빌보드 BL-TWS003,"49,000","49,000","49,000","49,000","49,000","49,000"
18510908,코시 EP2112BTW,"35,120","35,120","35,120","35,120","35,120","35,120"
17940662,코시 EP2156BT,"24,640","24,640","24,590","24,520","24,460","24,400"
36202646,코시 EP2223iP,"14,200","14,310","14,270","14,310","14,270","14,270"
92893805,코시 EP2283C,"정품_12,790","정품_12,730","정품_12,680","정품_12,560","정품_12,490","정품_12,490"
96580379,코시 EP2286BTR,"정품_24,580","정품_24,520","정품_24,470","정품_24,340","정품_24,220","정품_24,140"
11490444,코시 버킷 EP2044C,"14,510","14,510","14,510","14,510","14,510","14,990"
18452849,코시 본투 EP2158BTB,"22,390","22,390","22,390","22,390","22,390","22,390"
9760323,코시 브리즈 EP3435,"11,500","11,500","11,500","11,500","11,500","11,500"
90648920,코시 세라믹 이어폰 EP2247C,"정품_15,670","정품_15,670","정품_15,670","정품_15,670","정품_15,670","정품_15,670"
78389957,코시 오픈핏 EP4137C,"정품_11,500","정품_11,500","정품_11,500","정품_11,500","정품_11,500","정품_11,500"
122697472,코시 오픈핏 EP4163BTR,"정품_15,500","정품_15,500",0,0,"정품_15,500",0
91562324,코시 카나 EP2269BTW,"정품_27,500","정품_27,440","정품_27,500","정품_27,500","정품_27,500","정품_27,500"
11475138,코시 카일 EP2039C,"14,490","14,490","14,480","14,480","14,490","14,175"
18460631,코시 크루 EP2180C,"12,050","12,150","12,140","12,140","12,140","12,140"
13671344,코시 타입C 어반 EP3431C-F,"11,150","11,150","11,150","11,150","11,150","11,150"
18460598,코시 토미 EP2179C,"13,290","13,290","12,690","12,620","12,560","12,500"
99324854,코시 폴카 EP2290C,"정품_13,090","정품_13,090","정품_13,090","정품_13,090","정품_13,090","정품_13,090"
11552258,코시 프로빈 EP3475C,"11,900","11,900","11,900","11,900","11,900","11,900"
29755412,코시 헤이 HS2218BT,"29,500","29,500","29,500","29,500","29,500","29,500"
122717373,코조이 D1,"정품_59,800","정품_59,800","정품_59,800","정품_59,800","정품_59,800","정품_59,800"
92046881,코쿼드 갤럭시 버즈3 포켓몬 컬러 S2 하드 케이스,"정품_17,780","정품_17,780","정품_17,780","정품_17,780","정품_17,780","정품_17,780"
62648465,키네라 셀레스트 와이번 프로,0,0,"해외구매_39,640","해외구매_39,640","해외구매_39,640","해외구매_39,640"
19823351,키밍 KM2978-193,"2,940","2,940","2,940","2,940","2,940","2,940"
91189874,키밍 컨트롤러 헤드셋 거치대 KM5497-409,"정품_7,420","정품_7,420","정품_7,420","정품_7,420","정품_7,420","정품_7,420"
19132397,키위이어스 CADENZA,"정품_59,800","정품_59,800","정품_59,800","정품_59,800","정품_59,800","정품_59,800"
96310943,태블리스 에어팟4 분실방지 클립 잠금 케이스 ap-0152,"정품_9,810","정품_9,810","정품_9,810","정품_9,810","정품_9,810","정품_9,522"
18066953,터틀비치 Recon Battle Buds,"블랙, 정품_29,740|화이트, 정품_35,000","블랙, 정품_31,140|화이트, 정품_35,000",0,0,"블랙, 정품_31,140|화이트, 정품_35,000",0
31950083,토어스 B90C,"32,890","32,890","32,890","32,890","32,890","32,890"
9545580,트리 뮤즈,"4,740","4,750","4,750","4,750","4,750","4,750"
7646041,트리 하우디 싱글 GTS24960,"3,790","3,790","3,790","3,790","3,790","3,530"
453446,파나소닉 RP-HJE200,"정품_5,210","정품_5,210","정품_5,210","정품_5,210","정품_5,210","정품_5,210"
911067,파나소닉 RP-HS46,"정품_6,720|","정품_6,720|","정품_6,720|","정품_6,720|","정품_6,720|","정품_6,720|"
11427,파나소닉 RP-HT010,"정품_4,980","정품_4,980","정품_4,980","정품_4,980","정품_4,980","정품_4,980"
791906,파나소닉 RP-HV094,0,0,"정품_7,190","정품_7,190","정품_7,190","정품_7,190"
6085594,파나소닉 RP-HZ47,"병행수입_36,300|정품_9,700|해외구매_16,830","병행수입_36,300|정품_9,700|해외구매_16,830","병행수입_36,300|정품_9,700|해외구매_18,240","병행수입_36,300|정품_9,700|해외구매_18,170","병행수입_36,300|정품_9,700|해외구매_18,170","병행수입_36,300|정품_9,700|해외구매_18,110"
7865821,파나소닉 RP-TCM115,0,0,0,0,"정품_6,900","정품_6,900"
1767835,파나소닉 RP-TCM120,"14,880","14,880","14,880","14,880","14,880","14,880"
74415257,파나소닉 테크닉스 EAH-AZ100,"해외구매_361,480","해외구매_361,480","해외구매_361,480","해외구매_371,890","해외구매_371,770","해외구매_370,650"
20519156,파나소닉 테크닉스 EAH-AZ80,"해외구매_293,290","해외구매_293,290","해외구매_293,290","해외구매_293,290","해외구매_293,290","해외구매_293,290"
124377192,파이널 A2000,0,0,"정품_106,390","정품_106,390","정품_106,390","정품_106,400"
6796846,파이널 E1000,"정품_34,010|해외구매_33,690","정품_34,010|해외구매_33,690","정품_34,010|해외구매_33,690","정품_34,010|해외구매_33,690","정품_34,010|해외구매_33,690","정품_34,010|해외구매_33,690"
5184061,파이널 E2000,"정품_63,000||해외구매_39,310","정품_63,000||해외구매_39,310","정품_63,000||해외구매_39,310","정품_63,000||해외구매_39,310","정품_63,000||해외구매_39,310","정품_63,000||해외구매_39,310"
5796984,파이널 E2000C,0,0,0,0,"정품_73,150|해외구매_53,290","정품_73,150|해외구매_53,290"
5184166,파이널 E3000,"정품_77,000|해외구매_54,000","정품_77,000|해외구매_54,000","정품_77,000|해외구매_54,000","정품_77,000|해외구매_54,000","정품_77,000|해외구매_54,000","정품_77,000|해외구매_54,000"
6286067,파이널 E4000,"정품_226,550","정품_226,550","정품_226,550",0,0,0
10523562,파이널 E500,"정품_28,000|해외구매_48,000","정품_28,000|해외구매_48,000","정품_28,000|해외구매_48,000","정품_28,000|해외구매_48,000","정품_28,000|해외구매_48,000","정품_28,000|해외구매_48,000"
6286406,파이널 E5000,"정품_390,000|해외구매_411,840","정품_390,000|해외구매_411,840","정품_390,000|해외구매_411,840","정품_390,000|해외구매_411,840","정품_390,000|해외구매_411,840","정품_390,000|해외구매_411,840"
106735043,파이널 UX1000,"정품_91,160|","정품_91,150|","정품_91,100|","정품_91,080|","정품_91,010|","정품_90,960|"
28609022,파이널 VR2000,"정품_98,000|해외구매_76,210","정품_98,000|해외구매_76,140","정품_98,000|해외구매_76,110","정품_98,000|해외구매_75,980","정품_98,000|해외구매_75,860","정품_98,000|해외구매_75,760"
13055135,파이널 VR3000,"정품_112,000|해외구매_99,000","정품_112,000|해외구매_99,000","정품_112,000|해외구매_99,000","정품_112,000|해외구매_99,000","정품_112,000|해외구매_99,000","정품_112,000|해외구매_99,000"
43529903,파이널 VR500,"정품_49,000|해외구매_53,620","정품_49,000|해외구매_53,620","정품_49,000|해외구매_53,620","정품_49,000|해외구매_53,620","정품_49,000|해외구매_53,620","정품_49,000|해외구매_53,620"
122684082,파이널 ZE300,0,"정품_70,000","정품_70,000","정품_70,000","정품_70,000","정품_70,000"
94518827,파이널 ZE500 for ASMR,"정품_139,690|해외구매_92,000","정품_139,690|해외구매_92,000","정품_139,690|해외구매_92,000","정품_139,690|해외구매_92,000","정품_139,690|해외구매_92,000","정품_139,690|해외구매_92,000"
78714794,파이널 ag WHP01K MK2,"정품_135,000|해외구매_109,600","정품_135,000|해외구매_107,310",0,0,"정품_135,000|해외구매_110,450","정품_135,000|해외구매_110,450"
20145035,파이오니아 DJ HDJ-CUE1,"정품_129,000|해외구매_153,810","정품_129,000|해외구매_153,810","정품_129,000|해외구매_153,810","정품_129,000|해외구매_153,810",0,0
7712632,판다인터내셔널 사운드판다 SPE-G9,"37,070","37,070",0,0,0,0
13166817,포칼 BATHYS,"정품_862,400|해외구매_1,082,610","정품_862,400|해외구매_1,082,610","정품_862,400|해외구매_1,082,610","정품_862,400|해외구매_1,082,610","정품_862,400|해외구매_1,082,610","정품_950,000|해외구매_1,082,610"
29333399,포팩트 4FACT C1,"정품_47,500","정품_47,500","정품_47,500","정품_47,500","정품_47,500","정품_46,510"
122624883,포팩트 4FACT M1,"정품_39,500","정품_39,500","정품_39,500","정품_39,500","정품_39,500","정품_39,500"
123031733,포팩트 4FACT Q1,"정품_69,500","정품_69,500","정품_69,500","정품_69,500","정품_69,500","정품_69,500"
29334044,포팩트 4FACT R1,"49,500",0,0,0,"49,500","49,500"
14148371,포팩트 4FACT T1,"블랙_52,000|화이트_52,000","블랙_52,000|화이트_52,000","블랙_52,000|화이트_52,000","블랙_52,000|화이트_51,440","블랙_52,000|화이트_51,440","블랙_52,000|화이트_51,440"
27754682,포팩트 4FACT Z1,"64,320","64,320","64,320","64,320","64,320","64,320"
13042184,플레오맥스 PBH-500,"15,380","15,380","15,380","15,380","15,380","15,380"
18067994,플레오맥스 PBH-ANC600,"24,900","24,900","24,900","24,900","24,900","24,900"
35769911,플레오맥스 PM-BUZ17,"정품_19,800","정품_19,800","정품_19,800","정품_19,800","정품_19,800","정품_19,800"
14999204,플레오맥스 PM-C1000,"7,410","7,410","7,410","7,410","7,410","7,500"
19681514,플레오맥스 PM-C500,"정품_11,000","정품_11,000","정품_11,000","정품_11,000","정품_11,000","정품_11,000"
27695927,플레오맥스 PM-TW300,"19,000","19,000","19,000","19,000","19,000","19,000"
33413747,플레오맥스 PM-TW900,"정품_9,500|중고_30,800","정품_9,500|중고_30,800","정품_9,500|중고_30,800","정품_9,500|중고_30,800","정품_9,500|중고_30,800",0
122717529,피닉스 SBT-R500,"16,280","16,290","16,290","16,290","16,280","16,280"
7139689,피센 A001,"16,390","16,390","16,390","16,090","16,090","16,090"
17357735,피에스이 벤처스 PENTON AIR,"32,690","32,690","32,690","32,690","32,690","32,690"
54216371,픽스 버즈 F3 XWS-304,0,"109,790","109,790","109,790","109,790","109,790"
19455059,픽스 팟 X4 블루투스 이어폰 XWS-303,"102,440","102,410","102,340","102,280",0,0
95933165,필립스 Ringo TAH2000,"정품_34,900|해외구매_39,060","정품_34,900|해외구매_37,990","정품_34,900|해외구매_37,990",0,"정품_34,900|해외구매_37,990","정품_34,900|해외구매_37,990"
2575070,필립스 SHP9500,"정품_69,800|해외구매_71,750","정품_69,800|해외구매_71,750","정품_69,800|해외구매_74,090","정품_69,800|해외구매_74,090","정품_69,800|해외구매_74,090","정품_69,800|해외구매_74,090"
76463441,필립스 TAA6709,"정품_59,000","정품_59,000","정품_59,000","정품_59,000","정품_59,000","정품_59,000"
92107502,필립스 TAA7607,"정품_199,000",0,0,0,0,0
31347140,필립스 TAE1018,0,0,0,0,"정품_18,900","정품_18,900"
27759383,필립스 TAE5008,"정품_15,500","정품_15,500","정품_15,500","정품_15,500","정품_15,500","정품_15,500"
76791287,필립스 TAH2209,"정품_39,900","정품_39,900","정품_39,900","정품_39,900","정품_39,900","정품_39,900"
67682033,필립스 TAH5209,"39,800","39,800","39,800","39,800","39,800","39,800"
34739042,필립스 TAH7508,"정품_101,500|해외구매_62,450","정품_101,500|해외구매_62,450","정품_101,500|해외구매_64,000","정품_101,500|해외구매_64,000","정품_101,500|해외구매_64,000","정품_101,500|해외구매_64,000"
98488196,필립스 TAH8000,"정품_84,000","정품_84,000","정품_84,000","정품_84,000","정품_84,000","정품_84,000"
90272231,필립스 TAQ2000,"정품_34,900","정품_34,900","정품_34,900","정품_34,900","정품_34,900","정품_34,900"
124056440,필립스 TAQ4000,"69,000","69,000","69,000","69,000","69,000","69,000"
73694369,필립스 TAT1109,"정품_19,900","정품_19,900","정품_19,900","정품_19,900","정품_19,900","정품_19,900"
108390980,필립스 TAT1139,"정품_19,900","정품_19,900","정품_19,900","정품_19,900","정품_19,900","정품_19,900"
122689826,필립스 TAT1300,"정품_19,950|해외구매_53,860","정품_19,950|해외구매_53,860","정품_19,950|해외구매_53,860","정품_19,950|해외구매_53,860","정품_19,950|해외구매_53,860","정품_19,950|해외구매_53,860"
31346414,필립스 TAT3508,0,0,0,0,"정품_39,000",0
5275813,필립스 피델리오 X2HR,"정품_149,000|해외구매_214,820","정품_149,000|해외구매_214,820","정품_149,000|해외구매_214,820","정품_149,000|해외구매_214,820","정품_149,000|해외구매_214,820","정품_149,000|해외구매_214,820"
67679660,해브잇올 morac 글로우팟 3,"21,100",0,0,0,0,0
11321331,해인씨앤에스 케미 IHBT-T60,"31,240","31,240","31,240","31,240","31,240","31,240"
122688328,해인씨앤에스 케미 페블 HIBT-T10,0,0,"정품_19,700","정품_19,700","정품_19,700","정품_19,700"
100268723,허그유 B3,"정품_16,200","정품_16,100","정품_15,990","정품_15,860","정품_15,770","정품_15,760"
