Id,Name,2026-10-01 14:17:51
106764371,"APPLE 맥북네오 6코어 CPU, 5코어 GPU 옐로우","_램8GB, SSD 256GB_1,106,600|_램8GB, SSD 512GB_1,234,740"
106754228,"APPLE 맥북에어13 M5 10코어 CPU, 8코어 GPU 스카이","램16GB, SSD 512GB_2,018,950"
106754423,"APPLE 맥북에어13 M5 10코어 CPU, 8코어 GPU 실버","램16GB, SSD 512GB_2,035,030"
106755071,"APPLE 맥북에어15 M5 10코어 CPU, 10코어 GPU 스카이","_램16GB, SSD 512GB_2,340,600|램16GB, SSD 1TB_2,808,000|램24GB, SSD 1TB_3,126,240|_램32GB, SSD 1TB_3,680,000"
106755140,"APPLE 맥북에어15 M5 10코어 CPU, 10코어 GPU 실버","_램16GB, SSD 512GB_2,415,300|_램16GB, SSD 1TB_2,808,000|램24GB, SSD 1TB_3,142,280"
99125957,"APPLE 맥북프로14 M5 10코어 CPU, 10코어 GPU 블랙","램16GB, SSD 512GB_3,091,200|_램16GB, SSD 1TB_2,948,280|_램24GB, SSD 1TB_3,362,280"
99126182,"APPLE 맥북프로14 M5 10코어 CPU, 10코어 GPU 실버","_램16GB, SSD 1TB_3,046,560|램16GB, SSD 512GB_2,889,990|_램24GB, SSD 1TB_3,248,600"
106755608,"APPLE 맥북프로14 M5맥스 18코어 CPU, 32코어 GPU 블랙","램36GB, SSD 2TB_6,474,480"
106755434,"APPLE 맥북프로14 M5프로 15코어 CPU, 16코어 GPU 블랙","_램24GB, SSD 1TB_3,824,810|램24GB, SSD 2TB_4,636,790|_램48GB, SSD 1TB_4,886,400"
106755515,"APPLE 맥북프로14 M5프로 15코어 CPU, 16코어 GPU 실버","_램24GB, SSD 1TB_3,880,950|_램24GB, SSD 2TB_4,636,800"
106756094,"APPLE 맥북프로16 M5프로 18코어 CPU, 20코어 GPU 실버","_램24GB, SSD 1TB_4,590,790|_램48GB, SSD 1TB_5,566,770"
97310243,ASUS ExpertBook B3 B3605CCA-MB0348 WIN11 32GB램,"_SSD 512GB_1,450,070|SSD 1TB_1,605,020|_SSD 2TB_1,749,290"
96422729,ASUS ExpertBook P1 PM1503CDA-S70068,"_SSD 512GB_810,000|_SSD 1TB_1,000,000|SSD 2TB_1,200,000|SSD 4TB_2,000,000"
124182083,ASUS ExpertBook P3 G1 P3606CCAP-MB0176,"SSD 512GB_1,419,670"
124182049,ASUS ExpertBook P3 G1 P3606CCAP-MB0177,"SSD 512GB_1,631,450"
123845020,ASUS ExpertBook P3 PM3606CHAP-MB0122 32GB램,"SSD 512GB_1,699,000|_SSD 1TB_1,799,000|_SSD 2TB_1,949,000"
122678250,ASUS Gaming V16 V3607VH-TK126 WIN11,"_SSD 512GB_1,467,440|_SSD 1TB_1,649,000||"
122678258,ASUS Gaming V16 V3607VH-TK126 WIN11 32GB램,"_SSD 512GB_1,849,000|_SSD 1TB_1,999,000||"
90890546,ASUS Gaming V16 V3607VM-RP005,"_SSD 512GB_1,899,000|_SSD 1TB_1,908,890|SSD 2TB_2,148,000|SSD 4TB_3,050,000"
91770206,ASUS Gaming V16 V3607VM-RP006 WIN11 32GB램,"_SSD 512GB_2,320,000|_SSD 1TB_2,560,000|SSD 2TB_2,660,000|SSD 4TB_3,280,000"
124363501,ASUS Gaming V16 V3607VM-TK158,"SSD 4TB_3,620,000|_SSD 512GB_1,959,000|_SSD 1TB_1,964,000|"
90647867,ASUS ProArt P16 H7606WP-ME042W,"_SSD 2TB_4,899,000|_SSD 4TB_5,329,000"
76462073,ASUS ROG Flow Z13 GZ302EA-RU110W,"_SSD 1TB_3,880,000|_SSD 2TB_4,480,000|SSD 4TB_4,980,000"
122651490,ASUS ROG STRIX G16 G614PP-TS215,"_SSD 1TB_3,600,000|_SSD 2TB_4,046,000|SSD 4TB_4,899,000"
77088371,ASUS ROG STRIX SCAR 18 G835LX-SA041W,"_SSD 2TB_7,418,000|_SSD 4TB_9,421,440|"
90891410,ASUS ROG 제피러스 G14 GA403UM-QS018W,"_SSD 1TB_3,990,000|_SSD 2TB_4,190,000|SSD 4TB_4,290,000"
122637382,ASUS ROG 제피러스 G14 GU405AW-SY066W,"_SSD 1TB_7,700,000|_SSD 2TB_8,450,000|SSD 4TB_8,700,000"
94521698,ASUS ROG 제피러스 G16 GU605CM-QR025W,"_SSD 1TB_4,130,000|_SSD 2TB_4,330,000|SSD 4TB_4,840,000"
122637086,ASUS ROG 제피러스 G16 GU606AP-TB024W,"_SSD 1TB_5,499,000|_SSD 2TB_5,886,240|SSD 4TB_6,920,660"
122637057,ASUS ROG 제피러스 듀오 GX651AX-SR140W,"_SSD 1TB_11,000,000|SSD 2TB_11,400,000|_SSD 4TB_11,900,000"
92886116,ASUS TUF Gaming A14 FA401UM-RG007,"_SSD 512GB_2,468,000|_SSD 1TB_2,620,000|SSD 2TB_2,750,000|SSD 4TB_3,195,000"
122651382,ASUS TUF Gaming A14 FA401UM-RG010,"_SSD 512GB_2,200,000|_SSD 1TB_2,448,000|SSD 2TB_2,634,000|SSD 4TB_3,515,000"
108418679,ASUS TUF Gaming A14 FA401UM-RG011,"_SSD 512GB_2,599,000|_SSD 1TB_2,817,000|SSD 2TB_2,930,330|SSD 4TB_3,399,000"
97306985,ASUS TUF Gaming A15 FA506NCG-HN198,"_SSD 512GB_1,439,040|_SSD 1TB_1,790,000|SSD 2TB_1,890,000"
106763753,ASUS TUF Gaming A16 FA607NUQ-RL010 WIN11,"_SSD 512GB_1,355,150|_SSD 1TB_1,461,500|SSD 2TB_1,617,290|SSD 4TB_2,173,140"
90956735,ASUS TUF Gaming A16 FA608PP-QT028,"_SSD 512GB_2,440,000|_SSD 1TB_2,505,330|SSD 2TB_2,641,970|SSD 4TB_3,144,000"
108390395,ASUS TUF Gaming A16 FA608PP-QT111,"_SSD 1TB_2,497,870|_SSD 2TB_2,604,480|SSD 4TB_3,323,390"
108460640,ASUS TUF Gaming A16 FA608PP-QT111 32GB램,"_SSD 1TB_2,731,880|_SSD 2TB_2,950,970|SSD 4TB_3,350,000"
108460751,ASUS TUF Gaming A16 FA608PP-QT111 WIN11,"_SSD 1TB_2,425,120|_SSD 2TB_2,620,890|SSD 4TB_3,377,990"
92146337,ASUS TUF Gaming A16 FA608UM-QT043,"_SSD 512GB_1,980,000|_SSD 1TB_2,299,090|SSD 2TB_2,506,170|SSD 4TB_3,100,000"
90956360,ASUS TUF Gaming A18 FA808UM-S8031,"_SSD 512GB_2,145,000|_SSD 1TB_2,170,000|SSD 2TB_2,445,510|SSD 4TB_3,045,000"
91559498,ASUS TUF Gaming A18 FA808UM-S8031 WIN11,"_SSD 512GB_1,985,000|_SSD 1TB_2,200,000|SSD 2TB_2,457,120|SSD 4TB_2,990,000"
92366540,ASUS TUF Gaming A18 FA808UP-S8017,"_SSD 512GB_2,999,000|_SSD 1TB_2,362,150|SSD 2TB_2,498,360|SSD 4TB_3,158,230"
122645469,ASUS TUF Gaming F16 FX608JHI-TU236,"_SSD 512GB_2,060,000|_SSD 1TB_1,898,960|SSD 2TB_2,047,510"
122638182,ASUS TUF Gaming F16 FX608JMI-QT273,"_SSD 512GB_1,785,000|_SSD 1TB_1,881,940||"
122651435,ASUS TUF Gaming F16 FX608JMI-QT275,"_SSD 512GB_2,299,990|_SSD 1TB_2,139,490|SSD 2TB_2,272,370|SSD 4TB_3,266,100"
122663492,ASUS TUF Gaming F16 FX608JMI-QT275 32GB램,"_SSD 512GB_2,324,890|_SSD 1TB_2,495,890||"
92355779,ASUS TUF Gaming F16 FX608JMR-QT040,"_SSD 512GB_2,200,000|_SSD 1TB_2,288,000|SSD 2TB_2,539,000|SSD 4TB_2,631,250"
93015959,ASUS TUF Gaming F16 FX608JMR-QT040 WIN11 32GB램,"_SSD 512GB_2,559,000|_SSD 1TB_2,759,000|SSD 2TB_2,900,000|SSD 4TB_3,458,000"
93018311,ASUS TUF Gaming F16 FX608JPR-QT035 WIN11,"_SSD 512GB_2,269,000|_SSD 1TB_2,469,000|SSD 2TB_2,648,630|SSD 4TB_3,346,160"
93018218,ASUS TUF Gaming F16 FX608JPR-QT035 WIN11 32GB램,"SSD 1TB_2,703,970|_SSD 2TB_2,867,650|SSD 4TB_3,473,930|_SSD 512GB_2,550,000|SSD 8TB_4,200,000"
124088075,ASUS TUF Gaming F16 FX610JH-TU061 WIN11 32GB램,"_SSD 512GB_1,979,000|_SSD 1TB_2,119,000|SSD 2TB_2,450,000"
124288065,ASUS 비보북 14 X1404MA-EB302W,"SSD 512GB_1,349,000"
101953292,ASUS 비보북 15 X1504VA-BQ4270W,"_SSD 512GB_999,000|_SSD 1TB_1,065,990|SSD 2TB_1,238,390|SSD 4TB_1,769,000"
104966723,ASUS 비보북 16 M1605NAQ-MB012 WIN11,"_SSD 512GB_899,000|_SSD 1TB_999,000|SSD 2TB_1,179,000|SSD 4TB_2,410,000"
108390794,ASUS 비보북 16 M1605YA-R7525 WIN11 16GB램,"_SSD 512GB_916,270|_SSD 1TB_1,037,400|SSD 2TB_1,231,180"
95202266,ASUS 비보북 16 M1607KA-MB175W,"_SSD 512GB_1,139,990|_SSD 1TB_1,298,000|SSD 2TB_1,469,000|SSD 4TB_1,903,000"
104964077,ASUS 비보북 16 X1607AA-MB045W,"_SSD 512GB_1,169,000|_SSD 1TB_1,259,000|SSD 2TB_1,419,000|SSD 4TB_2,199,000"
76328591,ASUS 비보북 16 X1607CA-MB081W,"_SSD 512GB_1,249,000|_SSD 1TB_1,498,000|SSD 2TB_1,599,000|SSD 4TB_2,220,000|오피스 패키지_1,258,000"
77378363,ASUS 비보북 16 X1607QA-MB076W,"_SSD 512GB_1,076,000|_SSD 1TB_1,329,000|SSD 2TB_1,435,000|SSD 4TB_1,649,000"
105551603,ASUS 비보북 S 14 M3407GA-SF033W 32GB램,"_SSD 512GB_1,679,190|_SSD 1TB_1,846,090|SSD 2TB_2,012,010|SSD 4TB_2,555,000"
69054512,ASUS 비보북 S 14 M5406WA-QD116W,"_SSD 512GB_2,680,000|_SSD 1TB_2,720,000|SSD 2TB_2,820,000|SSD 4TB_4,480,000"
68442350,ASUS 비보북 S 14 M5406WA-QD165,"_SSD 512GB_2,448,000|_SSD 1TB_2,190,000|SSD 2TB_2,280,000|SSD 4TB_2,675,000"
124153975,ASUS 비보북 S 14 S3407AA-SF079W,"SSD 512GB_1,990,000"
77621576,ASUS 비보북 S 14 S5406SA-PP213W,"_SSD 1TB_2,385,000|_SSD 2TB_2,500,000|SSD 4TB_3,000,000"
71783312,ASUS 비보북 S 14 S5406SA-QD136W,"_SSD 1TB_2,180,000|_SSD 2TB_2,755,110|SSD 4TB_2,749,000"
122663778,ASUS 비보북 S 14 S5406SAL-SF319W,"_SSD 512GB_1,279,000|_SSD 1TB_1,409,000|SSD 2TB_1,539,000"
124180314,ASUS 비보북 S 14 S5408QA-U1287W,"SSD 256GB_1,299,000"
124180298,ASUS 비보북 S 14 S5408QA-U1318W,"SSD 256GB_1,299,000"
103877453,ASUS 비보북 S 16 M3607GA-SH056W,"_SSD 512GB_2,200,000|_SSD 1TB_2,078,000|SSD 2TB_2,197,000|SSD 4TB_2,721,000"
95201672,ASUS 비보북 S 16 M3607KA-SH035W,"_SSD 512GB_1,490,000|_SSD 1TB_1,599,000|SSD 2TB_1,763,000|SSD 4TB_2,198,000"
76942337,ASUS 비보북 S 16 M5606KA-RI083,"_SSD 1TB_1,900,000|_SSD 2TB_1,740,000|SSD 4TB_3,071,910"
95201015,ASUS 비보북 S 16 S3607CA-SH080W,"_SSD 512GB_1,430,000|_SSD 1TB_1,475,790|SSD 2TB_1,673,590|SSD 4TB_2,076,000"
81036950,ASUS 비보북 S 16 S3607QA-PL009W,"_SSD 512GB_1,049,040|_SSD 1TB_1,298,990|SSD 2TB_1,438,990|SSD 4TB_2,233,920"
74249156,ASUS 비보북 S 16 S5606CA-RI162W,"_SSD 1TB_2,200,000|_SSD 2TB_2,400,000|SSD 4TB_2,790,000"
99710009,ASUS 비보북 S M3607HA-SH112,"_SSD 512GB_1,269,000|_SSD 1TB_1,588,990|SSD 2TB_1,738,990|SSD 4TB_2,180,000"
71060717,ASUS 비보북 X1605VA-MB1489W,"_SSD 512GB_999,000|_SSD 1TB_1,418,000|SSD 2TB_1,688,000|SSD 4TB_1,686,000"
124180570,ASUS 비보북 X1704MA-AU084W,"SSD 512GB_1,899,000"
75464264,ASUS 비보북 플립 TP3607SA-RJ046W,"_SSD 1TB_2,049,000|_SSD 2TB_2,398,000|SSD 4TB_2,799,000"
124337189,ASUS 젠북 14 UM3406GA-QL046W,"_SSD 1TB_3,350,000|SSD 2TB_3,552,000|_SSD 512GB_2,784,260"
103877558,ASUS 젠북 14 UM3406GA-QL151W,"_SSD 1TB_2,369,000|SSD 2TB_2,900,000|_SSD 4TB_3,789,890"
74252174,ASUS 젠북 14 UX3405CA-PZ199W,"_SSD 512GB_2,359,000|SSD 1TB_2,790,000|_SSD 2TB_2,990,000|SSD 4TB_3,792,000"
74248838,ASUS 젠북 14 UX3405CA-PZ507W,"_SSD 1TB_2,590,000|_SSD 2TB_2,678,400|SSD 4TB_3,500,000"
106704659,ASUS 젠북 14 UX3405CA-QD1069W,"_SSD 512GB_1,498,000|_SSD 1TB_1,568,920|SSD 2TB_1,681,570|SSD 4TB_2,436,000"
107949812,ASUS 젠북 A14 UX3407NA-QD071W,"_SSD 512GB_3,050,000|_SSD 1TB_3,398,000|SSD 2TB_3,648,000|SSD 4TB_4,360,000"
75537692,ASUS 젠북 A14 UX3407QA-QD279W,"_SSD 512GB_1,681,720|_SSD 1TB_2,370,000|SSD 2TB_2,430,000|SSD 4TB_2,500,000"
75537797,ASUS 젠북 A14 UX3407QA-SB284W,"_SSD 512GB_1,410,000|_SSD 1TB_1,499,000|SSD 2TB_1,698,000|SSD 4TB_2,050,000"
107962997,ASUS 젠북 A16 UX3607OA-SQ012W,"_SSD 1TB_3,470,210|_SSD 2TB_4,199,000|SSD 4TB_5,020,000"
122676543,ASUS 젠북 A16 UX3607QA-SH079W,"_SSD 512GB_2,728,000|_SSD 1TB_3,129,000||"
124337194,ASUS 젠북 S 14 UX5406AA-SU066W,"_SSD 1TB_3,244,000|SSD 2TB_3,484,000|_SSD 512GB_2,799,000"
104964593,ASUS 젠북 S 14 UX5406AA-SU212W,"_SSD 1TB_3,441,000|SSD 2TB_3,680,000|_SSD 4TB_4,096,330"
70250927,ASUS 젠북 S 14 UX5406SA-PV071W,"_SSD 1TB_1,948,000|_SSD 512GB_2,099,000|SSD 2TB_2,208,000|SSD 4TB_2,860,710"
68246084,ASUS 젠북 S 14 UX5406SA-PV153W,"_SSD 1TB_2,550,000|_SSD 2TB_2,398,000|SSD 4TB_4,300,760"
104548814,ASUS 젠북 S 16 UM5606GA-SR338W,"_SSD 1TB_3,239,000|SSD 2TB_3,349,000|_SSD 4TB_3,759,000"
65912327,ASUS 젠북 S 16 UX5606SA-RJ170W,"_SSD 1TB_3,490,000|SSD 2TB_3,690,000|_SSD 4TB_4,690,000"
104372030,DELL Pro 14 PC14255,"_SSD 512GB_1,123,550|_SSD 1TB_1,292,400|SSD 2TB_1,595,140|SSD 4TB_2,090,100"
122638164,DELL Pro 14 PC14255-WH04KR 32GB램,"_SSD 512GB_1,406,870|_SSD 1TB_1,547,820|SSD 2TB_1,862,700|SSD 4TB_2,751,000"
124326175,DELL Pro 3 P314265-WP02KR,"SSD 512GB_2,050,000"
17009651,DELL XPS 17 9720-WP04KR,"_SSD 1TB_5,290,000|_SSD 2TB_5,690,000|SSD 4TB_6,150,000|SSD 1TB + SSD 1TB_4,890,000"
124258849,DELL XPS DDX13260-WP03KR,"SSD 512GB_2,799,000"
101954783,DELL 에일리언웨어 16X Aurora DAC16251-WH04KR,"_SSD 1TB_3,510,270|_SSD 2TB_4,199,000|SSD 4TB_4,649,000"
92967677,GIGABYTE AERO X16 1VH 93KRC94A,"_SSD 1TB_2,125,000|_SSD 2TB_2,599,000|SSD 4TB_3,650,000"
92967716,GIGABYTE AERO X16 1VH 93KRC94D,"_SSD 1TB_1,999,000|SSD 2TB_2,799,000|_SSD 4TB_3,600,000"
123763264,GIGABYTE AORUS MASTER 16 6XJ,"_SSD 1TB_4,280,000|_SSD 2TB_4,720,000|SSD 4TB_5,300,000"
123763294,GIGABYTE AORUS MASTER 16 6ZJ,"_SSD 1TB_6,799,000|_SSD 2TB_7,160,000|SSD 4TB_8,063,990"
96314627,GIGABYTE 게이밍 A16 3VH,"_SSD 512GB_2,098,000|_SSD 1TB_2,539,000|SSD 2TB_2,724,000|SSD 4TB_3,390,000"
97122146,HP 15-FD1630TU,"_SSD 256GB_780,000|_SSD 512GB_919,000|SSD 1TB_1,000,000|SSD 2TB_1,199,000|SSD 4TB_1,848,000"
97122347,HP 15-FD1630TU WIN11 16GB램,"_SSD 256GB_1,019,000|_SSD 512GB_1,109,000|SSD 1TB_1,249,000|SSD 2TB_1,499,000|SSD 4TB_1,948,000"
81038744,HP 15-FD2005TU,"_SSD 256GB_999,000|_SSD 512GB_1,026,610|SSD 1TB_1,097,310|SSD 2TB_1,335,420|SSD 4TB_1,900,690"
122724650,HP 15-fc0751AUS,"SSD 256GB_1,050,000"
97954682,HP 15-fc1058AU,"_SSD 256GB_695,880|_SSD 512GB_778,640|SSD 1TB_930,020|SSD 2TB_1,106,420|SSD 4TB_1,390,000"
99559190,HP 15-fc1058AU WIN11,"_SSD 256GB_696,660|_SSD 512GB_784,680|SSD 1TB_870,000|SSD 2TB_1,070,000|SSD 4TB_1,490,000"
103520057,HP 15-fc1061AU,"_SSD 512GB_909,000|_SSD 1TB_1,026,190|SSD 2TB_1,187,510|SSD 4TB_1,827,000"
104980718,HP 15-fc1061AU WIN11,"_SSD 512GB_877,000|_SSD 1TB_1,079,000|SSD 2TB_1,229,000|SSD 4TB_1,827,000"
97957154,HP 15-fd0654TU,"_128GB_560,000|_SSD 256GB_750,000|SSD 512GB_808,000|SSD 1TB_900,000|SSD 2TB_1,160,000|SSD 4TB_1,390,000"
108225908,HP 15-fd2130TU,"_SSD 512GB_1,148,000|_SSD 1TB_1,219,170|SSD 2TB_1,386,500|SSD 4TB_1,895,250"
108225971,HP 15-fd2136TU,"_SSD 512GB_1,020,000|_SSD 1TB_1,079,610|SSD 2TB_1,242,270|SSD 4TB_1,788,750"
104227085,HP HyperX 오멘 15-ga0031TX,"_SSD 1TB_2,069,000|_SSD 2TB_2,363,960|SSD 4TB_2,863,910"
105814598,HP HyperX 오멘 15-ga0031TX 32GB램,"_SSD 1TB_2,374,770|_SSD 2TB_2,695,500|SSD 4TB_3,173,350"
105551564,HP HyperX 오멘 15-ga0031TX WIN11,"_SSD 1TB_2,105,470|_SSD 2TB_2,422,940|SSD 4TB_2,992,920"
124167465,HP HyperX 오멘 15-ga0170TX,"SSD 4TB_3,060,180|_SSD 512GB_2,282,600|_SSD 1TB_2,500,560|SSD 2TB_2,579,630"
124167563,HP HyperX 오멘 15-ga0170TX 32GB램,"SSD 4TB_3,414,990|_SSD 512GB_2,607,530|_SSD 1TB_2,784,310|SSD 2TB_2,895,830"
124167527,HP HyperX 오멘 15-ga0170TX 64GB램,"SSD 4TB_4,219,110|_SSD 512GB_3,288,850|_SSD 1TB_3,393,970|SSD 2TB_3,562,150"
124167474,HP HyperX 오멘 15-ga0170TX WIN11,"SSD 4TB_3,102,000|_SSD 512GB_2,297,880|_SSD 1TB_2,521,580|SSD 2TB_2,598,230"
124167487,HP HyperX 오멘 15-ga0170TX WIN11 32GB램,"_SSD 512GB_2,691,420|_SSD 1TB_2,805,330|SSD 2TB_2,973,520|SSD 4TB_3,906,190"
124167496,HP HyperX 오멘 15-ga0170TX WIN11 64GB램,"_SSD 512GB_3,309,870|_SSD 1TB_3,414,990|SSD 2TB_3,583,170|SSD 4TB_4,389,560"
124087115,HP HyperX 오멘 15-ga0174TX,"_SSD 512GB_2,228,640|_SSD 1TB_2,416,450|SSD 2TB_2,558,000|SSD 4TB_3,363,300"
124153869,HP HyperX 오멘 15-ga0174TX 24GB램,"SSD 512GB_2,329,000"
124087158,HP HyperX 오멘 15-ga0174TX 32GB램,"_SSD 512GB_2,586,000|_SSD 1TB_2,755,000|SSD 2TB_2,886,000|SSD 4TB_3,839,000"
124183977,HP HyperX 오멘 15-ga0174TX 64GB램,"_SSD 1TB_3,393,950|_SSD 2TB_3,558,870|SSD 4TB_4,149,520|SSD 512GB_3,261,350"
124087125,HP HyperX 오멘 15-ga0174TX WIN11,"_SSD 512GB_2,284,360|_SSD 1TB_2,437,470|SSD 2TB_2,575,980|SSD 4TB_3,466,470"
124087140,HP HyperX 오멘 15-ga0174TX WIN11 32GB램,"_SSD 512GB_2,605,000|_SSD 1TB_2,783,000|SSD 2TB_2,905,000|SSD 4TB_4,066,100"
124183966,HP HyperX 오멘 15-ga0174TX WIN11 64GB램,"_SSD 1TB_3,414,960|_SSD 2TB_3,577,180|SSD 4TB_4,770,640|SSD 512GB_3,279,100"
104225183,HP HyperX 오멘 15-gb0041AX,"_SSD 1TB_2,094,000|_SSD 2TB_2,228,990|SSD 4TB_2,821,890"
104225345,HP HyperX 오멘 15-gb0043AX,"_SSD 1TB_1,849,000|_SSD 2TB_2,277,200|SSD 4TB_2,849,000"
104752358,HP HyperX 오멘 15-gb0043AX WIN11 32GB램,"_SSD 1TB_2,143,350|_SSD 2TB_2,599,000|SSD 4TB_3,310,220"
104225372,HP HyperX 오멘 15-gb0044AX,"_SSD 1TB_1,759,000|_SSD 2TB_1,759,000|SSD 4TB_2,901,900"
122930324,HP HyperX 오멘 16-ap1061AX,"_SSD 512GB_2,798,750|_SSD 1TB_2,622,000|SSD 2TB_2,783,990|SSD 4TB_3,912,000"
123802218,HP HyperX 오멘 16-ap1061AX WIN11,"SSD 512GB_2,747,000|_SSD 1TB_2,641,000|_SSD 2TB_2,803,000|SSD 4TB_4,102,380"
122721860,HP HyperX 오멘 16-ap1067AX,"_SSD 512GB_3,164,000|_SSD 1TB_3,201,170|SSD 2TB_3,362,500|SSD 4TB_4,097,590"
122724402,HP HyperX 오멘 16-ap1075AX,"_SSD 512GB_2,660,000|_SSD 1TB_2,465,010|SSD 2TB_2,589,890|SSD 4TB_3,410,980"
124116692,HP HyperX 오멘 MAX 16-ah1073TX,"SSD 1TB_5,599,000"
124198588,HP Z북 8 G2a 14 C8HD5AV,"SSD 2TB_6,475,690"
124198609,HP Z북 8 G2a 14 C8HD5AV 64GB램,"SSD 2TB_7,828,000"
90957557,HP Z북 Ultra G1a OLED,"SSD 2TB_6,989,000"
124224230,HP Z북 X G2i 16 CE2W5AV,"SSD 1TB_6,779,000"
124224287,HP Z북 X G2i 16 CE2W9AV,"SSD 1TB_7,399,000"
124224237,HP Z북 X G2i 16 CE2X1AV,"SSD 1TB_6,989,000"
124224324,HP Z북 X G2i 16 CE2X5AV,"SSD 1TB_7,649,000"
124224255,HP Z북 X G2i 16 CE2X6AV,"SSD 1TB_7,689,000"
124224359,HP Z북 X G2i 16 CE2Y0AV,"SSD 1TB_8,369,000"
124224212,HP Z북 X G2i 16 CE2Y5AV,"SSD 1TB_6,279,000"
122714011,HP 빅터스 15-fa2107TX 16GB램,"_SSD 512GB_1,490,000|_SSD 1TB_1,690,000|"
124273898,HP 빅터스 15-fb3420AX,"_SSD 512GB_1,545,000|_SSD 1TB_1,697,000|SSD 2TB_1,828,000"
124273896,HP 빅터스 15-fb3420AX 16GB램,"SSD 512GB_1,699,000|_SSD 1TB_1,869,000|_SSD 2TB_1,989,000"
124274101,HP 빅터스 15-fb3420AX WIN11,"SSD 512GB_1,565,000|_SSD 1TB_1,707,000|_SSD 2TB_1,828,000"
124274405,HP 빅터스 15-fb3420AX WIN11 16GB램,"SSD 512GB_1,737,000|_SSD 1TB_1,879,000|_SSD 2TB_1,999,000"
97955537,HP 엘리트북 6 G1i 16 BP2Q5PT 32GB램,"_SSD 512GB_2,045,000|_SSD 1TB_2,134,000|SSD 2TB_2,224,000|SSD 4TB_2,656,000"
47832860,HP 엘리트북 860 G11 A1VH4PT,"_SSD 512GB_1,549,000|_SSD 1TB_1,840,000|SSD 2TB_1,920,000|SSD 4TB_2,799,000"
98543600,HP 오멘 16-am0261TX,"_SSD 512GB_1,953,000|_SSD 1TB_2,087,000|SSD 2TB_2,232,000|SSD 4TB_2,899,000"
98782847,HP 오멘 16-am0261TX WIN11 64GB램,"SSD 512GB_3,018,970|_SSD 1TB_3,128,960|_SSD 2TB_3,298,950|SSD 4TB_4,185,000"
99125450,HP 오멘 16-am0305TX 32GB램,"_SSD 512GB_2,437,390|_SSD 1TB_2,590,280|SSD 2TB_2,764,790|SSD 4TB_3,060,000"
98771714,HP 오멘 16-am0305TX WIN11,"_SSD 512GB_2,183,910|_SSD 1TB_2,355,390|SSD 2TB_2,458,060|SSD 4TB_3,413,960"
98771726,HP 오멘 16-am0305TX WIN11 32GB램,"_SSD 512GB_2,477,500|_SSD 1TB_2,648,950|SSD 2TB_2,783,660|SSD 4TB_3,079,000"
122616849,HP 오멘 16-am0409TX,"_SSD 1TB_2,509,000|SSD 2TB_2,708,000|_SSD 4TB_3,577,410"
92187689,HP 오멘 16-ap0074AX,"_SSD 512GB_2,390,000|_SSD 1TB_2,590,000|SSD 2TB_2,699,000|SSD 4TB_3,149,000"
92889425,HP 오멘 16-ap0117AX WIN11,"_SSD 1TB_2,950,000|_SSD 2TB_3,250,000|SSD 4TB_4,200,000"
94081355,HP 오멘 MAX 16-ah0207TX,"_SSD 1TB_6,800,000|_SSD 2TB_6,490,000|SSD 4TB_6,990,000"
122620874,HP 오멘 슬림 16-an0003TX,"_SSD 512GB_2,486,000|_SSD 1TB_2,601,680|SSD 2TB_2,789,070|SSD 4TB_3,699,000"
122634199,HP 오멘 슬림 16-an0003TX WIN11 32GB램,"_SSD 512GB_2,891,320|_SSD 1TB_3,097,000|SSD 2TB_3,279,000|SSD 4TB_3,764,850"
122699867,HP 옴니북 3 16-bu0022TU 16GB램,"_SSD 512GB_1,161,570|_SSD 1TB_1,350,000"
108418538,HP 옴니북 3 AI 16-bv0027AU,"_SSD 512GB_1,349,000|_SSD 1TB_1,595,000|SSD 2TB_1,818,000|SSD 4TB_2,400,560"
124349928,HP 옴니북 5 14-hh0036TU,"SSD 1TB_1,792,110"
108415826,HP 옴니북 5 14-hn0015AU,"_SSD 512GB_1,248,000|_SSD 1TB_1,453,500|SSD 2TB_1,601,920|SSD 4TB_2,262,560"
124350036,HP 옴니북 5 16-bn0006TU,"SSD 512GB_1,416,600"
108417884,HP 옴니북 5 16-br0007AU,"_SSD 512GB_1,398,000|_SSD 1TB_1,638,000|SSD 2TB_1,796,000"
122641394,HP 옴니북 X 14-ka0020TU,"_SSD 512GB_2,349,000|_SSD 1TB_2,218,000||"
87255167,HP 옴니북 X 플립 14-fk0020AU,"_SSD 1TB_2,088,000|_SSD 2TB_2,379,000|SSD 4TB_2,889,000"
122663719,HP 옴니북 X 플립 14-kb0039TU,"_SSD 512GB_2,510,000|_SSD 1TB_2,659,000||"
97107053,HP 프로북 4 G1a 16 BY9U0AT WIN11 16GB램,"_SSD 512GB_981,010|_SSD 1TB_1,073,140|SSD 2TB_1,232,740"
124130865,HP 프로북 4 G2i1 16 DZ3S8AT,"_SSD 512GB_1,535,840|_SSD 1TB_1,850,000|SSD 2TB_2,207,910"
124130919,HP 프로북 4 G2i1 16 DZ3S8AT WIN11,"_SSD 1TB_1,958,310|SSD 2TB_2,246,310|_SSD 512GB_1,835,430"
71216507,LG전자 2023 그램15 15ZD90RU-GX54K,"_SSD 256GB_1,522,720|_SSD 512GB_1,602,040|SSD 1TB_1,754,670|SSD 2TB_1,919,990|SSD 4TB_2,590,000"
74115974,LG전자 2023 그램15 15ZD90RU-GX54K WIN11,"_SSD 256GB_1,483,560|_SSD 512GB_1,654,440|SSD 1TB_1,768,920|SSD 2TB_1,948,970|SSD 4TB_2,650,000"
71216612,LG전자 2023 그램16 16ZD90RU-GX54K,"_SSD 256GB_1,549,000|_SSD 512GB_1,629,000|SSD 1TB_1,748,990|SSD 2TB_1,927,370|SSD 4TB_2,600,000"
42674804,LG전자 2024 그램 프로17 17ZD90SP-EX59K WIN11,"_SSD 512GB_2,799,560|_SSD 1TB_2,959,000|SSD 2TB_3,059,000|SSD 4TB_3,439,130"
103690733,LG전자 2024 그램14 14ZD90S-GX5VK,"_SSD 256GB_1,509,650|_SSD 512GB_1,600,000|SSD 1TB_1,720,540|SSD 2TB_1,908,990|SSD 4TB_2,683,000"
103690817,LG전자 2024 그램15 15Z90S-GA5VK,"_SSD 256GB_1,658,730|SSD 512GB_1,687,160|_SSD 1TB_1,779,740|SSD 2TB_2,092,290|SSD 4TB_2,929,000"
64390217,LG전자 2024 그램15 15Z90S-GP7ML,"_SSD 512GB_1,783,730|_SSD 1TB_1,896,250|SSD 2TB_2,032,790"
122714783,LG전자 2024 그램16 16ZB90S-GA5PK,"SSD 512GB_2,359,000"
103690832,LG전자 2024 그램16 16ZD90S-GX5VK,"_SSD 256GB_1,658,620|_SSD 512GB_1,778,990|SSD 1TB_1,866,740|SSD 2TB_1,798,000|SSD 4TB_3,344,050"
75854315,LG전자 2024 그램16 16ZD90SU-GXF6K,"_SSD 256GB_1,451,660|_SSD 512GB_1,440,000|SSD 1TB_1,600,000|SSD 2TB_1,778,270|SSD 4TB_2,099,000"
75855008,LG전자 2024 그램17 17ZD90SU-GXF6K,"_SSD 256GB_1,420,000|_SSD 512GB_1,481,790|SSD 1TB_1,598,360|SSD 2TB_1,745,000|SSD 4TB_2,179,000"
76875317,LG전자 2024 그램17 17ZD90SU-GXF6K WIN11 16GB램,"_SSD 256GB_1,595,140|_SSD 512GB_1,683,380|SSD 1TB_1,795,880|SSD 2TB_1,954,140|SSD 4TB_2,355,000"
74807111,LG전자 2025 그램 프로16 16Z90TP-GD7CK,"_SSD 512GB_2,952,750|SSD 1TB_3,100,000|_SSD 2TB_3,200,000|SSD 4TB_3,499,990"
74007437,LG전자 2025 그램 프로16 16Z90TP-KA5WK,"_SSD 512GB_2,021,550|_SSD 1TB_2,145,870|SSD 2TB_2,356,650|SSD 4TB_2,849,990"
74007554,LG전자 2025 그램 프로16 16Z90TP-KD7WK,"_SSD 1TB_2,900,070|_SSD 2TB_3,469,970|SSD 4TB_3,499,990"
103810079,LG전자 2025 그램 프로16 16Z90TS-GS5PK,"_SSD 256GB_1,942,990|SSD 512GB_2,025,240|_SSD 1TB_2,127,260|SSD 2TB_2,312,020|SSD 4TB_3,015,990"
77279492,LG전자 2025 그램 프로16 16Z90TS-GU7WK,"_SSD 1TB_3,076,130|_SSD 2TB_3,242,990|SSD 4TB_3,619,690"
103810247,LG전자 2025 그램 프로16 16ZD90TS-GX5PK,"_SSD 256GB_1,800,000|_SSD 512GB_1,928,370|SSD 1TB_2,028,390|SSD 2TB_2,198,000"
74007608,LG전자 2025 그램 프로17 17Z90TP-GA5CK,"SSD 256GB_1,847,850|_SSD 512GB_1,949,000|_SSD 1TB_2,048,770|SSD 2TB_2,331,320|SSD 4TB_3,000,000"
74883929,LG전자 2025 그램 프로17 17Z90TP-GD7CK,"_SSD 512GB_2,989,990|_SSD 1TB_3,269,990|SSD 2TB_3,485,390|SSD 4TB_3,900,000"
103690793,LG전자 2025 그램 프로17 17Z90TR-EA5CK,"_SSD 512GB_3,290,000|SSD 1TB_3,579,960|_SSD 2TB_3,779,450|SSD 4TB_3,999,990"
103449662,LG전자 2025 그램 프로17 17Z90TR-ED7LK,"_SSD 512GB_3,454,000|_SSD 1TB_3,500,000|SSD 2TB_3,697,930|"
74805830,LG전자 2025 그램 프로17 17Z90TR-SD79K,"_SSD 512GB_2,990,000|SSD 1TB_3,691,110|_SSD 2TB_3,412,540|SSD 4TB_4,578,240"
74054924,LG전자 2025 그램 프로17 17ZD90TP-GX56K,"_SSD 256GB_1,977,890|_SSD 512GB_2,048,970|SSD 1TB_2,169,900|SSD 2TB_2,344,000|SSD 4TB_3,179,000"
103449566,LG전자 2025 그램 프로17 17ZD90TR-EX79K,"_SSD 512GB_3,319,000|_SSD 1TB_3,463,530|SSD 2TB_3,571,200|SSD 4TB_4,500,000"
74805932,LG전자 2025 그램 프로17 17ZD90TR-SX79K,"_SSD 512GB_3,052,520|_SSD 1TB_3,230,000|SSD 2TB_3,368,990|SSD 4TB_3,890,000"
74055050,LG전자 2025 그램 프로360 16TD90TP-GX56K,"_SSD 256GB_2,079,990|SSD 512GB_2,239,000|_SSD 1TB_2,379,000|SSD 2TB_2,533,000|SSD 4TB_3,280,000"
74545847,LG전자 2025 그램14 14ZD90T-GX56K WIN11,"_SSD 256GB_1,582,700|SSD 512GB_1,689,000|_SSD 1TB_1,797,120|SSD 2TB_1,908,000|SSD 4TB_2,508,990"
81037859,LG전자 2025 그램15 15Z80T-GU7WK,"_SSD 1TB_2,383,030|_SSD 2TB_2,522,980|SSD 4TB_3,249,990"
93380417,LG전자 2025 그램15 15Z90T U5,"_램16GB, SSD 512GB_2,178,000|램16GB, SSD 1TB_2,318,000|램16GB, SSD 2TB_2,478,000|_램32GB, SSD 512GB_2,338,000|램32GB, SSD 1TB_2,478,000|램32GB, SSD 2TB_2,638,000"
104324315,LG전자 2025 그램15 15Z90T-GA5NK,"_SSD 256GB_1,699,470|_SSD 512GB_1,805,590|SSD 1TB_1,898,890|SSD 2TB_2,083,850|오피스 패키지_1,979,000"
124215296,LG전자 2025 그램15 15Z90T-GP56ML,"_SSD 256GB_1,856,070|_SSD 512GB_1,959,300|SSD 1TB_2,062,530|SSD 2TB_2,165,750"
79406249,LG전자 2025 그램15 15ZD80T-GX56K,"_SSD 256GB_1,479,000|SSD 512GB_1,576,000|_SSD 1TB_1,684,810|SSD 2TB_1,853,750|SSD 4TB_2,359,000"
82472777,LG전자 2025 그램15 15ZD80T-GX56K WIN11,"_SSD 256GB_1,496,000|_SSD 512GB_1,596,000|SSD 1TB_1,730,000|SSD 2TB_1,899,950|SSD 4TB_2,379,000"
79554701,LG전자 2025 그램15 15ZD80T-GX79K,"_SSD 512GB_2,269,000|_SSD 1TB_2,380,790|SSD 2TB_2,579,980|SSD 4TB_3,000,000"
74054642,LG전자 2025 그램15 15ZD90T-GX56K,"_SSD 256GB_1,670,000|_SSD 512GB_1,790,000|SSD 1TB_1,886,995|SSD 2TB_2,068,990|SSD 4TB_2,201,500"
74814458,LG전자 2025 그램15 15ZD90T-GX56K WIN11,"SSD 256GB_1,684,660|_SSD 512GB_1,739,090|_SSD 1TB_1,959,000|SSD 2TB_1,990,280|SSD 4TB_2,474,190"
108408257,LG전자 2025 그램15 15ZG80T-GZ79KN,"_SSD 512GB_1,765,510|SSD 1TB_1,922,970|_SSD 2TB_2,061,190|SSD 4TB_2,890,000"
94024784,LG전자 2025 그램16 16Z90T U7,"램16GB, SSD 512GB_2,318,000|_램16GB, SSD 1TB_2,478,000|램16GB, SSD 2TB_2,618,000|램32GB, SSD 512GB_2,838,000|_램32GB, SSD 1TB_2,978,000|램32GB, SSD 2TB_3,138,000|램32GB, SSD 4TB_3,578,000"
103453175,LG전자 2025 그램16 16Z90T-GA5YK,"_SSD 256GB_1,772,620|_SSD 512GB_1,878,770|SSD 1TB_1,935,940|SSD 2TB_2,115,580"
122673346,LG전자 2025 그램16 16Z90TL-GS5WK,"_SSD 512GB_1,879,000|_SSD 1TB_1,969,000|SSD 2TB_2,187,380"
103810856,LG전자 2025 그램16 16ZD90T-GX56K,"_SSD 256GB_1,741,530|_SSD 512GB_1,827,230|SSD 1TB_1,930,170|SSD 2TB_2,086,570|SSD 4TB_2,478,600"
103810964,LG전자 2025 그램16 16ZD90T-GX56K WIN11,"SSD 256GB_1,757,370|_SSD 512GB_1,848,840|_SSD 1TB_1,947,550|SSD 2TB_2,087,390|SSD 4TB_2,484,790"
97118591,LG전자 2025 그램16 16ZD90TL-GX56K WIN11,"_SSD 256GB_1,781,240|_SSD 512GB_1,880,990|SSD 1TB_2,033,780|SSD 2TB_2,200,000|SSD 4TB_2,750,000"
104967095,LG전자 2026 그램 프로16 16Z90U-GS59K,"SSD 256GB_2,694,300|_SSD 512GB_2,796,700|_SSD 1TB_2,880,310|SSD 2TB_3,090,130|SSD 4TB_3,804,990"
104965043,LG전자 2026 그램 프로16 16Z90U-GS5BK,"_SSD 256GB_2,000,000|SSD 512GB_2,107,390|_SSD 1TB_2,188,680|SSD 2TB_2,399,990|SSD 4TB_3,069,000"
104987876,LG전자 2026 그램 프로16 16Z90U-GS5WK,"_SSD 512GB_2,147,990|_SSD 1TB_2,247,990|SSD 2TB_2,441,530|SSD 4TB_2,998,990"
104987975,LG전자 2026 그램 프로16 16Z90U-GS5ZK,"_SSD 512GB_2,051,950|_SSD 1TB_2,225,000|SSD 2TB_2,419,500|SSD 4TB_3,430,030"
103453769,LG전자 2026 그램 프로16 16Z90U-KS5WK,"_SSD 512GB_2,353,210|_SSD 1TB_2,715,870|SSD 2TB_2,761,030|SSD 4TB_3,383,650"
103453775,LG전자 2026 그램 프로16 16Z90U-KU7BK,"_SSD 512GB_3,156,900|SSD 1TB_3,291,950|_SSD 2TB_3,432,400|SSD 4TB_3,963,900"
103453379,LG전자 2026 그램 프로16 16Z90U-KU7EK,"_SSD 2TB_3,486,650|_SSD 4TB_4,379,990|SSD 6TB_4,990,000|SSD 8TB_5,690,000"
103453760,LG전자 2026 그램 프로16 16Z90U-KU7WK,"_SSD 1TB_3,365,690|_SSD 2TB_3,459,590|SSD 4TB_4,322,780"
103452347,LG전자 2026 그램 프로16 16Z95U-GS59K,"_SSD 256GB_2,489,000|_SSD 512GB_2,548,000|SSD 1TB_2,698,000|SSD 2TB_2,848,000|SSD 4TB_3,532,000"
103451807,LG전자 2026 그램 프로16 16Z95U-GS5BK,"_SSD 256GB_2,027,380|_SSD 512GB_2,116,550|SSD 1TB_2,174,630|SSD 2TB_2,397,770|SSD 4TB_3,228,990"
103451621,LG전자 2026 그램 프로16 16Z95U-GS5CK,"_SSD 256GB_2,005,060|_SSD 512GB_2,152,290|SSD 1TB_2,233,670|SSD 2TB_2,446,360|SSD 4TB_3,199,990"
103451483,LG전자 2026 그램 프로16 16Z95U-GS5WK,"_SSD 512GB_2,139,190|SSD 1TB_2,243,490|_SSD 2TB_2,355,350|SSD 4TB_3,049,980"
103451456,LG전자 2026 그램 프로16 16Z95U-GS5ZK,"_SSD 512GB_2,128,680|SSD 1TB_2,246,930|_SSD 2TB_2,377,950|SSD 4TB_3,049,990"
104947802,LG전자 2026 그램 프로16 16ZD90U-GX56K,"_SSD 256GB_2,024,000|_SSD 512GB_2,082,000|SSD 1TB_2,175,000|SSD 2TB_2,359,000|SSD 4TB_2,982,930"
105550868,LG전자 2026 그램 프로16 16ZD90U-GX56K WIN11,"SSD 256GB_1,999,000|_SSD 512GB_2,085,000|_SSD 1TB_2,236,000|SSD 2TB_2,359,000|SSD 4TB_2,988,370"
106720049,LG전자 2026 그램 프로16 16ZD90U-KX5WK WIN11,"_SSD 512GB_2,314,000|_SSD 1TB_2,387,000|SSD 2TB_2,508,000|SSD 4TB_3,019,890"
103452410,LG전자 2026 그램 프로16 16ZD95U-GX56K,"_SSD 256GB_1,950,000|_SSD 512GB_1,999,000|SSD 1TB_2,137,000|SSD 2TB_2,346,000|SSD 4TB_2,733,300"
103452437,LG전자 2026 그램 프로16 16ZD95U-GX59K,"SSD 256GB_2,400,000|_SSD 512GB_2,499,000|_SSD 1TB_2,585,000|SSD 2TB_2,778,000|SSD 4TB_3,017,000"
103808333,LG전자 2026 그램 프로16 16ZD95U-GX59K WIN11,"SSD 256GB_2,413,000|_SSD 512GB_2,451,000|SSD 1TB_2,641,000|_SSD 2TB_2,796,000|SSD 4TB_3,024,000"
103452389,LG전자 2026 그램 프로16 16ZD95U-GX5BK,"_SSD 256GB_1,971,000|_SSD 512GB_2,063,850|SSD 1TB_2,186,840|SSD 2TB_2,371,850|SSD 4TB_2,809,110"
103452512,LG전자 2026 그램 프로16 16ZD95U-GX79K,"_SSD 256GB_2,948,070|SSD 512GB_3,028,970|_SSD 1TB_3,128,970|SSD 2TB_3,342,990|SSD 4TB_3,959,990"
103751282,LG전자 2026 그램 프로16 16ZD95U-GX79K WIN11,"_SSD 256GB_2,957,360|_SSD 512GB_3,049,990|SSD 1TB_3,191,990|SSD 2TB_3,362,990|SSD 4TB_3,939,990"
104989532,LG전자 2026 그램 프로17 17Z90U-GS5WK,"_SSD 512GB_2,216,710|_SSD 1TB_2,324,310||"
104989544,LG전자 2026 그램 프로17 17Z90U-GS5ZK,"_SSD 512GB_2,205,410|_SSD 1TB_2,325,840||"
104939327,LG전자 2026 그램 프로17 17ZD90U-GX56K,"_SSD 256GB_2,020,990|_SSD 512GB_2,138,010|SSD 1TB_2,231,930|SSD 2TB_2,518,990|SSD 4TB_3,222,060"
106719773,LG전자 2026 그램 프로17 17ZD90U-GX79K WIN11,"_SSD 256GB_3,254,790|SSD 512GB_3,344,110|_SSD 1TB_3,456,510|SSD 2TB_3,731,190|SSD 4TB_4,445,930"
103415702,LG전자 2026 그램 프로360 16T95TP-KD7BK,"_SSD 1TB_3,439,060|_SSD 2TB_3,664,190|SSD 4TB_4,339,180"
104987396,LG전자 2026 그램14 14Z90U-GS5WK,"_SSD 512GB_1,821,980|_SSD 1TB_1,913,620|SSD 2TB_2,015,780|SSD 4TB_3,070,260"
104966711,LG전자 2026 그램14 14Z90U-GS5YK,"_SSD 256GB_1,685,660|SSD 512GB_1,824,510|_SSD 1TB_1,913,640|SSD 2TB_2,028,860|SSD 4TB_3,038,120"
103451711,LG전자 2026 그램14 14Z95U-GS59K,"_SSD 256GB_1,985,490|SSD 512GB_2,101,780|_SSD 1TB_2,194,780|SSD 2TB_2,462,940|SSD 4TB_2,984,890"
104966654,LG전자 2026 그램14 14ZD90U-GX56K,"_SSD 256GB_1,671,230|SSD 512GB_1,765,260|_SSD 1TB_1,859,990|SSD 2TB_2,007,650|SSD 4TB_2,667,960"
106727177,LG전자 2026 그램14 14ZD90U-GX56K WIN11,"_SSD 256GB_1,680,720|_SSD 512GB_1,763,720|SSD 1TB_1,882,720|SSD 2TB_2,006,720|SSD 4TB_2,589,950"
103448942,LG전자 2026 그램14 14ZD95U-GX56K,"_SSD 256GB_1,492,110|SSD 512GB_1,562,250|_SSD 1TB_1,655,390|SSD 2TB_1,958,720|SSD 4TB_2,455,410"
103451900,LG전자 2026 그램14 14ZD95U-GX5WK,"_SSD 256GB_1,478,660|_SSD 512GB_1,559,980|SSD 1TB_1,653,990|SSD 2TB_1,876,090|SSD 4TB_2,373,830"
108354137,LG전자 2026 그램14 14ZD95U-GX79K,"_SSD 256GB_2,018,090|SSD 512GB_2,129,700|_SSD 1TB_2,204,090|SSD 2TB_2,468,970|SSD 4TB_3,094,000"
108354176,LG전자 2026 그램14 14ZD95U-GX79K WIN11,"SSD 256GB_2,023,490|_SSD 512GB_2,155,550|_SSD 1TB_2,251,500|SSD 2TB_2,488,970|SSD 4TB_2,956,190"
103451963,LG전자 2026 그램15 15Z95U-GS5CK,"_SSD 256GB_1,636,770|_SSD 512GB_1,753,270|SSD 1TB_1,859,590|SSD 2TB_2,019,620|SSD 4TB_2,920,200"
105816818,LG전자 2026 그램15 15ZD90U-GX56K WIN11,"SSD 256GB_1,725,640|_SSD 512GB_1,811,470|_SSD 1TB_1,946,240|SSD 2TB_2,117,060|"
104966918,LG전자 2026 그램15 15ZD90U-GX59K,"_SSD 256GB_2,389,980|SSD 512GB_2,549,990|_SSD 1TB_2,699,990|SSD 2TB_2,783,750|SSD 4TB_3,309,760"
103451750,LG전자 2026 그램15 15ZD95U-GX56K,"_SSD 256GB_1,600,170|_SSD 512GB_1,724,020|SSD 1TB_1,811,100|SSD 2TB_1,970,290|SSD 4TB_2,674,630"
108363791,LG전자 2026 그램15 15ZD95U-GX79K WIN11,"SSD 256GB_2,201,530|_SSD 512GB_2,400,000|_SSD 1TB_2,522,100|SSD 2TB_2,699,990|SSD 4TB_3,212,630"
124326763,LG전자 그램북 14U40V-GA5CK,"SSD 1TB_1,691,750|_SSD 256GB_1,470,870|SSD 2TB_1,861,490|_SSD 512GB_1,589,110"
124277737,LG전자 그램북 14U40V-GA5WK,"SSD 1TB_1,638,910|_SSD 2TB_1,803,330|_SSD 512GB_1,527,980"
124298832,LG전자 그램북 14U40V-GA5ZK,"_SSD 1TB_1,638,900|SSD 2TB_1,803,310|_SSD 512GB_1,527,860"
124289018,LG전자 그램북 14U40V-GR3CK,"_SSD 256GB_1,215,170|_SSD 512GB_1,330,450|SSD 1TB_1,425,860|SSD 2TB_1,595,590"
124276800,LG전자 그램북 14U40V-GR3WK,"_SSD 512GB_1,198,740|SSD 1TB_1,298,970|_SSD 2TB_1,448,960"
124326754,LG전자 그램북 14U40V-GR5CK,"_SSD 1TB_1,532,590|_SSD 256GB_1,347,010|SSD 2TB_1,702,320|SSD 512GB_1,437,160"
124276775,LG전자 그램북 14UD40V-GX3BK,"SSD 256GB_1,009,470|_SSD 512GB_1,300,910|_SSD 1TB_1,393,890|SSD 2TB_1,544,990"
124276787,LG전자 그램북 14UD40V-GX3BK WIN11,"SSD 256GB_1,238,790|_SSD 512GB_1,328,910|_SSD 1TB_1,424,890|SSD 2TB_1,578,790"
124276740,LG전자 그램북 14UD40V-GX3JK,"_SSD 256GB_1,009,470|_SSD 512GB_1,278,800|SSD 1TB_1,388,000|SSD 2TB_1,527,800"
124276759,LG전자 그램북 14UD40V-GX3JK WIN11,"_SSD 256GB_1,168,680|_SSD 512GB_1,261,630|SSD 1TB_1,401,810|SSD 2TB_1,535,000"
124326460,LG전자 그램북 14UD40V-GX5BK,"_SSD 256GB_1,069,000|SSD 512GB_1,381,870|_SSD 1TB_1,474,870|SSD 2TB_1,648,840"
124326464,LG전자 그램북 14UD40V-GX5BK WIN11,"SSD 256GB_1,345,860|_SSD 512GB_1,435,860|_SSD 1TB_1,531,840|SSD 2TB_1,672,850"
124277250,LG전자 그램북 14UD40V-GX5JK,"_SSD 1TB_1,397,000|_SSD 256GB_1,069,000|SSD 2TB_1,549,000|SSD 512GB_1,297,940"
124277292,LG전자 그램북 14UD40V-GX5JK WIN11,"_SSD 1TB_1,463,370|_SSD 256GB_1,217,660|SSD 2TB_1,610,820|SSD 512GB_1,365,080"
124249264,LG전자 그램북 14UD40V-GX5KK,"SSD 1TB_1,597,890|_SSD 256GB_1,262,100|SSD 2TB_1,714,300|_SSD 512GB_1,497,900"
124249283,LG전자 그램북 14UD40V-GX5KK WIN11,"_SSD 1TB_1,650,910|SSD 256GB_1,424,060|SSD 2TB_1,799,000|_SSD 512GB_1,557,910"
124277426,LG전자 그램북 14UD40V-GX5LK,"_SSD 1TB_1,629,810|_SSD 256GB_1,262,100|SSD 2TB_1,795,830|SSD 512GB_1,536,810"
124277441,LG전자 그램북 14UD40V-GX5LK WIN11,"_SSD 1TB_1,650,810|SSD 256GB_1,469,890|SSD 2TB_1,816,820|_SSD 512GB_1,557,830"
103452506,LG전자 그램북 15U50U-GR5CK,"_SSD 256GB_949,070|_SSD 512GB_1,103,780|SSD 1TB_1,160,820|SSD 2TB_1,270,500|SSD 4TB_2,889,990"
104749781,LG전자 그램북 15U50U-GROWK,"_SSD 256GB_958,460|_SSD 512GB_1,059,340|SSD 1TB_1,137,910|SSD 2TB_1,354,550|SSD 4TB_2,579,790"
103414757,LG전자 그램북 15UD50U-GX5JK,"_SSD 256GB_927,580|_SSD 512GB_999,000|SSD 1TB_1,104,800|SSD 2TB_1,293,820|SSD 4TB_1,729,410|모니터 패키지_1,115,480"
103808132,LG전자 그램북 15UD50U-GX5JK 16GB램,"_SSD 256GB_1,090,440|_SSD 512GB_1,171,660|SSD 1TB_1,264,650|SSD 2TB_1,483,930|SSD 4TB_1,896,280"
104543795,LG전자 그램북 15UD50U-GX5JK WIN11,"_SSD 256GB_928,660|_SSD 512GB_1,007,740|SSD 1TB_1,120,620|SSD 2TB_1,300,950|SSD 4TB_1,757,790"
104547293,LG전자 그램북 15UD50U-GX5JK WIN11 16GB램,"_SSD 256GB_1,103,980|_SSD 512GB_1,181,070|SSD 1TB_1,274,070|SSD 2TB_1,490,960|SSD 4TB_1,918,920"
104628488,LG전자 그램북 15UD50U-GX5JK WIN11 32GB램,"_SSD 256GB_1,477,670|SSD 512GB_1,582,950|_SSD 1TB_1,689,170|SSD 2TB_1,808,000|SSD 4TB_2,371,020"
122627055,LG전자 그램북 16U55U-GS5HK,"_SSD 512GB_1,409,990|_SSD 1TB_1,524,280|SSD 2TB_1,657,180"
122624573,LG전자 그램북 16U55U-GSOWK,"_SSD 256GB_1,239,740|_SSD 512GB_1,346,700|SSD 1TB_1,459,480|SSD 2TB_1,622,470"
122627065,LG전자 그램북 16UD55U-GX5JK,"_SSD 256GB_1,197,200|_SSD 512GB_1,345,640|SSD 1TB_1,476,980|SSD 2TB_1,596,790|모니터 패키지_1,454,890"
70335374,LG전자 울트라PC 15U50T-GA5HK,"_SSD 256GB_992,720|_SSD 512GB_1,078,880|SSD 1TB_1,186,110|SSD 2TB_1,378,170|SSD 4TB_1,969,980"
70102928,LG전자 울트라PC 15UD50T-GX5JK,"_SSD 256GB_897,990|_SSD 512GB_987,960|SSD 1TB_1,086,640|SSD 2TB_1,208,830|SSD 4TB_1,885,450"
72592571,LG전자 울트라PC 15UD50T-GX5JK WIN11 16GB램,"SSD 256GB_976,490|_SSD 512GB_1,107,910|_SSD 1TB_1,193,600|SSD 2TB_1,357,960|SSD 4TB_2,074,000"
15564539,MSI GE시리즈 GE66 레이더 11UG QHD,"SSD 1TB_2,990,000"
15564563,MSI GE시리즈 GE66 레이더 11UG QHD 32GB램,"_SSD 512GB_2,990,000|_SSD 1TB_2,990,000"
15564617,MSI GE시리즈 GE66 레이더 11UG QHD WIN10,"_SSD 512GB_2,990,000|_SSD 1TB_2,990,000"
15505001,MSI GE시리즈 GE66 레이더 11UG QHD WIN10 32GB램,"_SSD 512GB_2,890,000|_SSD 1TB_2,990,000"
15560903,MSI GE시리즈 GE76 레이더 11UG,"_SSD 1TB_3,690,000|_SSD 2TB_2,980,000|SSD 500GB + SSD 512GB_2,790,000"
15522797,MSI GE시리즈 GE76 레이더 11UG 32GB램,"_SSD 512GB_3,790,000|_SSD 1TB_3,990,000|SSD 2TB_3,090,000"
15917666,MSI GE시리즈 GE76 레이더 11UG 64GB램,"_SSD 512GB_2,990,000|_SSD 1TB_3,090,000|SSD 2TB_3,400,000"
15522764,MSI GE시리즈 GE76 레이더 11UG WIN10,"_SSD 512GB_3,690,000|_SSD 1TB_3,990,000|SSD 2TB_2,990,000"
15917786,MSI GE시리즈 GE76 레이더 11UG WIN10 32GB램,"_SSD 512GB_3,790,000|_SSD 1TB_3,990,000|SSD 2TB_3,190,000"
15560930,MSI GE시리즈 GE76 레이더 11UG WIN10 64GB램,"_SSD 512GB_3,250,000|_SSD 1TB_3,190,000|SSD 2TB_3,450,000"
15465545,MSI GE시리즈 GE76 레이더 11UH-i9 4K WIN10,"SSD 1TB + SSD 1TB_4,970,000"
15465596,MSI GE시리즈 GE76 레이더 11UH-i9 4K WIN10 64GB램,"_SSD 1TB_5,390,000|_SSD 1TB + SSD 1TB_5,390,000"
18208709,MSI GE시리즈 레이더 GE66 12UGS QHD,"SSD 2TB_3,350,000"
18208739,MSI GE시리즈 레이더 GE66 12UGS QHD 32GB램,"SSD 2TB_3,430,000"
18208799,MSI GE시리즈 레이더 GE66 12UGS QHD 64GB램,"_SSD 1TB_3,490,000|_SSD 2TB_3,520,000"
18208841,MSI GE시리즈 레이더 GE66 12UGS QHD WIN11,"_SSD 2TB_3,250,000|_SSD 1TB + SSD 1TB_2,899,000"
18208889,MSI GE시리즈 레이더 GE66 12UGS QHD WIN11 32GB램,"SSD 2TB_3,590,000"
18208916,MSI GE시리즈 레이더 GE66 12UGS QHD WIN11 64GB램,"_SSD 1TB_4,490,000|_SSD 2TB_3,590,000"
18341891,MSI GE시리즈 레이더 GE66 12UGS-i9 QHD,"SSD 1TB_2,890,000"
18357188,MSI GE시리즈 레이더 GE66 12UGS-i9 QHD WIN11,"SSD 1TB_3,120,000"
18357023,MSI GE시리즈 레이더 GE66 12UGS-i9 QHD WIN11 32GB램,"_SSD 1TB_3,390,000|_SSD 2TB_3,550,000"
18357143,MSI GE시리즈 레이더 GE66 12UGS-i9 QHD WIN11 64GB램,"_SSD 1TB_3,590,000|_SSD 2TB_3,710,000"
17667926,MSI GE시리즈 레이더 GE67 HX 12UHS-i9 QHD,"SSD 1TB + SSD 1TB_4,299,000"
17667950,MSI GE시리즈 레이더 GE67 HX 12UHS-i9 QHD WIN11,"SSD 1TB + SSD 1TB_4,399,000"
20166269,MSI GE시리즈 레이더 GE68 HX 13VG-i9 4K,"_SSD 1TB_3,990,000|_SSD 2TB_3,649,000|SSD 4TB_3,590,000"
20250212,MSI GE시리즈 레이더 GE68 HX 13VG-i9 4K 32GB램,"_SSD 1TB_3,744,000|_SSD 2TB_3,840,000|SSD 4TB_3,790,000"
20250335,MSI GE시리즈 레이더 GE68 HX 13VG-i9 4K 64GB램,"_SSD 1TB_3,799,000|_SSD 2TB_3,750,000|SSD 4TB_3,990,000"
20278853,MSI GE시리즈 레이더 GE68 HX 13VG-i9 4K WIN11,"_SSD 1TB_3,454,950|_SSD 2TB_3,551,910|SSD 4TB_3,690,000"
20250242,MSI GE시리즈 레이더 GE68 HX 13VG-i9 4K WIN11 32GB램,"_SSD 1TB_3,648,000|_SSD 2TB_3,840,000|SSD 4TB_3,890,000"
20250320,MSI GE시리즈 레이더 GE68 HX 13VG-i9 4K WIN11 64GB램,"_SSD 1TB_3,840,000|_SSD 2TB_4,128,000|SSD 4TB_3,990,000"
18197438,MSI GE시리즈 레이더 GE76 12UGS QHD 64GB램,"_SSD 1TB_3,490,000|_SSD 2TB_3,799,000"
18197459,MSI GE시리즈 레이더 GE76 12UGS QHD WIN10 64GB램,"_SSD 1TB_3,590,000|_SSD 2TB_3,780,000"
18197495,MSI GE시리즈 레이더 GE76 12UGS QHD WIN11 64GB램,"_SSD 1TB_3,590,000|_SSD 2TB_3,770,000|SSD 2TB + SSD 2TB_6,990,000"
18007772,MSI GE시리즈 레이더 GE76 12UHS 4K W11 64GB램,"_SSD 2TB_5,399,000|_SSD 2TB + SSD 2TB_5,599,000"
20105159,MSI GE시리즈 레이더 GE78 HX 13VG-i9 QHD,"_SSD 1TB_3,145,000|_SSD 2TB_3,699,000"
20143310,MSI GE시리즈 레이더 GE78 HX 13VG-i9 QHD 32GB램,"_SSD 1TB_3,599,000|_SSD 2TB_3,699,000"
20143400,MSI GE시리즈 레이더 GE78 HX 13VG-i9 QHD 64GB램,"_SSD 1TB_4,490,000|_SSD 2TB_4,790,000"
20143574,MSI GE시리즈 레이더 GE78 HX 13VG-i9 QHD WIN11,"_SSD 1TB_5,240,000|_SSD 2TB_3,699,000"
20143343,MSI GE시리즈 레이더 GE78 HX 13VG-i9 QHD WIN11 32GB램,"_SSD 1TB_5,340,000|_SSD 2TB_3,799,000|SSD 4TB_5,699,000"
20143388,MSI GE시리즈 레이더 GE78 HX 13VG-i9 QHD WIN11 64GB램,"_SSD 1TB_4,490,000|_SSD 2TB_4,790,000|SSD 4TB_6,990,000"
20524235,MSI GE시리즈 레이더 GE78 HX 13VG-i9 SmartTP,"_SSD 2TB_3,465,000|_SSD 4TB_3,645,000|SSD 2TB + SSD 2TB_3,725,000"
25670615,MSI GE시리즈 레이더 GE78 HX 13VG-i9 SmartTP 64GB램,"_SSD 2TB_3,936,000|SSD 4TB_4,290,000|_SSD 2TB + SSD 2TB_3,570,000"
25669352,MSI GE시리즈 레이더 GE78 HX 13VG-i9 SmartTP WIN11,"_SSD 2TB_3,915,830|_SSD 4TB_3,675,000|SSD 2TB + SSD 2TB_4,590,000|SSD 4TB + SSD 4TB_4,145,000"
27545534,MSI GE시리즈 레이더 GE78 HX 13VG-i9 SmartTP WIN11 64GB램,"_SSD 2TB + SSD 2TB_4,540,790|_SSD 4TB + SSD 4TB_4,245,000"
20160305,MSI GE시리즈 레이더 GE78 HX 13VH-i9 QHD W11,"_SSD 1TB_4,990,000|_SSD 2TB_4,785,000|SSD 2TB + SSD 2TB_4,784,000"
20228618,MSI GE시리즈 레이더 GE78 HX 13VH-i9 QHD W11 64GB램,"_SSD 1TB_6,990,000|_SSD 2TB_4,985,000|SSD 2TB + SSD 2TB_7,990,000"
20519810,MSI GE시리즈 레이더 GE78 HX 13VI-i9 QHD W11,"_SSD 2TB_6,787,000|_SSD 2TB + SSD 2TB_7,685,000"
21541940,MSI GE시리즈 레이더 GE78 HX 13VI-i9 QHD W11 64GB램,"_SSD 2TB_7,685,000|_SSD 2TB + SSD 2TB_7,885,000|SSD 4TB + SSD 2TB_8,185,000"
32070443,MSI GE시리즈 레이더 GE78 HX 14VIG-i9 QHD W11,"_SSD 2TB_7,990,000|_SSD 4TB_8,990,000"
14330210,MSI GF시리즈 GF63 Thin 10SC-i7 WIN10 32GB램,"SSD 512GB_1,390,000"
14330480,MSI GF시리즈 GF63 Thin 10SC-i7 WIN10 64GB램,"SSD 1TB_3,590,000"
14305361,MSI GF시리즈 GF63 Thin 10UD WIN10 32GB램,"_SSD 512GB_1,990,000|_SSD 1TB_1,890,000"
16630256,MSI GF시리즈 GF63 Thin 11UC WIN10 16GB램,"SSD 1TB_1,690,000"
16630277,MSI GF시리즈 GF63 Thin 11UC WIN10 32GB램,"_SSD 512GB_1,790,000|_SSD 1TB_1,890,000"
18739658,MSI GF시리즈 GF63 Thin 11UC WIN11,"SSD 512GB_1,790,000"
18739622,MSI GF시리즈 GF63 Thin 11UC WIN11 16GB램,"_SSD 512GB_1,840,000|_SSD 1TB_1,990,000"
18739685,MSI GF시리즈 GF63 Thin 11UC WIN11 32GB램,"_SSD 512GB_1,940,000|_SSD 1TB_2,060,000"
17400833,MSI GF시리즈 GF63 Thin 11UC-i5,"_SSD 512GB_1,490,000|_SSD 1TB_2,290,000|SSD 2TB_1,690,000|1TB + SSD 512GB_1,690,000"
17476580,MSI GF시리즈 GF63 Thin 11UC-i5 32GB램,"_SSD 512GB_2,790,000|_SSD 1TB_2,790,000|SSD 2TB_2,490,000"
17800847,MSI GF시리즈 GF63 Thin 11UC-i5 64GB램,"_SSD 512GB_3,490,000|_SSD 1TB_3,590,000|SSD 2TB_3,690,000"
17479280,MSI GF시리즈 GF63 Thin 11UC-i5 WIN10,"_SSD 512GB_1,590,000|_SSD 1TB_1,690,000|SSD 2TB_1,790,000|1TB + SSD 512GB_1,790,000"
17476598,MSI GF시리즈 GF63 Thin 11UC-i5 WIN10 32GB램,"_SSD 512GB_2,390,000|_SSD 1TB_2,490,000|SSD 2TB_2,590,000"
17476631,MSI GF시리즈 GF63 Thin 11UC-i5 WIN10 64GB램,"_SSD 512GB_3,590,000|_SSD 1TB_3,690,000|SSD 2TB_3,790,000"
18739760,MSI GF시리즈 GF63 Thin 11UC-i5 WIN11,"_SSD 512GB_1,690,000|_SSD 1TB_1,870,000|SSD 2TB_1,810,000"
18739835,MSI GF시리즈 GF63 Thin 11UC-i5 WIN11 32GB램,"_SSD 512GB_2,370,000|_SSD 1TB_2,490,000|SSD 2TB_2,490,000"
18739508,MSI GF시리즈 GF63 Thin 11UC-i5 WIN11 64GB램,"_SSD 512GB_3,390,000|_SSD 1TB_3,390,000|SSD 2TB_3,490,000"
27729710,MSI GF시리즈 GF63 Thin 11UCX-i5 64GB램,"_SSD 512GB_3,399,000|_SSD 1TB_3,449,000|SSD 2TB_3,549,000"
28056695,MSI GF시리즈 GF63 Thin 11UCX-i5 WIN10 16GB램,"_SSD 512GB_3,089,000|_SSD 1TB_3,089,000|SSD 2TB_3,189,000"
28056773,MSI GF시리즈 GF63 Thin 11UCX-i5 WIN10 32GB램,"_SSD 1TB_3,289,000|_SSD 2TB_3,389,000"
27730247,MSI GF시리즈 GF63 Thin 11UCX-i5 WIN11,"_SSD 512GB_2,799,000|_SSD 1TB_2,849,000|SSD 2TB_2,888,000|1TB + SSD 512GB_3,079,000"
27730370,MSI GF시리즈 GF63 Thin 11UCX-i5 WIN11 16GB램,"_SSD 512GB_2,349,000|_SSD 1TB_2,399,000|SSD 2TB_2,878,000"
27731423,MSI GF시리즈 GF63 Thin 11UCX-i5 WIN11 32GB램,"_SSD 512GB_2,248,000|_SSD 1TB_2,328,000|SSD 2TB_2,518,000"
27731516,MSI GF시리즈 GF63 Thin 11UCX-i5 WIN11 64GB램,"_SSD 512GB_2,989,000|_SSD 1TB_2,978,000|SSD 2TB_4,490,000"
19667018,MSI GF시리즈 GF63 Thin 11UD-i5,"1TB + SSD 512GB_1,290,000"
16121636,MSI GF시리즈 GF65 Thin 10UE-i5 32GB램,"SSD 1TB_1,840,000"
16121603,MSI GF시리즈 GF65 Thin 10UE-i5 WIN10,"SSD 1TB_1,790,000"
13534850,MSI GF시리즈 GF75 Thin 10UEK-i7 WIN10,"SSD 512GB_2,290,000"
13534811,MSI GF시리즈 GF75 Thin 10UEK-i7 WIN10 16GB램,"_SSD 512GB_2,190,000|_SSD 1TB_2,390,000"
13535162,MSI GF시리즈 GF75 Thin 10UEK-i7 WIN10 32GB램,"SSD 1TB_2,590,000"
96313118,MSI GF시리즈 GF76 A17 AI B8VFB1 W11,"_SSD 512GB_1,997,000|_SSD 1TB_2,799,000|SSD 2TB_2,899,000|SSD 4TB_3,299,000"
96649721,MSI GF시리즈 GF76 A17 AI B8VFB1 W11 32GB램,"_SSD 512GB_2,790,000|_SSD 1TB_3,290,000|SSD 2TB_2,990,000|SSD 4TB_4,290,000"
96649733,MSI GF시리즈 GF76 A17 AI B8VFB1 W11 64GB램,"_SSD 512GB_3,999,000|_SSD 1TB_4,099,000|SSD 2TB_4,199,000|SSD 4TB_4,499,000"
96313004,MSI GF시리즈 GF76 B13VFKB1 W11,"SSD 512GB_1,895,280|_SSD 1TB_2,053,440|_SSD 2TB_2,178,710|SSD 4TB_4,399,000"
96649907,MSI GF시리즈 GF76 B13VFKB1 W11 32GB램,"_SSD 512GB_2,251,070|_SSD 1TB_2,363,680|SSD 2TB_2,480,470|SSD 4TB_4,490,000"
96649919,MSI GF시리즈 GF76 B13VFKB1 W11 64GB램,"SSD 512GB_2,815,850|_SSD 1TB_2,918,610|_SSD 2TB_3,083,040|SSD 4TB_4,590,000"
14820716,MSI GF시리즈 Sword GF66 A11SC-i5 블랙,"_SSD 512GB_1,090,000|_SSD 1TB_1,290,000|SSD 2TB_1,490,000"
14869247,MSI GF시리즈 Sword GF66 A11SC-i5 블랙 16GB램,"_SSD 512GB_1,150,000|_SSD 1TB_1,250,000|SSD 2TB_1,490,000"
14869289,MSI GF시리즈 Sword GF66 A11SC-i5 블랙 32GB램,"_SSD 512GB_1,290,000|_SSD 1TB_1,490,000|SSD 2TB_1,690,000"
14869367,MSI GF시리즈 Sword GF66 A11SC-i5 블랙 WIN10,"_SSD 512GB_1,290,000|_SSD 1TB_1,490,000|SSD 2TB_1,590,000"
14869391,MSI GF시리즈 Sword GF66 A11SC-i5 블랙 WIN10 16GB램,"_SSD 512GB_1,290,000|_SSD 1TB_1,390,000|SSD 2TB_1,690,000"
14869628,MSI GF시리즈 Sword GF66 A11SC-i5 블랙 WIN10 32GB램,"_SSD 512GB_1,390,000|_SSD 1TB_1,590,000|SSD 2TB_1,890,000"
15722633,MSI GF시리즈 Sword GF66 A11SC-i5 블랙 WIN10 64GB램,"_SSD 512GB_3,590,000|_SSD 1TB_3,190,000|SSD 2TB_2,490,000"
18377717,MSI GF시리즈 Sword GF66 A11SC-i5 블랙 WIN11,"_SSD 512GB_1,299,000|_SSD 1TB_1,399,000|SSD 2TB_1,499,000"
18377807,MSI GF시리즈 Sword GF66 A11SC-i5 블랙 WIN11 16GB램,"_SSD 512GB_1,299,000|_SSD 1TB_1,299,000"
18377843,MSI GF시리즈 Sword GF66 A11SC-i5 블랙 WIN11 32GB램,"_SSD 512GB_1,499,000|_SSD 1TB_1,599,000"
18377909,MSI GF시리즈 Sword GF66 A11SC-i5 블랙 WIN11 64GB램,"_SSD 512GB_3,599,000|_SSD 1TB_3,499,000|SSD 2TB_3,499,000"
14820758,MSI GF시리즈 Sword GF66 A11SC-i5 화이트,"_SSD 512GB_1,090,000|_SSD 1TB_1,290,000|SSD 2TB_1,490,000"
14870195,MSI GF시리즈 Sword GF66 A11SC-i5 화이트 16GB램,"_SSD 512GB_1,170,000|_SSD 1TB_1,290,000|SSD 2TB_1,490,000"
14870228,MSI GF시리즈 Sword GF66 A11SC-i5 화이트 32GB램,"_SSD 512GB_1,290,000|_SSD 1TB_1,490,000|SSD 2TB_1,590,000"
14870393,MSI GF시리즈 Sword GF66 A11SC-i5 화이트 WIN10,"_SSD 512GB_1,190,000|_SSD 1TB_1,390,000|SSD 2TB_1,590,000"
14870435,MSI GF시리즈 Sword GF66 A11SC-i5 화이트 WIN10 16GB램,"_SSD 512GB_1,170,000|_SSD 1TB_1,390,000|SSD 2TB_1,690,000"
14870645,MSI GF시리즈 Sword GF66 A11SC-i5 화이트 WIN10 32GB램,"_SSD 512GB_1,390,000|_SSD 1TB_1,590,000|SSD 2TB_1,790,000"
15722879,MSI GF시리즈 Sword GF66 A11SC-i5 화이트 WIN10 64GB램,"_SSD 512GB_3,590,000|_SSD 1TB_3,190,000|SSD 2TB_2,490,000"
14820797,MSI GF시리즈 Sword GF66 A11SC-i7 블랙,"_SSD 512GB_1,250,000|_SSD 1TB_1,490,000|SSD 2TB_1,590,000"
14867357,MSI GF시리즈 Sword GF66 A11SC-i7 블랙 16GB램,"_SSD 512GB_1,390,000|_SSD 1TB_1,490,000|SSD 2TB_1,690,000"
14867447,MSI GF시리즈 Sword GF66 A11SC-i7 블랙 32GB램,"_SSD 512GB_1,590,000|_SSD 1TB_1,590,000|SSD 2TB_1,790,000"
14867420,MSI GF시리즈 Sword GF66 A11SC-i7 블랙 WIN10,"_SSD 512GB_1,390,000|_SSD 1TB_1,590,000|SSD 2TB_1,790,000"
14867549,MSI GF시리즈 Sword GF66 A11SC-i7 블랙 WIN10 16GB램,"_SSD 512GB_1,390,000|_SSD 1TB_1,690,000|SSD 2TB_1,890,000"
14867705,MSI GF시리즈 Sword GF66 A11SC-i7 블랙 WIN10 32GB램,"_SSD 512GB_1,590,000|SSD 1TB_1,790,000|_SSD 2TB_1,990,000"
15761126,MSI GF시리즈 Sword GF66 A11SC-i7 블랙 WIN10 64GB램,"_SSD 512GB_3,520,000|_SSD 1TB_3,590,000|SSD 2TB_3,150,000"
15010919,MSI GF시리즈 Sword GF66 A11SC-i7 화이트,"_SSD 512GB_1,490,000|_SSD 1TB_1,990,000|SSD 2TB_1,470,000"
15045362,MSI GF시리즈 Sword GF66 A11SC-i7 화이트 16GB램,"_SSD 512GB_1,390,000|_SSD 1TB_1,290,000"
15045440,MSI GF시리즈 Sword GF66 A11SC-i7 화이트 32GB램,"_SSD 512GB_1,990,000|_SSD 1TB_1,990,000"
15651095,MSI GF시리즈 Sword GF66 A11SC-i7 화이트 64GB램,"_SSD 512GB_3,530,000|_SSD 1TB_3,690,000|SSD 2TB_3,560,000"
15045305,MSI GF시리즈 Sword GF66 A11SC-i7 화이트 WIN10,"_SSD 512GB_1,990,000|_SSD 1TB_1,990,000|SSD 2TB_1,530,000"
15045392,MSI GF시리즈 Sword GF66 A11SC-i7 화이트 WIN10 16GB램,"_SSD 512GB_1,390,000|_SSD 1TB_1,420,000|SSD 2TB_1,540,000"
15045449,MSI GF시리즈 Sword GF66 A11SC-i7 화이트 WIN10 32GB램,"_SSD 512GB_2,090,000|_SSD 1TB_2,290,000|SSD 2TB_1,630,000"
15651137,MSI GF시리즈 Sword GF66 A11SC-i7 화이트 WIN10 64GB램,"_SSD 512GB_3,680,000|_SSD 1TB_3,550,000|SSD 2TB_3,190,000"
15070496,MSI GF시리즈 Sword GF66 A11UC 블랙,"_SSD 512GB_3,090,000|_SSD 1TB_2,990,000"
16114163,MSI GF시리즈 Sword GF66 A11UC 블랙 16GB램,"SSD 1TB_2,790,000"
16231196,MSI GF시리즈 Sword GF66 A11UC 블랙 64GB램,"SSD 512GB_2,720,000"
16231259,MSI GF시리즈 Sword GF66 A11UC 블랙 WIN10,"_SSD 1TB_2,750,000|_SSD 2TB_2,990,000"
15451901,MSI GF시리즈 Sword GF66 A11UC 블랙 WIN10 16GB램,"_SSD 512GB_2,690,000|_SSD 1TB_2,890,000"
15736538,MSI GF시리즈 Sword GF66 A11UC 블랙 WIN10 32GB램,"_SSD 512GB_2,790,000|_SSD 2TB_2,990,000"
16231364,MSI GF시리즈 Sword GF66 A11UC 블랙 WIN10 64GB램,"_SSD 512GB_3,190,000|_SSD 1TB_3,490,000|SSD 2TB_3,990,000"
16210934,MSI GF시리즈 Sword GF66 A11UC 화이트,"SSD 2TB_2,640,000"
16210952,MSI GF시리즈 Sword GF66 A11UC 화이트 32GB램,"SSD 512GB_2,550,000"
16210961,MSI GF시리즈 Sword GF66 A11UC 화이트 64GB램,"SSD 512GB_3,190,000"
15451931,MSI GF시리즈 Sword GF66 A11UC 화이트 WIN10,"_SSD 512GB_2,490,000|_SSD 1TB_2,750,000|SSD 2TB_2,990,000"
15736646,MSI GF시리즈 Sword GF66 A11UC 화이트 WIN10 16GB램,"SSD 1TB_2,790,000"
15736676,MSI GF시리즈 Sword GF66 A11UC 화이트 WIN10 32GB램,"_SSD 512GB_2,690,000|_SSD 1TB_3,090,000"
16211057,MSI GF시리즈 Sword GF66 A11UC 화이트 WIN10 64GB램,"_SSD 512GB_3,190,000|_SSD 1TB_3,290,000|SSD 2TB_3,490,000"
20740448,MSI GF시리즈 Sword GF66 A11UD 블랙 24GB램,"SSD 512GB_2,990,000"
17926955,MSI GF시리즈 Sword GF66 A11UD 화이트 WIN11,"_SSD 512GB_1,899,000|_SSD 1TB_1,899,000|SSD 2TB_2,099,000"
17926973,MSI GF시리즈 Sword GF66 A11UD 화이트 WIN11 16GB램,"_SSD 512GB_1,690,000|SSD 1TB_1,770,000|_SSD 2TB_1,840,000"
17926988,MSI GF시리즈 Sword GF66 A11UD 화이트 WIN11 32GB램,"_SSD 512GB_2,280,000|_SSD 1TB_2,370,000|SSD 2TB_2,420,000"
17927033,MSI GF시리즈 Sword GF66 A11UD 화이트 WIN11 64GB램,"_SSD 512GB_2,920,000|_SSD 1TB_3,010,000|SSD 2TB_3,090,000"
17806991,MSI GF시리즈 Sword GF66 A11UE 블랙 WIN11,"_SSD 512GB_1,999,000|_SSD 1TB_2,199,000|SSD 2TB_2,199,000"
17808365,MSI GF시리즈 Sword GF66 A11UE 블랙 WIN11 16GB램,"_SSD 512GB_1,999,000|_SSD 1TB_2,099,000"
17808371,MSI GF시리즈 Sword GF66 A11UE 블랙 WIN11 32GB램,"_SSD 512GB_2,029,000|_SSD 1TB_2,099,000|SSD 2TB_3,499,000"
17808404,MSI GF시리즈 Sword GF66 A11UE 블랙 WIN11 64GB램,"_SSD 512GB_3,199,000|_SSD 1TB_3,299,000|SSD 2TB_3,399,000"
17808332,MSI GF시리즈 Sword GF66 A11UE 화이트 WIN11,"_SSD 512GB_1,939,000|_SSD 1TB_2,019,000|SSD 2TB_2,099,000"
17808341,MSI GF시리즈 Sword GF66 A11UE 화이트 WIN11 16GB램,"_SSD 512GB_1,919,000|_SSD 1TB_2,019,000"
17808347,MSI GF시리즈 Sword GF66 A11UE 화이트 WIN11 32GB램,"_SSD 512GB_2,049,000|_SSD 1TB_2,039,000|SSD 2TB_2,289,000"
17808356,MSI GF시리즈 Sword GF66 A11UE 화이트 WIN11 64GB램,"_SSD 512GB_3,229,000|_SSD 1TB_3,329,000|SSD 2TB_3,359,000"
18679058,MSI GF시리즈 Sword GF66 A12UC-i5 블랙,"SSD 2TB_1,299,000"
18681074,MSI GF시리즈 Sword GF66 A12UC-i5 블랙 16GB램,"SSD 2TB_1,399,000"
18681206,MSI GF시리즈 Sword GF66 A12UC-i5 블랙 32GB램,"SSD 2TB_1,499,000"
18613265,MSI GF시리즈 Sword GF66 A12UE 베이직 블랙 32GB램,"SSD 512GB_1,599,000"
19012031,MSI GF시리즈 Sword GF66 A12UE 베이직 블랙 WIN11,"_SSD 1TB_1,620,000|_SSD 2TB_1,770,000"
16257419,MSI GF시리즈 Sword GF66 A12UE 블랙,"_SSD 512GB_1,690,000|_SSD 1TB_1,990,000|SSD 2TB_2,190,000|SSD 500GB + SSD 512GB_2,099,000"
16398083,MSI GF시리즈 Sword GF66 A12UE 블랙 32GB램,"_SSD 512GB_1,990,000|_SSD 1TB_2,190,000|SSD 2TB_2,490,000"
16398122,MSI GF시리즈 Sword GF66 A12UE 블랙 64GB램,"SSD 512GB_3,180,000"
16398161,MSI GF시리즈 Sword GF66 A12UE 블랙 WIN10,"SSD 512GB_1,880,000"
16398173,MSI GF시리즈 Sword GF66 A12UE 블랙 WIN10 32GB램,"_SSD 512GB_1,970,000|_SSD 1TB_2,130,000"
16398185,MSI GF시리즈 Sword GF66 A12UE 블랙 WIN10 64GB램,"_SSD 512GB_3,160,000|_SSD 1TB_2,330,000"
16849439,MSI GF시리즈 Sword GF66 A12UE 블랙 WIN11,"_SSD 512GB_1,990,000|_SSD 1TB_2,090,000|SSD 2TB_2,290,000|SSD 500GB + SSD 512GB_2,490,000"
16910459,MSI GF시리즈 Sword GF66 A12UE 블랙 WIN11 32GB램,"_SSD 512GB_1,950,000|_SSD 1TB_1,910,000|SSD 2TB_2,040,000"
16910477,MSI GF시리즈 Sword GF66 A12UE 블랙 WIN11 64GB램,"_SSD 512GB_3,190,000|_SSD 1TB_2,320,000"
20146568,MSI GF시리즈 Sword GF66 A12UE 화이트,"SSD 500GB + SSD 512GB_2,490,000"
16397684,MSI GF시리즈 Sword GF66 A12UE 화이트 32GB램,"SSD 512GB_1,990,000"
16397762,MSI GF시리즈 Sword GF66 A12UE 화이트 64GB램,"SSD 512GB_3,180,000"
16397957,MSI GF시리즈 Sword GF66 A12UE 화이트 WIN10,"SSD 512GB_1,870,000"
16397984,MSI GF시리즈 Sword GF66 A12UE 화이트 WIN10 32GB램,"SSD 512GB_1,990,000"
16398005,MSI GF시리즈 Sword GF66 A12UE 화이트 WIN10 64GB램,"_SSD 512GB_3,190,000|_SSD 1TB_2,290,000"
20146541,MSI GF시리즈 Sword GF66 A12UE 화이트 WIN11,"SSD 500GB + SSD 512GB_2,590,000"
16910627,MSI GF시리즈 Sword GF66 A12UE 화이트 WIN11 64GB램,"_SSD 512GB_2,290,000|_SSD 1TB_2,590,000"
19425671,MSI GF시리즈 Sword GF66 B12VGK,"_SSD 1TB_3,290,000|_SSD 2TB_3,490,000|SSD 1TB + SSD 1TB_3,740,000"
19724915,MSI GF시리즈 Sword GF66 B12VGK 32GB램,"_SSD 1TB_3,360,000|_SSD 1TB + SSD 1TB_3,330,000"
19724840,MSI GF시리즈 Sword GF66 B12VGK 64GB램,"_SSD 1TB_3,510,000|_SSD 1TB + SSD 1TB_3,890,000"
19724714,MSI GF시리즈 Sword GF66 B12VGK WIN11,"_SSD 2TB_3,490,000|_SSD 1TB + SSD 1TB_3,770,000"
19743677,MSI GF시리즈 Sword GF66 B12VGK WIN11 64GB램,"SSD 1TB + SSD 1TB_3,890,000"
19073759,MSI GF시리즈 Sword GF66 B13VEK,"SSD 512GB_1,690,000|_SSD 1TB_1,920,000|_SSD 2TB_2,040,000|SSD 4TB_3,099,000"
19093538,MSI GF시리즈 Sword GF66 B13VEK 32GB램,"_SSD 512GB_1,990,000|_SSD 1TB_2,438,170|SSD 2TB_2,595,740|SSD 4TB_3,299,000"
19093550,MSI GF시리즈 Sword GF66 B13VEK 64GB램,"_SSD 512GB_2,590,000|_SSD 1TB_2,690,000|SSD 2TB_2,890,000|SSD 4TB_3,599,000"
19093736,MSI GF시리즈 Sword GF66 B13VEK WIN11,"_SSD 512GB_1,960,000|_SSD 1TB_1,990,000|SSD 2TB_2,090,000|SSD 4TB_3,199,000"
19093721,MSI GF시리즈 Sword GF66 B13VEK WIN11 32GB램,"_SSD 512GB_2,060,000|_SSD 1TB_2,090,000|SSD 2TB_2,617,370|SSD 4TB_3,399,000"
19093730,MSI GF시리즈 Sword GF66 B13VEK WIN11 64GB램,"_SSD 512GB_2,550,000|_SSD 1TB_3,047,570|SSD 2TB_2,890,000|SSD 4TB_3,699,000"
19073867,MSI GF시리즈 Sword GF66 B13VFK,"_SSD 512GB_1,999,000|_SSD 1TB_2,030,000|SSD 2TB_2,140,000"
19105802,MSI GF시리즈 Sword GF66 B13VFK 32GB램,"_SSD 512GB_2,090,000|_SSD 1TB_2,130,000|SSD 2TB_2,240,000|SSD 4TB_3,190,000"
19105829,MSI GF시리즈 Sword GF66 B13VFK 64GB램,"_SSD 512GB_2,927,800|_SSD 1TB_3,036,640|SSD 2TB_3,210,790|SSD 4TB_4,990,000"
19105982,MSI GF시리즈 Sword GF66 B13VFK WIN11,"_SSD 512GB_1,979,320|_SSD 1TB_2,087,470|SSD 2TB_2,210,000|SSD 4TB_3,490,000"
19105895,MSI GF시리즈 Sword GF66 B13VFK WIN11 32GB램,"_SSD 512GB_2,347,040|_SSD 1TB_2,470,760|SSD 2TB_2,644,910|SSD 4TB_4,989,000"
19105859,MSI GF시리즈 Sword GF66 B13VFK WIN11 64GB램,"_SSD 512GB_2,930,960|_SSD 1TB_3,039,110|SSD 2TB_3,232,560|SSD 4TB_5,990,000"
18539030,MSI GF시리즈 Sword GF76 A11SC 비전 블랙 WIN10 16GB램,"SSD 2TB_2,099,000"
18500537,MSI GF시리즈 Sword GF76 A11SC 비전 블랙 WIN11,"_SSD 256GB_1,899,000|_SSD 512GB_1,999,000|SSD 1TB_2,199,000|SSD 2TB_2,299,000"
18500687,MSI GF시리즈 Sword GF76 A11SC 비전 블랙 WIN11 16GB램,"_SSD 256GB_1,599,000|_SSD 512GB_2,199,000|SSD 1TB_2,299,000"
18500738,MSI GF시리즈 Sword GF76 A11SC 비전 블랙 WIN11 32GB램,"_SSD 256GB_1,699,000|_SSD 512GB_1,799,000|SSD 1TB_1,899,000|SSD 2TB_1,999,000"
18500804,MSI GF시리즈 Sword GF76 A11SC 비전 블랙 WIN11 64GB램,"_SSD 256GB_3,499,000|_SSD 1TB_3,099,000|SSD 2TB_3,199,000"
15070190,MSI GF시리즈 Sword GF76 A11UC 블랙,"SSD 512GB_1,290,000"
19185698,MSI GF시리즈 Sword GF76 A11UC 블랙 16GB램,"SSD 2TB_2,690,000"
17797772,MSI GF시리즈 Sword GF76 A11UC 블랙 32GB램,"SSD 1TB_1,790,000"
17797727,MSI GF시리즈 Sword GF76 A11UC 블랙 64GB램,"_SSD 512GB_3,590,000|_SSD 1TB_3,190,000|SSD 2TB_2,330,000"
17797640,MSI GF시리즈 Sword GF76 A11UC 블랙 WIN10,"_SSD 1TB_1,870,000|_SSD 2TB_2,080,000"
17797676,MSI GF시리즈 Sword GF76 A11UC 블랙 WIN10 64GB램,"_SSD 512GB_3,350,000|_SSD 1TB_3,150,000"
19185782,MSI GF시리즈 Sword GF76 A11UC 블랙 WIN11,"_SSD 512GB_2,690,000|_SSD 1TB_2,690,000|SSD 2TB_2,690,000"
19185905,MSI GF시리즈 Sword GF76 A11UC 블랙 WIN11 16GB램,"_SSD 512GB_2,690,000|_SSD 1TB_2,690,000|SSD 2TB_2,690,000"
19185992,MSI GF시리즈 Sword GF76 A11UC 블랙 WIN11 32GB램,"_SSD 512GB_2,690,000|_SSD 1TB_2,690,000|SSD 2TB_2,690,000"
19186073,MSI GF시리즈 Sword GF76 A11UC 블랙 WIN11 64GB램,"_SSD 512GB_3,490,000|_SSD 1TB_3,690,000|SSD 2TB_3,990,000"
17924087,MSI GF시리즈 Sword GF76 A11UE 베이직,"_SSD 512GB_2,270,000|_SSD 1TB_2,390,000|SSD 2TB_2,690,000|SSD 500GB + SSD 512GB_2,390,000"
18175760,MSI GF시리즈 Sword GF76 A11UE 베이직 16GB램,"_SSD 512GB_2,368,000|_SSD 1TB_2,448,000|SSD 2TB_2,440,000"
18175859,MSI GF시리즈 Sword GF76 A11UE 베이직 32GB램,"_SSD 512GB_2,590,000|_SSD 1TB_2,790,000|SSD 2TB_2,540,000"
18175985,MSI GF시리즈 Sword GF76 A11UE 베이직 64GB램,"_SSD 512GB_2,570,000|_SSD 1TB_2,599,000|SSD 2TB_2,690,000|SSD 4TB_2,890,000"
19719152,MSI GF시리즈 Sword GF76 A11UE 베이직 WIN10,"SSD 512GB_2,860,000"
18184334,MSI GF시리즈 Sword GF76 A11UE 베이직 WIN10 16GB램,"_SSD 512GB_2,590,000|_SSD 1TB_2,790,000"
18184346,MSI GF시리즈 Sword GF76 A11UE 베이직 WIN10 64GB램,"_SSD 512GB_2,640,000|_SSD 1TB_2,840,000"
18113846,MSI GF시리즈 Sword GF76 A11UE 베이직 WIN11,"_SSD 512GB_2,395,000|_SSD 1TB_2,690,000|SSD 2TB_2,620,000|SSD 500GB + SSD 512GB_2,690,000"
18113891,MSI GF시리즈 Sword GF76 A11UE 베이직 WIN11 16GB램,"_SSD 512GB_2,590,000|_SSD 1TB_2,790,000|SSD 2TB_2,480,000"
18113987,MSI GF시리즈 Sword GF76 A11UE 베이직 WIN11 32GB램,"_SSD 512GB_2,537,000|_SSD 1TB_2,599,000|SSD 2TB_2,560,000"
18114029,MSI GF시리즈 Sword GF76 A11UE 베이직 WIN11 64GB램,"_SSD 512GB_2,679,000|_SSD 1TB_2,790,000|SSD 2TB_2,970,000"
17865509,MSI GF시리즈 Sword GF76 A11UE 블랙 64GB램,"SSD 1TB_2,799,000"
14822306,MSI GF시리즈 Sword GF76 A11UE 화이트,"_SSD 1TB_2,790,000|SSD 2TB_2,590,000|_SSD 500GB + SSD 512GB_2,490,000"
14822357,MSI GF시리즈 Sword GF76 A11UE 화이트 24GB램,"SSD 512GB_2,490,000"
14822381,MSI GF시리즈 Sword GF76 A11UE 화이트 32GB램,"_SSD 512GB_2,690,000|_SSD 1TB_2,890,000"
14844086,MSI GF시리즈 Sword GF76 A11UE 화이트 64GB램,"_SSD 512GB_2,790,000|_SSD 2TB_2,990,000"
14830649,MSI GF시리즈 Sword GF76 A11UE 화이트 WIN10,"_SSD 512GB_2,890,000|_SSD 1TB_2,990,000|SSD 2TB_2,690,000|SSD 500GB + SSD 512GB_2,950,000"
14822474,MSI GF시리즈 Sword GF76 A11UE 화이트 WIN10 32GB램,"_SSD 512GB_2,990,000|_SSD 1TB_3,190,000|SSD 2TB_2,990,000|SSD 2TB + SSD 2TB_4,590,000"
14844104,MSI GF시리즈 Sword GF76 A11UE 화이트 WIN10 64GB램,"_SSD 512GB_3,490,000|_SSD 1TB_2,990,000|SSD 2TB_3,490,000|SSD 1TB + SSD 1TB_4,190,000"
17614760,MSI GF시리즈 Sword GF76 A11UE 화이트 WIN11,"_SSD 512GB_2,590,000|_SSD 1TB_2,690,000|SSD 2TB_2,790,000"
17614829,MSI GF시리즈 Sword GF76 A11UE 화이트 WIN11 32GB램,"_SSD 512GB_2,790,000|_SSD 1TB_2,890,000|SSD 2TB_2,990,000"
17614871,MSI GF시리즈 Sword GF76 A11UE 화이트 WIN11 64GB램,"_SSD 512GB_2,790,000|_SSD 1TB_2,890,000|SSD 2TB_2,990,000"
16463576,MSI GF시리즈 Sword GF76 A12UC 32GB램,"_SSD 512GB_2,180,000|_SSD 2TB_2,860,000"
17798189,MSI GF시리즈 Sword GF76 A12UC 64GB램,"_SSD 1TB_3,310,000|_SSD 2TB_3,550,000"
16463594,MSI GF시리즈 Sword GF76 A12UC WIN10,"SSD 512GB_2,140,000"
16463624,MSI GF시리즈 Sword GF76 A12UC WIN10 16GB램,"_SSD 512GB_2,210,000|_SSD 1TB_2,370,000"
16463645,MSI GF시리즈 Sword GF76 A12UC WIN10 32GB램,"SSD 512GB_2,300,000"
16463651,MSI GF시리즈 Sword GF76 A12UC WIN10 64GB램,"SSD 512GB_2,490,000"
16463684,MSI GF시리즈 Sword GF76 A12UC WIN11,"_SSD 512GB_2,220,000|_SSD 1TB_2,540,000|SSD 2TB_2,780,000"
16463693,MSI GF시리즈 Sword GF76 A12UC WIN11 16GB램,"_SSD 512GB_2,690,000|_SSD 2TB_2,260,000"
16463735,MSI GF시리즈 Sword GF76 A12UC WIN11 32GB램,"_SSD 512GB_2,420,000|_SSD 2TB_3,040,000"
16463777,MSI GF시리즈 Sword GF76 A12UC WIN11 64GB램,"_SSD 512GB_2,980,000|_SSD 1TB_3,490,000|SSD 2TB_3,730,000"
18827123,MSI GF시리즈 Sword GF76 A12UC 포스,"_SSD 512GB_2,090,000|_SSD 1TB_1,990,000|SSD 2TB_2,090,000"
18875420,MSI GF시리즈 Sword GF76 A12UC 포스 16GB램,"_SSD 512GB_1,960,000|_SSD 1TB_2,150,000|SSD 2TB_2,230,000"
18875489,MSI GF시리즈 Sword GF76 A12UC 포스 32GB램,"_SSD 512GB_2,040,000|_SSD 1TB_2,090,000|SSD 2TB_2,290,000"
18875552,MSI GF시리즈 Sword GF76 A12UC 포스 64GB램,"_SSD 512GB_4,490,000|_SSD 1TB_4,690,000|SSD 2TB_4,990,000"
18876053,MSI GF시리즈 Sword GF76 A12UC 포스 WIN11,"_SSD 512GB_1,930,000|_SSD 1TB_2,030,000|SSD 2TB_2,140,000"
18876140,MSI GF시리즈 Sword GF76 A12UC 포스 WIN11 16GB램,"_SSD 512GB_1,970,000|_SSD 1TB_2,040,000|SSD 2TB_2,270,000"
18876200,MSI GF시리즈 Sword GF76 A12UC 포스 WIN11 32GB램,"_SSD 512GB_1,990,000|_SSD 1TB_2,140,000|SSD 2TB_2,310,000"
18876245,MSI GF시리즈 Sword GF76 A12UC 포스 WIN11 64GB램,"_SSD 512GB_3,490,000|_SSD 1TB_3,990,000|SSD 2TB_4,990,000"
16257689,MSI GF시리즈 Sword GF76 A12UD,"_SSD 512GB_1,690,000|_SSD 1TB_1,630,000|SSD 2TB_1,990,000"
16306973,MSI GF시리즈 Sword GF76 A12UD 16GB램,"_SSD 512GB_1,790,000|_SSD 1TB_1,990,000|SSD 2TB_1,970,000"
16834676,MSI GF시리즈 Sword GF76 A12UD 24GB램,"SSD 512GB_1,620,000"
16306988,MSI GF시리즈 Sword GF76 A12UD 32GB램,"_SSD 512GB_1,690,000|_SSD 1TB_2,290,000"
16307003,MSI GF시리즈 Sword GF76 A12UD 64GB램,"_SSD 512GB_3,590,000|_SSD 1TB_2,790,000|SSD 2TB_2,990,000"
16307588,MSI GF시리즈 Sword GF76 A12UD WIN10,"_SSD 512GB_1,630,000|_SSD 1TB_1,730,000"
16307609,MSI GF시리즈 Sword GF76 A12UD WIN10 16GB램,"_SSD 512GB_1,990,000|_SSD 1TB_1,790,000"
16834679,MSI GF시리즈 Sword GF76 A12UD WIN10 24GB램,"SSD 512GB_1,790,000"
16307621,MSI GF시리즈 Sword GF76 A12UD WIN10 32GB램,"_SSD 512GB_2,290,000|_SSD 1TB_2,490,000"
16307630,MSI GF시리즈 Sword GF76 A12UD WIN10 64GB램,"_SSD 512GB_2,990,000|_SSD 2TB_2,990,000"
20487407,MSI GF시리즈 Sword GF76 A12UDX 화이트,"SSD 512GB_1,899,000"
18516113,MSI GF시리즈 Sword GF76 A12UE 베이직,"_SSD 512GB_2,049,000|_SSD 1TB_2,099,000|SSD 2TB_2,199,000"
18579611,MSI GF시리즈 Sword GF76 A12UE 베이직 16GB램,"_SSD 512GB_2,099,000|_SSD 1TB_2,139,000|SSD 2TB_2,159,000"
18579620,MSI GF시리즈 Sword GF76 A12UE 베이직 32GB램,"_SSD 512GB_2,619,000|_SSD 1TB_2,679,000|SSD 2TB_2,699,000"
18579653,MSI GF시리즈 Sword GF76 A12UE 베이직 64GB램,"_SSD 512GB_2,699,000|_SSD 1TB_2,639,000|SSD 2TB_2,799,000|SSD 2TB + SSD 2TB_2,999,000"
18579800,MSI GF시리즈 Sword GF76 A12UE 베이직 WIN11,"_SSD 512GB_1,819,000|_SSD 1TB_2,019,000|SSD 2TB_2,119,000"
18579761,MSI GF시리즈 Sword GF76 A12UE 베이직 WIN11 16GB램,"_SSD 512GB_1,959,000|_SSD 1TB_1,999,000|SSD 2TB_2,199,000"
18579716,MSI GF시리즈 Sword GF76 A12UE 베이직 WIN11 32GB램,"_SSD 512GB_2,079,000|_SSD 1TB_2,149,000|SSD 2TB_2,199,000"
18579665,MSI GF시리즈 Sword GF76 A12UE 베이직 WIN11 64GB램,"_SSD 512GB_3,149,000|_SSD 1TB_2,390,000|SSD 2TB_2,299,000"
19013444,MSI GF시리즈 Sword GF76 A12UE 포스,"_SSD 512GB_2,199,000|_SSD 1TB_1,849,000|SSD 2TB_1,899,000"
19241501,MSI GF시리즈 Sword GF76 A12UE 포스 16GB램,"_SSD 512GB_2,249,000|_SSD 1TB_2,299,000|SSD 2TB_2,399,000"
19241453,MSI GF시리즈 Sword GF76 A12UE 포스 32GB램,"_SSD 512GB_2,490,000|_SSD 1TB_2,690,000|SSD 2TB_2,990,000"
19241438,MSI GF시리즈 Sword GF76 A12UE 포스 64GB램,"_SSD 512GB_3,490,000|_SSD 1TB_3,690,000|SSD 2TB_3,990,000"
19241312,MSI GF시리즈 Sword GF76 A12UE 포스 WIN11,"_SSD 512GB_2,699,000|_SSD 1TB_2,759,000|SSD 2TB_2,289,000"
19241342,MSI GF시리즈 Sword GF76 A12UE 포스 WIN11 16GB램,"_SSD 512GB_2,799,000|_SSD 1TB_2,899,000|SSD 2TB_2,399,000"
19241366,MSI GF시리즈 Sword GF76 A12UE 포스 WIN11 32GB램,"_SSD 512GB_3,399,000|_SSD 1TB_3,499,000|SSD 2TB_2,999,000"
19241390,MSI GF시리즈 Sword GF76 A12UE 포스 WIN11 64GB램,"_SSD 512GB_3,490,000|_SSD 1TB_3,699,000|SSD 2TB_3,990,000"
28856840,MSI GF시리즈 Sword GF76 B12UDXK,"SSD 512GB_1,526,170|_SSD 1TB_1,354,920|_SSD 2TB_1,502,280"
28857419,MSI GF시리즈 Sword GF76 B12UDXK 16GB램,"_SSD 512GB_1,385,470|_SSD 1TB_1,566,350|SSD 2TB_1,699,280"
28857470,MSI GF시리즈 Sword GF76 B12UDXK 32GB램,"_SSD 512GB_1,756,590|_SSD 1TB_1,880,000|SSD 2TB_1,910,000"
28858034,MSI GF시리즈 Sword GF76 B12UDXK 64GB램,"_SSD 512GB_2,341,750|_SSD 1TB_2,440,460|SSD 2TB_2,554,660"
28857161,MSI GF시리즈 Sword GF76 B12UDXK WIN11,"_SSD 512GB_1,224,600|_SSD 1TB_1,384,440|SSD 2TB_1,457,320"
28858073,MSI GF시리즈 Sword GF76 B12UDXK WIN11 16GB램,"_SSD 512GB_1,379,530|_SSD 1TB_1,478,690|SSD 2TB_1,578,490|SSD 4TB_3,099,000"
28858127,MSI GF시리즈 Sword GF76 B12UDXK WIN11 32GB램,"_SSD 512GB_1,757,430|_SSD 1TB_1,853,650|SSD 2TB_1,980,000|SSD 4TB_3,399,000"
28858223,MSI GF시리즈 Sword GF76 B12UDXK WIN11 64GB램,"_SSD 512GB_2,251,990|_SSD 1TB_2,476,000|SSD 2TB_2,756,750"
19074182,MSI GF시리즈 Sword GF76 B12VEK,"_SSD 512GB_1,890,000|_SSD 1TB_1,838,000|SSD 2TB_1,970,000|SSD 4TB_1,803,000"
19238450,MSI GF시리즈 Sword GF76 B12VEK 16GB램,"_SSD 512GB_1,808,000|_SSD 1TB_1,870,000|SSD 2TB_1,908,000|SSD 4TB_2,150,000"
19238474,MSI GF시리즈 Sword GF76 B12VEK 32GB램,"_SSD 512GB_1,854,000|_SSD 1TB_1,914,000|SSD 2TB_1,962,000|SSD 4TB_2,290,000"
19238498,MSI GF시리즈 Sword GF76 B12VEK 64GB램,"_SSD 512GB_3,490,000|_SSD 1TB_3,690,000|SSD 2TB_3,990,000|SSD 4TB_2,066,000"
19238579,MSI GF시리즈 Sword GF76 B12VEK WIN11,"SSD 512GB_3,290,000|_SSD 1TB_1,919,820|_SSD 2TB_1,498,420|SSD 4TB_1,898,000"
19238555,MSI GF시리즈 Sword GF76 B12VEK WIN11 16GB램,"_SSD 512GB_1,400,420|_SSD 1TB_1,449,420|SSD 2TB_1,518,020|SSD 4TB_2,250,000"
19238534,MSI GF시리즈 Sword GF76 B12VEK WIN11 32GB램,"_SSD 512GB_3,280,000|_SSD 1TB_1,586,620|SSD 2TB_1,655,220|SSD 4TB_2,390,000"
19238510,MSI GF시리즈 Sword GF76 B12VEK WIN11 64GB램,"_SSD 512GB_1,645,420|_SSD 1TB_4,790,000|SSD 2TB_3,990,000|SSD 4TB_2,126,000"
73892066,MSI GF시리즈 Sword GF76 B13UDXK,"SSD 512GB_1,248,560|_SSD 1TB_1,320,590|_SSD 2TB_1,500,030|SSD 4TB_2,371,580"
74053502,MSI GF시리즈 Sword GF76 B13UDXK 16GB램,"_SSD 512GB_1,394,900|_SSD 1TB_1,486,430|SSD 2TB_1,680,290|SSD 4TB_2,538,900"
74053607,MSI GF시리즈 Sword GF76 B13UDXK 32GB램,"SSD 512GB_1,704,000|_SSD 1TB_1,827,000|_SSD 2TB_1,941,420|SSD 4TB_2,851,920"
74054090,MSI GF시리즈 Sword GF76 B13UDXK 64GB램,"_SSD 512GB_2,401,100|_SSD 1TB_2,455,410|SSD 2TB_2,643,240|SSD 4TB_3,588,480"
74053445,MSI GF시리즈 Sword GF76 B13UDXK WIN11,"_SSD 512GB_1,246,400|_SSD 1TB_1,364,090|SSD 2TB_1,474,110|SSD 4TB_2,392,260"
74053556,MSI GF시리즈 Sword GF76 B13UDXK WIN11 16GB램,"_SSD 512GB_1,376,210|_SSD 1TB_1,518,590|SSD 2TB_1,678,990|SSD 4TB_2,559,580"
74053658,MSI GF시리즈 Sword GF76 B13UDXK WIN11 32GB램,"_SSD 512GB_1,720,550|_SSD 1TB_1,830,000|SSD 2TB_1,954,150|SSD 4TB_2,872,600"
74054141,MSI GF시리즈 Sword GF76 B13UDXK WIN11 64GB램,"SSD 512GB_2,490,000|_SSD 1TB_2,487,240|_SSD 2TB_2,674,960|SSD 4TB_3,500,000"
19108895,MSI GF시리즈 Sword GF76 B13VEK,"_SSD 1TB_2,047,150|SSD 512GB_1,999,000|_SSD 2TB_2,198,790"
19109072,MSI GF시리즈 Sword GF76 B13VEK 32GB램,"_SSD 512GB_2,265,070|_SSD 1TB_2,329,590|SSD 2TB_2,538,780"
19109327,MSI GF시리즈 Sword GF76 B13VEK 64GB램,"_SSD 512GB_2,867,950|_SSD 1TB_2,998,780|SSD 2TB_3,171,830"
19109468,MSI GF시리즈 Sword GF76 B13VEK WIN11,"_SSD 512GB_1,913,210|_SSD 1TB_2,007,890|SSD 2TB_2,209,800|SSD 4TB_2,299,000"
19109384,MSI GF시리즈 Sword GF76 B13VEK WIN11 32GB램,"_SSD 512GB_2,246,790|_SSD 1TB_2,329,600|SSD 2TB_2,568,790|SSD 4TB_2,799,000"
19109351,MSI GF시리즈 Sword GF76 B13VEK WIN11 64GB램,"_SSD 512GB_2,912,260|_SSD 1TB_3,020,420|SSD 2TB_3,193,460|SSD 4TB_2,699,000"
19074476,MSI GF시리즈 Sword GF76 B13VFK,"SSD 512GB_2,590,000|_SSD 1TB_1,989,360|_SSD 2TB_2,170,770|SSD 4TB_3,390,000"
19109762,MSI GF시리즈 Sword GF76 B13VFK 32GB램,"SSD 512GB_2,319,690|_SSD 1TB_2,418,560|_SSD 2TB_2,538,360|SSD 4TB_3,304,320"
19109783,MSI GF시리즈 Sword GF76 B13VFK 64GB램,"_SSD 512GB_2,890,260|SSD 1TB_2,924,780|_SSD 2TB_3,068,790|SSD 4TB_3,769,920"
19109885,MSI GF시리즈 Sword GF76 B13VFK WIN11,"_SSD 512GB_1,896,960|_SSD 1TB_1,899,000|SSD 2TB_2,165,200|SSD 4TB_3,490,000"
19109849,MSI GF시리즈 Sword GF76 B13VFK WIN11 32GB램,"_SSD 512GB_2,266,910|_SSD 1TB_2,336,190|SSD 2TB_2,477,270|SSD 4TB_3,325,440"
19109813,MSI GF시리즈 Sword GF76 B13VFK WIN11 64GB램,"SSD 512GB_2,930,440|_SSD 1TB_3,020,050|_SSD 2TB_3,034,490|SSD 4TB_3,948,990"
20523881,MSI GF시리즈 Sword GF76 B13VGK-i9 QHD,"SSD 512GB_5,490,000|_SSD 1TB_2,330,000|_SSD 2TB_2,504,150|SSD 500GB + SSD 512GB_2,505,000"
20623790,MSI GF시리즈 Sword GF76 B13VGK-i9 QHD 32GB램,"_SSD 512GB_2,591,220|_SSD 1TB_2,689,230|SSD 2TB_2,755,000"
20623889,MSI GF시리즈 Sword GF76 B13VGK-i9 QHD 64GB램,"SSD 512GB_2,530,000|_SSD 1TB_2,890,000|_SSD 2TB_3,390,000"
20623640,MSI GF시리즈 Sword GF76 B13VGK-i9 QHD WIN11,"_SSD 512GB_2,253,860|_SSD 1TB_2,351,770|"
20623697,MSI GF시리즈 Sword GF76 B13VGK-i9 QHD WIN11 32GB램,"_SSD 512GB_2,612,990|_SSD 1TB_2,460,000||"
20623712,MSI GF시리즈 Sword GF76 B13VGK-i9 QHD WIN11 64GB램,"SSD 512GB_3,190,000|_SSD 1TB_3,290,000|_SSD 2TB_2,990,000|"
24702857,MSI GF시리즈 Thin GF63 12UCX-i5,"SSD 512GB_1,290,000"
25210448,MSI GF시리즈 Thin GF63 12UCX-i5 WIN11,"_SSD 512GB_2,794,660|_SSD 1TB_2,199,000|SSD 4TB_1,899,000"
25637852,MSI GF시리즈 Thin GF63 12UCX-i5 WIN11 16GB램,"_SSD 512GB_2,996,280|_SSD 1TB_2,996,000|SSD 4TB_1,999,000"
25637918,MSI GF시리즈 Thin GF63 12UCX-i5 WIN11 32GB램,"_SSD 1TB_2,998,000|_SSD 4TB_2,059,000"
25637972,MSI GF시리즈 Thin GF63 12UCX-i5 WIN11 64GB램,"_SSD 512GB_3,200,000|_SSD 1TB_3,317,050|SSD 4TB_2,299,000"
19097864,MSI GF시리즈 Thin GF63 12VE-i5,"_SSD 512GB_1,289,000|_SSD 1TB_1,890,000|SSD 2TB_1,789,000"
19119569,MSI GF시리즈 Thin GF63 12VE-i5 16GB램,"_SSD 512GB_1,890,000|_SSD 1TB_1,677,000|SSD 2TB_1,729,000"
19119623,MSI GF시리즈 Thin GF63 12VE-i5 32GB램,"_SSD 512GB_1,697,000|_SSD 1TB_1,836,000|SSD 2TB_1,800,000"
19119710,MSI GF시리즈 Thin GF63 12VE-i5 64GB램,"_SSD 512GB_3,490,000|_SSD 1TB_3,690,000|SSD 2TB_3,990,000"
19120199,MSI GF시리즈 Thin GF63 12VE-i5 WIN11,"_SSD 512GB_1,649,000|_SSD 1TB_1,699,000|SSD 2TB_1,719,000|SSD 4TB_2,599,000"
19120289,MSI GF시리즈 Thin GF63 12VE-i5 WIN11 16GB램,"_SSD 512GB_1,890,000|_SSD 1TB_1,639,000|SSD 2TB_1,718,000|SSD 4TB_2,899,000"
19120688,MSI GF시리즈 Thin GF63 12VE-i5 WIN11 32GB램,"_SSD 512GB_2,990,000|_SSD 1TB_1,918,000|SSD 2TB_2,350,000|SSD 4TB_3,499,000"
19120787,MSI GF시리즈 Thin GF63 12VE-i5 WIN11 64GB램,"_SSD 512GB_3,490,000|_SSD 1TB_3,690,000|SSD 2TB_3,990,000|SSD 4TB_3,799,000|1TB + SSD 1TB_3,990,000"
19169879,MSI GF시리즈 Thin GF63 12VE-i7,"SSD 512GB_2,150,000|_SSD 1TB_2,190,000|_SSD 2TB_1,930,000|SSD 4TB_2,999,000"
19427681,MSI GF시리즈 Thin GF63 12VE-i7 16GB램,"_SSD 512GB_2,290,000|_SSD 1TB_2,123,520|SSD 2TB_2,190,720|SSD 4TB_2,999,000"
19427750,MSI GF시리즈 Thin GF63 12VE-i7 32GB램,"_SSD 512GB_2,304,000|SSD 1TB_2,322,240|_SSD 2TB_2,400,000|SSD 4TB_3,099,000"
19639988,MSI GF시리즈 Thin GF63 12VE-i7 64GB램,"_SSD 512GB_2,359,160|SSD 1TB_2,421,110|_SSD 2TB_2,557,440|SSD 4TB_3,299,000"
19427843,MSI GF시리즈 Thin GF63 12VE-i7 WIN11,"SSD 512GB_2,302,930|_SSD 1TB_1,790,000|_SSD 2TB_2,301,960|SSD 4TB_2,899,000"
19427705,MSI GF시리즈 Thin GF63 12VE-i7 WIN11 16GB램,"SSD 512GB_2,300,590|_SSD 1TB_1,719,000|_SSD 2TB_2,783,910|SSD 4TB_2,999,000"
19427747,MSI GF시리즈 Thin GF63 12VE-i7 WIN11 32GB램,"SSD 512GB_2,517,110|_SSD 1TB_2,049,000|_SSD 2TB_2,736,000|SSD 4TB_3,099,000"
19427783,MSI GF시리즈 Thin GF63 12VE-i7 WIN11 64GB램,"_SSD 512GB_2,673,120|_SSD 1TB_2,784,000|SSD 2TB_2,865,600|SSD 4TB_3,299,000"
20160395,MSI GF시리즈 Thin GF63 12VF,"_SSD 512GB_2,149,000|_SSD 1TB_2,199,000|SSD 2TB_2,099,000|1TB + SSD 512GB_1,949,000"
20258804,MSI GF시리즈 Thin GF63 12VF 16GB램,"_SSD 512GB_2,199,000|_SSD 1TB_2,999,000|SSD 2TB_2,399,000"
20258876,MSI GF시리즈 Thin GF63 12VF 32GB램,"_SSD 512GB_2,399,000|_SSD 1TB_2,499,000|SSD 2TB_2,499,000"
20258915,MSI GF시리즈 Thin GF63 12VF 64GB램,"_SSD 512GB_2,599,000|_SSD 1TB_2,699,000|SSD 2TB_2,799,000"
20199893,MSI GF시리즈 Thin GF63 12VF WIN11,"_SSD 512GB_1,840,000|_SSD 1TB_2,040,000|SSD 2TB_2,040,000"
20199962,MSI GF시리즈 Thin GF63 12VF WIN11 16GB램,"_SSD 512GB_1,899,000|_SSD 1TB_1,920,000|SSD 2TB_2,090,000"
20200013,MSI GF시리즈 Thin GF63 12VF WIN11 32GB램,"_SSD 512GB_1,950,000|_SSD 1TB_2,250,000|SSD 2TB_2,499,000"
20200049,MSI GF시리즈 Thin GF63 12VF WIN11 64GB램,"_SSD 512GB_3,140,000|_SSD 1TB_2,240,000|SSD 2TB_2,290,000"
20486096,MSI GF시리즈 Thin GF63 12VF-i5,"_SSD 512GB_1,990,000|_SSD 1TB_1,999,000|SSD 2TB_2,240,000"
20486336,MSI GF시리즈 Thin GF63 12VF-i5 16GB램,"_SSD 512GB_1,985,000|_SSD 1TB_2,020,000|SSD 2TB_2,090,000"
20486369,MSI GF시리즈 Thin GF63 12VF-i5 32GB램,"_SSD 512GB_1,954,000|_SSD 1TB_2,270,000|SSD 2TB_2,370,000"
20486411,MSI GF시리즈 Thin GF63 12VF-i5 64GB램,"_SSD 512GB_3,150,000|_SSD 1TB_3,179,000|SSD 2TB_2,250,000"
20486807,MSI GF시리즈 Thin GF63 12VF-i5 WIN11,"_SSD 512GB_1,975,000|_SSD 1TB_2,030,000|SSD 2TB_2,120,000"
20486591,MSI GF시리즈 Thin GF63 12VF-i5 WIN11 16GB램,"_SSD 512GB_2,015,000|_SSD 1TB_2,055,000|SSD 2TB_2,120,000"
20486570,MSI GF시리즈 Thin GF63 12VF-i5 WIN11 32GB램,"_SSD 512GB_2,080,000|_SSD 1TB_2,099,000|SSD 2TB_2,390,000"
20486540,MSI GF시리즈 Thin GF63 12VF-i5 WIN11 64GB램,"_SSD 512GB_3,180,000|_SSD 1TB_3,199,000|SSD 2TB_2,240,000"
35810942,MSI GF시리즈 소드 GF66 A AI B8VF-R7,"_SSD 512GB_1,598,000|_SSD 1TB_1,669,000|SSD 2TB_1,949,000|SSD 4TB_2,600,000"
36789275,MSI GF시리즈 소드 GF66 A AI B8VF-R7 32GB램,"SSD 512GB_1,869,000|_SSD 1TB_2,009,000|_SSD 2TB_2,289,000|SSD 4TB_3,159,000"
36789314,MSI GF시리즈 소드 GF66 A AI B8VF-R7 64GB램,"_SSD 512GB_2,939,470|_SSD 1TB_2,856,610|SSD 2TB_3,020,830|SSD 4TB_3,977,600"
36789356,MSI GF시리즈 소드 GF66 A AI B8VF-R7 WIN11,"_SSD 512GB_1,670,000|_SSD 1TB_1,679,000|SSD 2TB_1,959,000|SSD 4TB_2,700,000"
36789401,MSI GF시리즈 소드 GF66 A AI B8VF-R7 WIN11 32GB램,"_SSD 512GB_1,879,000|_SSD 1TB_2,009,000|SSD 2TB_2,289,000|SSD 4TB_3,165,000"
36789422,MSI GF시리즈 소드 GF66 A AI B8VF-R7 WIN11 64GB램,"_SSD 512GB_2,961,110|_SSD 1TB_3,019,990|SSD 2TB_3,040,170|SSD 4TB_4,083,990"
49995944,MSI GF시리즈 소드 GF76 A AI B8VF-R7,"_SSD 512GB_2,106,382|_SSD 1TB_1,760,990|SSD 2TB_2,113,450|SSD 4TB_2,800,000"
50126834,MSI GF시리즈 소드 GF76 A AI B8VF-R7 32GB램,"_SSD 512GB_2,176,650|SSD 1TB_2,336,970|_SSD 2TB_2,398,410|SSD 4TB_3,302,420"
50126909,MSI GF시리즈 소드 GF76 A AI B8VF-R7 64GB램,"SSD 512GB_2,745,640|_SSD 1TB_2,955,770|_SSD 2TB_3,155,700|SSD 4TB_3,987,000"
50127464,MSI GF시리즈 소드 GF76 A AI B8VF-R7 WIN11,"_SSD 512GB_1,873,190|_SSD 1TB_1,907,450|SSD 2TB_2,057,530|SSD 4TB_3,000,000"
50127506,MSI GF시리즈 소드 GF76 A AI B8VF-R7 WIN11 32GB램,"_SSD 512GB_2,163,550|_SSD 1TB_2,262,330|SSD 2TB_2,453,020|SSD 4TB_3,290,000"
50127527,MSI GF시리즈 소드 GF76 A AI B8VF-R7 WIN11 64GB램,"_SSD 512GB_2,787,710|_SSD 1TB_2,774,910|SSD 2TB_2,859,520|SSD 4TB_3,699,000"
61540052,MSI GF시리즈 소드 GF76 A AI B8VF-R9,"SSD 512GB_2,690,000|_SSD 1TB_2,359,000|_SSD 2TB_2,479,000|SSD 4TB_2,764,000"
61842959,MSI GF시리즈 소드 GF76 A AI B8VF-R9 32GB램,"_SSD 512GB_2,489,000|_SSD 1TB_2,557,000|SSD 2TB_2,637,000|SSD 4TB_2,858,000"
61842971,MSI GF시리즈 소드 GF76 A AI B8VF-R9 64GB램,"SSD 512GB_3,490,000|_SSD 1TB_3,790,000|_SSD 2TB_3,990,000|SSD 4TB_2,981,000"
61842893,MSI GF시리즈 소드 GF76 A AI B8VF-R9 WIN11,"_SSD 512GB_2,444,000|_SSD 1TB_2,515,000|SSD 2TB_2,603,000|SSD 4TB_2,783,000"
61843052,MSI GF시리즈 소드 GF76 A AI B8VF-R9 WIN11 32GB램,"_SSD 512GB_2,555,000|_SSD 1TB_2,597,000|SSD 2TB_2,657,000|SSD 4TB_3,990,000"
61843061,MSI GF시리즈 소드 GF76 A AI B8VF-R9 WIN11 64GB램,"SSD 512GB_3,490,000|_SSD 1TB_2,671,000|_SSD 2TB_2,794,000|SSD 4TB_4,990,000"
88208537,MSI GF시리즈 소드 GF76 A AI B8VG-R9 QHD,"_SSD 1TB_2,387,000|_SSD 2TB_2,469,090|SSD 4TB_3,050,000"
90154934,MSI GF시리즈 소드 GF76 A AI B8VG-R9 QHD 64GB램,"_SSD 1TB_2,813,200|_SSD 2TB_2,986,100|SSD 4TB_3,550,000"
90111011,MSI GF시리즈 소드 GF76 A AI B8VG-R9 QHD WIN11,"_SSD 1TB_2,335,040|_SSD 2TB_2,488,740|SSD 4TB_3,150,000"
90111035,MSI GF시리즈 소드 GF76 A AI B8VG-R9 QHD WIN11 64GB램,"_SSD 1TB_2,857,470|_SSD 2TB_3,007,930|SSD 4TB_3,573,000"
14767937,MSI GL시리즈 펄스 GL66 11UDK,"_SSD 512GB_1,690,000|_SSD 1TB_1,890,000|1TB + SSD 512GB_1,890,000"
14820476,MSI GL시리즈 펄스 GL66 11UDK 16GB램,"SSD 512GB_1,890,000"
14820551,MSI GL시리즈 펄스 GL66 11UDK 32GB램,"SSD 512GB_1,890,000"
14820461,MSI GL시리즈 펄스 GL66 11UDK WIN10,"SSD 512GB_1,790,000"
14820494,MSI GL시리즈 펄스 GL66 11UDK WIN10 16GB램,"SSD 512GB_1,790,000"
14820560,MSI GL시리즈 펄스 GL66 11UDK WIN10 32GB램,"_SSD 512GB_1,890,000|_SSD 1TB_2,090,000"
16146563,MSI GL시리즈 펄스 GL66 11UEK 16GB램,"SSD 1TB_1,740,000"
16146623,MSI GL시리즈 펄스 GL66 11UEK WIN10,"SSD 1TB_1,770,000"
16146659,MSI GL시리즈 펄스 GL66 11UEK WIN10 16GB램,"SSD 1TB_1,830,000"
14768075,MSI GL시리즈 펄스 GL76 11UDK,"_SSD 512GB_1,990,000|_SSD 1TB_1,890,000|SSD 2TB_2,090,000|1TB + SSD 512GB_1,890,000"
14855183,MSI GL시리즈 펄스 GL76 11UDK 16GB램,"_SSD 512GB_1,790,000|_SSD 1TB_1,620,000"
14855249,MSI GL시리즈 펄스 GL76 11UDK 32GB램,"SSD 512GB_1,890,000"
15766382,MSI GL시리즈 펄스 GL76 11UDK 64GB램,"SSD 512GB_3,320,000"
14855108,MSI GL시리즈 펄스 GL76 11UDK WIN10,"_SSD 512GB_1,890,000|_SSD 1TB_1,990,000|SSD 2TB_1,820,000"
14855201,MSI GL시리즈 펄스 GL76 11UDK WIN10 16GB램,"_SSD 512GB_1,890,000|_SSD 1TB_1,750,000|SSD 2TB_1,890,000"
14855270,MSI GL시리즈 펄스 GL76 11UDK WIN10 32GB램,"_SSD 512GB_1,990,000|_SSD 1TB_2,090,000|SSD 2TB_1,970,000"
15766787,MSI GL시리즈 펄스 GL76 11UDK WIN10 64GB램,"SSD 2TB_2,390,000"
15011150,MSI GL시리즈 펄스 GL76 11UEK,"SSD 1TB_1,990,000"
15011084,MSI GL시리즈 펄스 GL76 11UEK WIN10,"SSD 512GB_1,990,000"
15011129,MSI GL시리즈 펄스 GL76 11UEK WIN10 16GB램,"SSD 512GB_2,090,000"
15011201,MSI GL시리즈 펄스 GL76 11UEK WIN10 32GB램,"SSD 1TB_2,290,000"
30130850,MSI GL시리즈 펄스 GL76 11UEK WIN11,"SSD 512GB_1,990,000"
30130847,MSI GL시리즈 펄스 GL76 11UEK WIN11 16GB램,"SSD 512GB_1,990,000"
17972339,MSI GL시리즈 펄스 GL76 12UEK-i9,"_SSD 1TB_2,499,000|_SSD 2TB_2,699,000|SSD 512GB + SSD 512GB_2,499,000"
17689751,MSI GL시리즈 펄스 GL76 12UEK-i9 32GB램,"_SSD 512GB_2,399,000|_SSD 1TB_2,699,000|SSD 2TB_3,990,000|SSD 512GB + SSD 512GB_3,790,000"
17689724,MSI GL시리즈 펄스 GL76 12UEK-i9 64GB램,"_SSD 512GB_2,599,000|_SSD 1TB_4,590,000|SSD 2TB_4,790,000"
17689772,MSI GL시리즈 펄스 GL76 12UEK-i9 WIN11,"_SSD 512GB_2,499,000|_SSD 1TB_2,599,000|SSD 2TB_2,799,000"
17689823,MSI GL시리즈 펄스 GL76 12UEK-i9 WIN11 32GB램,"_SSD 512GB_2,699,000|_SSD 1TB_2,699,000|SSD 2TB_2,799,000"
17689895,MSI GL시리즈 펄스 GL76 12UEK-i9 WIN11 64GB램,"_SSD 512GB_2,949,000|_SSD 1TB_3,099,000|SSD 2TB_2,999,000"
18841634,MSI GL시리즈 펄스 GL76 12UEOK,"_SSD 512GB_2,499,000|_SSD 1TB_2,599,000|SSD 2TB_2,599,000|SSD 500GB + SSD 512GB_1,608,000"
18925949,MSI GL시리즈 펄스 GL76 12UEOK 16GB램,"_SSD 512GB_2,499,000|_SSD 500GB + SSD 512GB_1,769,000"
19036502,MSI GL시리즈 펄스 GL76 12UEOK 64GB램,"_SSD 512GB_2,490,000|_SSD 2TB_2,480,000"
19046147,MSI GL시리즈 펄스 GL76 12UEOK WIN11,"SSD 500GB + SSD 512GB_1,719,000"
19045997,MSI GL시리즈 펄스 GL76 12UEOK WIN11 32GB램,"SSD 500GB + SSD 512GB_1,810,000"
19036736,MSI GL시리즈 펄스 GL76 12UEOK WIN11 64GB램,"_SSD 512GB_2,590,000|_SSD 4TB_2,360,000"
62637851,MSI GP시리즈 GP66 Leopard 11UG QHD 16GB램,"SSD 1TB_3,085,000"
17774861,MSI GP시리즈 GP76 Leopard 11UG 다이나믹,"_SSD 2TB_2,299,000|_SSD 512GB + SSD 512GB_2,199,000"
17774786,MSI GP시리즈 GP76 Leopard 11UG 다이나믹 32GB램,"_SSD 512GB_2,299,000|_SSD 1TB_2,399,000|SSD 2TB_2,499,000|SSD 512GB + SSD 512GB_2,399,000"
17775206,MSI GP시리즈 GP76 Leopard 11UG 다이나믹 64GB램,"_SSD 512GB_2,299,000|_SSD 1TB_2,399,000|SSD 2TB_2,499,000"
17775392,MSI GP시리즈 GP76 Leopard 11UG 다이나믹 WIN10,"_SSD 1TB_2,299,000|_SSD 2TB_2,399,000|SSD 512GB + SSD 512GB_2,299,000"
17775503,MSI GP시리즈 GP76 Leopard 11UG 다이나믹 WIN10 16GB램,"SSD 1TB_2,249,000"
17775515,MSI GP시리즈 GP76 Leopard 11UG 다이나믹 WIN10 32GB램,"SSD 2TB_2,399,000"
17775569,MSI GP시리즈 GP76 Leopard 11UG 다이나믹 WIN10 64GB램,"_SSD 1TB_2,499,000|_SSD 2TB + SSD 2TB_3,499,000"
17775581,MSI GP시리즈 GP76 Leopard 11UG 다이나믹 WIN11,"_SSD 512GB_2,599,000|_SSD 512GB + SSD 512GB_2,299,000"
17776490,MSI GP시리즈 GP76 Leopard 11UG 다이나믹 WIN11 32GB램,"SSD 512GB + SSD 512GB_2,399,000"
17698463,MSI GP시리즈 GP76 Leopard 11UH WIN11,"_SSD 1TB_2,699,000|_SSD 2TB_2,899,000"
17698517,MSI GP시리즈 GP76 Leopard 11UH WIN11 32GB램,"_SSD 1TB_2,899,000|_SSD 2TB_2,999,000"
17698538,MSI GP시리즈 GP76 Leopard 11UH WIN11 64GB램,"_SSD 1TB_2,999,000|_SSD 2TB_3,099,000"
18841397,MSI GP시리즈 Vector GP66 12UEO QHD OLED,"SSD 512GB_3,199,000"
19059464,MSI GP시리즈 Vector GP66 12UEO QHD OLED 32GB램,"SSD 512GB + SSD 512GB_3,149,000"
20011583,MSI GP시리즈 Vector GP66 12UEO QHD OLED WIN11,"SSD 512GB_3,109,000"
18922943,MSI GP시리즈 Vector GP66 12UEO QHD OLED WIN11 16GB램,"_SSD 512GB_2,999,000|_SSD 1TB_3,099,000"
18922868,MSI GP시리즈 Vector GP66 12UEO QHD OLED WIN11 32GB램,"_SSD 512GB_3,199,000|_SSD 1TB_3,299,000|SSD 2TB_3,299,000"
18923306,MSI GP시리즈 Vector GP66 12UEO QHD WIN11,"SSD 500GB + SSD 512GB_1,799,000"
19525214,MSI GP시리즈 Vector GP66 12UGSO QHD,"_SSD 1TB_2,549,000|_SSD 2TB_2,599,000"
19582850,MSI GP시리즈 Vector GP66 12UGSO QHD 32GB램,"_SSD 1TB_2,599,000|_SSD 2TB_2,799,000"
19582871,MSI GP시리즈 Vector GP66 12UGSO QHD 64GB램,"_SSD 1TB_2,749,000|_SSD 2TB_2,899,000"
19582979,MSI GP시리즈 Vector GP66 12UGSO QHD WIN11,"_SSD 1TB_2,499,000|_SSD 2TB_2,699,000"
19582904,MSI GP시리즈 Vector GP66 12UGSO QHD WIN11 32GB램,"_SSD 1TB_2,599,000|_SSD 2TB_2,799,000"
19582889,MSI GP시리즈 Vector GP66 12UGSO QHD WIN11 64GB램,"_SSD 1TB_2,899,000|_SSD 2TB_2,999,000"
20317952,MSI GP시리즈 Vector GP66 12UH-i7 32GB램,"SSD 1TB + SSD 1TB_3,799,000"
20317901,MSI GP시리즈 Vector GP66 12UH-i7 64GB램,"SSD 1TB + SSD 1TB_2,999,000"
20166860,MSI GP시리즈 Vector GP68 HX 12VH-i9 QHD,"_SSD 1TB_5,999,000|_SSD 2TB_4,089,000"
20247086,MSI GP시리즈 Vector GP68 HX 12VH-i9 QHD 32GB램,"_SSD 1TB_4,089,000|_SSD 2TB_4,249,000"
20247410,MSI GP시리즈 Vector GP68 HX 12VH-i9 QHD 64GB램,"_SSD 1TB_4,189,000|_SSD 2TB_4,289,000"
20247590,MSI GP시리즈 Vector GP68 HX 12VH-i9 QHD WIN11,"_SSD 1TB_6,299,000|_SSD 2TB_4,249,000"
20247188,MSI GP시리즈 Vector GP68 HX 12VH-i9 QHD WIN11 32GB램,"_SSD 1TB_4,169,000|_SSD 2TB_4,229,000"
20247401,MSI GP시리즈 Vector GP68 HX 12VH-i9 QHD WIN11 64GB램,"_SSD 1TB_6,990,000|_SSD 2TB_7,290,000"
27612995,MSI GP시리즈 Vector GP68 HX 13VH-i9 QHD,"SSD 1TB_4,690,000"
27627311,MSI GP시리즈 Vector GP68 HX 13VH-i9 QHD 32GB램,"_SSD 1TB_4,390,000|_SSD 2TB_4,650,000"
27627512,MSI GP시리즈 Vector GP68 HX 13VH-i9 QHD 64GB램,"_SSD 1TB_4,490,000|_SSD 2TB_4,390,000"
27627632,MSI GP시리즈 Vector GP68 HX 13VH-i9 QHD WIN11,"_SSD 1TB_4,190,000|_SSD 2TB_4,590,000"
27627383,MSI GP시리즈 Vector GP68 HX 13VH-i9 QHD WIN11 32GB램,"_SSD 1TB_4,390,000|_SSD 2TB_4,590,000|"
27627497,MSI GP시리즈 Vector GP68 HX 13VH-i9 QHD WIN11 64GB램,"_SSD 1TB_4,490,000|_SSD 2TB_4,590,000|"
16310075,MSI GP시리즈 Vector GP76 12UGS,"_SSD 2TB_2,890,000|_SSD 1TB + SSD 1TB_2,890,000"
16309478,MSI GP시리즈 Vector GP76 12UGS 32GB램,"_SSD 1TB_2,890,000|_SSD 2TB_2,990,000|SSD 1TB + SSD 1TB_3,290,000"
16310138,MSI GP시리즈 Vector GP76 12UGS 64GB램,"_SSD 1TB_3,070,000|_SSD 2TB_3,240,000|SSD 1TB + SSD 1TB_3,790,000"
19201988,MSI GP시리즈 Vector GP76 12UGS QHD 32GB램,"SSD 1TB + SSD 1TB_4,399,000"
17814503,MSI GP시리즈 Vector GP76 12UGS QHD WIN10,"SSD 2TB_2,699,000"
29822072,MSI GP시리즈 Vector GP76 12UGS QHD WIN11 32GB램,"SSD 1TB + SSD 1TB_4,090,000"
16309394,MSI GP시리즈 Vector GP76 12UGS WIN10,"SSD 1TB_2,990,000"
16309613,MSI GP시리즈 Vector GP76 12UGS WIN10 32GB램,"_SSD 1TB_3,090,000|_SSD 2TB_3,190,000"
16310186,MSI GP시리즈 Vector GP76 12UGS WIN10 64GB램,"_SSD 1TB_3,190,000|_SSD 2TB_3,290,000"
17524181,MSI GP시리즈 Vector GP76 12UGS WIN11,"_SSD 1TB_4,790,000|_SSD 2TB_4,290,000|SSD 1TB + SSD 1TB_4,290,000"
17524148,MSI GP시리즈 Vector GP76 12UGS WIN11 32GB램,"_SSD 1TB_3,490,000|_SSD 2TB_3,190,000|SSD 1TB + SSD 1TB_4,190,000"
17524046,MSI GP시리즈 Vector GP76 12UGS WIN11 64GB램,"_SSD 1TB_3,790,000|_SSD 2TB_3,290,000|SSD 1TB + SSD 1TB_4,490,000"
17430827,MSI GP시리즈 Vector GP76 12UH-i7,"_SSD 2TB_2,890,000|_SSD 1TB + SSD 1TB_2,990,000"
17430842,MSI GP시리즈 Vector GP76 12UH-i7 32GB램,"_SSD 1TB_2,950,000|_SSD 2TB_3,130,000"
17430854,MSI GP시리즈 Vector GP76 12UH-i7 64GB램,"_SSD 1TB_3,090,000|_SSD 2TB_3,260,000"
17430995,MSI GP시리즈 Vector GP76 12UH-i7 WIN11,"_SSD 1TB_2,799,000|_SSD 2TB_3,120,000"
17431010,MSI GP시리즈 Vector GP76 12UH-i7 WIN11 32GB램,"_SSD 1TB_2,999,000|_SSD 2TB_3,060,000"
17431034,MSI GP시리즈 Vector GP76 12UH-i7 WIN11 64GB램,"_SSD 1TB_3,120,000|_SSD 2TB_3,290,000"
16491791,MSI GP시리즈 Vector GP76 12UH-i9 WIN10,"_SSD 1TB_4,290,000|_SSD 2TB_4,390,000"
16491941,MSI GP시리즈 Vector GP76 12UH-i9 WIN10 16GB램,"SSD 1TB_4,390,000"
16491830,MSI GP시리즈 Vector GP76 12UH-i9 WIN10 32GB램,"_SSD 1TB_4,690,000|_SSD 2TB_4,890,000"
16491842,MSI GP시리즈 Vector GP76 12UH-i9 WIN10 64GB램,"_SSD 1TB_4,690,000|_SSD 2TB_4,890,000|SSD 1TB + SSD 1TB_4,890,000"
17538554,MSI GP시리즈 Vector GP76 12UHSO QHD,"_SSD 1TB_8,750,000|_SSD 2TB_4,299,000"
17660081,MSI GP시리즈 Vector GP76 12UHSO QHD 64GB램,"_SSD 1TB_4,090,000|_SSD 2TB_4,299,000"
17660057,MSI GP시리즈 Vector GP76 12UHSO QHD WIN11,"_SSD 1TB_3,890,000|_SSD 2TB_4,090,000"
17660075,MSI GP시리즈 Vector GP76 12UHSO QHD WIN11 64GB램,"_SSD 1TB_4,230,000|_SSD 2TB_4,499,000"
18344405,MSI GP시리즈 Vector GP76 HX 12UHS QHD,"SSD 1TB_3,990,000"
26038859,MSI GP시리즈 Vector GP76 HX 12UHS QHD 64GB램,"_SSD 1TB + SSD 1TB_4,599,000|_SSD 2TB + SSD 2TB_4,750,000"
18711581,MSI GP시리즈 Vector GP76 HX 12UHS QHD WIN11 64GB,"SSD 2TB + SSD 2TB_4,599,000"
19053803,MSI GP시리즈 Vector GP77 13VF QHD,"_SSD 512GB_4,099,000|_SSD 1TB_2,499,000|SSD 2TB_2,699,000|SSD 500GB + SSD 512GB_2,990,000"
19105475,MSI GP시리즈 Vector GP77 13VF QHD 32GB램,"_SSD 512GB_2,599,000|_SSD 1TB_3,099,000|SSD 2TB_2,799,000|SSD 4TB_3,990,000"
19105466,MSI GP시리즈 Vector GP77 13VF QHD 64GB램,"_SSD 512GB_2,699,000|_SSD 1TB_4,690,000|SSD 2TB_4,990,000|SSD 4TB_3,990,000"
19105454,MSI GP시리즈 Vector GP77 13VF QHD WIN11,"_SSD 512GB_2,270,000|_SSD 1TB_2,350,000|SSD 2TB_2,399,000"
19105451,MSI GP시리즈 Vector GP77 13VF QHD WIN11 32GB램,"_SSD 512GB_2,990,000|_SSD 1TB_2,890,000|SSD 2TB_2,499,000|SSD 4TB_2,999,000"
19105442,MSI GP시리즈 Vector GP77 13VF QHD WIN11 64GB램,"_SSD 512GB_4,990,000|_SSD 1TB_4,690,000|SSD 2TB_4,990,000|SSD 4TB_3,990,000"
19053896,MSI GP시리즈 Vector GP77 13VG QHD,"_SSD 1TB_3,899,000|_SSD 2TB_4,399,000"
19104872,MSI GP시리즈 Vector GP77 13VG QHD 32GB램,"_SSD 1TB_4,399,000|_SSD 2TB_4,699,000|SSD 4TB_4,099,000|SSD 2TB + SSD 2TB_5,499,000"
19104878,MSI GP시리즈 Vector GP77 13VG QHD 64GB램,"_SSD 1TB_6,690,000|_SSD 2TB_6,990,000|SSD 4TB_4,259,000"
19105004,MSI GP시리즈 Vector GP77 13VG QHD WIN11,"_SSD 1TB_5,499,000|_SSD 2TB_5,499,000"
19104914,MSI GP시리즈 Vector GP77 13VG QHD WIN11 32GB램,"_SSD 1TB_4,499,000|_SSD 2TB_4,899,000|SSD 4TB_4,199,000|SSD 2TB + SSD 2TB_5,549,000"
19104899,MSI GP시리즈 Vector GP77 13VG QHD WIN11 64GB램,"_SSD 1TB_4,599,000|_SSD 2TB_4,999,000|SSD 4TB_4,499,000"
19053977,MSI GP시리즈 Vector GP77 13VG-i9 QHD,"_SSD 1TB_3,399,000|_SSD 2TB_4,799,000|SSD 1TB + SSD 1TB_4,290,000"
19120679,MSI GP시리즈 Vector GP77 13VG-i9 QHD 32GB램,"_SSD 1TB_5,799,000|_SSD 2TB_4,990,000|SSD 4TB_3,559,000|SSD 2TB + SSD 2TB_5,499,000"
19120685,MSI GP시리즈 Vector GP77 13VG-i9 QHD 64GB램,"_SSD 1TB_5,990,000|_SSD 2TB_5,990,000|"
19120757,MSI GP시리즈 Vector GP77 13VG-i9 QHD WIN11,"_SSD 1TB_4,999,000|_SSD 2TB_4,199,000"
19120715,MSI GP시리즈 Vector GP77 13VG-i9 QHD WIN11 32GB램,"_SSD 1TB_4,490,000|_SSD 2TB_4,990,000|SSD 4TB_3,599,000|SSD 2TB + SSD 2TB_4,299,000"
19120697,MSI GP시리즈 Vector GP77 13VG-i9 QHD WIN11 64GB램,"_SSD 1TB_5,490,000|_SSD 2TB_2,790,000|SSD 4TB_3,799,000"
20522777,MSI GP시리즈 Vector GP78 HX 13VH-i9 QHD,"_SSD 1TB_5,290,000|_SSD 2TB_5,220,000|SSD 1TB + SSD 1TB_4,790,000|SSD 2TB + SSD 2TB_4,970,000"
20698532,MSI GP시리즈 Vector GP78 HX 13VH-i9 QHD 64GB램,"_SSD 1TB_4,870,000|_SSD 2TB_4,960,000|SSD 1TB + SSD 1TB_4,960,000|SSD 2TB + SSD 2TB_5,130,000"
20698799,MSI GP시리즈 Vector GP78 HX 13VH-i9 QHD WIN11,"_SSD 1TB_4,810,000|_SSD 2TB_5,099,000|SSD 2TB + SSD 2TB_4,599,000"
20699003,MSI GP시리즈 Vector GP78 HX 13VH-i9 QHD WIN11 64GB램,"_SSD 1TB_4,704,000|_SSD 2TB_6,899,000|SSD 2TB + SSD 2TB_4,699,000"
24702674,MSI GP시리즈 Vector GP78 HX 13VI-i9 QHD,"_SSD 2TB_8,199,000|_SSD 2TB + SSD 2TB_7,799,000"
27756338,MSI GP시리즈 Vector GP78 HX 13VI-i9 QHD 64GB램,"_SSD 2TB_8,890,000|_SSD 2TB + SSD 2TB_8,990,000|SSD 4TB + SSD 2TB_9,990,000"
27484778,MSI GP시리즈 Vector GP78 HX 13VI-i9 QHD WIN11,"_SSD 2TB_7,799,000|_SSD 2TB + SSD 2TB_7,999,000"
27484796,MSI GP시리즈 Vector GP78 HX 13VI-i9 QHD WIN11 64GB램,"_SSD 2TB_7,999,000|_SSD 2TB + SSD 2TB_7,899,000|SSD 4TB + SSD 2TB_8,990,000"
15179723,MSI GS시리즈 GS66 Stealth 11UG QHD,"_SSD 1TB_2,990,000|_SSD 2TB_3,410,000|SSD 1TB + SSD 1TB_3,250,000"
15938372,MSI GS시리즈 GS66 Stealth 11UG QHD 32GB램,"SSD 1TB_3,120,000"
15938378,MSI GS시리즈 GS66 Stealth 11UG QHD 64GB램,"SSD 1TB_3,410,000"
15938417,MSI GS시리즈 GS66 Stealth 11UG QHD WIN10,"SSD 1TB_3,110,000"
15938384,MSI GS시리즈 GS66 Stealth 11UG QHD WIN10 32GB램,"_SSD 1TB_3,280,000|_SSD 1TB + SSD 1TB_3,520,000"
15938387,MSI GS시리즈 GS66 Stealth 11UG QHD WIN10 64GB램,"_SSD 1TB_3,580,000|_SSD 1TB + SSD 1TB_3,810,000"
14800700,MSI GS시리즈 GS66 Stealth 11UG WIN10,"SSD 1TB + SSD 1TB_3,590,000"
14800808,MSI GS시리즈 GS66 Stealth 11UG WIN10 32GB램,"_SSD 1TB_3,690,000|_SSD 1TB + SSD 1TB_3,690,000"
14800880,MSI GS시리즈 GS66 Stealth 11UG WIN10 64GB램,"_SSD 1TB_3,790,000|_SSD 1TB + SSD 1TB_3,890,000"
17680691,MSI GS시리즈 GS76 Stealth 11UG-i9 WIN10,"SSD 2TB_4,099,000"
17680769,MSI GS시리즈 GS76 Stealth 11UG-i9 WIN10 64GB램,"_SSD 1TB_4,249,000|_SSD 2TB_4,299,000"
15813779,MSI GS시리즈 GS76 Stealth 11UH-i7 WIN10,"SSD 1TB + SSD 1TB_4,290,000"
15813869,MSI GS시리즈 GS76 Stealth 11UH-i7 WIN10 32GB램,"SSD 1TB_4,350,000"
15813887,MSI GS시리즈 GS76 Stealth 11UH-i7 WIN10 64GB램,"_SSD 1TB_4,490,000|_SSD 1TB + SSD 1TB_4,650,000"
19881407,MSI GS시리즈 Stealth GS66 12UH QHD W11,"SSD 1TB + SSD 1TB_4,490,000"
19881455,MSI GS시리즈 Stealth GS66 12UH QHD W11 64GB램,"_SSD 1TB_4,690,000|_SSD 1TB + SSD 1TB_4,790,000|SSD 2TB + SSD 2TB_4,990,000"
19492970,MSI GS시리즈 Stealth GS77 12UH QHD W11,"SSD 1TB + SSD 1TB_4,099,000"
18663893,MSI GS시리즈 Stealth GS77 12UHS-i7 4K W11,"_SSD 2TB_5,840,000|_SSD 1TB + SSD 1TB_5,750,000"
20501102,MSI Stealth 14 Studio A13VF QHD 스타 블루,"_SSD 512GB_2,990,000|_SSD 1TB_3,290,000|SSD 2TB_3,490,000"
21520091,MSI Stealth 14 Studio A13VF QHD 스타 블루 32GB램,"_SSD 1TB_3,490,000|_SSD 512GB_3,490,000|SSD 2TB_3,490,000"
21520067,MSI Stealth 14 Studio A13VF QHD 스타 블루 64GB램,"_SSD 512GB_3,690,000|_SSD 1TB_3,690,000|SSD 2TB_3,790,000"
21518492,MSI Stealth 14 Studio A13VF QHD 스타 블루 WIN11,"_SSD 512GB_6,290,000|_SSD 1TB_6,290,000|SSD 2TB_3,590,000"
21518531,MSI Stealth 14 Studio A13VF QHD 스타 블루 WIN11 32GB램,"_SSD 512GB_6,690,000|_SSD 1TB_6,890,000|SSD 2TB_3,690,000"
21518594,MSI Stealth 14 Studio A13VF QHD 스타 블루 WIN11 64GB램,"_SSD 512GB_7,590,000|_SSD 1TB_7,690,000|SSD 2TB_3,970,000"
20501156,MSI Stealth 14 Studio A13VF QHD 퓨어 화이트,"_SSD 512GB_2,289,000|_SSD 1TB_2,459,000|SSD 2TB_2,549,000"
21520415,MSI Stealth 14 Studio A13VF QHD 퓨어 화이트 32GB램,"_SSD 512GB_2,539,000|_SSD 1TB_2,489,000|SSD 2TB_2,589,000"
21520430,MSI Stealth 14 Studio A13VF QHD 퓨어 화이트 64GB램,"_SSD 512GB_2,659,000|_SSD 1TB_2,679,000|SSD 2TB_2,719,000"
21520235,MSI Stealth 14 Studio A13VF QHD 퓨어 화이트 WIN11,"_SSD 512GB_2,479,000|_SSD 1TB_3,490,000|SSD 2TB_3,489,000"
21520265,MSI Stealth 14 Studio A13VF QHD 퓨어 화이트 WIN11 32GB램,"_SSD 512GB_2,559,000|_SSD 1TB_2,609,000|SSD 2TB_2,689,000"
21520292,MSI Stealth 14 Studio A13VF QHD 퓨어 화이트 WIN11 64GB램,"_SSD 512GB_2,669,000|_SSD 1TB_2,689,000|SSD 2TB_2,779,000"
19073399,MSI Stealth 15 A13VF 4K,"_SSD 512GB_3,590,000|_SSD 1TB_3,929,000|SSD 2TB_4,089,000|SSD 500GB + SSD 512GB_3,949,000"
19122962,MSI Stealth 15 A13VF 4K 32GB램,"_SSD 512GB_3,949,000|_SSD 1TB_4,049,000|SSD 2TB_4,189,000|SSD 4TB_4,289,000"
19123022,MSI Stealth 15 A13VF 4K 64GB램,"_SSD 512GB_5,490,000|_SSD 1TB_5,690,000|SSD 2TB_5,990,000|SSD 4TB_6,990,000"
19123178,MSI Stealth 15 A13VF 4K WIN11,"_SSD 512GB_4,289,000|_SSD 1TB_3,989,000|SSD 2TB_4,089,000"
13642139,MSI Stealth 15M A11SDK 카본 그레이,"SSD 1TB_2,090,000"
13642025,MSI Stealth 15M A11SDK 카본 그레이 16GB램,"SSD 512GB_1,990,000"
13642172,MSI Stealth 15M A11SDK 카본 그레이 32GB램,"SSD 512GB_2,090,000"
13642082,MSI Stealth 15M A11SDK 카본 그레이 WIN10,"_SSD 512GB_1,990,000|_SSD 1TB_2,290,000"
13642283,MSI Stealth 15M A11SDK 카본 그레이 WIN10 16GB램,"_SSD 512GB_2,290,000|_SSD 1TB_2,390,000"
13642358,MSI Stealth 15M A11SDK 카본 그레이 WIN10 32GB램,"_SSD 512GB_2,290,000|_SSD 1TB_2,490,000"
13642697,MSI Stealth 15M A11SDK 화이트,"SSD 1TB_1,990,000"
13642619,MSI Stealth 15M A11SDK 화이트 16GB램,"SSD 512GB_1,890,000"
13642814,MSI Stealth 15M A11SDK 화이트 32GB램,"SSD 512GB_1,990,000"
13642655,MSI Stealth 15M A11SDK 화이트 WIN10,"_SSD 512GB_1,990,000|_SSD 1TB_1,990,000"
13642838,MSI Stealth 15M A11SDK 화이트 WIN10 16GB램,"_SSD 512GB_1,990,000|_SSD 1TB_2,190,000"
13642931,MSI Stealth 15M A11SDK 화이트 WIN10 32GB램,"_SSD 512GB_2,090,000|_SSD 1TB_2,290,000"
13800611,MSI Stealth 15M A11SEK 카본 그레이 WIN10,"SSD 512GB_2,990,000"
13800644,MSI Stealth 15M A11SEK 카본 그레이 WIN10 16GB램,"_SSD 512GB_2,990,000|_SSD 1TB_3,790,000"
13800677,MSI Stealth 15M A11SEK 카본 그레이 WIN10 32GB램,"SSD 512GB_3,990,000"
18197633,MSI Stealth 15M B12UE 64GB램,"SSD 1TB_3,150,000"
27728276,MSI Stealth 16 Mercedes-AMG Motorsport A13VG,"_SSD 2TB_3,599,000|_SSD 1TB + SSD 1TB_3,989,000"
27573233,MSI Stealth 16 Mercedes-AMG Motorsport A13VG 64GB램,"_SSD 1TB_4,299,000|SSD 2TB_3,999,000|_SSD 1TB + SSD 1TB_4,379,000|SSD 2TB + SSD 2TB_4,399,000"
20520197,MSI Stealth 16 Studio A13VF-i9 QHD 스타 블루,"_SSD 512GB_2,689,000|_SSD 1TB_2,989,000|SSD 2TB_3,029,000|SSD 500GB + SSD 512GB_2,749,000"
21456218,MSI Stealth 16 Studio A13VF-i9 QHD 스타 블루 32GB램,"_SSD 512GB_2,989,000|_SSD 1TB_3,089,000|SSD 2TB_3,189,000"
21456245,MSI Stealth 16 Studio A13VF-i9 QHD 스타 블루 64GB램,"_SSD 512GB_3,990,000|_SSD 1TB_3,369,000|SSD 2TB_4,190,000"
21456311,MSI Stealth 16 Studio A13VF-i9 QHD 스타 블루 WIN11,"_SSD 512GB_3,389,000|_SSD 1TB_3,089,000|SSD 2TB_3,089,000|SSD 500GB + SSD 512GB_3,589,000"
21456269,MSI Stealth 16 Studio A13VF-i9 QHD 스타 블루 WIN11 32GB램,"_SSD 512GB_3,189,000|_SSD 1TB_3,149,000|SSD 2TB_3,189,000"
21456278,MSI Stealth 16 Studio A13VF-i9 QHD 스타 블루 WIN11 64GB램,"_SSD 512GB_3,189,000|_SSD 1TB_3,289,000|SSD 2TB_3,389,000"
21570857,MSI Stealth 16 Studio A13VF-i9 QHD 퓨어 화이트,"_SSD 512GB_2,989,000|_SSD 1TB_3,089,000|SSD 2TB_3,189,000"
25640408,MSI Stealth 16 Studio A13VF-i9 QHD 퓨어 화이트 32GB램,"_SSD 512GB_3,089,000|_SSD 1TB_3,189,000|SSD 2TB_3,289,000"
25640582,MSI Stealth 16 Studio A13VF-i9 QHD 퓨어 화이트 64GB램,"_SSD 512GB_3,189,000|_SSD 1TB_3,289,000|SSD 2TB_3,389,000"
25640675,MSI Stealth 16 Studio A13VF-i9 QHD 퓨어 화이트 WIN11,"_SSD 512GB_3,089,000|_SSD 1TB_3,189,000|SSD 2TB_3,289,000"
25640468,MSI Stealth 16 Studio A13VF-i9 QHD 퓨어 화이트 WIN11 32GB램,"_SSD 512GB_3,189,000|_SSD 1TB_3,289,000|SSD 2TB_3,389,000"
25640558,MSI Stealth 16 Studio A13VF-i9 QHD 퓨어 화이트 WIN11 64GB램,"_SSD 512GB_3,289,000|_SSD 1TB_3,389,000|SSD 2TB_3,489,000"
18910532,MSI Stealth 17 Studio A13VH QHD,"_SSD 1TB_3,990,000|_SSD 2TB_4,088,000|SSD 1TB + SSD 1TB_4,088,000"
19021265,MSI Stealth 17 Studio A13VH QHD 32GB램,"_SSD 1TB_4,118,000|_SSD 2TB_4,268,000"
19021241,MSI Stealth 17 Studio A13VH QHD 64GB램,"_SSD 1TB_4,288,000|_SSD 2TB_4,448,000"
19021034,MSI Stealth 17 Studio A13VH QHD WIN11,"_SSD 1TB_4,089,000|_SSD 2TB_4,178,000"
19021130,MSI Stealth 17 Studio A13VH QHD WIN11 32GB램,"_SSD 1TB_4,229,000|_SSD 2TB_4,469,000"
19021178,MSI Stealth 17 Studio A13VH QHD WIN11 64GB램,"_SSD 1TB_4,389,000|_SSD 2TB_4,639,000"
19053473,MSI Stealth 17 Studio A13VH-i9 4K Mini LED W11,"_SSD 1TB_4,990,000|_SSD 2TB_5,389,000"
19081709,MSI Stealth 17 Studio A13VH-i9 4K Mini LED W11 64GB램,"_SSD 1TB_5,359,000|_SSD 2TB_5,629,000"
19510745,MSI Stealth 17 Studio A13VI 4K Mini LED W11,"_SSD 2TB_6,489,000|SSD 1TB + SSD 1TB_5,999,000|_SSD 2TB + SSD 2TB_6,849,000"
19510808,MSI Stealth 17 Studio A13VI 4K Mini LED W11 64GB램,"_SSD 1TB_6,489,000|_SSD 2TB_6,779,000|SSD 2TB + SSD 2TB_7,129,000"
19088267,MSI Stealth 17 Studio A13VI-i9 4K Mini LED W11,"SSD 1TB_4,725,000"
19088453,MSI Stealth 17 Studio A13VI-i9 4K Mini LED W11 64GB램,"_SSD 1TB_7,449,000|_SSD 2TB_7,679,000"
122656095,MSI 레이더 16 Max HX B2WI-U9+ QHD+ OLED W11,"_SSD 1TB_5,798,990|_SSD 2TB_6,329,890|SSD 4TB_6,784,230"
122667436,MSI 레이더 16 Max HX B2WI-U9+ QHD+ OLED W11 64GB램,"_SSD 1TB_6,832,090|_SSD 2TB_7,069,620|"
51433565,MSI 레이더 18 HX A14VIG-i9 4K Mini LED W11,"SSD 4TB_8,499,000"
51450884,MSI 레이더 18 HX A14VIG-i9 4K Mini LED W11 64GB램,"_SSD 2TB_8,999,000|_SSD 4TB_9,599,000"
78234437,MSI 레이더 18 HX AI A2XWIG-U9 UHD+ Mini LED W11,"_SSD 4TB_7,312,000|_SSD 6TB_8,485,000"
94261238,MSI 레이더 18 HX AI A2XWIG-U9 UHD+ Mini LED W11 벨류,"_SSD 2TB_7,284,770|_SSD 4TB_7,521,000"
94881539,MSI 레이더 18 HX AI A2XWIG-U9 UHD+ Mini LED W11 벨류 64GB램,"_SSD 2TB_7,267,000|_SSD 4TB_7,653,000"
78990425,MSI 레이더 18 HX AI A2XWJG-U9 UHD+ Mini LED W11,"_SSD 4TB_8,295,000|SSD 6TB_8,380,000|_SSD 8TB_8,589,000"
89863295,MSI 레이더 18 HX AI A2XWJG-U9 UHD+ Mini LED W11 96GB램,"_SSD 4TB_9,695,000|_SSD 6TB_10,475,000|SSD 8TB_10,675,000"
94203236,MSI 레이더 18 HX AI A2XWJG-U9 UHD+ Mini LED W11 벨류,"_SSD 2TB_8,000,000|_SSD 4TB_8,363,000"
94884536,MSI 레이더 18 HX AI A2XWJG-U9 UHD+ Mini LED W11 벨류 64GB램,"_SSD 2TB_8,110,000|_SSD 4TB_8,476,000"
122656150,MSI 레이더 18 Max HX A2WI-U9+ UHD+ Mini LED W11,"_SSD 1TB_6,107,240|_SSD 2TB_7,273,740|SSD 4TB_7,587,470"
122667406,MSI 레이더 18 Max HX A2WI-U9+ UHD+ Mini LED W11 64GB램,"_SSD 1TB_7,691,740|_SSD 2TB_7,785,910|"
122658886,MSI 레이더 18 Max HX A2WJ-U9+ UHD+ Mini LED W11,"_SSD 2TB_8,719,000|_SSD 4TB_9,410,930"
61437851,MSI 레이더 A18 HX A7VIG-R9 QHD W11,"SSD 2TB_5,130,000"
101723504,MSI 레이더 A18 HX A9WHG-R9 QHD+,"_SSD 1TB_4,400,000|_SSD 2TB_4,600,000|SSD 4TB_5,390,000"
102355805,MSI 레이더 A18 HX A9WHG-R9 QHD+ 32GB램,"_SSD 1TB_4,400,000|_SSD 2TB_4,600,000|SSD 4TB_5,499,000"
102355868,MSI 레이더 A18 HX A9WHG-R9 QHD+ 64GB램,"SSD 1TB_4,990,000|_SSD 2TB_5,200,000|_SSD 4TB_7,590,000"
102355742,MSI 레이더 A18 HX A9WHG-R9 QHD+ WIN11,"_SSD 1TB_4,201,000|SSD 2TB_4,324,000|_SSD 4TB_4,800,000"
102355847,MSI 레이더 A18 HX A9WHG-R9 QHD+ WIN11 32GB램,"_SSD 1TB_4,400,000|SSD 2TB_4,600,000|_SSD 4TB_5,499,000"
102355880,MSI 레이더 A18 HX A9WHG-R9 QHD+ WIN11 64GB램,"_SSD 1TB_4,990,000|SSD 2TB_6,000,000|_SSD 4TB_5,800,000"
98409857,MSI 레이더 A18 HX A9WIG-R9 QHD+,"_SSD 1TB_5,500,000|_SSD 2TB_5,654,300|SSD 4TB_6,300,000"
98483744,MSI 레이더 A18 HX A9WIG-R9 QHD+ 32GB램,"_SSD 1TB_5,600,000|_SSD 2TB_5,599,000|SSD 4TB_5,449,000"
98483756,MSI 레이더 A18 HX A9WIG-R9 QHD+ 64GB램,"_SSD 1TB_6,399,000|_SSD 2TB_6,599,000|SSD 4TB_6,899,000"
98483783,MSI 레이더 A18 HX A9WIG-R9 QHD+ WIN11,"_SSD 1TB_5,199,000|SSD 2TB_5,099,000|_SSD 4TB_6,300,000"
98483789,MSI 레이더 A18 HX A9WIG-R9 QHD+ WIN11 32GB램,"_SSD 1TB_4,999,000|SSD 2TB_5,199,000|_SSD 4TB_5,398,000"
98483798,MSI 레이더 A18 HX A9WIG-R9 QHD+ WIN11 64GB램,"_SSD 1TB_6,499,000|_SSD 2TB_6,699,000|SSD 4TB_7,049,000"
78239582,MSI 레이더 A18 HX A9WIG-R9 UHD+ Mini LED W11,"_SSD 2TB_6,990,000|_SSD 4TB_7,211,000|SSD 6TB_7,883,820|SSD 8TB_10,895,860"
78999269,MSI 레이더 A18 HX A9WJG-R9 UHD+ Mini LED W11,"_SSD 2TB_7,419,000|_SSD 4TB_8,910,000"
19616072,MSI 모던시리즈 모던 14 C13M-i5,"_SSD 1TB_1,990,000|_SSD 2TB_2,090,000|SSD 512GB_1,890,000"
19616132,MSI 모던시리즈 모던 14 C13M-i5 WIN11,"_SSD 1TB_2,090,000|SSD 2TB_2,190,000|_SSD 512GB_1,316,160"
61539917,MSI 모던시리즈 모던 14 C13M-i5 베이지 로즈,"SSD 512GB_2,399,000|_SSD 1TB_2,399,000|_SSD 2TB_2,599,000|SSD 4TB_2,899,000"
62563739,MSI 모던시리즈 모던 14 C13M-i5 베이지 로즈 WIN11,"_SSD 512GB_1,939,000|_SSD 1TB_2,399,000|SSD 2TB_2,699,000|SSD 4TB_2,999,000"
19616168,MSI 모던시리즈 모던 14 C13M-i7,"_SSD 1TB_1,790,000|_SSD 2TB_1,080,000|SSD 512GB_1,369,820"
19616177,MSI 모던시리즈 모던 14 C13M-i7 WIN11,"_SSD 512GB_1,214,390||_SSD 2TB_1,070,000|SSD 4TB_1,999,000"
19475165,MSI 모던시리즈 모던 14 C7M-R5,"_SSD 512GB_638,900|_SSD 1TB_835,700|SSD 2TB_999,990|SSD 4TB_1,900,000"
20209412,MSI 모던시리즈 모던 14 C7M-R5 WIN10,"_SSD 1TB_1,266,590|_SSD 512GB_816,080|SSD 2TB_1,556,890"
19504133,MSI 모던시리즈 모던 14 C7M-R5 WIN11,"_SSD 512GB_653,470|_SSD 1TB_855,700|SSD 2TB_1,016,000|SSD 4TB_1,990,000"
29481050,MSI 모던시리즈 모던 14 C7M-R5 매트 블랙,"_SSD 512GB_638,900|_SSD 1TB_782,960|SSD 2TB_1,034,340|SSD 4TB_1,356,000"
63465440,MSI 모던시리즈 모던 14 C7M-R5 매트 블랙 WIN10,"_SSD 1TB_1,266,590|_SSD 512GB_759,000|SSD 2TB_1,556,890"
32040158,MSI 모던시리즈 모던 14 C7M-R5 매트 블랙 WIN11,"_SSD 512GB_628,890|SSD 1TB_878,880|_SSD 2TB_1,021,980|SSD 4TB_1,500,000"
21457610,MSI 모던시리즈 모던 14 C7M-R5 어반 실버,"_SSD 1TB_1,159,070|SSD 2TB_1,449,370|_SSD 512GB_708,560"
21457745,MSI 모던시리즈 모던 14 C7M-R5 어반 실버 WIN10,"_SSD 512GB_813,320|_SSD 1TB_1,266,590|SSD 2TB_1,556,890"
21457781,MSI 모던시리즈 모던 14 C7M-R5 어반 실버 WIN11,"_SSD 512GB_816,080|_SSD 1TB_1,266,590|SSD 2TB_1,556,890"
19503917,MSI 모던시리즈 모던 14 C7M-R7,"SSD 1TB_899,000"
19503959,MSI 모던시리즈 모던 14 C7M-R7 WIN11,"SSD 512GB_1,227,340"
71156189,MSI 모던시리즈 모던 14 F1MG-C5,"_SSD 512GB_1,248,000|_SSD 1TB_1,280,000||SSD 4TB_1,792,000"
71500400,MSI 모던시리즈 모던 14 F1MG-C5 16GB램,"_SSD 512GB_1,090,000|_SSD 1TB_1,250,000|SSD 2TB_1,450,000|SSD 4TB_1,828,000"
71500409,MSI 모던시리즈 모던 14 F1MG-C5 32GB램,"_SSD 512GB_1,599,000|_SSD 1TB_1,698,000|SSD 2TB_1,808,000|SSD 4TB_1,980,000"
71500418,MSI 모던시리즈 모던 14 F1MG-C5 64GB램,"_SSD 512GB_1,549,000|_SSD 1TB_1,609,000||SSD 4TB_2,081,000"
71500376,MSI 모던시리즈 모던 14 F1MG-C5 WIN11,"_SSD 512GB_999,000|_SSD 1TB_1,199,000||SSD 4TB_1,875,000"
71500490,MSI 모던시리즈 모던 14 F1MG-C5 WIN11 16GB램,"_SSD 512GB_1,150,000|_SSD 1TB_1,299,000|SSD 2TB_1,499,000|SSD 4TB_1,881,000"
71500499,MSI 모던시리즈 모던 14 F1MG-C5 WIN11 32GB램,"_SSD 512GB_1,529,000|SSD 1TB_1,850,000|_SSD 2TB_1,197,000|SSD 4TB_1,971,000"
71500508,MSI 모던시리즈 모던 14 F1MG-C5 WIN11 64GB램,"_SSD 512GB_1,149,000||_SSD 2TB_1,561,000|SSD 4TB_2,890,000"
32088455,MSI 모던시리즈 모던 14 H D13MG-i9,"_SSD 2TB_1,990,000|_SSD 4TB_2,899,000"
32088488,MSI 모던시리즈 모던 14 H D13MG-i9 32GB램,"_SSD 1TB_2,285,000|_SSD 2TB_2,890,000|SSD 4TB_3,499,000"
32088506,MSI 모던시리즈 모던 14 H D13MG-i9 64GB램,"_SSD 1TB_2,790,000|_SSD 4TB_4,490,000"
32088617,MSI 모던시리즈 모던 14 H D13MG-i9 WIN11,"_SSD 1TB_1,890,000|_SSD 2TB_1,980,000|SSD 4TB_2,490,000"
32088575,MSI 모던시리즈 모던 14 H D13MG-i9 WIN11 32GB램,"_SSD 1TB_2,790,000|_SSD 2TB_2,990,000|SSD 4TB_3,499,000"
32088545,MSI 모던시리즈 모던 14 H D13MG-i9 WIN11 64GB램,"_SSD 1TB_3,190,000|SSD 2TB_3,890,000|_SSD 4TB_3,281,280"
122710637,MSI 모던시리즈 모던 14S AI+ G3MG-U5 OLED,"_SSD 512GB_1,419,000|_SSD 1TB_1,655,000|"
122720649,MSI 모던시리즈 모던 14S AI+ G3MG-U5 OLED 32GB램,"_SSD 512GB_1,869,430|_SSD 1TB_1,989,050|SSD 2TB_2,128,680"
122720660,MSI 모던시리즈 모던 14S AI+ G3MG-U5 OLED WIN11,"_SSD 512GB_1,589,540|_SSD 1TB_1,734,510|"
122720658,MSI 모던시리즈 모던 14S AI+ G3MG-U5 OLED WIN11 32GB램,"_SSD 512GB_1,892,070|_SSD 1TB_2,050,710|"
122710615,MSI 모던시리즈 모던 14S AI+ G3MG-U7 OLED,"_SSD 512GB_1,519,000|_SSD 1TB_1,740,000|"
122720746,MSI 모던시리즈 모던 14S AI+ G3MG-U7 OLED 32GB램,"_SSD 512GB_2,007,730|_SSD 1TB_2,133,070|"
122720761,MSI 모던시리즈 모던 14S AI+ G3MG-U7 OLED WIN11,"_SSD 512GB_1,743,760|_SSD 1TB_1,868,720|"
122720766,MSI 모던시리즈 모던 14S AI+ G3MG-U7 OLED WIN11 32GB램,"_SSD 512GB_2,027,230|_SSD 1TB_2,153,480|"
19810517,MSI 모던시리즈 모던 15 B12M-i5,"_SSD 512GB_1,120,000|_SSD 1TB_1,350,000|SSD 2TB_1,990,000"
28461638,MSI 모던시리즈 모던 15 B12M-i5 16GB램,"_SSD 512GB_1,490,000|_SSD 1TB_1,690,000|SSD 2TB_1,890,000"
28461620,MSI 모던시리즈 모던 15 B12M-i5 24GB램,"_SSD 512GB_1,790,000|_SSD 1TB_1,890,000|SSD 2TB_2,190,000"
28461596,MSI 모던시리즈 모던 15 B12M-i5 40GB램,"_SSD 512GB_1,340,000|_SSD 1TB_2,190,000|SSD 2TB_2,490,000"
19962713,MSI 모던시리즈 모던 15 B12M-i5 WIN11,"_SSD 512GB_1,690,000|_SSD 1TB_1,790,000|SSD 2TB_1,990,000"
28461512,MSI 모던시리즈 모던 15 B12M-i5 WIN11 16GB램,"_SSD 512GB_1,290,000|_SSD 1TB_1,990,000|SSD 2TB_1,490,000"
28461554,MSI 모던시리즈 모던 15 B12M-i5 WIN11 40GB램,"_SSD 512GB_1,450,000|_SSD 1TB_1,490,000|SSD 2TB_1,590,000"
20500643,MSI 모던시리즈 모던 15 B12M-i5 스타 블루,"_SSD 512GB_1,098,000|_SSD 1TB_1,219,000|SSD 2TB_1,364,000"
20518709,MSI 모던시리즈 모던 15 B12M-i5 스타 블루 WIN11,"_SSD 512GB_1,300,840|_SSD 1TB_1,344,000|SSD 2TB_1,464,000"
19753682,MSI 모던시리즈 모던 15 B13M-i5,"_SSD 1TB_756,720|_SSD 2TB_936,720"
19753595,MSI 모던시리즈 모던 15 B13M-i5 WIN11,"_SSD 512GB_751,460|_SSD 1TB_790,410|"
19604876,MSI 모던시리즈 모던 15 B13M-i7,"_SSD 1TB_1,180,000|_SSD 2TB_1,160,000"
19604996,MSI 모던시리즈 모던 15 B13M-i7 WIN11,"_SSD 512GB_1,050,000|_SSD 1TB_1,080,000|SSD 2TB_1,379,520"
19425596,MSI 모던시리즈 모던 15 B7M-R5,"SSD 1TB_1,248,000|_SSD 2TB_1,217,070|_SSD 512GB_899,000"
19425722,MSI 모던시리즈 모던 15 B7M-R5 WIN11,"_SSD 512GB_1,124,850|_SSD 1TB_1,248,000|SSD 2TB_1,248,000|SSD 4TB_1,250,000"
68781218,MSI 모던시리즈 모던 15 B7M-R5 매트 블랙,"_SSD 1TB_1,179,000|_SSD 512GB_825,000|SSD 2TB_1,196,000|SSD 4TB_1,179,000"
65222303,MSI 모던시리즈 모던 15 B7M-R5 매트 블랙 WIN11,"_SSD 512GB_860,000|_SSD 1TB_1,210,000||SSD 4TB_1,140,000"
74805575,MSI 모던시리즈 모던 15 B7M-R5 포스 W11,"_SSD 512GB_896,000|_SSD 1TB_1,071,000|SSD 2TB_1,045,000|SSD 4TB_1,290,000"
19355744,MSI 모던시리즈 모던 15 B7M-R7,"SSD 512GB_1,039,000|_SSD 1TB_1,190,000|_SSD 2TB_1,270,000"
27987560,MSI 모던시리즈 모던 15 B7M-R7 WIN10,"SSD 512GB_1,290,000"
19403063,MSI 모던시리즈 모던 15 B7M-R7 WIN11,"_SSD 512GB_1,233,220|_SSD 1TB_1,230,000|SSD 2TB_1,270,370"
71156009,MSI 모던시리즈 모던 15 F1MG-C5,"_SSD 512GB_1,277,000|_SSD 1TB_1,817,000|SSD 2TB_1,927,000|SSD 4TB_2,499,000"
71500082,MSI 모던시리즈 모던 15 F1MG-C5 16GB램,"SSD 512GB_1,808,000|_SSD 1TB_1,839,000|_SSD 2TB_1,987,000|SSD 4TB_2,599,000"
71500091,MSI 모던시리즈 모던 15 F1MG-C5 32GB램,"_SSD 512GB_1,887,000|_SSD 1TB_1,958,000|SSD 2TB_2,048,000|SSD 4TB_2,699,000"
71500100,MSI 모던시리즈 모던 15 F1MG-C5 64GB램,"_SSD 512GB_2,321,000|SSD 1TB_2,371,000|_SSD 2TB_2,471,000|SSD 4TB_2,899,000"
71500121,MSI 모던시리즈 모던 15 F1MG-C5 WIN11,"_SSD 512GB_1,368,000|_SSD 1TB_1,428,000|SSD 2TB_1,498,000|SSD 4TB_2,999,000"
71500160,MSI 모던시리즈 모던 15 F1MG-C5 WIN11 16GB램,"_SSD 512GB_1,448,000|_SSD 1TB_1,518,000|SSD 2TB_1,588,000|SSD 4TB_3,099,000"
71500169,MSI 모던시리즈 모던 15 F1MG-C5 WIN11 32GB램,"_SSD 512GB_1,498,000|_SSD 1TB_1,548,000|SSD 2TB_1,618,000|SSD 4TB_2,699,000"
71500178,MSI 모던시리즈 모던 15 F1MG-C5 WIN11 64GB램,"_SSD 512GB_2,098,000|_SSD 1TB_2,148,000||SSD 4TB_2,999,000"
47832938,MSI 모던시리즈 모던 15 H AI C1MG-U5,"_SSD 512GB_1,990,000|_SSD 1TB_1,519,000|SSD 2TB_1,890,000|SSD 4TB_1,869,000"
48644765,MSI 모던시리즈 모던 15 H AI C1MG-U5 32GB램,"_SSD 512GB_1,890,000|_SSD 1TB_1,990,000|SSD 2TB_2,090,000|SSD 4TB_2,690,000"
48644855,MSI 모던시리즈 모던 15 H AI C1MG-U5 64GB램,"_SSD 512GB_2,207,040|_SSD 1TB_2,255,040|SSD 2TB_2,418,240|SSD 4TB_2,490,000"
48644912,MSI 모던시리즈 모던 15 H AI C1MG-U5 WIN11,"_SSD 512GB_1,790,000|_SSD 1TB_1,578,000|SSD 2TB_1,950,000|SSD 4TB_2,290,000"
48644945,MSI 모던시리즈 모던 15 H AI C1MG-U5 WIN11 32GB램,"_SSD 512GB_1,990,000|_SSD 1TB_1,990,000|SSD 2TB_2,190,000|SSD 4TB_2,390,000"
48644957,MSI 모던시리즈 모던 15 H AI C1MG-U5 WIN11 64GB램,"_SSD 512GB_2,235,840|_SSD 1TB_2,283,840|SSD 2TB_2,447,040|SSD 4TB_2,660,000"
48645782,MSI 모던시리즈 모던 15 H AI C1MG-U7 32GB램,"_SSD 512GB_2,190,000|_SSD 1TB_2,390,000|SSD 2TB_2,590,000"
48645809,MSI 모던시리즈 모던 15 H AI C1MG-U7 64GB램,"_SSD 512GB_2,290,000|_SSD 1TB_3,490,000|SSD 2TB_3,590,000"
48645854,MSI 모던시리즈 모던 15 H AI C1MG-U7 WIN11,"_SSD 512GB_2,190,000|_SSD 1TB_2,290,000|SSD 2TB_2,490,000"
48645878,MSI 모던시리즈 모던 15 H AI C1MG-U7 WIN11 32GB램,"_SSD 512GB_2,390,000|_SSD 1TB_2,490,000|SSD 2TB_2,690,000|SSD 4TB_3,099,000"
48645893,MSI 모던시리즈 모던 15 H AI C1MG-U7 WIN11 64GB램,"_SSD 512GB_2,350,000|_SSD 1TB_2,490,000|SSD 2TB_3,590,000"
76789676,MSI 모던시리즈 모던 15 H AI C2HMG-U5,"_SSD 512GB_1,190,000|_SSD 1TB_1,390,000|SSD 2TB_1,440,000|SSD 4TB_2,284,000"
77082107,MSI 모던시리즈 모던 15 H AI C2HMG-U5 16GB램,"_SSD 1TB_1,590,000|_SSD 512GB_1,390,000|SSD 2TB_1,790,000|SSD 4TB_2,000,000"
77082188,MSI 모던시리즈 모던 15 H AI C2HMG-U5 32GB램,"_SSD 512GB_1,780,000|_SSD 1TB_1,880,000|SSD 2TB_1,978,000|SSD 4TB_2,405,000"
77082266,MSI 모던시리즈 모던 15 H AI C2HMG-U5 64GB램,"_SSD 512GB_2,300,000|SSD 1TB_2,500,000|_SSD 2TB_2,493,980|SSD 4TB_4,229,000"
77082083,MSI 모던시리즈 모던 15 H AI C2HMG-U5 WIN11,"_SSD 512GB_1,190,000|_SSD 1TB_1,390,000|SSD 2TB_1,590,000|SSD 4TB_2,000,000"
77082131,MSI 모던시리즈 모던 15 H AI C2HMG-U5 WIN11 16GB램,"_SSD 512GB_1,390,000|_SSD 1TB_1,590,000|SSD 2TB_1,790,000|SSD 4TB_2,288,000"
77082227,MSI 모던시리즈 모던 15 H AI C2HMG-U5 WIN11 32GB램,"_SSD 512GB_1,880,000|_SSD 1TB_1,978,000|SSD 2TB_2,058,000|SSD 4TB_2,353,000"
77082293,MSI 모던시리즈 모던 15 H AI C2HMG-U5 WIN11 64GB램,"_SSD 512GB_2,300,000|_SSD 1TB_2,435,430|SSD 2TB_2,275,000|SSD 4TB_4,250,000"
76789748,MSI 모던시리즈 모던 15 H AI C2HMG-U7,"SSD 512GB_1,650,000|_SSD 1TB_1,544,270|_SSD 2TB_1,724,640|SSD 4TB_2,500,000"
77209079,MSI 모던시리즈 모던 15 H AI C2HMG-U7 16GB램,"_SSD 512GB_1,635,280|_SSD 1TB_1,705,470|SSD 2TB_1,904,780|SSD 4TB_2,800,000"
77209091,MSI 모던시리즈 모던 15 H AI C2HMG-U7 32GB램,"_SSD 1TB_1,962,970|_SSD 512GB_1,801,430|SSD 2TB_2,067,430|SSD 4TB_3,300,000"
77209097,MSI 모던시리즈 모던 15 H AI C2HMG-U7 64GB램,"_SSD 512GB_2,608,000|_SSD 1TB_2,731,500|SSD 2TB_2,725,000"
77209175,MSI 모던시리즈 모던 15 H AI C2HMG-U7 WIN11,"_SSD 512GB_1,424,240|_SSD 1TB_1,546,030|SSD 2TB_1,772,000|SSD 4TB_2,500,000"
77210213,MSI 모던시리즈 모던 15 H AI C2HMG-U7 WIN11 16GB램,"_SSD 512GB_1,614,710|_SSD 1TB_1,719,210|SSD 2TB_1,914,640|SSD 4TB_2,590,000"
77210264,MSI 모던시리즈 모던 15 H AI C2HMG-U7 WIN11 32GB램,"_SSD 512GB_1,812,290|_SSD 1TB_1,982,170|SSD 2TB_2,088,120|SSD 4TB_3,396,000"
77210411,MSI 모던시리즈 모던 15 H AI C2HMG-U7 WIN11 64GB램,"SSD 512GB_2,636,540|_SSD 1TB_2,760,020|_SSD 2TB_2,902,510|SSD 4TB_3,990,000"
52367030,MSI 모던시리즈 모던 15 H B13M-i9,"_SSD 1TB_1,695,000|_SSD 2TB_1,787,000|SSD 4TB_2,498,000"
54327833,MSI 모던시리즈 모던 15 H B13M-i9 32GB램,"_SSD 1TB_2,390,000|_SSD 2TB_2,590,000|SSD 4TB_3,499,000"
54327851,MSI 모던시리즈 모던 15 H B13M-i9 64GB램,"_SSD 1TB_2,500,000|_SSD 2TB_2,690,000|SSD 4TB_3,599,000"
54327740,MSI 모던시리즈 모던 15 H B13M-i9 WIN11,"_SSD 1TB_2,390,000|_SSD 2TB_2,490,000|SSD 4TB_2,999,000"
54327794,MSI 모던시리즈 모던 15 H B13M-i9 WIN11 32GB램,"_SSD 1TB_2,490,000|_SSD 2TB_2,690,000|SSD 4TB_3,599,000"
54327809,MSI 모던시리즈 모던 15 H B13M-i9 WIN11 64GB램,"_SSD 1TB_2,590,000|_SSD 2TB_2,790,000|SSD 4TB_3,799,000"
74481575,MSI 모던시리즈 모던 15 H C13M-i5,"SSD 512GB_979,000|_SSD 1TB_1,149,000|_SSD 2TB_1,359,000|SSD 4TB_1,700,000"
76160585,MSI 모던시리즈 모던 15 H C13M-i5 16GB램,"SSD 512GB_1,279,000|_SSD 1TB_1,444,910|_SSD 2TB_1,565,120|SSD 4TB_2,111,000"
76160555,MSI 모던시리즈 모던 15 H C13M-i5 32GB램,"_SSD 512GB_1,570,000|SSD 1TB_1,770,000|_SSD 2TB_1,970,000|SSD 4TB_2,697,000"
76160528,MSI 모던시리즈 모던 15 H C13M-i5 64GB램,"_SSD 512GB_2,060,000|_SSD 1TB_2,260,000|SSD 2TB_2,460,000|SSD 4TB_2,884,000"
76328642,MSI 모던시리즈 모던 15 H C13M-i5 WIN11,"_SSD 1TB_1,399,000|_SSD 512GB_1,229,000|SSD 2TB_1,600,000|SSD 4TB_1,990,000"
76069346,MSI 모던시리즈 모던 15 H C13M-i5 WIN11 16GB램,"_SSD 512GB_1,350,000|_SSD 1TB_1,529,000|SSD 2TB_1,559,000|SSD 4TB_2,155,000"
76069376,MSI 모던시리즈 모던 15 H C13M-i5 WIN11 32GB램,"_SSD 512GB_1,649,000|_SSD 1TB_1,800,000|SSD 2TB_2,029,000|SSD 4TB_2,700,000"
76160501,MSI 모던시리즈 모던 15 H C13M-i5 WIN11 64GB램,"_SSD 512GB_2,491,000|_SSD 1TB_2,588,000|SSD 2TB_2,702,000"
122682258,MSI 모던시리즈 모던 16S AI+ G3MG-U5,"SSD 512GB_999,000|_SSD 1TB_1,038,040|_SSD 2TB_1,222,170"
122690761,MSI 모던시리즈 모던 16S AI+ G3MG-U5 16GB램,"SSD 512GB_1,135,790|_SSD 1TB_1,242,220|_SSD 2TB_1,412,390"
122690778,MSI 모던시리즈 모던 16S AI+ G3MG-U5 32GB램,"_SSD 512GB_1,392,560|SSD 1TB_1,499,330|_SSD 2TB_1,667,880"
122682131,MSI 모던시리즈 모던 16S AI+ G3MG-U5 OLED,"SSD 512GB_1,450,880|_SSD 1TB_1,600,640|_SSD 2TB_1,687,300"
122690689,MSI 모던시리즈 모던 16S AI+ G3MG-U5 OLED 32GB램,"_SSD 512GB_1,784,820|_SSD 1TB_1,889,160|SSD 2TB_2,054,320"
122686702,MSI 모던시리즈 모던 16S AI+ G3MG-U5 OLED WIN11,"_SSD 512GB_1,490,780|_SSD 1TB_1,614,880|SSD 2TB_1,752,130|SSD 4TB_2,650,000"
122686708,MSI 모던시리즈 모던 16S AI+ G3MG-U5 OLED WIN11 32GB램,"_SSD 512GB_1,780,940|_SSD 1TB_1,910,510||"
122685021,MSI 모던시리즈 모던 16S AI+ G3MG-U5 WIN11,"_SSD 512GB_966,330|_SSD 1TB_1,083,040|SSD 2TB_1,232,320"
122690716,MSI 모던시리즈 모던 16S AI+ G3MG-U5 WIN11 16GB램,"_SSD 512GB_1,157,090|_SSD 1TB_1,263,570|SSD 2TB_1,432,760|SSD 4TB_2,160,000"
122690730,MSI 모던시리즈 모던 16S AI+ G3MG-U5 WIN11 32GB램,"_SSD 512GB_1,422,090|_SSD 1TB_1,524,520|SSD 2TB_1,694,020|SSD 4TB_2,603,000"
123133986,MSI 모던시리즈 모던 16S AI+ G3MG-U7,"_SSD 512GB_1,097,390|_SSD 1TB_1,295,000|SSD 2TB_1,417,210"
123721456,MSI 모던시리즈 모던 16S AI+ G3MG-U7 16GB램,"_SSD 512GB_1,306,270|SSD 1TB_1,405,780|_SSD 2TB_1,565,400"
123721459,MSI 모던시리즈 모던 16S AI+ G3MG-U7 32GB램,"_SSD 512GB_1,607,950|_SSD 1TB_1,735,370|SSD 2TB_1,884,470"
122688005,MSI 모던시리즈 모던 16S AI+ G3MG-U7 OLED,"_SSD 512GB_1,613,760|_SSD 1TB_1,888,710|"
122699664,MSI 모던시리즈 모던 16S AI+ G3MG-U7 OLED 32GB램,"_SSD 512GB_2,059,080|_SSD 1TB_2,202,240|"
122699676,MSI 모던시리즈 모던 16S AI+ G3MG-U7 OLED WIN11,"_SSD 512GB_1,727,430|SSD 1TB_1,909,310|_SSD 2TB_2,005,810"
122699669,MSI 모던시리즈 모던 16S AI+ G3MG-U7 OLED WIN11 32GB램,"_SSD 512GB_2,087,810|_SSD 1TB_2,217,150|SSD 2TB_2,332,330"
123721471,MSI 모던시리즈 모던 16S AI+ G3MG-U7 WIN11,"_SSD 512GB_1,138,370|_SSD 1TB_1,277,470|SSD 2TB_1,433,350"
123721467,MSI 모던시리즈 모던 16S AI+ G3MG-U7 WIN11 16GB램,"_SSD 512GB_1,310,150|_SSD 1TB_1,416,510|SSD 2TB_1,586,640"
123721464,MSI 모던시리즈 모던 16S AI+ G3MG-U7 WIN11 32GB램,"_SSD 512GB_1,633,070|_SSD 1TB_1,743,670|"
109598213,MSI 모던시리즈 모던 A15 AI+ F3HMG R5,"_SSD 512GB_898,990|_SSD 1TB_1,048,990|SSD 2TB_1,248,950"
109598462,MSI 모던시리즈 모던 A15 AI+ F3HMG R5 32GB램,"_SSD 512GB_1,298,990|_SSD 1TB_1,448,950|SSD 2TB_1,648,850"
109598471,MSI 모던시리즈 모던 A15 AI+ F3HMG R5 WIN11,"_SSD 512GB_998,950|_SSD 1TB_1,148,950|SSD 2TB_1,348,870|SSD 4TB_2,144,330"
109598489,MSI 모던시리즈 모던 A15 AI+ F3HMG R5 WIN11 32GB램,"_SSD 512GB_1,398,890|_SSD 1TB_1,548,730|SSD 2TB_1,658,850|SSD 4TB_2,482,490"
14303381,MSI 모던시리즈 모던14 A10M-i5 16GB램,"SSD 256GB_1,090,000"
14303462,MSI 모던시리즈 모던14 A10M-i5 카본 그레이,"_SSD 500GB_990,000|_SSD 1TB_990,000"
14303582,MSI 모던시리즈 모던14 A10M-i5 카본 그레이 16GB램,"SSD 256GB_1,090,000"
14303609,MSI 모던시리즈 모던14 A10M-i5 카본 그레이 WIN10,"SSD 256GB_990,000"
13549094,MSI 모던시리즈 모던14 B10MW-i5 블루 스톤 WIN10,"_SSD 256GB_990,000|_SSD 500GB_1,090,000|SSD 1TB_1,190,000"
13549157,MSI 모던시리즈 모던14 B10MW-i5 블루 스톤 WIN10 16GB램,"_SSD 256GB_1,190,000|_SSD 500GB_1,390,000|SSD 1TB_1,290,000"
13856600,MSI 모던시리즈 모던14 B10MW-i5 카본 그레이 WIN10,"_SSD 256GB_990,000|_SSD 500GB_1,090,000|SSD 1TB_1,190,000"
13856666,MSI 모던시리즈 모던14 B10MW-i5 카본 그레이 WIN10 16GB램,"_SSD 256GB_1,190,000|SSD 500GB_1,290,000|_SSD 1TB_1,290,000"
13948667,MSI 모던시리즈 모던14 B4MW-R5 카본 그레이,"_SSD 1TB_1,090,000|_SSD 512GB_706,150|SSD 2TB_1,290,000"
13948697,MSI 모던시리즈 모던14 B4MW-R5 카본 그레이 16GB램,"_SSD 1TB_1,490,000|_SSD 512GB_1,290,000"
15340544,MSI 모던시리즈 모던14 B4MW-R5 카본 그레이 WIN10,"SSD 1TB_1,266,590|_SSD 512GB_816,080|_SSD 2TB_1,556,890"
13949087,MSI 모던시리즈 모던14 B4MW-R5 카본 그레이 WIN10 16GB램,"SSD 1TB_1,590,000"
13949006,MSI 모던시리즈 모던14 B4MW-R5 카본 그레이 WIN10 32GB램,"_SSD 1TB_1,990,000|_SSD 512GB_1,890,000"
28366316,MSI 모던시리즈 모던14 B4MW-R5 카본 그레이 WIN11,"_SSD 1TB_1,266,590|_SSD 512GB_813,330|SSD 2TB_1,556,890"
14477384,MSI 모던시리즈 모던14 B4MW-R7 WIN10,"_SSD 500GB_1,050,000|_SSD 1TB_1,090,000"
14477423,MSI 모던시리즈 모던14 B4MW-R7 WIN10 16GB램,"SSD 500GB_1,090,000"
15320066,MSI 모던시리즈 모던14 B5M-R7,"_SSD 1TB_1,590,000|_SSD 512GB_1,390,000"
15319988,MSI 모던시리즈 모던14 B5M-R7 16GB램,"SSD 512GB_1,450,000"
16216106,MSI 모던시리즈 모던14 B5M-R7 32GB램,"_SSD 1TB_1,690,000|_SSD 512GB_1,590,000"
15319955,MSI 모던시리즈 모던14 B5M-R7 WIN10,"SSD 512GB_1,590,000"
15320135,MSI 모던시리즈 모던14 B5M-R7 WIN10 16GB램,"_SSD 1TB_1,570,000|_SSD 512GB_1,580,000"
15320153,MSI 모던시리즈 모던14 B5M-R7 WIN10 32GB램,"SSD 1TB_1,890,000"
17718653,MSI 모던시리즈 모던14 C12M,"_SSD 1TB_1,090,000|_SSD 2TB_1,150,000"
17709392,MSI 모던시리즈 모던14 C12M WIN11,"_SSD 1TB_1,090,000|_SSD 512GB_989,000|SSD 2TB_1,190,000"
17972789,MSI 모던시리즈 모던14 C12M-i5,"_SSD 1TB_890,000|_SSD 2TB_990,000|SSD 512GB_1,170,000"
18992291,MSI 모던시리즈 모던14 C12M-i5 WIN10,"_SSD 512GB_890,000|_SSD 1TB_1,040,000|SSD 2TB_1,289,000"
17972834,MSI 모던시리즈 모던14 C12M-i5 WIN11,"_SSD 512GB_890,000|_SSD 1TB_890,000|SSD 2TB_990,000"
20522285,MSI 모던시리즈 모던14 C12M-i5 베이지 로즈,"_SSD 1TB_990,000|_SSD 2TB_790,000|SSD 512GB_849,000"
20522342,MSI 모던시리즈 모던14 C12M-i5 베이지 로즈 WIN11,"_SSD 1TB_840,000|_SSD 2TB_889,000"
17932730,MSI 모던시리즈 모던14 C5M-R5,"_SSD 1TB_1,159,070|SSD 2TB_1,449,370|_SSD 512GB_708,560"
17932802,MSI 모던시리즈 모던14 C5M-R5 WIN10,"_SSD 1TB_1,266,590|_SSD 2TB_1,550,000|SSD 512GB_816,080"
17932847,MSI 모던시리즈 모던14 C5M-R5 WIN11,"_SSD 1TB_1,266,590|SSD 2TB_1,550,000|_SSD 512GB_810,540"
17932610,MSI 모던시리즈 모던14 C5M-R7,"_SSD 1TB_899,000|_SSD 2TB_999,000|SSD 512GB_840,000"
17932667,MSI 모던시리즈 모던14 C5M-R7 WIN10,"_SSD 1TB_1,149,000|_SSD 2TB_1,099,000|SSD 512GB_799,000"
17932691,MSI 모던시리즈 모던14 C5M-R7 WIN11,"_SSD 1TB_1,049,000|_SSD 2TB_1,099,000|SSD 512GB_999,000"
21540029,MSI 모던시리즈 모던15 A10M-i5 스페이스 그레이 WIN10,"_SSD 256GB_799,000|_SSD 500GB_819,000|SSD 1TB_869,000"
21540095,MSI 모던시리즈 모던15 A10M-i5 스페이스 그레이 WIN11,"_SSD 256GB_1,209,000|_SSD 500GB_819,000|SSD 1TB_889,000"
21538058,MSI 모던시리즈 모던15 A10M-i5 오닉스 블랙 WIN10,"_SSD 256GB_990,000|_SSD 500GB_1,290,000|SSD 1TB_1,490,000"
21538016,MSI 모던시리즈 모던15 A10M-i5 오닉스 블랙 WIN11,"_SSD 256GB_1,249,000|_SSD 500GB_789,000|SSD 1TB_869,000"
14247251,MSI 모던시리즈 모던15 A11M-i5 카본 그레이 WIN10 16GB램,"_SSD 512GB_1,090,000|_SSD 1TB_1,190,000"
14247695,MSI 모던시리즈 모던15 A11M-i5 카본 그레이 WIN10 32GB램,"SSD 2TB_1,590,000"
15179000,MSI 모던시리즈 모던15 A11MU,"SSD 512GB_1,090,000"
15765218,MSI 모던시리즈 모던15 A11MU WIN10 16GB램,"SSD 500GB + SSD 512GB_1,490,000"
18962969,MSI 모던시리즈 모던15 B11M-i5,"_SSD 512GB_790,000|_SSD 1TB_1,260,000|SSD 2TB_1,330,000"
19277063,MSI 모던시리즈 모던15 B11M-i5 WIN10,"_SSD 512GB_1,159,000|_SSD 1TB_1,199,000|SSD 2TB_1,299,000"
19081871,MSI 모던시리즈 모던15 B11M-i5 WIN11,"_SSD 512GB_1,290,000|_SSD 1TB_1,440,000|SSD 2TB_1,550,000"
17971829,MSI 모던시리즈 모던15 B5M-R5 WIN10,"_SSD 512GB_1,299,000|_SSD 2TB_1,599,000"
17923304,MSI 모던시리즈 모던15 B5M-R7,"_SSD 512GB_860,000|_SSD 1TB_959,000|SSD 2TB_1,079,000"
17983223,MSI 모던시리즈 모던15 B5M-R7 WIN10,"_SSD 512GB_1,399,000|_SSD 1TB_1,349,000|SSD 2TB_1,399,000"
17945639,MSI 모던시리즈 모던15 B5M-R7 WIN11,"_SSD 512GB_1,249,000|_SSD 1TB_1,299,000|SSD 2TB_1,349,000"
31407188,MSI 모던시리즈 모던15 H B13M-i5,"_SSD 512GB_885,000|_SSD 2TB_1,390,000"
32042639,MSI 모던시리즈 모던15 H B13M-i5 16GB램,"SSD 512GB_928,060"
68777057,MSI 벡터 16 HX A14VHG-i9 QHD,"_SSD 1TB_5,990,000|_SSD 2TB_5,213,000"
69054254,MSI 벡터 16 HX A14VHG-i9 QHD 64GB램,"_SSD 1TB_5,214,000|_SSD 2TB_5,356,000"
69054263,MSI 벡터 16 HX A14VHG-i9 QHD WIN11,"_SSD 1TB_5,190,000|_SSD 2TB_5,290,000"
69054332,MSI 벡터 16 HX A14VHG-i9 QHD WIN11 64GB램,"_SSD 1TB_5,309,000|_SSD 2TB_5,442,000"
68776976,MSI 벡터 16 HX A14VIG-i9 QHD W11,"_SSD 1TB_7,990,000|SSD 2TB_6,750,000|_SSD 4TB_6,890,000"
69556013,MSI 벡터 16 HX A14VIG-i9 QHD W11 64GB램,"_SSD 1TB_6,790,000|_SSD 2TB_6,990,000|SSD 4TB_6,999,000"
89607152,MSI 벡터 16 HX AI A2XWHG-U7 QHD+,"_SSD 512GB_2,998,000|_SSD 1TB_2,998,000|SSD 2TB_3,083,000|SSD 4TB_3,448,000"
90154757,MSI 벡터 16 HX AI A2XWHG-U7 QHD+ 32GB램,"_SSD 1TB_3,490,000|SSD 512GB_3,490,000|_SSD 2TB_3,690,000|SSD 4TB_4,500,000"
90154766,MSI 벡터 16 HX AI A2XWHG-U7 QHD+ 64GB램,"SSD 512GB_4,490,000|_SSD 1TB_4,640,000|_SSD 2TB_4,840,000|SSD 4TB_5,290,000"
90154805,MSI 벡터 16 HX AI A2XWHG-U7 QHD+ WIN11,"_SSD 512GB_2,749,000|_SSD 1TB_2,812,000|SSD 2TB_2,945,000|SSD 4TB_3,940,000"
90154835,MSI 벡터 16 HX AI A2XWHG-U7 QHD+ WIN11 32GB램,"_SSD 512GB_3,590,000|_SSD 1TB_3,750,000|SSD 2TB_3,990,000|SSD 4TB_4,190,000"
90154847,MSI 벡터 16 HX AI A2XWHG-U7 QHD+ WIN11 64GB램,"SSD 512GB_4,490,000|_SSD 1TB_4,690,000|_SSD 2TB_4,890,000|SSD 4TB_5,290,000"
89607116,MSI 벡터 16 HX AI A2XWHG-U9 QHD+,"_SSD 1TB_4,490,000|_SSD 2TB_3,890,000|SSD 4TB_4,950,000"
90154622,MSI 벡터 16 HX AI A2XWHG-U9 QHD+ 32GB램,"_SSD 1TB_4,200,000|_SSD 2TB_4,599,000|SSD 4TB_5,200,000"
90154631,MSI 벡터 16 HX AI A2XWHG-U9 QHD+ 64GB램,"_SSD 1TB_4,950,000|_SSD 2TB_5,150,000|SSD 4TB_4,988,000"
90154661,MSI 벡터 16 HX AI A2XWHG-U9 QHD+ WIN11,"_SSD 1TB_4,300,000|_SSD 2TB_3,799,000|SSD 4TB_5,000,000"
90154676,MSI 벡터 16 HX AI A2XWHG-U9 QHD+ WIN11 32GB램,"_SSD 1TB_4,555,210|_SSD 2TB_4,654,000|SSD 4TB_5,150,000"
90154685,MSI 벡터 16 HX AI A2XWHG-U9 QHD+ WIN11 64GB램,"_SSD 1TB_5,000,000|_SSD 2TB_5,278,000|SSD 4TB_5,565,000"
79554236,MSI 벡터 16 HX AI A2XWIG-U9 QHD+,"_SSD 1TB_5,800,000|_SSD 2TB_6,000,000|SSD 4TB_6,590,000"
80570081,MSI 벡터 16 HX AI A2XWIG-U9 QHD+ 32GB램,"_SSD 1TB_5,998,000|_SSD 2TB_6,099,000|SSD 4TB_6,890,000"
80570087,MSI 벡터 16 HX AI A2XWIG-U9 QHD+ 64GB램,"_SSD 1TB_6,990,000||_SSD 4TB_7,490,000"
79860104,MSI 벡터 16 HX AI A2XWIG-U9 QHD+ WIN11,"_SSD 1TB_5,736,000|_SSD 2TB_5,766,000|SSD 4TB_6,171,000"
80570141,MSI 벡터 16 HX AI A2XWIG-U9 QHD+ WIN11 32GB램,"_SSD 1TB_6,037,000|_SSD 2TB_6,200,000|SSD 4TB_6,990,000"
80570150,MSI 벡터 16 HX AI A2XWIG-U9 QHD+ WIN11 64GB램,"_SSD 1TB_6,990,000|_SSD 2TB_7,090,000|SSD 4TB_7,690,000"
32067443,MSI 벡터 17 HX A13VHG-i9,"_SSD 1TB_4,400,000|_SSD 2TB_4,790,000"
32109968,MSI 벡터 17 HX A13VHG-i9 32GB램,"_SSD 1TB_4,690,000|_SSD 2TB_4,890,000"
32109995,MSI 벡터 17 HX A13VHG-i9 64GB램,"_SSD 1TB_4,990,000|_SSD 2TB_5,090,000"
42292706,MSI 벡터 17 HX A13VHG-i9 QHD,"_SSD 1TB_4,197,000|_SSD 2TB_4,880,000|SSD 4TB_5,160,000"
46889363,MSI 벡터 17 HX A13VHG-i9 QHD 32GB램,"_SSD 1TB_5,990,000|_SSD 2TB_6,290,000"
46889552,MSI 벡터 17 HX A13VHG-i9 QHD 64GB램,"_SSD 1TB_6,790,000|_SSD 2TB_6,890,000|SSD 4TB_6,990,000"
42858224,MSI 벡터 17 HX A13VHG-i9 QHD WIN11,"_SSD 1TB_5,040,000|_SSD 2TB_5,250,000|SSD 4TB_5,490,000"
42858242,MSI 벡터 17 HX A13VHG-i9 QHD WIN11 32GB램,"_SSD 1TB_5,160,000|_SSD 2TB_5,350,000"
42858308,MSI 벡터 17 HX A13VHG-i9 QHD WIN11 64GB램,"_SSD 1TB_5,290,000|_SSD 2TB_5,490,000|SSD 4TB_7,990,000"
32110049,MSI 벡터 17 HX A13VHG-i9 WIN11,"_SSD 1TB_4,690,000|_SSD 2TB_4,990,000"
32110034,MSI 벡터 17 HX A13VHG-i9 WIN11 32GB램,"_SSD 2TB_4,460,000|_SSD 4TB_4,600,000"
32110013,MSI 벡터 17 HX A13VHG-i9 WIN11 64GB램,"_SSD 1TB_4,460,000|_SSD 2TB_4,560,000|SSD 4TB_5,000,000"
32067710,MSI 벡터 17 HX A14VGG-i9 QHD,"_SSD 1TB_3,839,000|_SSD 2TB_4,039,000|SSD 4TB_4,090,000"
32316101,MSI 벡터 17 HX A14VGG-i9 QHD 32GB램,"_SSD 1TB_3,989,000|_SSD 2TB_4,090,000|SSD 4TB_5,590,000"
32321210,MSI 벡터 17 HX A14VGG-i9 QHD 64GB램,"_SSD 1TB_4,090,000|_SSD 2TB_4,290,000|SSD 4TB_4,589,000"
32325986,MSI 벡터 17 HX A14VGG-i9 QHD WIN11,"_SSD 1TB_3,690,000|_SSD 2TB_3,870,000|SSD 4TB_5,590,000"
32324825,MSI 벡터 17 HX A14VGG-i9 QHD WIN11 32GB램,"_SSD 1TB_3,890,000|_SSD 2TB_3,940,000|SSD 4TB_4,990,000"
32323340,MSI 벡터 17 HX A14VGG-i9 QHD WIN11 64GB램,"_SSD 1TB_4,290,000|_SSD 2TB_4,490,000|SSD 4TB_4,990,000"
32067797,MSI 벡터 17 HX A14VHG-i9 QHD,"_SSD 1TB_4,680,000|_SSD 2TB_4,274,000|SSD 4TB_4,613,000"
32468582,MSI 벡터 17 HX A14VHG-i9 QHD 32GB램,"_SSD 1TB_4,301,000|_SSD 2TB_4,990,000|SSD 4TB_4,799,000"
32468597,MSI 벡터 17 HX A14VHG-i9 QHD 64GB램,"_SSD 1TB_5,990,000|_SSD 2TB_6,290,000|SSD 4TB_6,990,000"
32468663,MSI 벡터 17 HX A14VHG-i9 QHD WIN11,"_SSD 1TB_4,890,000|_SSD 2TB_4,660,000|SSD 4TB_4,759,000"
32468639,MSI 벡터 17 HX A14VHG-i9 QHD WIN11 32GB램,"_SSD 1TB_4,429,000|_SSD 2TB_4,529,000|SSD 4TB_4,799,000"
32468618,MSI 벡터 17 HX A14VHG-i9 QHD WIN11 64GB램,"_SSD 1TB_6,190,000|_SSD 2TB_6,290,000|SSD 4TB_6,490,000"
90438254,MSI 벡터 17 HX AI A2XWHG-U9 QHD+ W11,"_SSD 1TB_4,500,000|_SSD 2TB_4,290,000|SSD 4TB_4,490,000"
91038533,MSI 벡터 17 HX AI A2XWHG-U9 QHD+ W11 64GB램,"_SSD 1TB_4,885,000|_SSD 2TB_5,290,000|SSD 4TB_5,187,000"
91347488,MSI 벡터 17 HX AI A2XWJG-U9 QHD+ W11,"_SSD 2TB_7,800,000|_SSD 4TB_8,265,600"
92107445,MSI 벡터 17 HX AI A2XWJG-U9 QHD+ W11 96GB램,"_SSD 2TB_8,199,000|_SSD 4TB_8,899,000"
94203689,MSI 벡터 18 HX AI A2XWIG-U9 QHD+,"_SSD 2TB_7,601,000|_SSD 4TB_5,717,000"
94522508,MSI 벡터 18 HX AI A2XWIG-U9 QHD+ 64GB램,"_SSD 2TB_6,190,000|_SSD 4TB_9,290,000"
94522541,MSI 벡터 18 HX AI A2XWIG-U9 QHD+ WIN11,"_SSD 2TB_6,673,000|_SSD 4TB_8,575,000"
94522583,MSI 벡터 18 HX AI A2XWIG-U9 QHD+ WIN11 64GB램,"_SSD 2TB_8,100,000|_SSD 4TB_6,490,000"
96313925,MSI 벡터 A16 HX A8WHG-R7 QHD+,"_SSD 512GB_2,619,000|_SSD 1TB_2,684,380||"
96650426,MSI 벡터 A16 HX A8WHG-R7 QHD+ 32GB램,"SSD 512GB_2,925,580|_SSD 1TB_3,029,740|_SSD 2TB_3,147,470|SSD 4TB_3,990,000"
96650471,MSI 벡터 A16 HX A8WHG-R7 QHD+ 64GB램,"_SSD 512GB_3,523,660|SSD 1TB_3,655,700|_SSD 2TB_3,803,910|SSD 4TB_4,790,000"
96649631,MSI 벡터 A16 HX A8WHG-R7 QHD+ WIN11,"_SSD 512GB_2,621,480|_SSD 1TB_2,727,230|SSD 2TB_2,894,530|SSD 4TB_3,534,000"
96649664,MSI 벡터 A16 HX A8WHG-R7 QHD+ WIN11 32GB램,"_SSD 512GB_2,970,400|_SSD 1TB_3,057,950|SSD 2TB_3,197,000|SSD 4TB_4,285,440"
96649655,MSI 벡터 A16 HX A8WHG-R7 QHD+ WIN11 64GB램,"_SSD 512GB_3,573,220|SSD 1TB_3,676,950|_SSD 2TB_3,823,150|SSD 4TB_4,790,000"
96478994,MSI 벡터 A16 HX A8WHG-R9 QHD+,"_SSD 2TB_3,329,000|_SSD 4TB_3,799,000"
96479027,MSI 벡터 A16 HX A8WHG-R9 QHD+ 32GB램,"_SSD 1TB_3,478,000|_SSD 2TB_3,639,000|SSD 4TB_4,800,000"
96479033,MSI 벡터 A16 HX A8WHG-R9 QHD+ 64GB램,"_SSD 1TB_4,300,000|_SSD 2TB_4,500,000|SSD 4TB_5,500,000"
96479006,MSI 벡터 A16 HX A8WHG-R9 QHD+ WIN11,"_SSD 1TB_3,179,000|_SSD 2TB_3,439,000|SSD 4TB_3,858,000"
96479081,MSI 벡터 A16 HX A8WHG-R9 QHD+ WIN11 32GB램,"_SSD 1TB_3,249,000|_SSD 2TB_3,499,000|SSD 4TB_4,850,000"
96479093,MSI 벡터 A16 HX A8WHG-R9 QHD+ WIN11 64GB램,"_SSD 1TB_4,500,000|_SSD 2TB_4,700,000|SSD 4TB_5,500,000"
96313751,MSI 벡터 A16 HX A8WIG-R9 QHD+,"_SSD 1TB_3,990,000|_SSD 2TB_4,631,000|SSD 4TB_4,869,000"
96423305,MSI 벡터 A16 HX A8WIG-R9 QHD+ 32GB램,"_SSD 1TB_4,641,000|_SSD 2TB_4,726,000|SSD 4TB_4,964,000"
96423314,MSI 벡터 A16 HX A8WIG-R9 QHD+ 64GB램,"_SSD 1TB_5,350,000|_SSD 2TB_5,500,000|SSD 4TB_6,100,000"
96423335,MSI 벡터 A16 HX A8WIG-R9 QHD+ WIN11,"_SSD 1TB_4,500,000|_SSD 2TB_4,660,000|SSD 4TB_4,888,000"
96423359,MSI 벡터 A16 HX A8WIG-R9 QHD+ WIN11 32GB램,"_SSD 1TB_4,660,000|_SSD 2TB_4,745,000|SSD 4TB_4,983,000"
96423368,MSI 벡터 A16 HX A8WIG-R9 QHD+ WIN11 64GB램,"_SSD 1TB_5,400,000|_SSD 2TB_5,500,000|SSD 4TB_6,100,000"
90500798,MSI 벡터 A18 HX A9WHG-R9 QHD+,"_SSD 1TB_4,147,000|_SSD 2TB_4,270,000|SSD 4TB_4,862,000"
90574607,MSI 벡터 A18 HX A9WHG-R9 QHD+ 64GB램,"SSD 1TB_4,990,000|_SSD 2TB_5,200,000|_SSD 4TB_6,000,000"
90574652,MSI 벡터 A18 HX A9WHG-R9 QHD+ WIN11,"_SSD 1TB_4,400,000|SSD 2TB_4,600,000|_SSD 4TB_4,413,000"
90574670,MSI 벡터 A18 HX A9WHG-R9 QHD+ WIN11 64GB램,"SSD 1TB_4,990,000|_SSD 2TB_7,194,980|_SSD 4TB_5,800,000"
90436427,MSI 벡터 A18 HX A9WIG-R9 QHD+,"SSD 2TB_5,547,000"
90579134,MSI 벡터 A18 HX A9WIG-R9 QHD+ 64GB램,"_SSD 2TB_6,550,000|_SSD 4TB_6,890,000|SSD 6TB_7,470,000"
90579161,MSI 벡터 A18 HX A9WIG-R9 QHD+ WIN11 64GB램,"_SSD 2TB_6,570,000|_SSD 4TB_6,890,000|SSD 6TB_7,610,000"
79792340,MSI 벤처 A16 AI+ A3HMG-R7 2K OLED,"SSD 512GB_2,290,000|_SSD 1TB_1,795,000|_SSD 2TB_1,750,000|SSD 4TB_2,170,000"
82472744,MSI 벤처 A16 AI+ A3HMG-R7 2K OLED 32GB램,"_SSD 512GB_2,698,790|_SSD 1TB_2,788,790|SSD 2TB_2,878,790|SSD 4TB_3,245,000"
82472759,MSI 벤처 A16 AI+ A3HMG-R7 2K OLED 64GB램,"SSD 512GB_2,868,790|_SSD 1TB_2,998,750|_SSD 2TB_3,088,750|SSD 4TB_3,850,000"
82472714,MSI 벤처 A16 AI+ A3HMG-R7 2K OLED WIN11,"_SSD 512GB_1,745,000|_SSD 1TB_1,847,000|SSD 2TB_1,925,000|SSD 4TB_2,132,000"
82472927,MSI 벤처 A16 AI+ A3HMG-R7 2K OLED WIN11 32GB램,"_SSD 512GB_2,693,190|_SSD 1TB_2,783,190|SSD 2TB_2,873,190|SSD 4TB_3,255,000"
82472939,MSI 벤처 A16 AI+ A3HMG-R7 2K OLED WIN11 64GB램,"SSD 512GB_2,920,840|_SSD 1TB_3,010,840|_SSD 2TB_3,100,840|SSD 4TB_3,926,990"
108420380,MSI 벤처 프로 16 A2RWEG-C7 2K OLED,"_SSD 1TB_1,719,520|_SSD 2TB_2,091,480|SSD 4TB_2,528,430"
122626799,MSI 벤처 프로 16 A2RWEG-C7 2K OLED 32GB램,"_SSD 1TB_2,198,150|SSD 2TB_2,396,490|_SSD 4TB_2,881,820"
122626806,MSI 벤처 프로 16 A2RWEG-C7 2K OLED 64GB램,"_SSD 1TB_2,869,540|SSD 2TB_3,066,750|_SSD 4TB_3,519,210"
122626771,MSI 벤처 프로 16 A2RWEG-C7 2K OLED WIN11,"_SSD 1TB_1,916,580|_SSD 2TB_2,119,960|SSD 4TB_2,549,540"
122626778,MSI 벤처 프로 16 A2RWEG-C7 2K OLED WIN11 32GB램,"_SSD 1TB_2,226,110|_SSD 2TB_2,437,890|SSD 4TB_2,928,410"
122626781,MSI 벤처 프로 16 A2RWEG-C7 2K OLED WIN11 64GB램,"_SSD 1TB_2,921,890|SSD 2TB_3,103,970|_SSD 4TB_3,545,110"
78307247,MSI 벤처 프로 16 AI A1VEG-U7 2K OLED,"_SSD 1TB_2,477,000|_SSD 2TB_2,589,000|SSD 4TB_2,939,000"
78980243,MSI 벤처 프로 16 AI A1VEG-U7 2K OLED 32GB램,"_SSD 1TB_3,090,000|_SSD 2TB_2,796,000|SSD 4TB_3,028,000"
78980264,MSI 벤처 프로 16 AI A1VEG-U7 2K OLED 64GB램,"_SSD 1TB_4,950,000|_SSD 2TB_5,060,000|SSD 4TB_4,350,000"
78988229,MSI 벤처 프로 16 AI A1VEG-U7 2K OLED WIN11,"_SSD 1TB_2,608,000|_SSD 2TB_2,719,000|SSD 4TB_2,956,000"
78988244,MSI 벤처 프로 16 AI A1VEG-U7 2K OLED WIN11 32GB램,"_SSD 1TB_2,689,000|_SSD 2TB_3,490,000|SSD 4TB_3,049,000"
78988250,MSI 벤처 프로 16 AI A1VEG-U7 2K OLED WIN11 64GB램,"_SSD 1TB_3,990,000|_SSD 2TB_2,918,000|SSD 4TB_4,650,000"
122690718,MSI 벤처 프로 A16 AI+ A3HWEG-R9 2K OLED,"_SSD 1TB_3,059,650||_SSD 512GB_2,719,000"
122667307,MSI 벤처 프로 A16 AI+ A3HWEG-R9 2K OLED WIN11,"_SSD 512GB_2,974,030|_SSD 1TB_3,111,150||"
122667311,MSI 벤처 프로 A16 AI+ A3HWEG-R9 2K OLED WIN11 32GB램,"_SSD 512GB_3,366,120|_SSD 1TB_3,504,050||"
122667320,MSI 벤처 프로 A16 AI+ A3HWEG-R9 2K OLED WIN11 64GB램,"_SSD 512GB_3,970,390|_SSD 1TB_4,114,210||"
17922905,MSI 브라보 15 B5ED-R5,"_SSD 512GB_1,590,000|_SSD 1TB_1,640,000|SSD 2TB_1,770,000"
17984960,MSI 브라보 15 B5ED-R5 16GB램,"_SSD 1TB_1,690,000|_SSD 2TB_1,790,000"
17985005,MSI 브라보 15 B5ED-R5 32GB램,"_SSD 1TB_2,290,000|_SSD 2TB_2,490,000"
17985089,MSI 브라보 15 B5ED-R5 WIN11 16GB램,"SSD 2TB_1,990,000"
17985125,MSI 브라보 15 B5ED-R5 WIN11 32GB램,"SSD 2TB_2,490,000"
17985179,MSI 브라보 15 B5ED-R7,"SSD 1TB_1,990,000"
17985242,MSI 브라보 15 B5ED-R7 32GB램,"SSD 1TB_2,090,000"
27626000,MSI 브라보 15 C7VFKP-R9,"_SSD 512GB_2,090,000|_SSD 1TB_2,117,000|SSD 2TB_2,188,000"
27634265,MSI 브라보 15 C7VFKP-R9 16GB램,"_SSD 512GB_2,088,000|_SSD 1TB_2,158,000|SSD 2TB_2,237,000"
27634325,MSI 브라보 15 C7VFKP-R9 32GB램,"_SSD 512GB_2,652,000|_SSD 1TB_2,749,000|SSD 2TB_2,319,000"
27634343,MSI 브라보 15 C7VFKP-R9 64GB램,"_SSD 512GB_3,849,000|_SSD 1TB_3,849,000|SSD 2TB_3,919,000"
27634550,MSI 브라보 15 C7VFKP-R9 WIN11,"_SSD 512GB_2,139,000|_SSD 1TB_2,209,000|SSD 2TB_2,289,000"
27634412,MSI 브라보 15 C7VFKP-R9 WIN11 16GB램,"_SSD 512GB_2,159,000|_SSD 1TB_2,209,000|SSD 2TB_2,289,000"
27634385,MSI 브라보 15 C7VFKP-R9 WIN11 32GB램,"_SSD 512GB_2,749,000|_SSD 1TB_2,829,000|SSD 2TB_2,889,000"
27634367,MSI 브라보 15 C7VFKP-R9 WIN11 64GB램,"_SSD 512GB_3,899,000|_SSD 1TB_3,949,000|SSD 2TB_3,989,000"
20440796,MSI 브라보 17 C7VF,"_SSD 512GB_1,980,000|SSD 1TB_1,970,000|_SSD 2TB_2,030,000|SSD 512GB + SSD 512GB_2,090,000"
20470121,MSI 브라보 17 C7VF 16GB램,"_SSD 512GB_1,890,000|_SSD 1TB_1,950,000|SSD 2TB_2,010,000|SSD 512GB + SSD 512GB_2,090,000"
20470088,MSI 브라보 17 C7VF 32GB램,"_SSD 512GB_2,490,000|_SSD 1TB_2,530,000|SSD 2TB_2,590,000"
20469968,MSI 브라보 17 C7VF 64GB램,"_SSD 512GB_3,099,000|_SSD 1TB_3,170,000|SSD 2TB_3,230,000"
20469764,MSI 브라보 17 C7VF WIN11,"_SSD 512GB_1,890,000|_SSD 1TB_1,980,000|SSD 2TB_2,040,000|SSD 512GB + SSD 512GB_2,490,000"
20469818,MSI 브라보 17 C7VF WIN11 16GB램,"_SSD 512GB_2,000,000|_SSD 1TB_1,960,000|SSD 2TB_2,020,000|SSD 512GB + SSD 512GB_2,490,000"
20469881,MSI 브라보 17 C7VF WIN11 32GB램,"_SSD 512GB_2,490,000|_SSD 1TB_2,530,000|SSD 2TB_2,590,000"
20469899,MSI 브라보 17 C7VF WIN11 64GB램,"_SSD 512GB_3,090,000|_SSD 1TB_3,120,000|SSD 2TB_3,240,000"
22089878,MSI 브라보 17 C7VF 프로,"_SSD 512GB_1,950,000|_SSD 1TB_1,990,000|SSD 2TB_2,050,000|SSD 500GB + SSD 512GB_2,050,000"
24132158,MSI 브라보 17 C7VF 프로 32GB램,"_SSD 512GB_2,520,000|SSD 1TB_2,630,000|_SSD 2TB_2,690,000"
24132203,MSI 브라보 17 C7VF 프로 64GB램,"_SSD 512GB_3,130,000|_SSD 1TB_3,190,000|SSD 2TB_3,250,000|SSD 4TB_3,420,000"
24132218,MSI 브라보 17 C7VF 프로 WIN11,"_SSD 512GB_1,970,000|_SSD 1TB_2,020,000|SSD 2TB_2,150,000|SSD 500GB + SSD 512GB_2,690,000"
24132170,MSI 브라보 17 C7VF 프로 WIN11 32GB램,"_SSD 512GB_2,520,000|_SSD 1TB_2,590,000|SSD 2TB_2,590,000"
24132191,MSI 브라보 17 C7VF 프로 WIN11 64GB램,"_SSD 512GB_3,190,000|_SSD 1TB_3,210,000|SSD 2TB_3,290,000|SSD 4TB_3,380,000"
27626213,MSI 브라보 17 C7VFKP-R9,"_SSD 512GB_2,095,000|_SSD 1TB_2,490,000|SSD 2TB_2,590,000"
27626783,MSI 브라보 17 C7VFKP-R9 32GB램,"_SSD 512GB_2,990,000|_SSD 1TB_2,990,000|SSD 2TB_3,090,000"
27626807,MSI 브라보 17 C7VFKP-R9 64GB램,"_SSD 512GB_3,690,000|_SSD 1TB_3,790,000|SSD 2TB_4,190,000"
27626969,MSI 브라보 17 C7VFKP-R9 WIN11,"_SSD 512GB_2,190,000|_SSD 1TB_2,230,000|SSD 2TB_2,590,000"
27626876,MSI 브라보 17 C7VFKP-R9 WIN11 32GB램,"_SSD 512GB_3,190,000|_SSD 1TB_3,490,000|SSD 2TB_3,490,000"
27626852,MSI 브라보 17 C7VFKP-R9 WIN11 64GB램,"_SSD 512GB_3,990,000|_SSD 1TB_4,790,000|SSD 2TB_4,990,000"
47324363,MSI 사이보그 14 A13VE,"_SSD 512GB_1,990,000|_SSD 1TB_2,326,000|SSD 2TB_2,407,000"
47832065,MSI 사이보그 14 A13VE 16GB램,"_SSD 512GB_2,292,000|_SSD 1TB_2,347,000|SSD 2TB_2,417,000|SSD 4TB_2,299,000"
47832134,MSI 사이보그 14 A13VE 32GB램,"_SSD 512GB_3,347,000|_SSD 1TB_3,427,000|SSD 2TB_3,517,000|SSD 4TB_2,399,000"
47832242,MSI 사이보그 14 A13VE 64GB램,"_SSD 512GB_3,517,000|_SSD 1TB_3,567,000|SSD 2TB_3,627,000|SSD 4TB_2,599,000"
47831528,MSI 사이보그 14 A13VE WIN11,"_SSD 512GB_2,296,000|_SSD 1TB_2,377,000|SSD 2TB_2,437,000|SSD 4TB_2,299,000"
47832074,MSI 사이보그 14 A13VE WIN11 16GB램,"_SSD 512GB_3,990,000|_SSD 1TB_3,990,000|SSD 2TB_2,437,000|SSD 4TB_2,299,000"
47832143,MSI 사이보그 14 A13VE WIN11 32GB램,"_SSD 512GB_5,590,000|_SSD 1TB_5,690,000|SSD 2TB_3,537,000|SSD 4TB_2,499,000"
47832254,MSI 사이보그 14 A13VE WIN11 64GB램,"_SSD 512GB_6,390,000|_SSD 1TB_6,490,000|SSD 2TB_4,490,000|SSD 4TB_2,699,000"
48478598,MSI 사이보그 14 A13VF,"_SSD 1TB_1,740,000|_SSD 2TB_1,890,000|SSD 4TB_2,599,000"
48478811,MSI 사이보그 14 A13VF 32GB램,"_SSD 2TB_2,150,000|_SSD 4TB_2,990,000"
48479090,MSI 사이보그 14 A13VF 64GB램,"_SSD 512GB_3,160,000|SSD 1TB_3,210,000|_SSD 2TB_2,360,000|SSD 4TB_2,999,000"
48478688,MSI 사이보그 14 A13VF WIN11,"SSD 512GB_1,990,000|_SSD 1TB_1,690,000|_SSD 2TB_1,890,000|SSD 4TB_2,639,000"
48478778,MSI 사이보그 14 A13VF WIN11 16GB램,"_SSD 512GB_3,490,000|_SSD 1TB_3,490,000|SSD 2TB_2,490,000|SSD 4TB_2,699,000"
48479054,MSI 사이보그 14 A13VF WIN11 32GB램,"_SSD 512GB_4,090,000|_SSD 1TB_4,190,000|SSD 4TB_2,990,000"
48479123,MSI 사이보그 14 A13VF WIN11 64GB램,"_SSD 512GB_4,790,000|_SSD 1TB_4,990,000|SSD 2TB_2,390,000|SSD 4TB_3,490,000"
19355213,MSI 사이보그 15 A12VE,"SSD 512GB_1,490,000"
19518731,MSI 사이보그 15 A12VE-i5,"_SSD 1TB_2,203,140|_SSD 2TB_2,272,130"
19518785,MSI 사이보그 15 A12VE-i5 16GB램,"_SSD 512GB_2,177,860|_SSD 1TB_2,216,270|SSD 2TB_2,285,360"
19518812,MSI 사이보그 15 A12VE-i5 32GB램,"_SSD 512GB_2,287,520|_SSD 1TB_2,325,840|SSD 2TB_2,394,930"
19424753,MSI 사이보그 15 A12VF 32GB램,"_SSD 2TB_2,490,000|_SSD 4TB_2,999,000"
19424678,MSI 사이보그 15 A12VF WIN11 64GB램,"_SSD 512GB_2,590,000|_SSD 1TB_2,650,000|SSD 2TB_2,750,000|SSD 4TB_3,299,000"
70152434,MSI 사이보그 15 A13VE-i5,"SSD 512GB_1,990,000|_SSD 1TB_2,010,240|_SSD 2TB_1,991,000|SSD 4TB_3,199,000"
71779790,MSI 사이보그 15 A13VE-i5 16GB램,"_SSD 512GB_1,407,820|_SSD 1TB_1,516,660|SSD 2TB_1,678,000|SSD 4TB_3,299,000"
71779799,MSI 사이보그 15 A13VE-i5 32GB램,"_SSD 512GB_1,617,000|_SSD 1TB_1,657,000|SSD 2TB_1,975,970|SSD 4TB_3,399,000"
71779808,MSI 사이보그 15 A13VE-i5 64GB램,"SSD 512GB_2,514,240|_SSD 1TB_2,430,930|_SSD 2TB_2,605,080|SSD 4TB_4,090,000"
71779757,MSI 사이보그 15 A13VE-i5 WIN11,"_SSD 512GB_1,559,900|_SSD 1TB_1,678,000|SSD 2TB_1,778,000|SSD 4TB_2,699,000"
71780135,MSI 사이보그 15 A13VE-i5 WIN11 16GB램,"_SSD 512GB_1,429,580|_SSD 1TB_1,538,430|SSD 2TB_1,591,000|SSD 4TB_2,799,000"
71780144,MSI 사이보그 15 A13VE-i5 WIN11 32GB램,"_SSD 512GB_1,632,000|_SSD 1TB_1,778,000|SSD 2TB_1,878,000|SSD 4TB_2,899,000"
71780153,MSI 사이보그 15 A13VE-i5 WIN11 64GB램,"SSD 512GB_2,340,000|_SSD 1TB_2,450,060|_SSD 2TB_2,590,000|SSD 4TB_3,099,000"
70152746,MSI 사이보그 15 A13VF,"_SSD 512GB_2,646,000|_SSD 1TB_2,470,000|SSD 2TB_2,297,000|SSD 4TB_2,498,000"
71779604,MSI 사이보그 15 A13VF 16GB램,"_SSD 512GB_5,290,000|SSD 1TB_5,313,990|_SSD 2TB_2,210,000|SSD 4TB_3,499,000"
71779613,MSI 사이보그 15 A13VF 32GB램,"_SSD 512GB_2,410,000|_SSD 1TB_2,550,000|SSD 2TB_2,530,000|SSD 4TB_3,599,000"
71779628,MSI 사이보그 15 A13VF 64GB램,"SSD 512GB_2,990,000|_SSD 1TB_4,890,000|_SSD 2TB_5,090,000|SSD 4TB_3,799,000"
71779583,MSI 사이보그 15 A13VF WIN11,"_SSD 512GB_2,090,000|_SSD 1TB_2,190,000|SSD 2TB_2,290,000|SSD 4TB_2,199,000"
71779694,MSI 사이보그 15 A13VF WIN11 16GB램,"_SSD 512GB_2,300,000|SSD 1TB_5,313,870|_SSD 2TB_2,390,000|SSD 4TB_2,950,000"
71779703,MSI 사이보그 15 A13VF WIN11 32GB램,"_SSD 512GB_2,890,000|_SSD 1TB_3,090,000|SSD 2TB_2,890,000|SSD 4TB_2,990,000"
71779712,MSI 사이보그 15 A13VF WIN11 64GB램,"SSD 512GB_3,490,000|_SSD 1TB_4,690,000|_SSD 2TB_4,890,000|SSD 4TB_3,290,000"
32069531,MSI 사이보그 15 AI A1VEK,"SSD 512GB_1,490,000|_SSD 1TB_1,330,320|_SSD 2TB_1,516,130|SSD 4TB_3,550,000"
32104226,MSI 사이보그 15 AI A1VEK 16GB램,"_SSD 512GB_1,398,990|_SSD 1TB_1,464,890|SSD 2TB_1,635,740|SSD 4TB_2,990,000"
32104256,MSI 사이보그 15 AI A1VEK 32GB램,"SSD 512GB_1,737,690|_SSD 1TB_1,815,770|_SSD 2TB_2,018,990|SSD 4TB_3,490,000"
32104274,MSI 사이보그 15 AI A1VEK 64GB램,"_SSD 512GB_2,402,400|_SSD 1TB_2,445,020|SSD 2TB_2,685,390|SSD 4TB_3,790,000"
32104358,MSI 사이보그 15 AI A1VEK WIN11,"_SSD 512GB_1,218,990|_SSD 1TB_1,343,560|SSD 2TB_1,538,090|SSD 4TB_2,290,000"
32104331,MSI 사이보그 15 AI A1VEK WIN11 16GB램,"_SSD 512GB_1,395,150|_SSD 1TB_1,495,720|SSD 2TB_1,694,210|SSD 4TB_2,990,000"
32104313,MSI 사이보그 15 AI A1VEK WIN11 32GB램,"_SSD 512GB_1,735,610|_SSD 1TB_1,845,050|SSD 2TB_2,038,990|SSD 4TB_3,590,000"
32104298,MSI 사이보그 15 AI A1VEK WIN11 64GB램,"_SSD 512GB_2,424,170|SSD 1TB_2,533,010|_SSD 2TB_2,629,120|SSD 4TB_3,490,000"
32066777,MSI 사이보그 15 AI A1VEK-U5,"SSD 512GB_1,199,000|_SSD 1TB_1,308,990|_SSD 2TB_1,506,010|SSD 4TB_2,490,000"
32350832,MSI 사이보그 15 AI A1VEK-U5 16GB램,"_SSD 512GB_1,398,990|_SSD 1TB_1,508,990|SSD 2TB_1,678,990|SSD 4TB_1,990,000"
32357816,MSI 사이보그 15 AI A1VEK-U5 32GB램,"SSD 512GB_1,679,280|_SSD 1TB_1,788,120|_SSD 2TB_1,962,270|SSD 4TB_2,490,000"
32364545,MSI 사이보그 15 AI A1VEK-U5 64GB램,"_SSD 512GB_2,310,570|_SSD 1TB_2,419,410|SSD 2TB_2,593,560|SSD 4TB_3,290,000"
32376950,MSI 사이보그 15 AI A1VEK-U5 WIN11,"_SSD 512GB_1,242,190|_SSD 1TB_1,352,070|SSD 2TB_1,527,970|SSD 4TB_1,990,000"
32373836,MSI 사이보그 15 AI A1VEK-U5 WIN11 16GB램,"_SSD 512GB_1,439,830|_SSD 1TB_1,548,670|SSD 2TB_1,722,820|SSD 4TB_2,290,000"
32371907,MSI 사이보그 15 AI A1VEK-U5 WIN11 32GB램,"_SSD 512GB_1,701,050|_SSD 1TB_1,809,890|SSD 2TB_1,984,040|SSD 4TB_2,990,000"
32366354,MSI 사이보그 15 AI A1VEK-U5 WIN11 64GB램,"SSD 512GB_2,332,340|_SSD 1TB_2,441,180|_SSD 2TB_2,615,330|SSD 4TB_3,090,000"
32066963,MSI 사이보그 15 AI A1VFK,"_SSD 512GB_3,190,000|_SSD 1TB_3,290,000|SSD 2TB_3,390,000|SSD 4TB_3,590,000"
32108552,MSI 사이보그 15 AI A1VFK 16GB램,"_SSD 512GB_3,490,000|SSD 1TB_3,590,000|_SSD 2TB_3,690,000|SSD 4TB_2,790,000"
32109551,MSI 사이보그 15 AI A1VFK 32GB램,"_SSD 512GB_5,390,000|_SSD 1TB_5,490,000|SSD 2TB_5,590,000|SSD 4TB_2,990,000"
32109590,MSI 사이보그 15 AI A1VFK 64GB램,"_SSD 512GB_2,375,700|_SSD 1TB_2,506,200|SSD 2TB_2,613,750|SSD 4TB_3,890,000"
32109752,MSI 사이보그 15 AI A1VFK WIN11,"_SSD 512GB_5,190,000|_SSD 1TB_5,190,000|SSD 2TB_5,190,000|SSD 4TB_2,890,000"
32109719,MSI 사이보그 15 AI A1VFK WIN11 16GB램,"_SSD 512GB_3,590,000|_SSD 1TB_3,690,000|SSD 2TB_5,290,000|SSD 4TB_2,790,000"
32109671,MSI 사이보그 15 AI A1VFK WIN11 32GB램,"_SSD 512GB_4,190,000|_SSD 1TB_4,290,000|SSD 2TB_5,690,000|SSD 4TB_4,590,000"
32109638,MSI 사이보그 15 AI A1VFK WIN11 64GB램,"_SSD 512GB_2,419,010|_SSD 1TB_2,522,370|SSD 2TB_2,626,670|SSD 4TB_5,090,000"
32066897,MSI 사이보그 15 AI A1VFK-U5,"SSD 512GB_2,840,000|_SSD 1TB_5,190,000|_SSD 2TB_5,190,000"
32126864,MSI 사이보그 15 AI A1VFK-U5 16GB램,"_SSD 512GB_5,190,000|_SSD 1TB_5,190,000|SSD 2TB_5,190,000"
32126879,MSI 사이보그 15 AI A1VFK-U5 32GB램,"_SSD 512GB_5,190,000|_SSD 1TB_5,190,000|SSD 2TB_5,190,000"
32126894,MSI 사이보그 15 AI A1VFK-U5 64GB램,"_SSD 512GB_5,190,000|SSD 1TB_5,190,000|_SSD 2TB_5,190,000"
32126963,MSI 사이보그 15 AI A1VFK-U5 WIN11,"_SSD 512GB_5,190,000|SSD 1TB_5,190,000|_SSD 2TB_5,190,000"
32126945,MSI 사이보그 15 AI A1VFK-U5 WIN11 16GB램,"_SSD 512GB_5,190,000|_SSD 1TB_5,190,000|SSD 2TB_5,190,000"
32126927,MSI 사이보그 15 AI A1VFK-U5 WIN11 32GB램,"_SSD 512GB_5,190,000|_SSD 1TB_5,190,000|SSD 2TB_5,190,000"
32126903,MSI 사이보그 15 AI A1VFK-U5 WIN11 64GB램,"SSD 512GB_5,190,000|_SSD 1TB_5,190,000|_SSD 2TB_5,190,000"
108692906,MSI 사이보그 15 B13WEKG-i5,"_SSD 512GB_1,569,000|_SSD 1TB_1,757,160|SSD 2TB_1,908,360"
109680671,MSI 사이보그 15 B13WEKG-i5 32GB램,"SSD 512GB_1,949,860|_SSD 1TB_2,115,550|_SSD 2TB_2,236,330"
122627145,MSI 사이보그 15 B13WEKG-i5 64GB램,"_SSD 512GB_2,703,430|_SSD 1TB_2,840,670|SSD 2TB_2,957,230"
109680686,MSI 사이보그 15 B13WEKG-i5 WIN11,"_SSD 512GB_1,676,350|_SSD 1TB_1,832,990|SSD 2TB_1,940,530"
122627166,MSI 사이보그 15 B13WEKG-i5 WIN11 32GB램,"_SSD 512GB_2,013,420|_SSD 1TB_2,103,070|SSD 2TB_2,259,750"
122627177,MSI 사이보그 15 B13WEKG-i5 WIN11 64GB램,"_SSD 512GB_2,672,410|_SSD 1TB_2,809,650|SSD 2TB_2,925,270"
106708919,MSI 사이보그 15 B13WEKG-i7,"_SSD 512GB_1,669,000|_SSD 1TB_1,858,970|SSD 2TB_1,983,000|SSD 4TB_2,643,500"
108219572,MSI 사이보그 15 B13WEKG-i7 32GB램,"_SSD 512GB_2,036,040|_SSD 1TB_2,252,640|SSD 2TB_2,416,040|SSD 4TB_3,099,390"
108219608,MSI 사이보그 15 B13WEKG-i7 64GB램,"SSD 512GB_2,785,590|_SSD 1TB_2,924,330|_SSD 2TB_2,992,400|SSD 4TB_3,766,440"
106763138,MSI 사이보그 15 B13WEKG-i7 WIN11,"_SSD 512GB_1,664,440|_SSD 1TB_1,842,740|SSD 2TB_1,948,290|SSD 4TB_2,848,000"
106763213,MSI 사이보그 15 B13WEKG-i7 WIN11 32GB램,"_SSD 512GB_1,994,470|_SSD 1TB_2,230,240|SSD 2TB_2,365,910|SSD 4TB_3,228,000"
106763222,MSI 사이보그 15 B13WEKG-i7 WIN11 64GB램,"_SSD 512GB_2,760,660|SSD 1TB_2,874,700|_SSD 2TB_2,998,600|SSD 4TB_3,859,510"
94204634,MSI 사이보그 15 B2RWEKG-C5,"SSD 512GB_1,769,650|_SSD 1TB_1,320,150|_SSD 2TB_1,492,700|SSD 4TB_2,176,090"
94635200,MSI 사이보그 15 B2RWEKG-C5 16GB램,"_SSD 1TB_1,503,540|_SSD 512GB_1,387,450|SSD 2TB_1,669,860|SSD 4TB_2,334,010"
94635224,MSI 사이보그 15 B2RWEKG-C5 32GB램,"_SSD 1TB_1,788,120|SSD 512GB_1,679,280|_SSD 2TB_1,962,270|SSD 4TB_2,672,410"
94635272,MSI 사이보그 15 B2RWEKG-C5 64GB램,"_SSD 1TB_2,419,410|SSD 512GB_2,310,570|_SSD 2TB_2,593,560|SSD 4TB_3,305,970"
94690670,MSI 사이보그 15 B2RWEKG-C5 WIN11,"_SSD 1TB_1,341,920|_SSD 512GB_1,228,440|SSD 2TB_1,499,190|SSD 4TB_2,196,770"
94690697,MSI 사이보그 15 B2RWEKG-C5 WIN11 16GB램,"_SSD 512GB_1,353,810|_SSD 1TB_1,514,680|SSD 2TB_1,699,450|SSD 4TB_2,299,990"
94690739,MSI 사이보그 15 B2RWEKG-C5 WIN11 32GB램,"_SSD 512GB_1,700,000|_SSD 1TB_1,809,890|SSD 2TB_1,973,000|SSD 4TB_2,550,000"
94690796,MSI 사이보그 15 B2RWEKG-C5 WIN11 64GB램,"_SSD 512GB_2,321,180|_SSD 1TB_2,440,460|SSD 2TB_2,587,710|SSD 4TB_3,326,650"
94262492,MSI 사이보그 15 B2RWEKG-C7,"_SSD 1TB_1,516,690|_SSD 512GB_1,387,090|SSD 2TB_1,660,660"
94262456,MSI 사이보그 15 B2RWEKG-C7 16GB램,"_SSD 512GB_1,507,780|SSD 1TB_1,667,780|_SSD 2TB_1,757,620"
94262540,MSI 사이보그 15 B2RWEKG-C7 32GB램,"_SSD 512GB_1,969,930|_SSD 1TB_2,048,710|SSD 2TB_2,150,000|SSD 4TB_3,019,000"
94262549,MSI 사이보그 15 B2RWEKG-C7 64GB램,"_SSD 512GB_2,636,750|_SSD 1TB_2,758,030|SSD 2TB_2,923,720|SSD 4TB_3,698,990"
94262507,MSI 사이보그 15 B2RWEKG-C7 WIN11,"SSD 512GB_1,365,820|_SSD 1TB_1,545,470|_SSD 2TB_1,629,970|SSD 4TB_2,587,000"
94262675,MSI 사이보그 15 B2RWEKG-C7 WIN11 16GB램,"SSD 512GB_1,518,260|_SSD 1TB_1,655,560|_SSD 2TB_1,702,300|SSD 4TB_2,597,000"
94262636,MSI 사이보그 15 B2RWEKG-C7 WIN11 32GB램,"_SSD 512GB_1,850,980|_SSD 1TB_2,006,290|SSD 2TB_2,099,000|SSD 4TB_3,067,000"
94447436,MSI 사이보그 15 B2RWEKG-C7 WIN11 64GB램,"_SSD 512GB_2,531,590|_SSD 1TB_2,602,130|SSD 2TB_2,848,580|SSD 4TB_3,717,000"
99733247,MSI 사이보그 15 B2RWFKG-C5,"_SSD 512GB_1,248,990|_SSD 1TB_1,398,000|SSD 2TB_1,552,000|SSD 4TB_2,254,950"
99836666,MSI 사이보그 15 B2RWFKG-C5 16GB램,"_SSD 512GB_1,402,910|_SSD 1TB_1,624,000|SSD 2TB_1,756,870|SSD 4TB_2,435,830"
99836675,MSI 사이보그 15 B2RWFKG-C5 32GB램,"_SSD 512GB_1,792,000|_SSD 1TB_1,919,000|SSD 2TB_2,027,000|SSD 4TB_2,948,970"
99836684,MSI 사이보그 15 B2RWFKG-C5 64GB램,"_SSD 512GB_2,299,000|SSD 1TB_2,400,000|_SSD 2TB_2,500,000|SSD 4TB_3,584,600"
99836711,MSI 사이보그 15 B2RWFKG-C5 WIN11,"_SSD 512GB_1,269,840|_SSD 1TB_1,459,870|SSD 2TB_1,648,740|SSD 4TB_2,275,070"
99836723,MSI 사이보그 15 B2RWFKG-C5 WIN11 16GB램,"_SSD 512GB_1,421,870|_SSD 1TB_1,624,000|SSD 2TB_1,777,050|SSD 4TB_2,345,000"
99836732,MSI 사이보그 15 B2RWFKG-C5 WIN11 32GB램,"_SSD 512GB_1,896,850|_SSD 1TB_2,049,000|SSD 2TB_2,050,000|SSD 4TB_2,969,850"
99836741,MSI 사이보그 15 B2RWFKG-C5 WIN11 64GB램,"SSD 512GB_2,334,000|_SSD 1TB_2,419,000|_SSD 2TB_2,519,000|SSD 4TB_3,605,620"
99732854,MSI 사이보그 15 B2RWFKG-C7,"SSD 512GB_1,320,000|_SSD 1TB_1,949,000|_SSD 2TB_2,000,000|SSD 4TB_2,450,000"
99895508,MSI 사이보그 15 B2RWFKG-C7 16GB램,"_SSD 512GB_1,647,000|_SSD 1TB_1,796,000|SSD 2TB_1,946,000|SSD 4TB_2,199,000"
99895535,MSI 사이보그 15 B2RWFKG-C7 32GB램,"_SSD 512GB_2,199,000|_SSD 1TB_2,349,000|SSD 2TB_2,499,000|SSD 4TB_2,750,000"
99895565,MSI 사이보그 15 B2RWFKG-C7 64GB램,"_SSD 512GB_3,030,000|_SSD 1TB_3,200,000|SSD 2TB_3,242,670|SSD 4TB_4,000,000"
99896180,MSI 사이보그 15 B2RWFKG-C7 WIN11,"_SSD 512GB_1,618,080|_SSD 1TB_1,848,000|SSD 2TB_1,998,000|SSD 4TB_2,248,000"
99896240,MSI 사이보그 15 B2RWFKG-C7 WIN11 16GB램,"_SSD 512GB_1,789,000|_SSD 1TB_2,116,540|SSD 2TB_2,260,920|SSD 4TB_2,599,000"
99896285,MSI 사이보그 15 B2RWFKG-C7 WIN11 32GB램,"_SSD 512GB_2,290,000|_SSD 1TB_2,443,790|SSD 2TB_2,588,170|SSD 4TB_2,849,000"
99896318,MSI 사이보그 15 B2RWFKG-C7 WIN11 64GB램,"_SSD 512GB_3,545,170|_SSD 1TB_3,127,170|SSD 2TB_3,271,540|SSD 4TB_4,149,000"
122708738,MSI 사이보그 15 MAX C2WF-C7,"_SSD 512GB_2,349,720|_SSD 1TB_2,544,350|"
122712440,MSI 사이보그 15 MAX C2WF-C7 32GB램,"_SSD 512GB_2,791,060|_SSD 1TB_2,898,410|"
122712444,MSI 사이보그 15 MAX C2WF-C7 64GB램,"_SSD 512GB_3,343,240|_SSD 1TB_3,552,040|"
122712450,MSI 사이보그 15 MAX C2WF-C7 WIN11,"SSD 512GB_2,448,840|_SSD 1TB_2,574,590|_SSD 2TB_2,658,880"
122712455,MSI 사이보그 15 MAX C2WF-C7 WIN11 32GB램,"SSD 512GB_2,811,780|_SSD 1TB_2,918,520|_SSD 2TB_3,025,440"
122712458,MSI 사이보그 15 MAX C2WF-C7 WIN11 64GB램,"SSD 512GB_3,400,990|_SSD 1TB_3,541,790|_SSD 2TB_3,649,110"
94692443,MSI 사이보그 17 B2RWEKG-C5,"_SSD 512GB_1,235,600|_SSD 1TB_1,326,290|SSD 2TB_1,476,690|SSD 4TB_1,981,390"
95202380,MSI 사이보그 17 B2RWEKG-C5 16GB램,"_SSD 512GB_1,391,240|_SSD 1TB_1,521,970|SSD 2TB_1,668,050|SSD 4TB_2,140,370"
95202500,MSI 사이보그 17 B2RWEKG-C5 32GB램,"_SSD 512GB_1,727,710|SSD 1TB_1,830,010|_SSD 2TB_1,993,950|SSD 4TB_2,477,890"
95202893,MSI 사이보그 17 B2RWEKG-C5 64GB램,"_SSD 512GB_2,353,450|_SSD 1TB_2,393,130|SSD 2TB_2,605,150|SSD 4TB_3,315,000"
95202284,MSI 사이보그 17 B2RWEKG-C5 WIN11,"_SSD 512GB_1,243,500|SSD 1TB_1,347,050|_SSD 2TB_1,479,000|SSD 4TB_2,006,890"
95202350,MSI 사이보그 17 B2RWEKG-C5 WIN11 16GB램,"_SSD 512GB_1,402,860|_SSD 1TB_1,506,430|SSD 2TB_1,664,570|SSD 4TB_2,164,810"
95202467,MSI 사이보그 17 B2RWEKG-C5 WIN11 32GB램,"_SSD 512GB_1,749,820|_SSD 1TB_1,826,640|SSD 2TB_2,018,450|SSD 4TB_2,503,210"
95202875,MSI 사이보그 17 B2RWEKG-C5 WIN11 64GB램,"_SSD 512GB_2,327,400|SSD 1TB_2,414,130|_SSD 2TB_2,628,390|SSD 4TB_3,480,050"
94640153,MSI 사이보그 17 B2RWEKG-C7,"_SSD 512GB_1,289,000|_SSD 1TB_1,478,610|SSD 2TB_1,596,900|SSD 4TB_2,371,530"
95055344,MSI 사이보그 17 B2RWEKG-C7 16GB램,"_SSD 512GB_1,466,520|_SSD 1TB_1,585,140|SSD 2TB_1,678,000|SSD 4TB_2,408,910"
95055407,MSI 사이보그 17 B2RWEKG-C7 32GB램,"_SSD 512GB_1,800,000|_SSD 1TB_1,900,000|SSD 2TB_2,000,000|SSD 4TB_2,930,900"
95055476,MSI 사이보그 17 B2RWEKG-C7 64GB램,"_SSD 512GB_2,200,000|SSD 1TB_2,300,000|_SSD 2TB_2,400,000|SSD 4TB_3,350,000"
95055215,MSI 사이보그 17 B2RWEKG-C7 WIN11,"_SSD 512GB_1,334,220|SSD 1TB_1,466,300|_SSD 2TB_1,585,580"
95055320,MSI 사이보그 17 B2RWEKG-C7 WIN11 16GB램,"_SSD 512GB_1,447,620|_SSD 1TB_1,574,960|SSD 2TB_1,694,950|SSD 4TB_2,547,400"
95055371,MSI 사이보그 17 B2RWEKG-C7 WIN11 32GB램,"_SSD 512GB_1,835,740|_SSD 1TB_1,965,210|SSD 2TB_2,128,640|SSD 4TB_2,950,000"
95055470,MSI 사이보그 17 B2RWEKG-C7 WIN11 64GB램,"_SSD 512GB_2,360,000|SSD 1TB_2,460,000|_SSD 2TB_2,600,000|SSD 4TB_3,500,000"
99733358,MSI 사이보그 17 B2RWFKG-C5,"_SSD 512GB_1,307,000|_SSD 1TB_1,479,000|SSD 2TB_1,689,000|SSD 4TB_2,261,900"
99836906,MSI 사이보그 17 B2RWFKG-C5 16GB램,"_SSD 512GB_1,498,000|_SSD 1TB_1,690,000|SSD 2TB_1,890,000|SSD 4TB_2,471,490"
99836918,MSI 사이보그 17 B2RWFKG-C5 32GB램,"SSD 512GB_2,000,000|_SSD 1TB_2,210,000|_SSD 2TB_2,299,000|SSD 4TB_2,819,390"
99836933,MSI 사이보그 17 B2RWFKG-C5 64GB램,"SSD 512GB_2,339,000|_SSD 1TB_2,649,000|_SSD 2TB_2,849,000|SSD 4TB_3,428,650"
99836942,MSI 사이보그 17 B2RWFKG-C5 WIN11,"_SSD 512GB_1,368,000|_SSD 1TB_1,568,000|SSD 2TB_1,768,000|SSD 4TB_2,286,250"
99836972,MSI 사이보그 17 B2RWFKG-C5 WIN11 16GB램,"_SSD 512GB_1,518,990|_SSD 1TB_1,718,990|SSD 2TB_1,900,000|SSD 4TB_2,450,000"
99836981,MSI 사이보그 17 B2RWFKG-C5 WIN11 32GB램,"_SSD 512GB_2,000,000|_SSD 1TB_2,128,060|SSD 2TB_2,301,960|SSD 4TB_2,600,000"
99836990,MSI 사이보그 17 B2RWFKG-C5 WIN11 64GB램,"_SSD 512GB_2,560,000|SSD 1TB_2,669,000|SSD 2TB_2,844,000|_SSD 4TB_3,050,990"
99733133,MSI 사이보그 17 B2RWFKG-C7,"_SSD 512GB_1,845,740|_SSD 1TB_1,699,000|SSD 2TB_1,978,590|SSD 4TB_2,295,000"
99745187,MSI 사이보그 17 B2RWFKG-C7 16GB램,"_SSD 512GB_1,730,000|_SSD 1TB_1,909,000|SSD 2TB_2,199,000|SSD 4TB_2,411,000"
99745205,MSI 사이보그 17 B2RWFKG-C7 32GB램,"_SSD 512GB_2,198,990|_SSD 1TB_2,308,990|SSD 2TB_2,438,990|SSD 4TB_3,031,000"
99889196,MSI 사이보그 17 B2RWFKG-C7 64GB램,"SSD 512GB_2,782,990|_SSD 1TB_2,778,990|_SSD 2TB_2,800,000|SSD 4TB_3,800,000"
99889238,MSI 사이보그 17 B2RWFKG-C7 WIN11,"_SSD 512GB_1,690,000|_SSD 1TB_1,935,160|SSD 2TB_2,003,960|SSD 4TB_2,582,000"
99745226,MSI 사이보그 17 B2RWFKG-C7 WIN11 16GB램,"_SSD 512GB_1,819,000|_SSD 1TB_1,929,000|SSD 2TB_2,198,000|SSD 4TB_2,500,000"
99745244,MSI 사이보그 17 B2RWFKG-C7 WIN11 32GB램,"_SSD 512GB_2,218,990|_SSD 1TB_2,328,990|SSD 2TB_2,458,990|SSD 4TB_2,799,000"
99889304,MSI 사이보그 17 B2RWFKG-C7 WIN11 64GB램,"SSD 512GB_2,804,990|_SSD 1TB_2,700,000|_SSD 2TB_2,800,000|SSD 4TB_3,800,000"
124101523,MSI 사이보그 17 블랙 에디션 B2RWF-C7,"SSD 512GB_2,619,000"
96261701,MSI 사이보그 A15 AI B2HWEKG-R5,"_SSD 512GB_1,182,470|_SSD 1TB_1,310,310|SSD 2TB_1,424,090|SSD 4TB_1,901,570"
96655721,MSI 사이보그 A15 AI B2HWEKG-R5 16GB램,"_SSD 512GB_1,330,990|_SSD 1TB_1,469,170|SSD 2TB_1,577,890|SSD 4TB_2,060,430"
96655682,MSI 사이보그 A15 AI B2HWEKG-R5 32GB램,"_SSD 512GB_1,662,490|_SSD 1TB_1,806,630|SSD 2TB_1,923,190|SSD 4TB_2,397,890"
96655754,MSI 사이보그 A15 AI B2HWEKG-R5 64GB램,"_SSD 512GB_2,355,590|_SSD 1TB_2,493,810|SSD 2TB_2,609,390|SSD 4TB_2,850,000"
96477896,MSI 사이보그 A15 AI B2HWEKG-R5 WIN11,"_SSD 512GB_1,194,730|_SSD 1TB_1,331,970|SSD 2TB_1,448,530|SSD 4TB_1,924,170"
96477905,MSI 사이보그 A15 AI B2HWEKG-R5 WIN11 16GB램,"_SSD 512GB_1,353,590|_SSD 1TB_1,490,830|SSD 2TB_1,607,390|SSD 4TB_2,082,090"
96477920,MSI 사이보그 A15 AI B2HWEKG-R5 WIN11 32GB램,"_SSD 512GB_1,691,050|_SSD 1TB_1,829,230|SSD 2TB_1,944,850|SSD 4TB_2,420,490"
96477932,MSI 사이보그 A15 AI B2HWEKG-R5 WIN11 64GB램,"SSD 512GB_2,300,000|_SSD 1TB_2,500,000|_SSD 2TB_2,631,050|SSD 4TB_3,106,690"
97357409,MSI 사이보그 A15 AI B2HWEKG-R7,"_SSD 512GB_1,499,000|_SSD 1TB_1,341,000|SSD 2TB_1,540,310|SSD 4TB_2,449,000"
97567340,MSI 사이보그 A15 AI B2HWEKG-R7 16GB램,"_SSD 512GB_1,359,930|_SSD 1TB_1,521,000|SSD 2TB_1,749,270|SSD 4TB_2,498,960"
97567397,MSI 사이보그 A15 AI B2HWEKG-R7 32GB램,"SSD 512GB_1,759,000|_SSD 1TB_1,871,000|_SSD 2TB_1,960,000|SSD 4TB_2,661,000"
97958552,MSI 사이보그 A15 AI B2HWEKG-R7 64GB램,"SSD 512GB_2,564,910|_SSD 1TB_2,679,760|_SSD 2TB_2,823,320|SSD 4TB_3,764,990"
97567508,MSI 사이보그 A15 AI B2HWEKG-R7 WIN11,"_SSD 512GB_1,300,570|_SSD 1TB_1,369,000|SSD 2TB_1,469,000|SSD 4TB_2,669,350"
97567589,MSI 사이보그 A15 AI B2HWEKG-R7 WIN11 16GB램,"_SSD 512GB_1,421,960|_SSD 1TB_1,575,870|SSD 2TB_1,682,330|SSD 4TB_2,681,280"
97567595,MSI 사이보그 A15 AI B2HWEKG-R7 WIN11 32GB램,"_SSD 512GB_1,769,000|_SSD 1TB_1,899,000|SSD 2TB_1,999,000|SSD 4TB_2,350,000"
97958570,MSI 사이보그 A15 AI B2HWEKG-R7 WIN11 64GB램,"_SSD 512GB_2,593,640|_SSD 1TB_2,708,480|SSD 2TB_2,852,030|SSD 4TB_3,530,480"
95058218,MSI 사이보그 A15 AI B2HWFKG-R7,"_SSD 512GB_1,626,870|_SSD 1TB_1,747,490|SSD 2TB_1,877,490|SSD 4TB_2,750,000"
95419745,MSI 사이보그 A15 AI B2HWFKG-R7 32GB램,"_SSD 512GB_2,027,610|SSD 1TB_2,156,570|_SSD 2TB_2,224,430|SSD 4TB_3,500,000"
95419760,MSI 사이보그 A15 AI B2HWFKG-R7 64GB램,"_SSD 512GB_2,588,340|_SSD 1TB_2,733,370|SSD 2TB_2,822,970|SSD 4TB_3,762,150"
95341262,MSI 사이보그 A15 AI B2HWFKG-R7 WIN11,"_SSD 512GB_1,708,290|_SSD 1TB_1,856,250|SSD 2TB_1,961,270|SSD 4TB_2,579,000"
95341307,MSI 사이보그 A15 AI B2HWFKG-R7 WIN11 32GB램,"_SSD 512GB_2,032,400|_SSD 1TB_2,151,040|SSD 2TB_2,305,580|SSD 4TB_3,219,000"
95341319,MSI 사이보그 A15 AI B2HWFKG-R7 WIN11 64GB램,"_SSD 512GB_2,729,410|_SSD 1TB_2,887,810|SSD 2TB_2,958,650|SSD 4TB_3,768,000"
94692653,MSI 사이보그 A17 AI B2HWEKG-R5,"SSD 512GB_1,429,000|_SSD 1TB_1,224,630|_SSD 2TB_1,388,940|SSD 4TB_2,122,490"
94997516,MSI 사이보그 A17 AI B2HWEKG-R5 16GB램,"_SSD 512GB_1,296,410|_SSD 1TB_1,399,170|SSD 2TB_1,563,600|SSD 4TB_2,281,350"
94997573,MSI 사이보그 A17 AI B2HWEKG-R5 32GB램,"_SSD 512GB_1,651,590|_SSD 1TB_1,760,610|SSD 2TB_1,926,890|SSD 4TB_2,661,130"
94997612,MSI 사이보그 A17 AI B2HWEKG-R5 64GB램,"_SSD 512GB_2,249,990|_SSD 1TB_2,408,980|SSD 2TB_2,569,960|SSD 4TB_3,305,940"
94997648,MSI 사이보그 A17 AI B2HWEKG-R5 WIN11,"_SSD 512GB_1,142,400|_SSD 1TB_1,304,540|SSD 2TB_1,409,590|SSD 4TB_2,196,770"
94997693,MSI 사이보그 A17 AI B2HWEKG-R5 WIN11 16GB램,"_SSD 512GB_1,317,060|_SSD 1TB_1,478,610|SSD 2TB_1,571,600|SSD 4TB_2,355,630"
94997714,MSI 사이보그 A17 AI B2HWEKG-R5 WIN11 32GB램,"_SSD 512GB_1,667,250|_SSD 1TB_1,778,950|SSD 2TB_1,923,840|SSD 4TB_2,682,750"
94997768,MSI 사이보그 A17 AI B2HWEKG-R5 WIN11 64GB램,"_SSD 512GB_2,261,230|_SSD 1TB_2,350,000|SSD 2TB_2,575,230|SSD 4TB_3,326,650"
94692539,MSI 사이보그 A17 AI B2HWEKG-R7,"_SSD 512GB_1,198,990|_SSD 1TB_1,348,990|SSD 2TB_1,548,990"
94931804,MSI 사이보그 A17 AI B2HWEKG-R7 16GB램,"_SSD 512GB_1,398,990|_SSD 1TB_1,548,990|SSD 2TB_1,748,990"
94931843,MSI 사이보그 A17 AI B2HWEKG-R7 32GB램,"SSD 512GB_1,748,990|_SSD 1TB_1,898,990|_SSD 2TB_2,098,990|SSD 4TB_3,690,000"
94931882,MSI 사이보그 A17 AI B2HWEKG-R7 64GB램,"_SSD 512GB_2,448,990|_SSD 1TB_2,598,990|SSD 2TB_2,798,990|SSD 4TB_3,936,000"
94932095,MSI 사이보그 A17 AI B2HWEKG-R7 WIN11,"_SSD 512GB_1,298,990|_SSD 1TB_1,448,990|SSD 2TB_1,648,990"
94932200,MSI 사이보그 A17 AI B2HWEKG-R7 WIN11 16GB램,"SSD 512GB_1,498,990|_SSD 1TB_1,648,990|_SSD 2TB_1,848,990|SSD 4TB_3,753,600"
94932221,MSI 사이보그 A17 AI B2HWEKG-R7 WIN11 32GB램,"SSD 512GB_1,848,990|_SSD 1TB_1,998,990|_SSD 2TB_2,198,990|SSD 4TB_2,800,000"
94932245,MSI 사이보그 A17 AI B2HWEKG-R7 WIN11 64GB램,"SSD 512GB_2,548,990|_SSD 1TB_2,698,990|_SSD 2TB_2,898,990|SSD 4TB_3,964,800"
94640243,MSI 사이보그 A17 AI B2HWFKG-R7,"_SSD 512GB_1,750,000|SSD 1TB_1,857,490|_SSD 2TB_2,007,490|SSD 4TB_2,750,000"
95054735,MSI 사이보그 A17 AI B2HWFKG-R7 32GB램,"_SSD 512GB_2,098,100|_SSD 1TB_2,178,050|SSD 2TB_2,427,490|SSD 4TB_3,350,000"
95054783,MSI 사이보그 A17 AI B2HWFKG-R7 64GB램,"_SSD 512GB_2,800,000|_SSD 1TB_2,916,950|SSD 2TB_3,089,210|SSD 4TB_4,500,000"
95054894,MSI 사이보그 A17 AI B2HWFKG-R7 WIN11,"SSD 512GB_1,780,000|_SSD 1TB_1,870,180|_SSD 2TB_2,033,940|SSD 4TB_2,800,000"
95054969,MSI 사이보그 A17 AI B2HWFKG-R7 WIN11 32GB램,"SSD 512GB_2,100,000|_SSD 1TB_2,258,480|_SSD 2TB_2,383,020|SSD 4TB_3,000,000"
95055002,MSI 사이보그 A17 AI B2HWFKG-R7 WIN11 64GB램,"_SSD 512GB_2,778,030|_SSD 1TB_2,925,090|SSD 2TB_2,999,990|SSD 4TB_4,500,000"
52367771,MSI 소드 16 HX B14VFKG,"SSD 512GB_1,969,000|_SSD 1TB_2,051,370|_SSD 2TB_2,225,520|SSD 4TB_4,499,000"
53877347,MSI 소드 16 HX B14VFKG 32GB램,"SSD 512GB_2,246,290|_SSD 1TB_2,355,140|_SSD 2TB_2,529,280|SSD 4TB_4,690,000"
53877383,MSI 소드 16 HX B14VFKG 64GB램,"SSD 512GB_2,878,240|_SSD 1TB_2,987,080|_SSD 2TB_3,161,230|SSD 4TB_5,890,000"
47840144,MSI 소드 16 HX B14VFKG QHD 32GB램,"_SSD 512GB_2,321,330|SSD 1TB_2,368,610|_SSD 2TB_2,604,320"
47840210,MSI 소드 16 HX B14VFKG QHD 64GB램,"_SSD 512GB_2,909,080|_SSD 1TB_3,017,920|SSD 2TB_3,192,070"
47840090,MSI 소드 16 HX B14VFKG QHD WIN11,"_SSD 512GB_1,973,040|_SSD 1TB_2,081,880|SSD 2TB_2,256,030|SSD 4TB_4,199,000"
47840180,MSI 소드 16 HX B14VFKG QHD WIN11 32GB램,"_SSD 512GB_2,343,100|_SSD 1TB_2,451,930|SSD 2TB_2,626,090"
47840249,MSI 소드 16 HX B14VFKG QHD WIN11 64GB램,"_SSD 512GB_2,930,850|_SSD 1TB_3,039,690|SSD 2TB_3,213,840"
54966461,MSI 소드 16 HX B14VFKG WIN11,"_SSD 512GB_1,964,300|_SSD 1TB_2,073,140|SSD 2TB_2,247,290|SSD 4TB_4,899,000"
53877440,MSI 소드 16 HX B14VFKG WIN11 32GB램,"_SSD 1TB_2,376,950|_SSD 512GB_2,268,060|SSD 2TB_2,551,050|SSD 4TB_4,799,000"
53877476,MSI 소드 16 HX B14VFKG WIN11 64GB램,"_SSD 512GB_2,900,010|_SSD 1TB_3,008,850||"
70002209,MSI 소드 17 HX B13VGKG-i9 QHD,"SSD 512GB_1,969,000|_SSD 1TB_2,090,000|_SSD 2TB_2,340,000|SSD 4TB_3,300,000"
70098299,MSI 소드 17 HX B13VGKG-i9 QHD 32GB램,"_SSD 512GB_2,336,400||_SSD 2TB_2,590,000|"
70098332,MSI 소드 17 HX B13VGKG-i9 QHD 64GB램,"SSD 512GB_3,081,990|_SSD 1TB_3,192,950|_SSD 2TB_3,367,750|"
70098365,MSI 소드 17 HX B13VGKG-i9 QHD WIN11,"_SSD 1TB_2,250,000|_SSD 512GB_2,059,000|SSD 2TB_2,340,000|SSD 4TB_3,250,000"
70098395,MSI 소드 17 HX B13VGKG-i9 QHD WIN11 32GB램,"_SSD 512GB_2,400,000|_SSD 1TB_2,520,000||"
70098410,MSI 소드 17 HX B13VGKG-i9 QHD WIN11 64GB램,"SSD 512GB_3,123,150|_SSD 1TB_3,239,950|_SSD 2TB_3,375,520|SSD 4TB_4,000,000"
61540304,MSI 소드 17 HX B14VFKG,"SSD 512GB_2,790,000|_SSD 1TB_1,990,000|_SSD 2TB_1,909,000"
62174846,MSI 소드 17 HX B14VFKG 32GB램,"_SSD 512GB_2,328,990|SSD 1TB_2,428,990|_SSD 2TB_2,598,990"
62174885,MSI 소드 17 HX B14VFKG 64GB램,"SSD 512GB_2,937,250|_SSD 1TB_3,008,990|_SSD 2TB_3,178,990"
47489243,MSI 소드 17 HX B14VFKG QHD,"_SSD 1TB_2,088,280|_SSD 2TB_2,262,430"
47489309,MSI 소드 17 HX B14VFKG QHD 32GB램,"_SSD 512GB_2,338,570|_SSD 1TB_2,447,410|SSD 2TB_2,621,560"
47489354,MSI 소드 17 HX B14VFKG QHD 64GB램,"_SSD 512GB_2,926,320|_SSD 1TB_3,035,160|SSD 2TB_3,209,310|SSD 4TB_5,490,000"
47489279,MSI 소드 17 HX B14VFKG QHD WIN11,"_SSD 512GB_2,001,210|SSD 1TB_2,110,050|_SSD 2TB_2,284,200|SSD 4TB_3,799,000"
47489324,MSI 소드 17 HX B14VFKG QHD WIN11 32GB램,"_SSD 1TB_2,469,180|_SSD 512GB_2,360,340|SSD 2TB_3,231,080|SSD 4TB_3,795,000"
47489369,MSI 소드 17 HX B14VFKG QHD WIN11 64GB램,"_SSD 512GB_2,948,090|_SSD 1TB_3,056,930|SSD 2TB_3,231,080|SSD 4TB_6,990,000"
62072948,MSI 소드 17 HX B14VFKG WIN11,"SSD 512GB_2,001,210|_SSD 1TB_2,110,050|_SSD 2TB_2,284,200"
62174903,MSI 소드 17 HX B14VFKG WIN11 32GB램,"_SSD 512GB_2,348,990|_SSD 1TB_2,448,990||SSD 4TB_4,290,000"
62174927,MSI 소드 17 HX B14VFKG WIN11 64GB램,"SSD 512GB_2,959,020|_SSD 1TB_3,028,990|_SSD 2TB_3,198,990|SSD 4TB_4,990,000"
47488754,MSI 소드 17 HX B14VGKG-i9 QHD,"_SSD 1TB_2,645,870|_SSD 2TB_2,815,830|SSD 4TB_3,230,000"
49357685,MSI 소드 17 HX B14VGKG-i9 QHD 64GB램,"_SSD 1TB_3,136,990|_SSD 2TB_3,206,990|SSD 4TB_3,529,920"
49331657,MSI 소드 17 HX B14VGKG-i9 QHD WIN11,"_SSD 1TB_2,678,630|_SSD 2TB_2,846,680|SSD 4TB_3,800,000"
49366253,MSI 소드 17 HX B14VGKG-i9 QHD WIN11 64GB램,"_SSD 1TB_3,261,480|_SSD 2TB_3,447,080|SSD 4TB_4,527,360"
74551928,MSI 소드 GF66 A AI B8VE-R7,"SSD 512GB_2,298,000|_SSD 1TB_1,910,950|_SSD 2TB_2,080,150|SSD 4TB_3,599,000"
75988640,MSI 소드 GF66 A AI B8VE-R7 16GB램,"_SSD 512GB_1,919,350|_SSD 1TB_2,102,160|SSD 2TB_2,275,020|SSD 4TB_3,599,000"
76329158,MSI 소드 GF66 A AI B8VE-R7 32GB램,"_SSD 512GB_2,370,390|SSD 1TB_2,479,230|_SSD 2TB_2,632,110|SSD 4TB_3,799,000"
76329170,MSI 소드 GF66 A AI B8VE-R7 64GB램,"_SSD 512GB_2,934,890|_SSD 1TB_3,042,730|SSD 2TB_3,215,970|SSD 4TB_3,999,000"
75988631,MSI 소드 GF66 A AI B8VE-R7 WIN11,"_SSD 512GB_1,790,600|SSD 1TB_1,932,680|_SSD 2TB_2,145,380|SSD 4TB_3,599,000"
75988661,MSI 소드 GF66 A AI B8VE-R7 WIN11 16GB램,"_SSD 512GB_2,015,450|_SSD 1TB_2,123,610|SSD 2TB_2,315,920|SSD 4TB_3,699,000"
76071626,MSI 소드 GF66 A AI B8VE-R7 WIN11 32GB램,"_SSD 512GB_2,374,500|_SSD 1TB_2,480,300|SSD 2TB_2,458,000|SSD 4TB_3,790,000"
76071599,MSI 소드 GF66 A AI B8VE-R7 WIN11 64GB램,"_SSD 512GB_2,956,430|SSD 1TB_3,064,600|_SSD 2TB_2,568,000|SSD 4TB_3,999,000"
94205453,MSI 소드 GF66 HX B14WEK-i9 QHD,"_SSD 512GB_1,900,000|SSD 1TB_2,009,000|_SSD 2TB_2,069,000|SSD 4TB_2,965,760"
94571081,MSI 소드 GF66 HX B14WEK-i9 QHD 32GB램,"_SSD 512GB_2,212,000|_SSD 1TB_2,279,000|SSD 2TB_2,329,000|SSD 4TB_3,255,920"
94571099,MSI 소드 GF66 HX B14WEK-i9 QHD 64GB램,"_SSD 512GB_2,957,300|_SSD 1TB_3,053,320|SSD 2TB_3,238,500|SSD 4TB_4,097,990"
94571123,MSI 소드 GF66 HX B14WEK-i9 QHD WIN11,"_SSD 512GB_1,900,000||_SSD 2TB_2,049,000|SSD 4TB_2,939,000"
94571162,MSI 소드 GF66 HX B14WEK-i9 QHD WIN11 32GB램,"_SSD 512GB_2,249,000|_SSD 1TB_2,289,000||SSD 4TB_3,000,000"
94571177,MSI 소드 GF66 HX B14WEK-i9 QHD WIN11 64GB램,"_SSD 512GB_2,978,950||_SSD 2TB_3,216,570|SSD 4TB_3,999,920"
95203760,MSI 소드 GF66 HX B14WFK-i7 QHD,"_SSD 512GB_1,889,000|_SSD 1TB_1,957,800|SSD 2TB_2,123,990|SSD 4TB_2,650,000"
95421632,MSI 소드 GF66 HX B14WFK-i7 QHD 32GB램,"_SSD 512GB_2,198,990|_SSD 1TB_2,299,000|SSD 2TB_2,467,280|SSD 4TB_3,300,000"
95421677,MSI 소드 GF66 HX B14WFK-i7 QHD 64GB램,"_SSD 512GB_2,841,330|_SSD 1TB_2,952,450||SSD 4TB_3,500,000"
95421728,MSI 소드 GF66 HX B14WFK-i7 QHD WIN11,"_SSD 512GB_1,874,700|_SSD 1TB_2,001,720|SSD 2TB_2,119,460|SSD 4TB_2,859,000"
95421752,MSI 소드 GF66 HX B14WFK-i7 QHD WIN11 32GB램,"_SSD 512GB_2,210,600|_SSD 1TB_2,321,270|SSD 2TB_2,476,580|SSD 4TB_3,500,000"
95421770,MSI 소드 GF66 HX B14WFK-i7 QHD WIN11 64GB램,"_SSD 512GB_2,861,880|_SSD 1TB_2,978,990||SSD 4TB_3,521,000"
96482669,MSI 소드 GF66 HX B14WFK-i9 QHD,"_SSD 1TB_2,049,000|SSD 512GB_2,190,000|_SSD 2TB_2,119,000|SSD 4TB_2,610,000"
96482768,MSI 소드 GF66 HX B14WFK-i9 QHD 32GB램,"_SSD 512GB_2,289,000|_SSD 1TB_2,329,000|SSD 2TB_2,379,000|SSD 4TB_3,300,000"
96482825,MSI 소드 GF66 HX B14WFK-i9 QHD 64GB램,"_SSD 1TB_3,000,000|_SSD 512GB_2,975,620|SSD 2TB_3,200,000|SSD 4TB_3,400,000"
96482879,MSI 소드 GF66 HX B14WFK-i9 QHD WIN11,"_SSD 1TB_2,049,000|_SSD 512GB_1,999,000|SSD 2TB_2,099,000|SSD 4TB_3,199,000"
96482903,MSI 소드 GF66 HX B14WFK-i9 QHD WIN11 32GB램,"_SSD 512GB_2,289,000|_SSD 1TB_2,349,000|SSD 2TB_2,399,000|SSD 4TB_3,700,000"
96482933,MSI 소드 GF66 HX B14WFK-i9 QHD WIN11 64GB램,"_SSD 512GB_2,996,180|_SSD 1TB_3,087,080|SSD 2TB_3,254,990|SSD 4TB_4,200,000"
95203655,MSI 소드 GF76 HX B14WEK-i7 QHD,"SSD 512GB_1,773,800|_SSD 1TB_1,960,000|_SSD 2TB_2,095,230|SSD 4TB_2,630,110"
95420636,MSI 소드 GF76 HX B14WEK-i7 QHD 32GB램,"_SSD 512GB_2,060,000|_SSD 1TB_2,154,000||"
95420678,MSI 소드 GF76 HX B14WEK-i7 QHD 64GB램,"_SSD 512GB_2,692,000|_SSD 1TB_2,739,000||SSD 4TB_3,622,750"
95420738,MSI 소드 GF76 HX B14WEK-i7 QHD WIN11,"SSD 1TB_1,963,200|_SSD 512GB_1,804,190|_SSD 2TB_2,158,670|SSD 4TB_2,474,000"
95420753,MSI 소드 GF76 HX B14WEK-i7 QHD WIN11 32GB램,"_SSD 512GB_2,126,000|_SSD 1TB_2,186,000|SSD 2TB_2,251,000|SSD 4TB_3,009,870"
95420780,MSI 소드 GF76 HX B14WEK-i7 QHD WIN11 64GB램,"_SSD 512GB_2,410,000||_SSD 2TB_2,790,000|SSD 4TB_3,099,000"
91766357,MSI 소드 GF76 HX B14WFK-i7 QHD,"_SSD 512GB_1,849,000|_SSD 1TB_1,970,270|SSD 2TB_2,101,420|SSD 4TB_2,749,830"
92103896,MSI 소드 GF76 HX B14WFK-i7 QHD 32GB램,"_SSD 512GB_2,134,000|_SSD 1TB_2,298,850|SSD 2TB_2,473,630|SSD 4TB_3,085,730"
92103959,MSI 소드 GF76 HX B14WFK-i7 QHD 64GB램,"_SSD 512GB_2,790,340|_SSD 1TB_2,889,870|SSD 2TB_3,100,120|SSD 4TB_3,749,270"
92104097,MSI 소드 GF76 HX B14WFK-i7 QHD WIN11,"_SSD 512GB_1,800,000|_SSD 1TB_1,941,570|SSD 2TB_2,107,800|SSD 4TB_2,772,990"
92104118,MSI 소드 GF76 HX B14WFK-i7 QHD WIN11 32GB램,"_SSD 512GB_2,129,000|_SSD 1TB_2,358,970|SSD 2TB_2,476,170|SSD 4TB_3,108,570"
92104166,MSI 소드 GF76 HX B14WFK-i7 QHD WIN11 64GB램,"_SSD 512GB_2,853,920|_SSD 1TB_2,954,300|SSD 2TB_3,101,510|SSD 4TB_3,791,950"
99639191,MSI 소드 GF76 HX B14WFK-i9,"_SSD 512GB_2,050,000|_SSD 1TB_2,046,650|SSD 2TB_2,249,890|SSD 4TB_2,709,000"
99741113,MSI 소드 GF76 HX B14WFK-i9 32GB램,"_SSD 512GB_2,281,440|_SSD 2TB_2,605,670|SSD 4TB_3,550,000"
99741134,MSI 소드 GF76 HX B14WFK-i9 64GB램,"_SSD 512GB_2,921,890|_SSD 1TB_3,078,390|SSD 2TB_3,242,810|SSD 4TB_4,500,000"
99741164,MSI 소드 GF76 HX B14WFK-i9 WIN11,"_SSD 512GB_1,907,590|_SSD 1TB_2,038,790|SSD 2TB_2,243,760|SSD 4TB_3,250,000"
99741200,MSI 소드 GF76 HX B14WFK-i9 WIN11 32GB램,"_SSD 512GB_2,262,840|_SSD 1TB_2,418,200|SSD 2TB_2,626,220|SSD 4TB_3,650,000"
99741212,MSI 소드 GF76 HX B14WFK-i9 WIN11 64GB램,"_SSD 512GB_2,945,020|SSD 1TB_3,176,250|_SSD 2TB_3,358,090|SSD 4TB_4,598,000"
91634681,MSI 소드 GF76 HX B14WGK-i7 QHD,"_SSD 1TB_2,590,000|_SSD 2TB_2,398,630|SSD 4TB_3,237,730"
91907216,MSI 소드 GF76 HX B14WGK-i7 QHD 32GB램,"_SSD 1TB_2,653,650|_SSD 2TB_2,792,350|SSD 4TB_3,300,000"
91907225,MSI 소드 GF76 HX B14WGK-i7 QHD 64GB램,"_SSD 1TB_3,186,650|_SSD 2TB_3,307,000|SSD 4TB_3,614,000"
91907240,MSI 소드 GF76 HX B14WGK-i7 QHD WIN11,"_SSD 1TB_2,250,420|_SSD 2TB_2,469,550|SSD 4TB_3,227,270"
91907252,MSI 소드 GF76 HX B14WGK-i7 QHD WIN11 32GB램,"_SSD 1TB_2,607,980|_SSD 2TB_2,738,180|SSD 4TB_3,412,090"
91907261,MSI 소드 GF76 HX B14WGK-i7 QHD WIN11 64GB램,"SSD 1TB_3,209,510|_SSD 2TB_3,335,000|_SSD 4TB_3,660,000"
105551033,MSI 소드 GF76 HX B14WGK-i7 QHD 에어,"_SSD 512GB_2,092,340|_SSD 1TB_2,245,650|SSD 2TB_2,397,700"
106763594,MSI 소드 GF76 HX B14WGK-i7 QHD 에어 WIN11,"_SSD 512GB_2,192,560|_SSD 1TB_2,266,340|SSD 2TB_2,414,860|"
106763603,MSI 소드 GF76 HX B14WGK-i7 QHD 에어 WIN11 32GB램,"SSD 512GB_2,563,670|_SSD 1TB_2,658,790|_SSD 2TB_2,797,720|"
106763612,MSI 소드 GF76 HX B14WGK-i7 QHD 에어 WIN11 64GB램,"SSD 512GB_3,167,650|_SSD 1TB_3,272,050|_SSD 2TB_3,441,330|"
91766426,MSI 소드 GF76 HX B14WGK-i9 QHD,"_SSD 1TB_2,419,000|_SSD 2TB_2,499,990|SSD 4TB_3,283,750"
92146205,MSI 소드 GF76 HX B14WGK-i9 QHD 32GB램,"_SSD 1TB_2,687,810|_SSD 2TB_2,915,940|SSD 4TB_3,644,050"
92146214,MSI 소드 GF76 HX B14WGK-i9 QHD 64GB램,"_SSD 1TB_3,360,140|_SSD 2TB_3,529,350|SSD 4TB_4,398,360"
92104448,MSI 소드 GF76 HX B14WGK-i9 QHD WIN11,"_SSD 1TB_2,368,850|_SSD 2TB_2,562,340|SSD 4TB_3,288,000"
92104460,MSI 소드 GF76 HX B14WGK-i9 QHD WIN11 32GB램,"_SSD 1TB_2,717,750|_SSD 2TB_2,916,090|SSD 4TB_3,598,000"
92104469,MSI 소드 GF76 HX B14WGK-i9 QHD WIN11 64GB램,"_SSD 1TB_3,356,150|_SSD 2TB_3,524,140|SSD 4TB_4,407,820"
74804588,MSI 스텔스 14 AI Studio A1VFG-U7 퓨어 화이트,"_SSD 1TB_3,990,000|_SSD 2TB_3,190,000|SSD 4TB_3,990,000"
75465500,MSI 스텔스 14 AI Studio A1VFG-U7 퓨어 화이트 32GB램,"_SSD 1TB_3,390,000|_SSD 2TB_3,590,000|SSD 4TB_3,990,000"
75465521,MSI 스텔스 14 AI Studio A1VFG-U7 퓨어 화이트 64GB램,"_SSD 1TB_3,713,000|_SSD 2TB_3,990,000|SSD 4TB_4,300,000"
75465548,MSI 스텔스 14 AI Studio A1VFG-U7 퓨어 화이트 WIN11,"_SSD 1TB_3,102,000|_SSD 2TB_3,210,000|SSD 4TB_3,990,000"
75465566,MSI 스텔스 14 AI Studio A1VFG-U7 퓨어 화이트 WIN11 32GB램,"_SSD 1TB_3,390,000|_SSD 2TB_3,640,000|SSD 4TB_3,870,000"
75465575,MSI 스텔스 14 AI Studio A1VFG-U7 퓨어 화이트 WIN11 64GB램,"_SSD 1TB_3,790,000|_SSD 2TB_3,990,000|SSD 4TB_4,400,000"
47609984,MSI 스텔스 14 AI Studio A1VFG-U9 OLED,"_SSD 1TB_3,989,000|_SSD 2TB_4,719,000|SSD 4TB_4,849,000"
48312854,MSI 스텔스 14 AI Studio A1VFG-U9 OLED 32GB램,"_SSD 1TB_5,209,000|_SSD 2TB_5,289,000|SSD 4TB_4,969,000"
48323954,MSI 스텔스 14 AI Studio A1VFG-U9 OLED 64GB램,"_SSD 1TB_4,839,000|_SSD 2TB_3,975,200|SSD 4TB_6,049,000"
48305450,MSI 스텔스 14 AI Studio A1VFG-U9 OLED WIN11,"_SSD 1TB_4,669,000|_SSD 2TB_4,739,000|SSD 4TB_4,879,000"
48319268,MSI 스텔스 14 AI Studio A1VFG-U9 OLED WIN11 32GB램,"_SSD 1TB_5,249,000|_SSD 2TB_5,309,000|SSD 4TB_5,449,000"
48371354,MSI 스텔스 14 AI Studio A1VFG-U9 OLED WIN11 64GB램,"_SSD 1TB_5,530,000|_SSD 2TB_5,610,000|SSD 4TB_5,865,000"
49267880,MSI 스텔스 16 AI Studio A1VFG-U9 QHD 32GB램,"_SSD 1TB_3,999,000|_SSD 2TB_3,597,000|SSD 4TB_3,838,000"
49288724,MSI 스텔스 16 AI Studio A1VFG-U9 QHD 64GB램,"_SSD 1TB_4,190,000|_SSD 2TB_4,299,000|SSD 4TB_3,988,000"
49276025,MSI 스텔스 16 AI Studio A1VFG-U9 QHD WIN11 32GB램,"_SSD 1TB_3,499,000|_SSD 2TB_3,529,000|SSD 4TB_3,889,000"
49288742,MSI 스텔스 16 AI Studio A1VFG-U9 QHD WIN11 64GB램,"_SSD 1TB_3,798,000|_SSD 2TB_3,789,000|SSD 4TB_4,990,000"
51804059,MSI 스텔스 16 AI Studio A1VGG-U9 QHD W11,"_SSD 1TB_6,516,000|_SSD 2TB_5,717,000|SSD 4TB_6,024,000"
52153649,MSI 스텔스 16 AI Studio A1VGG-U9 QHD W11 64GB램,"_SSD 1TB_5,705,000|_SSD 2TB_6,490,000|SSD 4TB_6,990,000"
123133930,MSI 스텔스 16 AI+ B3WGX-U9 QHD+ OLED,"_SSD 1TB_4,509,340|_SSD 2TB_5,044,690|SSD 4TB_5,590,170"
123742380,MSI 스텔스 16 AI+ B3WGX-U9 QHD+ OLED 64GB램,"_SSD 1TB_5,359,330|_SSD 2TB_5,485,650|SSD 4TB_6,260,190"
123742384,MSI 스텔스 16 AI+ B3WGX-U9 QHD+ OLED WIN11,"_SSD 1TB_4,815,950|_SSD 2TB_5,061,960|SSD 4TB_5,576,830"
123742386,MSI 스텔스 16 AI+ B3WGX-U9 QHD+ OLED WIN11 64GB램,"_SSD 1TB_5,370,790|_SSD 2TB_5,579,050|SSD 4TB_6,284,590"
122931307,MSI 스텔스 16 AI+ B3WI-U9 QHD+ OLED,"_SSD 1TB_5,619,000|_SSD 2TB_6,206,810|SSD 4TB_6,689,980"
62069975,MSI 스텔스 16 Mercedes-AMG A1VGG OLED W11,"_SSD 1TB_4,299,000|_SSD 2TB_4,545,600|SSD 4TB_4,690,000"
63078242,MSI 스텔스 16 Mercedes-AMG A1VGG OLED W11 64GB램,"_SSD 1TB_4,079,000|_SSD 2TB_4,599,000|SSD 4TB_4,490,000"
19644503,MSI 스텔스 17 Studio A13VG QHD,"_SSD 1TB_2,677,000|_SSD 2TB_3,087,000|SSD 1TB + SSD 1TB_3,087,000"
19712147,MSI 스텔스 17 Studio A13VG QHD 32GB램,"_SSD 1TB_3,089,000|_SSD 2TB_3,249,000"
19712210,MSI 스텔스 17 Studio A13VG QHD 64GB램,"_SSD 1TB_3,189,000|_SSD 2TB_2,419,000"
19711916,MSI 스텔스 17 Studio A13VG QHD WIN11,"_SSD 1TB_3,059,000|_SSD 2TB_3,239,000|SSD 1TB + SSD 1TB_3,789,000"
19712087,MSI 스텔스 17 Studio A13VG QHD WIN11 32GB램,"_SSD 1TB_3,159,000|_SSD 2TB_3,189,000|SSD 1TB + SSD 1TB_3,689,000"
19712201,MSI 스텔스 17 Studio A13VG QHD WIN11 64GB램,"_SSD 1TB_4,490,000|_SSD 2TB_4,690,000|SSD 1TB + SSD 1TB_3,789,000|SSD 2TB + SSD 2TB_5,990,000"
19644677,MSI 스텔스 17 Studio A13VG-i9 QHD,"SSD 1TB_2,859,000|_SSD 2TB_3,990,000|_SSD 1TB + SSD 1TB_3,990,000"
19790129,MSI 스텔스 17 Studio A13VG-i9 QHD 32GB램,"_SSD 1TB_3,590,000|_SSD 2TB_4,090,000"
19790168,MSI 스텔스 17 Studio A13VG-i9 QHD 64GB램,"_SSD 1TB_4,190,000|_SSD 2TB_4,290,000"
19789343,MSI 스텔스 17 Studio A13VG-i9 QHD WIN11,"_SSD 1TB_3,854,390|_SSD 2TB_3,933,110"
19790120,MSI 스텔스 17 Studio A13VG-i9 QHD WIN11 32GB램,"_SSD 1TB_3,931,190|_SSD 2TB_3,990,000|SSD 1TB + SSD 1TB_3,950,000"
19790162,MSI 스텔스 17 Studio A13VG-i9 QHD WIN11 64GB램,"_SSD 1TB_4,127,030|_SSD 2TB_4,090,000|SSD 1TB + SSD 1TB_4,290,000|SSD 2TB + SSD 2TB_4,490,000"
73122101,MSI 스텔스 18 AI Studio A1VGG-U9 QHD,"_SSD 1TB_4,798,000|_SSD 2TB_4,164,480|SSD 4TB_4,884,480"
74422280,MSI 스텔스 18 AI Studio A1VGG-U9 QHD 64GB램,"_SSD 1TB_4,118,400|_SSD 2TB_4,243,200|SSD 4TB_4,790,400"
73762046,MSI 스텔스 18 AI Studio A1VGG-U9 QHD WIN11,"_SSD 1TB_3,969,760|_SSD 2TB_4,045,490|SSD 4TB_4,769,280"
73762067,MSI 스텔스 18 AI Studio A1VGG-U9 QHD WIN11 64GB램,"_SSD 1TB_4,222,080|_SSD 2TB_4,325,760|SSD 4TB_4,931,520"
53416964,MSI 스텔스 18 AI Studio A1VHG-U9 4K Mini LED W11,"_SSD 2TB_6,499,000|_SSD 4TB_6,144,000"
53417081,MSI 스텔스 18 AI Studio A1VHG-U9 4K Mini LED W11 64GB램,"_SSD 2TB_4,833,000|_SSD 4TB_6,384,000"
51812177,MSI 스텔스 18 AI Studio A1VIG-U9 4K Mini LED W11,"_SSD 2TB_9,980,000|_SSD 4TB_8,498,000"
56144351,MSI 스텔스 18 AI Studio A1VIG-U9 4K Mini LED W11 64GB램,"SSD 2TB_8,990,000"
80601134,MSI 스텔스 18 HX AI A2XWHG-U9 QHD+,"_SSD 1TB_5,890,000|_SSD 2TB_4,170,000|SSD 4TB_4,800,000"
82377512,MSI 스텔스 18 HX AI A2XWHG-U9 QHD+ 64GB램,"_SSD 1TB_5,366,190|SSD 2TB_5,615,890|_SSD 4TB_6,191,890"
82391096,MSI 스텔스 18 HX AI A2XWHG-U9 QHD+ WIN11,"_SSD 1TB_4,698,000|SSD 2TB_4,749,000|_SSD 4TB_4,686,000"
82397180,MSI 스텔스 18 HX AI A2XWHG-U9 QHD+ WIN11 64GB램,"_SSD 1TB_4,979,440|_SSD 2TB_5,119,560|SSD 4TB_4,800,000"
79556942,MSI 스텔스 18 HX AI A2XWIG-U9 UHD+ Mini LED W11,"_SSD 2TB_6,190,000|SSD 4TB_7,419,840|_SSD 6TB_8,161,920"
62565272,MSI 스텔스 18 Mercedes-AMG A1VHG-U9 4K Mini LED W11,"_SSD 1TB_5,990,000|_SSD 2TB_4,696,000|SSD 4TB_5,654,400"
63028817,MSI 스텔스 18 Mercedes-AMG A1VHG-U9 4K Mini LED W11 64GB램,"_SSD 1TB_4,846,000|_SSD 2TB_4,949,000|SSD 4TB_6,290,000"
68777309,MSI 스텔스 A16 AI+ A3XVGG-R9 4K Mini LED W11,"_SSD 1TB_4,369,920|_SSD 2TB_4,199,000|SSD 4TB_5,297,000"
80548349,MSI 스텔스 A16 AI+ A3XWHG-R9 QHD+ OLED,"SSD 1TB_5,098,000|_SSD 2TB_4,887,990|_SSD 4TB_5,317,990"
81977825,MSI 스텔스 A16 AI+ A3XWHG-R9 QHD+ OLED WIN11,"_SSD 1TB_4,767,990|_SSD 2TB_4,917,990|SSD 4TB_5,347,990"
86100974,MSI 스텔스 A16 AI+ A3XWJG-R9 QHD+ OLED W11,"_SSD 4TB_8,528,990|SSD 6TB_8,870,000|_SSD 8TB_9,677,510"
94634375,MSI 스텔스 A16 MercedesAMG AI+ A3XWGG-R9 QHD+ OLED W11,"_SSD 1TB_3,899,000|_SSD 2TB_3,899,000|SSD 4TB_5,351,000"
95057702,MSI 스텔스 A16 MercedesAMG AI+ A3XWGG-R9 QHD+ OLED W11 64GB램,"_SSD 1TB_4,029,000|_SSD 2TB_4,099,000|SSD 4TB_5,990,000"
90437588,MSI 스텔스 A18 AI+ A3XWHG-R9 QHD+,"_SSD 1TB_5,149,000|_SSD 2TB_5,318,120|SSD 4TB_5,933,000"
91561073,MSI 스텔스 A18 AI+ A3XWHG-R9 QHD+ 64GB램,"_SSD 1TB_5,385,510|_SSD 2TB_5,568,000|SSD 4TB_6,131,000"
91561082,MSI 스텔스 A18 AI+ A3XWHG-R9 QHD+ WIN11,"_SSD 1TB_5,276,070|_SSD 2TB_5,342,310|SSD 4TB_5,964,390"
91561097,MSI 스텔스 A18 AI+ A3XWHG-R9 QHD+ WIN11 64GB램,"_SSD 1TB_5,470,080|_SSD 2TB_4,839,000|SSD 4TB_6,218,880"
52368041,MSI 써밋 E13 AI Evo A1MTG-U7 W11,"_SSD 1TB_3,199,000|_SSD 2TB_2,258,880|SSD 4TB_2,689,000"
14170982,MSI 써밋 E13 Flip EVO A11MT 블랙,"_SSD 1TB_2,690,000|_SSD 2TB_2,990,000"
14171045,MSI 써밋 E13 Flip EVO A11MT 화이트,"_SSD 1TB_2,690,000|_SSD 2TB_2,990,000"
16630916,MSI 써밋 E13 Flip Evo A12MT W11,"SSD 1TB_2,270,000"
19563836,MSI 써밋 E13 Flip Evo A13MT W11,"SSD 2TB_2,230,000"
51784541,MSI 써밋 E16 AI Studio A1VFTG-U7 W11,"_SSD 1TB_4,990,000|_SSD 2TB_5,490,000|SSD 4TB_5,990,000"
19476104,MSI 써밋 E16 Flip A13VET,"_SSD 1TB_2,690,000|_SSD 2TB_2,890,000"
20008619,MSI 써밋 E16 Flip A13VET WIN11,"_SSD 1TB_2,790,000|_SSD 2TB_2,990,000"
15701663,MSI 써밋 E16 Flip EVO A11MT,"SSD 2TB_2,090,000"
53781212,MSI 씬 15 B12UC-i5,"_SSD 512GB_1,098,000|_SSD 1TB_1,559,000|SSD 2TB_1,634,000"
53877911,MSI 씬 15 B12UC-i5 16GB램,"_SSD 512GB_1,485,000|_SSD 1TB_1,524,000|SSD 2TB_1,639,000"
53877938,MSI 씬 15 B12UC-i5 32GB램,"_SSD 512GB_1,990,000|_SSD 1TB_2,099,000|SSD 2TB_2,199,000"
53877986,MSI 씬 15 B12UC-i5 64GB램,"_SSD 512GB_2,990,000|_SSD 1TB_3,290,000|SSD 2TB_3,490,000"
53878040,MSI 씬 15 B12UC-i5 WIN11,"_SSD 512GB_2,219,000|_SSD 1TB_2,299,000|SSD 2TB_2,399,000|SSD 4TB_2,099,000"
53878268,MSI 씬 15 B12UC-i5 WIN11 16GB램,"_SSD 512GB_2,359,000|_SSD 1TB_2,399,000|SSD 2TB_2,599,000|SSD 4TB_1,899,000"
53878298,MSI 씬 15 B12UC-i5 WIN11 32GB램,"_SSD 512GB_2,990,000|_SSD 1TB_3,290,000|SSD 2TB_3,490,000|SSD 4TB_1,999,000"
53878346,MSI 씬 15 B12UC-i5 WIN11 64GB램,"_SSD 512GB_3,690,000|_SSD 1TB_3,790,000|SSD 2TB_3,990,000|SSD 4TB_2,199,000"
53416529,MSI 씬 15 B12UCX-i5,"_SSD 512GB_1,550,000|_SSD 1TB_1,399,000|SSD 2TB_1,499,000|SSD 4TB_1,799,000"
53416580,MSI 씬 15 B12UCX-i5 16GB램,"_SSD 512GB_3,290,000|_SSD 1TB_3,299,000|SSD 2TB_1,959,000|SSD 4TB_2,099,000"
53416664,MSI 씬 15 B12UCX-i5 32GB램,"_SSD 512GB_1,899,000|_SSD 1TB_1,999,000|SSD 2TB_2,059,000|SSD 4TB_2,199,000"
53416856,MSI 씬 15 B12UCX-i5 64GB램,"_SSD 512GB_2,159,000|_SSD 1TB_2,199,000|SSD 2TB_2,299,000|SSD 4TB_2,499,000"
53416565,MSI 씬 15 B12UCX-i5 WIN11,"_SSD 512GB_1,499,000|_SSD 1TB_1,599,000|SSD 2TB_1,699,000|SSD 4TB_1,899,000"
53416589,MSI 씬 15 B12UCX-i5 WIN11 16GB램,"_SSD 512GB_1,860,000|_SSD 2TB_1,990,000|SSD 4TB_2,199,000"
53416649,MSI 씬 15 B12UCX-i5 WIN11 32GB램,"_SSD 512GB_2,290,000|_SSD 1TB_2,490,000|SSD 2TB_2,690,000|SSD 4TB_2,299,000"
53416838,MSI 씬 15 B12UCX-i5 WIN11 64GB램,"_SSD 512GB_2,199,000|_SSD 1TB_1,899,000|SSD 2TB_2,299,000|SSD 4TB_2,499,000"
51757952,MSI 씬 15 B12VE-i5,"_SSD 512GB_2,860,000|_SSD 1TB_1,739,000|SSD 2TB_1,826,000|SSD 4TB_2,299,000"
53416685,MSI 씬 15 B12VE-i5 16GB램,"_SSD 512GB_1,669,000|_SSD 1TB_1,779,000|SSD 2TB_3,390,000|SSD 4TB_2,299,000"
53416745,MSI 씬 15 B12VE-i5 32GB램,"SSD 512GB_3,490,000|_SSD 1TB_2,150,000|_SSD 2TB_2,350,000|SSD 4TB_2,699,000"
53416754,MSI 씬 15 B12VE-i5 64GB램,"_SSD 512GB_2,290,000|_SSD 1TB_2,390,000|SSD 2TB_2,490,000|SSD 4TB_3,199,000"
53416658,MSI 씬 15 B12VE-i5 WIN11,"_SSD 512GB_1,798,000|_SSD 1TB_1,847,000|SSD 2TB_1,929,000|SSD 4TB_2,399,000"
53416697,MSI 씬 15 B12VE-i5 WIN11 16GB램,"_SSD 512GB_1,847,000|_SSD 1TB_1,898,000|SSD 2TB_1,979,000|SSD 4TB_2,399,000"
53416706,MSI 씬 15 B12VE-i5 WIN11 32GB램,"_SSD 512GB_1,899,000|_SSD 1TB_1,964,000|SSD 2TB_2,054,000|SSD 4TB_2,999,000"
53416724,MSI 씬 15 B12VE-i5 WIN11 64GB램,"_SSD 512GB_2,590,000|_SSD 1TB_2,690,000|SSD 2TB_3,206,000|SSD 4TB_3,199,000"
62635205,MSI 씬 15 B13VE,"SSD 512GB_1,390,000|_SSD 1TB_1,369,000|_SSD 2TB_1,498,000"
62790758,MSI 씬 15 B13VE 16GB램,"_SSD 512GB_1,840,000|_SSD 1TB_1,940,000|SSD 2TB_2,120,000|SSD 4TB_3,299,000"
62790767,MSI 씬 15 B13VE 32GB램,"_SSD 512GB_2,165,000|_SSD 1TB_2,255,000|SSD 2TB_2,430,000|SSD 4TB_3,099,000"
62790782,MSI 씬 15 B13VE 64GB램,"_SSD 512GB_2,348,000|_SSD 1TB_2,498,000|SSD 2TB_2,596,000|SSD 4TB_3,499,000"
62790821,MSI 씬 15 B13VE WIN11,"SSD 512GB_1,798,000|_SSD 1TB_1,899,000|_SSD 2TB_2,099,000|SSD 4TB_2,799,000"
62790848,MSI 씬 15 B13VE WIN11 16GB램,"_SSD 512GB_1,938,000|SSD 1TB_1,999,000|_SSD 2TB_2,128,000|SSD 4TB_3,399,000"
62790863,MSI 씬 15 B13VE WIN11 32GB램,"_SSD 512GB_2,150,000|SSD 1TB_2,280,000|_SSD 2TB_2,450,000|SSD 4TB_3,399,000"
62790890,MSI 씬 15 B13VE WIN11 64GB램,"SSD 512GB_2,550,000|_SSD 1TB_2,589,000|_SSD 2TB_2,689,000|SSD 4TB_4,190,000"
74551289,MSI 씬 15 B13VE-i5,"_SSD 512GB_1,749,000|_SSD 1TB_1,912,000|SSD 2TB_2,012,000|SSD 4TB_3,499,000"
74997593,MSI 씬 15 B13VE-i5 32GB램,"_SSD 512GB_1,982,000|_SSD 1TB_2,032,000|SSD 2TB_2,099,000|SSD 4TB_3,599,000"
74997602,MSI 씬 15 B13VE-i5 64GB램,"_SSD 512GB_2,268,000|_SSD 1TB_2,348,000|SSD 2TB_2,468,000|SSD 4TB_3,799,000"
74997638,MSI 씬 15 B13VE-i5 WIN11,"_SSD 512GB_1,568,000|_SSD 1TB_1,648,000|SSD 2TB_1,798,000|SSD 4TB_3,499,000"
74997662,MSI 씬 15 B13VE-i5 WIN11 32GB램,"_SSD 512GB_1,718,000|_SSD 1TB_1,798,000|SSD 2TB_1,948,000|SSD 4TB_3,599,000"
74997671,MSI 씬 15 B13VE-i5 WIN11 64GB램,"_SSD 512GB_2,368,000|_SSD 1TB_2,755,200|SSD 2TB_2,590,000|SSD 4TB_3,899,000"
61816235,MSI 씬 A15 B7UC-R5,"SSD 512GB_1,290,560|_SSD 1TB_1,461,260|_SSD 2TB_1,509,390|SSD 4TB_2,670,000"
62319995,MSI 씬 A15 B7UC-R5 16GB램,"_SSD 512GB_1,435,230|_SSD 1TB_1,528,000|SSD 2TB_1,628,000|SSD 4TB_2,051,000"
62320025,MSI 씬 A15 B7UC-R5 32GB램,"_SSD 512GB_1,589,000|_SSD 1TB_1,668,000|SSD 2TB_1,748,000|SSD 4TB_2,137,000"
62320046,MSI 씬 A15 B7UC-R5 64GB램,"_SSD 512GB_2,248,000|_SSD 1TB_2,292,000|SSD 2TB_2,356,000|SSD 4TB_2,250,000"
62320751,MSI 씬 A15 B7UC-R5 WIN11,"_SSD 512GB_1,288,140|_SSD 1TB_1,442,320|SSD 2TB_1,510,670|SSD 4TB_2,999,000"
62320790,MSI 씬 A15 B7UC-R5 WIN11 16GB램,"_SSD 512GB_1,474,170|_SSD 1TB_1,628,330|SSD 2TB_1,672,250"
62320814,MSI 씬 A15 B7UC-R5 WIN11 32GB램,"_SSD 512GB_1,768,800|_SSD 1TB_1,848,830|SSD 2TB_2,088,670|SSD 4TB_3,199,000"
62320841,MSI 씬 A15 B7UC-R5 WIN11 64GB램,"_SSD 512GB_2,410,030|_SSD 1TB_2,524,870|SSD 2TB_2,677,060|SSD 4TB_3,399,000"
68364566,MSI 씬 A15 B7UC-R7,"SSD 512GB_1,474,000|_SSD 1TB_1,240,000|_SSD 2TB_1,430,000|SSD 4TB_1,790,000"
68440268,MSI 씬 A15 B7UC-R7 16GB램,"_SSD 512GB_1,777,000|_SSD 1TB_1,890,000|SSD 2TB_1,980,000|SSD 4TB_2,090,000"
68440301,MSI 씬 A15 B7UC-R7 32GB램,"_SSD 512GB_2,059,000|_SSD 1TB_2,495,040|SSD 2TB_2,581,000|SSD 4TB_2,390,000"
68440376,MSI 씬 A15 B7UC-R7 64GB램,"_SSD 512GB_2,390,000|_SSD 1TB_2,465,000|SSD 2TB_2,589,000|SSD 4TB_2,690,000"
68440205,MSI 씬 A15 B7UC-R7 WIN11,"_SSD 512GB_1,748,000|_SSD 1TB_1,748,000|SSD 2TB_2,185,000|SSD 4TB_2,420,000"
68440223,MSI 씬 A15 B7UC-R7 WIN11 16GB램,"_SSD 512GB_1,820,000|_SSD 1TB_1,870,000|SSD 2TB_2,010,000|SSD 4TB_2,480,000"
68440286,MSI 씬 A15 B7UC-R7 WIN11 32GB램,"_SSD 512GB_1,533,000|_SSD 1TB_1,599,000|SSD 2TB_1,669,000|SSD 4TB_2,490,000"
68440367,MSI 씬 A15 B7UC-R7 WIN11 64GB램,"_SSD 512GB_2,398,000|_SSD 1TB_2,498,000|SSD 2TB_2,586,000|SSD 4TB_2,890,000"
53416235,MSI 씬 A15 B7UCX-R5,"SSD 512GB_1,074,130|_SSD 1TB_1,929,000|_SSD 2TB_1,939,000|SSD 4TB_2,727,000"
53416325,MSI 씬 A15 B7UCX-R5 16GB램,"_SSD 512GB_1,858,000|_SSD 1TB_2,060,000|SSD 2TB_2,066,000|SSD 4TB_2,899,000"
53416376,MSI 씬 A15 B7UCX-R5 32GB램,"_SSD 512GB_2,112,000|_SSD 1TB_2,219,430|SSD 2TB_2,246,360|SSD 4TB_3,099,000"
53416412,MSI 씬 A15 B7UCX-R5 64GB램,"_SSD 512GB_2,275,190|_SSD 1TB_2,400,000|SSD 2TB_2,448,000|SSD 4TB_3,299,000"
53416304,MSI 씬 A15 B7UCX-R5 WIN11,"_SSD 512GB_1,846,000|_SSD 1TB_2,019,000|SSD 2TB_2,109,000|SSD 4TB_2,999,000"
53416334,MSI 씬 A15 B7UCX-R5 WIN11 16GB램,"_SSD 512GB_1,850,000|_SSD 1TB_2,017,000|SSD 2TB_2,107,000|SSD 4TB_3,099,000"
53416367,MSI 씬 A15 B7UCX-R5 WIN11 32GB램,"_SSD 512GB_1,954,000|_SSD 1TB_2,134,000|SSD 2TB_2,229,000|SSD 4TB_3,199,000"
53416403,MSI 씬 A15 B7UCX-R5 WIN11 64GB램,"_SSD 512GB_2,295,350|_SSD 1TB_2,390,390|SSD 2TB_2,471,030|SSD 4TB_3,499,000"
35810540,MSI 씬 A15 B7VE-R5,"_SSD 512GB_2,106,382|_SSD 1TB_2,208,000|SSD 2TB_2,265,600"
36789008,MSI 씬 A15 B7VE-R5 16GB램,"_SSD 512GB_2,212,800|_SSD 1TB_2,270,400|SSD 2TB_2,352,000"
36789041,MSI 씬 A15 B7VE-R5 32GB램,"_SSD 512GB_2,304,000|_SSD 1TB_2,390,400|SSD 2TB_2,448,000"
36789062,MSI 씬 A15 B7VE-R5 64GB램,"_SSD 512GB_2,438,400|_SSD 1TB_2,544,000|SSD 2TB_2,601,600"
36789182,MSI 씬 A15 B7VE-R5 WIN11,"_SSD 512GB_2,160,000|_SSD 1TB_2,227,200|SSD 2TB_2,304,000"
36789137,MSI 씬 A15 B7VE-R5 WIN11 16GB램,"_SSD 512GB_2,256,000|_SSD 1TB_2,289,600|SSD 2TB_2,371,200"
36789110,MSI 씬 A15 B7VE-R5 WIN11 32GB램,"_SSD 512GB_2,323,200|_SSD 1TB_2,409,600|SSD 2TB_2,467,200|SSD 4TB_2,999,000"
36789077,MSI 씬 A15 B7VE-R5 WIN11 64GB램,"_SSD 512GB_2,457,600|SSD 1TB_2,582,400|_SSD 2TB_2,640,000"
35805806,MSI 씬 A15 B7VF-R7,"_SSD 512GB_2,041,700|SSD 1TB_2,155,700|_SSD 2TB_2,119,790"
36308369,MSI 씬 A15 B7VF-R7 16GB램,"_SSD 512GB_2,212,700|_SSD 1TB_2,326,700|SSD 2TB_2,469,200"
36308375,MSI 씬 A15 B7VF-R7 32GB램,"_SSD 512GB_2,364,700|_SSD 1TB_2,478,700|SSD 2TB_2,621,200"
36308396,MSI 씬 A15 B7VF-R7 64GB램,"_SSD 512GB_3,077,210|_SSD 1TB_3,191,200|SSD 2TB_3,333,700"
36308411,MSI 씬 A15 B7VF-R7 WIN11,"_SSD 512GB_2,089,200|_SSD 1TB_2,203,200|SSD 2TB_2,345,700"
36308426,MSI 씬 A15 B7VF-R7 WIN11 16GB램,"_SSD 512GB_2,260,200|_SSD 1TB_2,374,210|SSD 2TB_2,516,710|SSD 4TB_3,059,000"
36308450,MSI 씬 A15 B7VF-R7 WIN11 32GB램,"SSD 512GB_2,412,200|_SSD 1TB_2,526,200|_SSD 2TB_2,668,700|SSD 4TB_3,990,000"
36308465,MSI 씬 A15 B7VF-R7 WIN11 64GB램,"_SSD 512GB_3,124,700|_SSD 1TB_3,238,710|SSD 2TB_3,381,200"
15711524,MSI 알파 15 B5EEK AMD 어드밴티지 에디션,"SSD 512GB_1,690,000"
15745445,MSI 알파 15 B5EEK AMD 어드밴티지 에디션 16GB램,"SSD 512GB_1,690,000"
15745304,MSI 알파 15 B5EEK AMD 어드밴티지 에디션 WIN10,"SSD 512GB_1,660,000"
27613289,MSI 알파 17 C7VG-R9 QHD,"_SSD 1TB_2,368,480|_SSD 2TB_2,490,510|SSD 4TB_2,899,000"
27674108,MSI 알파 17 C7VG-R9 QHD 32GB램,"_SSD 1TB_2,625,830|_SSD 2TB_2,717,990|SSD 4TB_4,000,000"
27674249,MSI 알파 17 C7VG-R9 QHD 64GB램,"_SSD 1TB_3,237,040|_SSD 2TB_3,407,020|SSD 4TB_5,100,000"
27674282,MSI 알파 17 C7VG-R9 QHD WIN11,"_SSD 1TB_2,165,000|_SSD 2TB_2,555,540|SSD 4TB_4,200,000"
27674177,MSI 알파 17 C7VG-R9 QHD WIN11 32GB램,"_SSD 1TB_2,646,840|_SSD 2TB_2,818,620|SSD 4TB_4,700,000"
27674234,MSI 알파 17 C7VG-R9 QHD WIN11 64GB램,"_SSD 1TB_3,282,600|_SSD 2TB_3,477,200|SSD 4TB_4,800,000"
122651212,MSI 크로스헤어 16 HX E14WGK-i9 QHD+,"_SSD 1TB_2,799,000|_SSD 2TB_2,962,510|SSD 4TB_3,524,840"
122653445,MSI 크로스헤어 16 HX E14WGK-i9 QHD+ 32GB램,"_SSD 1TB_3,048,990|_SSD 2TB_3,233,990|"
122653446,MSI 크로스헤어 16 HX E14WGK-i9 QHD+ 64GB램,"_SSD 1TB_3,674,790|_SSD 2TB_3,842,900|"
122653432,MSI 크로스헤어 16 HX E14WGK-i9 QHD+ WIN11,"_SSD 1TB_2,793,190|_SSD 2TB_2,960,390|"
122653437,MSI 크로스헤어 16 HX E14WGK-i9 QHD+ WIN11 32GB램,"_SSD 1TB_3,086,740|_SSD 2TB_3,249,970|"
122653440,MSI 크로스헤어 16 HX E14WGK-i9 QHD+ WIN11 64GB램,"SSD 1TB_3,690,700|_SSD 2TB_3,857,310|_SSD 4TB_4,432,830"
51549548,MSI 크로스헤어 16 HX 몬스터 헌터 에디션 D14VFKG QHD,"_SSD 1TB_4,399,000|_SSD 2TB_2,871,360|SSD 4TB_3,798,000"
54812876,MSI 크로스헤어 16 HX 몬스터 헌터 에디션 D14VFKG QHD 32GB램,"_SSD 1TB_2,853,000|_SSD 2TB_2,957,000|SSD 4TB_3,895,000"
54812912,MSI 크로스헤어 16 HX 몬스터 헌터 에디션 D14VFKG QHD 64GB램,"_SSD 1TB_2,985,000|_SSD 2TB_3,198,000|SSD 4TB_4,199,000"
54812942,MSI 크로스헤어 16 HX 몬스터 헌터 에디션 D14VFKG QHD WIN11,"_SSD 1TB_2,816,000|_SSD 2TB_3,028,000|SSD 4TB_3,799,000"
54812975,MSI 크로스헤어 16 HX 몬스터 헌터 에디션 D14VFKG QHD WIN11 32GB램,"_SSD 1TB_2,977,000|_SSD 2TB_3,096,000|SSD 4TB_3,899,000"
54812987,MSI 크로스헤어 16 HX 몬스터 헌터 에디션 D14VFKG QHD WIN11 64GB램,"_SSD 1TB_3,096,000|_SSD 2TB_3,267,000|SSD 4TB_4,199,000"
122708862,MSI 크로스헤어 16 Max HX E2WFK-U9+ QHD+,"_SSD 512GB_2,849,280|_SSD 1TB_3,035,520||"
122713511,MSI 크로스헤어 16 Max HX E2WFK-U9+ QHD+ 32GB램,"SSD 512GB_3,264,570|_SSD 1TB_3,396,390|_SSD 2TB_3,534,670|"
122713524,MSI 크로스헤어 16 Max HX E2WFK-U9+ QHD+ 64GB램,"_SSD 512GB_3,915,400|_SSD 1TB_3,956,560||"
122713492,MSI 크로스헤어 16 Max HX E2WFK-U9+ QHD+ WIN11,"SSD 512GB_2,945,830|_SSD 1TB_3,072,190|_SSD 2TB_3,181,000|"
122713506,MSI 크로스헤어 16 Max HX E2WFK-U9+ QHD+ WIN11 32GB램,"SSD 512GB_3,310,140|_SSD 1TB_3,394,510|_SSD 2TB_3,525,860|"
122713520,MSI 크로스헤어 16 Max HX E2WFK-U9+ QHD+ WIN11 64GB램,"_SSD 512GB_3,853,550|_SSD 1TB_4,134,780||"
122656006,MSI 크로스헤어 16 Max HX E2WGXK-U9+ QHD+ OLED,"_SSD 1TB_3,419,000|_SSD 2TB_3,657,090|SSD 4TB_4,179,980"
122676657,MSI 크로스헤어 16 Max HX E2WGXK-U9+ QHD+ OLED 32GB램,"_SSD 1TB_3,909,450|_SSD 2TB_4,024,730|"
122676666,MSI 크로스헤어 16 Max HX E2WGXK-U9+ QHD+ OLED 64GB램,"_SSD 1TB_4,525,720|_SSD 2TB_4,587,990|"
122667444,MSI 크로스헤어 16 Max HX E2WGXK-U9+ QHD+ OLED WIN11,"_SSD 1TB_3,496,070|_SSD 2TB_3,548,960|"
122667469,MSI 크로스헤어 16 Max HX E2WGXK-U9+ QHD+ OLED WIN11 32GB램,"_SSD 1TB_3,893,830||_SSD 4TB_4,554,280"
122667516,MSI 크로스헤어 16 Max HX E2WGXK-U9+ QHD+ OLED WIN11 64GB램,"_SSD 1TB_4,541,880|_SSD 2TB_4,548,830|"
94202408,MSI 크로스헤어 17 HX AI D2XWFKG-U7 QHD+,"SSD 512GB_2,470,000|_SSD 1TB_2,514,810|_SSD 2TB_2,679,230|SSD 4TB_4,299,000"
95201567,MSI 크로스헤어 17 HX AI D2XWFKG-U7 QHD+ 32GB램,"_SSD 512GB_2,739,220|_SSD 1TB_2,832,650|SSD 2TB_2,998,850|SSD 4TB_4,203,000"
95201645,MSI 크로스헤어 17 HX AI D2XWFKG-U7 QHD+ 64GB램,"SSD 512GB_5,228,000|_SSD 1TB_3,434,350|_SSD 2TB_3,601,290|SSD 4TB_6,347,000"
95201477,MSI 크로스헤어 17 HX AI D2XWFKG-U7 QHD+ WIN11,"_SSD 512GB_2,442,920|_SSD 1TB_2,595,580|SSD 2TB_2,821,970|SSD 4TB_3,299,000"
95201522,MSI 크로스헤어 17 HX AI D2XWFKG-U7 QHD+ WIN11 32GB램,"_SSD 512GB_2,759,990|_SSD 1TB_2,853,430||"
95201636,MSI 크로스헤어 17 HX AI D2XWFKG-U7 QHD+ WIN11 64GB램,"SSD 512GB_5,252,000|_SSD 1TB_3,454,430|_SSD 2TB_3,622,070|SSD 4TB_6,366,000"
122629748,MSI 크로스헤어 17 HX AI D2XWFKG-U7 QHD+ 슈퍼,"_SSD 1TB_2,417,550|_SSD 2TB_2,720,780|SSD 4TB_3,179,180"
122636201,MSI 크로스헤어 17 HX AI D2XWFKG-U7 QHD+ 슈퍼 32GB램,"_SSD 1TB_2,836,920|_SSD 2TB_2,941,110|SSD 4TB_3,536,310"
122654348,MSI 크로스헤어 17 HX AI D2XWFKG-U7 QHD+ 슈퍼 64GB램,"_SSD 1TB_3,449,230|_SSD 2TB_3,655,950|SSD 4TB_4,258,190"
122636196,MSI 크로스헤어 17 HX AI D2XWFKG-U7 QHD+ 슈퍼 WIN11,"_SSD 1TB_2,556,270|_SSD 2TB_2,677,150|SSD 4TB_3,230,890"
122635769,MSI 크로스헤어 17 HX AI D2XWFKG-U7 QHD+ 슈퍼 WIN11 32GB램,"_SSD 1TB_2,841,060|_SSD 2TB_2,979,710|SSD 4TB_3,599,850"
122635773,MSI 크로스헤어 17 HX AI D2XWFKG-U7 QHD+ 슈퍼 WIN11 64GB램,"_SSD 1TB_3,444,590|_SSD 2TB_3,612,880|SSD 4TB_4,299,090"
91634438,MSI 크로스헤어 17 HX AI D2XWGKG-U9 QHD+,"_SSD 512GB_2,599,000|_SSD 1TB_2,849,140||"
91908758,MSI 크로스헤어 17 HX AI D2XWGKG-U9 QHD+ 32GB램,"_SSD 512GB_3,082,000|_SSD 1TB_3,182,560||"
91908770,MSI 크로스헤어 17 HX AI D2XWGKG-U9 QHD+ 64GB램,"SSD 512GB_3,728,070|_SSD 1TB_3,810,580|_SSD 2TB_3,958,910|"
91908788,MSI 크로스헤어 17 HX AI D2XWGKG-U9 QHD+ WIN11,"_SSD 512GB_2,692,620|_SSD 1TB_2,765,540|SSD 2TB_3,063,940|SSD 4TB_3,430,000"
91908854,MSI 크로스헤어 17 HX AI D2XWGKG-U9 QHD+ WIN11 32GB램,"_SSD 1TB_3,153,860|_SSD 512GB_3,019,170|SSD 2TB_3,316,800|SSD 4TB_3,981,830"
91908863,MSI 크로스헤어 17 HX AI D2XWGKG-U9 QHD+ WIN11 64GB램,"SSD 512GB_3,823,060|_SSD 1TB_3,784,810|_SSD 2TB_4,008,710|"
122628763,MSI 크로스헤어 17 HX AI D2XWGKG-U9 QHD+ 슈퍼,"_SSD 1TB_2,719,000|_SSD 2TB_2,989,010|SSD 4TB_3,712,680"
122636210,MSI 크로스헤어 17 HX AI D2XWGKG-U9 QHD+ 슈퍼 32GB램,"_SSD 1TB_3,176,110|_SSD 2TB_3,313,190|SSD 4TB_4,048,800"
122635800,MSI 크로스헤어 17 HX AI D2XWGKG-U9 QHD+ 슈퍼 WIN11,"_SSD 1TB_2,797,080|_SSD 2TB_2,988,610|SSD 4TB_3,732,020"
122635805,MSI 크로스헤어 17 HX AI D2XWGKG-U9 QHD+ 슈퍼 WIN11 32GB램,"_SSD 1TB_3,198,280|_SSD 2TB_3,378,160|SSD 4TB_4,068,830"
122635810,MSI 크로스헤어 17 HX AI D2XWGKG-U9 QHD+ 슈퍼 WIN11 64GB램,"_SSD 1TB_3,741,310|_SSD 2TB_3,931,620|SSD 4TB_4,655,400"
94259825,MSI 크로스헤어 18 HX AI A2XWFKG-U9 QHD+,"_SSD 512GB_2,435,290|_SSD 1TB_2,409,000|SSD 2TB_2,578,230|SSD 4TB_3,596,790"
94571318,MSI 크로스헤어 18 HX AI A2XWFKG-U9 QHD+ 32GB램,"_SSD 512GB_2,704,790|_SSD 1TB_2,756,470|SSD 2TB_2,926,510|SSD 4TB_3,914,090"
94571330,MSI 크로스헤어 18 HX AI A2XWFKG-U9 QHD+ 64GB램,"SSD 512GB_3,612,270|_SSD 1TB_3,365,310|_SSD 2TB_3,535,290|"
94571279,MSI 크로스헤어 18 HX AI A2XWFKG-U9 QHD+ WIN11,"_SSD 512GB_2,379,380|SSD 1TB_2,484,130|_SSD 2TB_2,638,700|SSD 4TB_3,617,690"
94571399,MSI 크로스헤어 18 HX AI A2XWFKG-U9 QHD+ WIN11 32GB램,"_SSD 512GB_2,725,760|_SSD 1TB_2,776,250||"
94571411,MSI 크로스헤어 18 HX AI A2XWFKG-U9 QHD+ WIN11 64GB램,"SSD 512GB_3,621,770|_SSD 1TB_3,385,170|_SSD 2TB_3,555,290|SSD 4TB_4,218,000"
93631295,MSI 크로스헤어 18 HX AI A2XWGKG-U9 QHD+,"_SSD 512GB_2,899,000|_SSD 1TB_2,828,360|SSD 2TB_3,036,990|SSD 4TB_3,854,000"
122727780,MSI 크로스헤어 A16 HX E8WFK-R9 QHD+,"_SSD 1TB_2,935,570||_SSD 512GB_2,582,180"
122727772,MSI 크로스헤어 A16 HX E8WFK-R9 QHD+ 32GB램,"SSD 512GB_3,110,650|_SSD 1TB_3,215,510|_SSD 2TB_3,383,870"
122727765,MSI 크로스헤어 A16 HX E8WFK-R9 QHD+ 64GB램,"_SSD 1TB_3,830,950|_SSD 2TB_4,007,590|"
122727728,MSI 크로스헤어 A16 HX E8WFK-R9 QHD+ WIN11,"_SSD 1TB_2,956,560||_SSD 512GB_2,851,460"
122727746,MSI 크로스헤어 A16 HX E8WFK-R9 QHD+ WIN11 32GB램,"_SSD 1TB_3,236,780||_SSD 512GB_3,131,810"
122727752,MSI 크로스헤어 A16 HX E8WFK-R9 QHD+ WIN11 64GB램,"SSD 1TB_3,846,090|_SSD 2TB_4,013,910|_SSD 512GB_3,504,190"
124336289,MSI 크로스헤어 A16 HX E8WGK-R9 QHD+ MLG 에디션,"SSD 1TB_3,419,000"
122726744,MSI 크로스헤어 A16 HX E8WGXK-R9 QHD+,"_SSD 1TB_3,149,200|_SSD 2TB_3,399,880"
122930464,MSI 크로스헤어 A16 HX E8WGXK-R9 QHD+ 32GB램,"_SSD 1TB_3,564,430|_SSD 2TB_3,706,320|SSD 4TB_4,256,140"
122930468,MSI 크로스헤어 A16 HX E8WGXK-R9 QHD+ 64GB램,"_SSD 1TB_4,178,710|_SSD 2TB_4,388,990|SSD 4TB_5,058,020"
122930469,MSI 크로스헤어 A16 HX E8WGXK-R9 QHD+ WIN11,"_SSD 1TB_3,278,840|_SSD 2TB_3,407,140|SSD 4TB_3,959,190"
122930470,MSI 크로스헤어 A16 HX E8WGXK-R9 QHD+ WIN11 32GB램,"_SSD 1TB_3,587,640|_SSD 2TB_3,724,860|SSD 4TB_4,249,370"
122930472,MSI 크로스헤어 A16 HX E8WGXK-R9 QHD+ WIN11 64GB램,"_SSD 1TB_4,200,000|_SSD 2TB_4,400,000|SSD 4TB_4,942,510"
92046914,MSI 크로스헤어 A17 HX D8WFKG-R7 QHD+,"_SSD 512GB_2,144,000|_SSD 1TB_2,357,000|SSD 2TB_2,441,000|SSD 4TB_3,500,000"
92236277,MSI 크로스헤어 A17 HX D8WFKG-R7 QHD+ WIN11,"_SSD 512GB_2,348,000|SSD 1TB_2,395,000|_SSD 2TB_2,468,000|SSD 4TB_3,500,000"
93805922,MSI 크로스헤어 A17 HX D8WFKG-R7 QHD+ WIN11 32GB램,"SSD 512GB_2,700,000|_SSD 1TB_2,900,000|_SSD 2TB_3,100,000|SSD 4TB_3,390,000"
93805934,MSI 크로스헤어 A17 HX D8WFKG-R7 QHD+ WIN11 64GB램,"SSD 512GB_3,300,000|_SSD 1TB_3,500,000|_SSD 2TB_3,700,000|SSD 4TB_4,500,000"
92046932,MSI 크로스헤어 A17 HX D8WGKG-R9 QHD+,"_SSD 512GB_2,198,990|_SSD 1TB_2,348,990|SSD 2TB_2,548,990|SSD 4TB_3,148,990"
92357327,MSI 크로스헤어 A17 HX D8WGKG-R9 QHD+ WIN11,"SSD 512GB_2,298,990|_SSD 1TB_2,448,990|_SSD 2TB_2,648,990|SSD 4TB_3,248,990"
93703349,MSI 크로스헤어 A17 HX D8WGKG-R9 QHD+ WIN11 32GB램,"SSD 512GB_2,698,990|_SSD 1TB_2,848,990|_SSD 2TB_3,048,990|SSD 4TB_3,620,000"
93805832,MSI 크로스헤어 A17 HX D8WGKG-R9 QHD+ WIN11 64GB램,"SSD 512GB_3,091,000|_SSD 1TB_3,360,000|_SSD 2TB_3,560,000|SSD 4TB_4,348,990"
95848052,MSI 크로스헤어 A17 HX D9WGKG-R9 QHD+ W11,"_SSD 1TB_2,719,000|SSD 2TB_3,018,630|_SSD 4TB_3,537,430"
96312878,MSI 크로스헤어 A17 HX D9WGKG-R9 QHD+ W11 32GB램,"_SSD 1TB_3,230,130|_SSD 2TB_3,428,570|SSD 4TB_3,801,000"
96312887,MSI 크로스헤어 A17 HX D9WGKG-R9 QHD+ W11 64GB램,"_SSD 1TB_3,885,830|_SSD 2TB_4,037,930|SSD 4TB_4,459,000"
94202276,MSI 크로스헤어 A18 HX A7WGKG-R9 QHD+,"_SSD 1TB_2,278,280|_SSD 2TB_2,478,620|SSD 4TB_2,781,990"
94999469,MSI 크로스헤어 A18 HX A7WGKG-R9 QHD+ 32GB램,"_SSD 1TB_2,600,660|_SSD 2TB_2,766,100|SSD 4TB_3,049,990"
94999502,MSI 크로스헤어 A18 HX A7WGKG-R9 QHD+ 64GB램,"_SSD 1TB_3,105,990|_SSD 2TB_3,283,990|SSD 4TB_3,507,990"
94999409,MSI 크로스헤어 A18 HX A7WGKG-R9 QHD+ WIN11,"_SSD 1TB_2,279,900|_SSD 2TB_2,445,430|SSD 4TB_2,811,990"
94999433,MSI 크로스헤어 A18 HX A7WGKG-R9 QHD+ WIN11 32GB램,"_SSD 1TB_2,621,350|_SSD 2TB_2,738,280|SSD 4TB_4,053,510"
94999496,MSI 크로스헤어 A18 HX A7WGKG-R9 QHD+ WIN11 64GB램,"_SSD 1TB_3,127,990|_SSD 2TB_3,306,990|SSD 4TB_3,529,990"
93383390,MSI 크로스헤어 A18 HX A8WFKG-R9 QHD+,"_SSD 512GB_2,039,000|SSD 1TB_2,207,310|_SSD 2TB_2,498,990|SSD 4TB_3,148,990"
103319255,MSI 크로스헤어 A18 HX A8WFKG-R9 QHD+ 얼티밋,"_SSD 512GB_2,163,000|_SSD 1TB_2,345,000|SSD 2TB_2,598,000"
108418121,MSI 크로스헤어 A18 HX A8WFKG-R9 QHD+ 얼티밋 32GB램,"_SSD 512GB_2,898,000|_SSD 1TB_3,154,000|SSD 2TB_3,298,000"
122637146,MSI 크로스헤어 A18 HX A8WFKG-R9 QHD+ 얼티밋 64GB램,"_SSD 1TB_3,620,000|_SSD 2TB_3,780,000|SSD 512GB_3,360,000"
108418076,MSI 크로스헤어 A18 HX A8WFKG-R9 QHD+ 얼티밋 WIN11,"_SSD 512GB_2,330,000|_SSD 1TB_2,649,000|SSD 2TB_2,799,000"
108418097,MSI 크로스헤어 A18 HX A8WFKG-R9 QHD+ 얼티밋 WIN11 32GB램,"_SSD 512GB_3,049,000|SSD 1TB_2,744,650|_SSD 2TB_3,398,000"
122637143,MSI 크로스헤어 A18 HX A8WFKG-R9 QHD+ 얼티밋 WIN11 64GB램,"_SSD 512GB_3,460,000|_SSD 1TB_3,720,000|SSD 2TB_3,880,000"
93383444,MSI 크로스헤어 A18 HX A8WGKG-R9 QHD+,"_SSD 512GB_2,719,000|_SSD 1TB_2,848,990|SSD 2TB_2,949,000|SSD 4TB_3,672,090"
103880279,MSI 크로스헤어 A18 HX A8WGKG-R9 QHD+ 얼티밋,"_SSD 512GB_2,950,000|_SSD 1TB_3,150,000|SSD 2TB_3,250,000|SSD 4TB_3,848,000"
103880918,MSI 크로스헤어 A18 HX A8WGKG-R9 QHD+ 얼티밋 32GB램,"_SSD 512GB_2,897,000|_SSD 1TB_3,149,000|SSD 2TB_3,349,000"
103880927,MSI 크로스헤어 A18 HX A8WGKG-R9 QHD+ 얼티밋 64GB램,"SSD 512GB_3,649,000|_SSD 1TB_3,919,000|_SSD 2TB_4,069,000|SSD 4TB_6,364,050"
103880936,MSI 크로스헤어 A18 HX A8WGKG-R9 QHD+ 얼티밋 WIN11,"_SSD 512GB_2,418,000|_SSD 1TB_2,639,000|SSD 2TB_2,799,000|SSD 4TB_3,449,000"
103880957,MSI 크로스헤어 A18 HX A8WGKG-R9 QHD+ 얼티밋 WIN11 32GB램,"_SSD 512GB_3,153,000|_SSD 1TB_3,379,000|SSD 2TB_3,519,000|SSD 4TB_3,999,000"
103880966,MSI 크로스헤어 A18 HX A8WGKG-R9 QHD+ 얼티밋 WIN11 64GB램,"SSD 512GB_3,699,000|_SSD 1TB_3,438,610|SSD 2TB_4,099,000|_SSD 4TB_4,669,000"
15286775,MSI 크리에이터 15 A11UE,"SSD 1TB_2,490,000"
15286967,MSI 크리에이터 15 A11UE 32GB램,"SSD 512GB_2,490,000"
15286982,MSI 크리에이터 15 A11UE 64GB램,"SSD 512GB_2,790,000"
15286937,MSI 크리에이터 15 A11UE WIN10,"SSD 512GB_2,490,000"
15286952,MSI 크리에이터 15 A11UE WIN10 32GB램,"_SSD 512GB_2,590,000|_SSD 1TB_2,690,000"
15287000,MSI 크리에이터 15 A11UE WIN10 64GB램,"SSD 512GB_2,790,000"
15522581,MSI 크리에이터 15M A10SD-i7 32GB램,"_SSD 1TB_3,990,000|_SSD 2TB_4,490,000"
15871439,MSI 크리에이터 15M A10SD-i7 64GB램,"SSD 2TB_5,990,000"
47585882,MSI 크리에이터 M14 A13VF,"_SSD 512GB_1,990,000|_SSD 1TB_2,429,480|SSD 2TB_2,505,600"
52370525,MSI 크리에이터 M14 A13VF 32GB램,"_SSD 512GB_2,350,000|_SSD 1TB_2,390,000|SSD 2TB_2,490,000"
52370576,MSI 크리에이터 M14 A13VF 64GB램,"_SSD 512GB_2,590,000|_SSD 1TB_2,628,960|SSD 2TB_2,705,090"
52370609,MSI 크리에이터 M14 A13VF WIN11,"_SSD 512GB_1,890,000|_SSD 1TB_2,290,000|SSD 2TB_2,390,000|SSD 4TB_2,990,000"
52370639,MSI 크리에이터 M14 A13VF WIN11 32GB램,"_SSD 512GB_2,390,000|_SSD 1TB_2,450,000|SSD 2TB_2,550,000|SSD 4TB_3,699,000"
52370660,MSI 크리에이터 M14 A13VF WIN11 64GB램,"_SSD 512GB_2,655,750|_SSD 1TB_2,671,880|SSD 2TB_2,748,000|SSD 4TB_4,390,000"
16347383,MSI 크리에이터 M16 A12UC,"_SSD 512GB_4,790,000|_SSD 1TB_2,170,000|SSD 2TB_2,490,000"
16441331,MSI 크리에이터 M16 A12UC 32GB램,"_SSD 512GB_2,790,000|_SSD 1TB_2,990,000"
16441136,MSI 크리에이터 M16 A12UC WIN10,"_SSD 512GB_2,070,000|_SSD 1TB_2,390,000|SSD 2TB_2,570,000"
16441244,MSI 크리에이터 M16 A12UC WIN10 32GB램,"_SSD 512GB_2,220,000|_SSD 1TB_2,590,000"
16441280,MSI 크리에이터 M16 A12UC WIN10 64GB램,"_SSD 512GB_2,990,000|_SSD 1TB_3,290,000|SSD 2TB_3,490,000"
17523845,MSI 크리에이터 M16 A12UC WIN11,"_SSD 512GB_2,790,000|_SSD 1TB_2,890,000"
17523776,MSI 크리에이터 M16 A12UC WIN11 32GB램,"_SSD 512GB_2,290,000|_SSD 1TB_2,990,000"
17523728,MSI 크리에이터 M16 A12UC WIN11 64GB램,"_SSD 512GB_2,490,000|_SSD 1TB_2,690,000"
19955165,MSI 크리에이터 M16 B12VE,"_SSD 512GB_1,690,000|_SSD 1TB_1,890,000|SSD 2TB_2,190,000"
19997855,MSI 크리에이터 M16 B12VE 32GB램,"_SSD 512GB_2,249,000|_SSD 1TB_2,390,000|SSD 2TB_2,490,000"
19998062,MSI 크리에이터 M16 B12VE 64GB램,"_SSD 512GB_2,690,000|_SSD 1TB_2,790,000|SSD 2TB_2,890,000"
19998236,MSI 크리에이터 M16 B12VE WIN11,"_SSD 512GB_1,790,000|_SSD 1TB_1,890,000|SSD 2TB_2,290,000"
19997897,MSI 크리에이터 M16 B12VE WIN11 32GB램,"_SSD 512GB_2,390,000|_SSD 1TB_2,490,000|SSD 2TB_2,590,000"
19998035,MSI 크리에이터 M16 B12VE WIN11 64GB램,"_SSD 512GB_3,290,000|_SSD 1TB_3,390,000|SSD 2TB_3,490,000"
20534627,MSI 크리에이터 M16 B13VF-i9,"_SSD 1TB_2,490,000|_SSD 2TB_2,590,000"
21195410,MSI 크리에이터 M16 B13VF-i9 32GB램,"SSD 2TB_2,790,000"
21195497,MSI 크리에이터 M16 B13VF-i9 64GB램,"_SSD 1TB_2,890,000|_SSD 2TB_2,990,000"
21195326,MSI 크리에이터 M16 B13VF-i9 WIN11,"_SSD 1TB_2,490,000|_SSD 2TB_2,590,000"
21195419,MSI 크리에이터 M16 B13VF-i9 WIN11 32GB램,"_SSD 1TB_2,590,000|_SSD 2TB_2,690,000"
21195485,MSI 크리에이터 M16 B13VF-i9 WIN11 64GB램,"SSD 2TB_2,990,000"
53877236,MSI 크리에이터 M16 HX C14VGG-i9,"_SSD 1TB_3,199,000|_SSD 2TB_2,989,000|SSD 4TB_3,799,000"
55468412,MSI 크리에이터 M16 HX C14VGG-i9 64GB램,"_SSD 1TB_3,990,000|_SSD 2TB_4,490,000|SSD 4TB_3,999,000"
53878427,MSI 크리에이터 M16 HX C14VGG-i9 WIN11,"_SSD 1TB_2,889,000|_SSD 2TB_3,189,000|SSD 4TB_3,899,000"
55468367,MSI 크리에이터 M16 HX C14VGG-i9 WIN11 64GB램,"_SSD 1TB_3,189,000|_SSD 2TB_3,489,000|SSD 4TB_3,999,000"
19410134,MSI 크리에이터 Z16 HX Studio B13VFTO-i9,"_SSD 1TB_3,890,000|_SSD 2TB_4,340,000"
19530011,MSI 크리에이터 Z16 HX Studio B13VFTO-i9 32GB램,"_SSD 1TB_4,815,000|_SSD 2TB_4,730,000"
19530065,MSI 크리에이터 Z16 HX Studio B13VFTO-i9 64GB램,"_SSD 1TB_5,990,000|_SSD 2TB_5,870,000"
19507034,MSI 크리에이터 Z16 HX Studio B13VFTO-i9 WIN11,"_SSD 1TB_4,590,000|_SSD 2TB_4,405,000"
19507118,MSI 크리에이터 Z16 HX Studio B13VFTO-i9 WIN11 32GB램,"_SSD 1TB_4,680,000|_SSD 2TB_4,780,000"
19507148,MSI 크리에이터 Z16 HX Studio B13VFTO-i9 WIN11 64GB램,"_SSD 1TB_6,490,000|_SSD 2TB_5,920,000"
19410299,MSI 크리에이터 Z16 HX Studio B13VGTO-i9 W11,"_SSD 1TB_4,399,000|_SSD 2TB_3,910,000"
19507358,MSI 크리에이터 Z16 HX Studio B13VGTO-i9 W11 64GB램,"_SSD 1TB_4,499,000|_SSD 2TB_4,173,030"
16783034,MSI 크리에이터 Z17 A12UGST W11,"_SSD 1TB_3,320,000|_SSD 2TB_3,990,000"
17380727,MSI 크리에이터 Z17 A12UGST W11 64GB램,"_SSD 1TB_2,990,000|_SSD 2TB_3,180,000"
20443082,MSI 크리에이터 Z17 HX Studio A13VFT 32GB램,"_SSD 1TB_3,990,000|_SSD 2TB_4,290,000"
20443067,MSI 크리에이터 Z17 HX Studio A13VFT 64GB램,"_SSD 1TB_3,488,000|_SSD 2TB_4,490,000"
20442962,MSI 크리에이터 Z17 HX Studio A13VFT WIN11,"_SSD 1TB_3,488,000|_SSD 2TB_2,683,000|SSD 4TB_3,173,000"
20443007,MSI 크리에이터 Z17 HX Studio A13VFT WIN11 32GB램,"_SSD 1TB_3,488,000|_SSD 2TB_3,788,000|SSD 4TB_3,423,000"
20443046,MSI 크리에이터 Z17 HX Studio A13VFT WIN11 64GB램,"_SSD 2TB_4,188,000|_SSD 4TB_5,490,000"
20500847,MSI 크리에이터 Z17 HX Studio A13VFT-i9,"_SSD 1TB_4,085,000|_SSD 2TB_4,190,000"
21128471,MSI 크리에이터 Z17 HX Studio A13VFT-i9 32GB램,"_SSD 1TB_4,190,000|_SSD 2TB_4,290,000|SSD 4TB_4,482,000"
21133259,MSI 크리에이터 Z17 HX Studio A13VFT-i9 64GB램,"_SSD 2TB_4,690,000|_SSD 4TB_4,870,000"
21117554,MSI 크리에이터 Z17 HX Studio A13VFT-i9 WIN11,"_SSD 1TB_3,990,000|_SSD 2TB_4,090,000"
21129179,MSI 크리에이터 Z17 HX Studio A13VFT-i9 WIN11 32GB램,"_SSD 1TB_3,990,000|_SSD 2TB_4,090,000|SSD 4TB_4,265,000"
21132470,MSI 크리에이터 Z17 HX Studio A13VFT-i9 WIN11 64GB램,"_SSD 1TB_4,490,000|_SSD 2TB_4,290,000|SSD 4TB_4,470,000"
20534177,MSI 크리에이터 Z17 HX Studio A13VGT,"_SSD 1TB_3,303,000|_SSD 2TB_3,533,000"
21520655,MSI 크리에이터 Z17 HX Studio A13VGT 64GB램,"_SSD 1TB_3,583,000|_SSD 2TB_3,683,000"
21520547,MSI 크리에이터 Z17 HX Studio A13VGT WIN11,"_SSD 1TB_3,483,000|_SSD 2TB_3,988,000"
21520595,MSI 크리에이터 Z17 HX Studio A13VGT WIN11 64GB램,"_SSD 1TB_3,653,000|_SSD 2TB_3,763,000"
20399336,MSI 크리에이터 Z17 HX Studio A13VGT-i9 W11,"_SSD 1TB_3,790,000|SSD 2TB_3,890,000|_SSD 4TB_3,990,000"
20443586,MSI 크리에이터 Z17 HX Studio A13VGT-i9 W11 64GB램,"_SSD 1TB_4,490,000|SSD 2TB_4,690,000|_SSD 4TB_4,990,000"
52153709,MSI 크리에이터 Z17 HX Studio A14VGT-i9 W11,"_SSD 2TB_4,990,000|_SSD 4TB_4,599,000"
61440128,MSI 크리에이터 Z17 HX Studio A14VGT-i9 W11 96GB램,"SSD 2TB_5,489,000"
122681976,MSI 타이탄 18 HX AI A2WJ-U9+ UHD+ Mini LED W11,"SSD 2TB_9,449,360"
79556729,MSI 타이탄 18 HX AI A2XWJG-U9 UHD+ Mini LED W11,"_SSD 4TB_9,950,000|SSD 6TB_8,669,000|_SSD 8TB_8,869,000"
79857854,MSI 타이탄 18 HX 드래곤 에디션 A2XWJG-U9 UHD+ Mini LED W11,"_SSD 6TB_11,450,000|_SSD 8TB_13,000,000"
122726680,MSI 타이탄 18 HX 드래곤 에디션 Draco Epic A2WJ-U9+ UHD+ Mini LED W11,"SSD 2TB + SSD 2TB_10,999,000"
52367651,MSI 펄스 16 AI C1VFKG-U9 QHD W11,"_SSD 1TB_3,990,000|_SSD 2TB_3,427,200|SSD 4TB_4,490,000"
54212714,MSI 펄스 16 AI C1VFKG-U9 QHD W11 32GB램,"_SSD 1TB_4,080,000|_SSD 2TB_4,207,680|SSD 4TB_4,790,000"
54212723,MSI 펄스 16 AI C1VFKG-U9 QHD W11 64GB램,"_SSD 1TB_4,690,000|_SSD 2TB_4,790,000|"
52153880,MSI 펄스 17 AI C1VFKG-U9 QHD,"_SSD 1TB_2,269,000|_SSD 2TB_2,548,990|SSD 4TB_5,128,000"
53520137,MSI 펄스 17 AI C1VFKG-U9 QHD 32GB램,"_SSD 1TB_2,748,990|_SSD 2TB_2,918,990|SSD 4TB_5,126,000"
53520155,MSI 펄스 17 AI C1VFKG-U9 QHD 64GB램,"_SSD 1TB_3,318,990|_SSD 2TB_3,498,990|SSD 4TB_5,128,000"
52367471,MSI 펄스 17 AI C1VFKG-U9 QHD W11,"_SSD 1TB_2,299,000|_SSD 2TB_2,568,990|SSD 4TB_5,199,000"
54212780,MSI 펄스 17 AI C1VFKG-U9 QHD W11 32GB램,"_SSD 1TB_2,768,990|_SSD 2TB_2,938,990|SSD 4TB_5,299,000"
54212795,MSI 펄스 17 AI C1VFKG-U9 QHD W11 64GB램,"_SSD 1TB_3,348,990|_SSD 2TB_3,518,990|SSD 4TB_5,499,000"
52158380,MSI 펄스 17 AI C1VFKG-U9 QHD WIN11,"_SSD 1TB_2,438,990|_SSD 2TB_2,608,990|SSD 4TB_4,499,000"
52158404,MSI 펄스 17 AI C1VFKG-U9 QHD WIN11 32GB램,"_SSD 1TB_2,798,990|_SSD 2TB_2,968,990|SSD 4TB_5,838,000"
52158422,MSI 펄스 17 AI C1VFKG-U9 QHD WIN11 64GB램,"_SSD 1TB_3,378,990|_SSD 2TB_3,548,990|SSD 4TB_5,128,000"
20521745,MSI 펄스 17 B13VFK-i9 QHD,"_SSD 1TB_2,290,000|_SSD 2TB_2,320,000"
20656019,MSI 펄스 17 B13VFK-i9 QHD 32GB램,"_SSD 1TB_2,990,000|_SSD 2TB_3,290,000"
20656160,MSI 펄스 17 B13VFK-i9 QHD 64GB램,"_SSD 1TB_2,990,000|_SSD 2TB_3,290,000"
20652251,MSI 펄스 17 B13VFK-i9 QHD WIN11,"_SSD 1TB_2,650,000|_SSD 2TB_2,350,000"
20652272,MSI 펄스 17 B13VFK-i9 QHD WIN11 32GB램,"_SSD 1TB_2,290,000|_SSD 2TB_3,490,000"
20656130,MSI 펄스 17 B13VFK-i9 QHD WIN11 64GB램,"_SSD 1TB_3,790,000|_SSD 2TB_3,990,000"
29378729,MSI 펄스 17 B13VGK-i9 QHD,"_SSD 512GB_2,162,540|_SSD 1TB_2,341,130|"
29618018,MSI 펄스 17 B13VGK-i9 QHD 32GB램,"_SSD 512GB_2,602,350|_SSD 1TB_2,700,260|SSD 2TB_2,874,410"
29618096,MSI 펄스 17 B13VGK-i9 QHD 64GB램,"_SSD 512GB_3,190,100|_SSD 1TB_3,288,010|SSD 2TB_3,374,400"
29620148,MSI 펄스 17 B13VGK-i9 QHD WIN11,"_SSD 512GB_2,264,990|_SSD 1TB_2,363,490|SSD 2TB_2,537,050"
29620241,MSI 펄스 17 B13VGK-i9 QHD WIN11 32GB램,"_SSD 1TB_2,722,030|_SSD 512GB_2,624,120|SSD 2TB_2,896,180"
29620283,MSI 펄스 17 B13VGK-i9 QHD WIN11 64GB램,"_SSD 512GB_3,211,870|_SSD 1TB_3,309,780|SSD 2TB_3,395,620"
122626964,MSI 펄스 A17 AI+ C3HWFKG-R7 QHD+,"_SSD 512GB_1,899,000|_SSD 1TB_1,996,020|SSD 2TB_2,194,340"
122635829,MSI 펄스 A17 AI+ C3HWFKG-R7 QHD+ 32GB램,"_SSD 512GB_2,234,010|_SSD 1TB_2,336,950|SSD 2TB_2,521,200"
122641237,MSI 펄스 A17 AI+ C3HWFKG-R7 QHD+ 64GB램,"_SSD 512GB_2,853,680|_SSD 1TB_2,934,540|SSD 2TB_3,077,790"
122635836,MSI 펄스 A17 AI+ C3HWFKG-R7 QHD+ WIN11,"_SSD 512GB_1,913,700|_SSD 1TB_2,028,800|SSD 2TB_2,195,050|SSD 4TB_3,025,990"
122635847,MSI 펄스 A17 AI+ C3HWFKG-R7 QHD+ WIN11 32GB렘,"SSD 512GB_2,259,000|_SSD 1TB_2,369,040|_SSD 2TB_2,526,370|SSD 4TB_3,373,830"
122635858,MSI 펄스 A17 AI+ C3HWFKG-R7 QHD+ WIN11 64GB램,"_SSD 512GB_2,837,610|_SSD 1TB_2,964,590|SSD 2TB_3,138,110|SSD 4TB_4,241,850"
48474095,MSI 프레스티지 13 AI A1MG,"_SSD 1TB_2,190,000|_SSD 512GB_1,990,000|SSD 2TB_2,390,000"
48474131,MSI 프레스티지 13 AI A1MG WIN11,"_SSD 512GB_2,090,000|_SSD 1TB_2,290,000|SSD 2TB_2,490,000"
122628394,MSI 프레스티지 13 AI+ A3MG-U9 2.8K OLED,"_SSD 1TB_3,246,990|_SSD 2TB_3,546,990|SSD 4TB_4,900,000"
122635818,MSI 프레스티지 13 AI+ A3MG-U9 2.8K OLED WIN11,"_SSD 1TB_3,346,990|_SSD 2TB_3,646,990|SSD 4TB_4,800,000"
97223822,MSI 프레스티지 13 AI+ 우키요에 에디션 A2VMG-U9 2.8K OLED W11,"_SSD 2TB_2,997,000|_SSD 4TB_3,490,000"
19356056,MSI 프레스티지 13 Evo A13M W11,"_SSD 1TB_2,299,000|_SSD 2TB_1,938,050"
18198086,MSI 프레스티지 14 A11SCX 로즈 핑크,"SSD 2TB_1,940,000"
18198122,MSI 프레스티지 14 A11SCX 로즈 핑크 WIN10,"_SSD 512GB_1,840,000|_SSD 1TB_1,890,000|SSD 2TB_1,990,000"
18198179,MSI 프레스티지 14 A11SCX 로즈 핑크 WIN11,"_SSD 512GB_1,820,000|_SSD 1TB_1,880,000|SSD 2TB_1,990,000"
60326396,MSI 프레스티지 14 AI Studio C1UDXG-U7,"_SSD 1TB_1,895,340|_SSD 2TB_2,015,000|SSD 4TB_2,634,810"
61441187,MSI 프레스티지 14 AI Studio C1UDXG-U7 64GB램,"_SSD 1TB_2,786,150|_SSD 2TB_2,923,390|SSD 4TB_3,090,000"
60326411,MSI 프레스티지 14 AI Studio C1UDXG-U7 W11,"_SSD 1TB_2,590,000|_SSD 2TB_2,790,000|SSD 4TB_2,699,000"
61441121,MSI 프레스티지 14 AI Studio C1UDXG-U7 W11 64GB램,"_SSD 1TB_3,590,000|_SSD 2TB_3,790,000|SSD 4TB_3,390,000"
61441178,MSI 프레스티지 14 AI Studio C1UDXG-U7 WIN11,"_SSD 1TB_1,738,170|_SSD 2TB_1,942,770|SSD 4TB_2,645,000"
61441223,MSI 프레스티지 14 AI Studio C1UDXG-U7 WIN11 64GB램,"_SSD 1TB_2,760,000|_SSD 2TB_2,945,010|SSD 4TB_3,240,000"
106036286,MSI 프레스티지 14 AI+ D3MG-U9 OLED,"_SSD 1TB_2,499,680|_SSD 2TB_2,860,670|SSD 4TB_3,190,000"
106720865,MSI 프레스티지 14 AI+ D3MG-U9 OLED WIN11,"_SSD 1TB_2,693,550|_SSD 2TB_2,914,090|SSD 4TB_3,290,000"
73074920,MSI 프레스티지 14 AI+ Evo C2VMG-U7 W11,"_SSD 1TB_1,839,000|_SSD 2TB_2,052,000|SSD 4TB_2,735,390"
124101589,MSI 프레스티지 14 Flip AI+ 론강의 별이 빛나는 밤 D3MTG-UX9 OLED W11,"SSD 1TB_3,409,560"
124101657,MSI 프레스티지 14 Flip AI+ 별이 빛나는 밤 D3MTG-UX9 OLED W11,"SSD 1TB_3,409,560"
16611911,MSI 프레스티지 15 A12UC,"_SSD 512GB_1,890,000|SSD 1TB_1,890,000|_SSD 2TB_1,990,000|SSD 512GB + SSD 512GB_1,990,000"
17482625,MSI 프레스티지 15 A12UC 4K,"_SSD 512GB_2,035,000|_SSD 1TB_2,120,000|SSD 2TB_2,260,000|SSD 512GB + SSD 512GB_2,090,000"
17532038,MSI 프레스티지 15 A12UC 4K WIN11,"_SSD 512GB_1,960,000|_SSD 1TB_2,210,000|SSD 2TB_2,290,000"
16730837,MSI 프레스티지 15 A12UC WIN10,"_SSD 512GB_2,040,000|_SSD 1TB_2,190,000"
16851992,MSI 프레스티지 15 A12UC WIN11,"_SSD 512GB_1,999,000|_SSD 512GB + SSD 512GB_2,230,000"
37931801,MSI 프레스티지 16 AI B1MG,"_SSD 512GB_1,398,320|SSD 1TB_1,570,010|_SSD 2TB_1,726,710|SSD 4TB_2,517,260"
40721033,MSI 프레스티지 16 AI B1MG WIN11,"_SSD 512GB_1,358,180|_SSD 1TB_1,498,190|SSD 2TB_1,748,890|SSD 4TB_2,511,920"
61441565,MSI 프레스티지 16 AI B1MG WIN11 32GB램,"_SSD 512GB_1,890,000|_SSD 1TB_1,990,000|SSD 2TB_2,090,000"
38451587,MSI 프레스티지 16 AI B1MG-U5 WIN11,"_SSD 512GB_1,555,780|_SSD 1TB_1,804,310"
31305719,MSI 프레스티지 16 AI Evo B1MG W11,"_SSD 512GB_1,920,000|SSD 1TB_2,030,030|_SSD 2TB_2,112,000|SSD 4TB_2,045,000"
59981708,MSI 프레스티지 16 AI Studio B1VEG-U7,"_SSD 1TB_2,990,000|_SSD 2TB_2,999,000"
60003083,MSI 프레스티지 16 AI Studio B1VEG-U7 W11,"_SSD 1TB_3,490,000|_SSD 2TB_2,990,000"
60062474,MSI 프레스티지 16 AI Studio B1VEG-U7 WIN11,"_SSD 1TB_2,889,000|_SSD 2TB_3,399,000"
108419633,MSI 프레스티지 16 AI+ C3MG-UX9 2.8K OLED,"_SSD 1TB_2,899,880|_SSD 2TB_3,337,930|SSD 4TB_3,812,630"
109680761,MSI 프레스티지 16 AI+ C3MG-UX9 2.8K OLED WIN11,"_SSD 1TB_3,196,920|_SSD 2TB_3,358,610|SSD 4TB_3,834,250"
73074917,MSI 프레스티지 16 AI+ Evo B2VM-U7 W11,"_SSD 1TB_2,463,810|_SSD 2TB_2,600,000|SSD 4TB_3,290,000"
96057869,MSI 프레스티지 16 AI+ MercedesAMG B2VMG-U9 UHD+ OLED W11,"_SSD 1TB_3,480,000|SSD 2TB_4,650,000|_SSD 4TB_4,590,000"
19356302,MSI 프레스티지 16 Evo A13M W11,"_SSD 1TB_1,690,000|_SSD 2TB_2,418,940"
106036190,MSI 프레스티지 16 Flip AI+ C3MTG-U9 2.8K OLED W11,"_SSD 1TB_3,200,000|_SSD 2TB_3,400,000|SSD 4TB_4,388,810"
19530875,MSI 프레스티지 16 Studio A13VF Mini LED,"_SSD 1TB_2,387,000|_SSD 2TB_2,427,000"
19601369,MSI 프레스티지 16 Studio A13VF Mini LED WIN11,"_SSD 1TB_2,367,000|_SSD 2TB_2,447,000|SSD 4TB_2,490,000"
72300530,MSI 프레스티지 A16 AI+ A3HMG-R9 W11,"_SSD 1TB_2,800,000|_SSD 2TB_2,498,000|SSD 4TB_2,838,000"
76789643,MSI 프레스티지 프로 16 AI B2HVEG-U9 UHD+ OLED,"SSD 1TB_5,440,000|_SSD 2TB_3,954,000|_SSD 4TB_4,198,000"
77016425,MSI 프레스티지 프로 16 AI B2HVEG-U9 UHD+ OLED WIN11,"SSD 1TB_3,790,000|_SSD 2TB_3,960,000|_SSD 4TB_4,190,000"
106734167,Razer Blade 14 R9 Zen5 R5060,"_SSD 1TB_2,999,000||_SSD 4TB_4,031,990"
122721671,Razer Blade 16 U9 R5080 32G,"_SSD 1TB_7,583,990|_SSD 1TB + SSD 1TB_7,950,000"
122721695,Razer Blade 16 U9 R5080 64G,"_SSD 1TB_8,299,000|_SSD 1TB + SSD 1TB_8,927,990"
122721739,Razer Blade 16 U9 R5090 32G,"_SSD 2TB_9,599,910|_SSD 2TB + SSD 2TB_10,175,910"
122721757,Razer Blade 16 U9 R5090 64G,"_SSD 2TB_9,999,000|_SSD 2TB + SSD 2TB_12,960,000"
124335693,레노버 LEGION 5 15AGP11 83Q60062KR 32GB램,"SSD 4TB_3,639,600|_SSD 512GB_2,698,990|_SSD 1TB_2,798,990|SSD 2TB_2,948,930"
124335681,레노버 LEGION 5 15AGP11 83Q60062KR WIN11 32GB램,"SSD 4TB_3,442,820|_SSD 512GB_2,703,560|_SSD 1TB_2,820,590|SSD 2TB_2,956,640"
122635885,레노버 LEGION 5 15AHP11 83Q7000TKR WIN11 32GB램,"_SSD 512GB_2,550,000|_SSD 1TB_2,874,650|SSD 2TB_2,977,860|SSD 4TB_3,597,000"
122659426,레노버 LEGION 5 15IPH11 U7 5060 W11P 64GB램,"_SSD 512GB_4,180,000|_SSD 1TB_4,348,000|"
96480125,레노버 LEGION 5 15IRX10 i7 5060 W11P,"_SSD 1TB_2,699,000|SSD 4TB_3,395,000|_SSD 2TB_2,899,000"
93861668,레노버 LEGION 7i 83KY001YKR,"_SSD 1TB_3,928,512|SSD 2TB_5,399,000|_SSD 4TB_5,999,000"
92545097,레노버 LEGION Pro 5 16IAX10H U9 5070Ti Plus,"_SSD 1TB_4,149,000|_SSD 2TB_4,570,000|SSD 4TB_4,990,000"
97471472,레노버 LOQ 15AHP10 R7 5060 WIN11 32GB램,"_SSD 512GB_2,246,840|_SSD 1TB_2,408,230|SSD 2TB_2,523,890|SSD 4TB_2,999,530"
122645137,레노버 LOQ 15AHP11 83TN000JKR,"_SSD 512GB_1,899,000|_SSD 1TB_1,929,000|SSD 2TB_2,103,730|"
122651378,레노버 LOQ 15AHP11 83TN000JKR 32GB램,"_SSD 512GB_2,208,970|_SSD 1TB_2,339,000|SSD 2TB_2,502,230|"
122651343,레노버 LOQ 15AHP11 83TN000JKR WIN11 32GB램,"_SSD 512GB_2,190,000|_SSD 1TB_2,340,000|SSD 2TB_2,522,900|SSD 4TB_2,998,560"
122624227,레노버 LOQ 15IRX10 i7 5050 SE WIN11 32GB램,"SSD 512GB_2,230,040|_SSD 1TB_2,366,140|_SSD 2TB_2,494,500"
122619163,레노버 LOQ 15IRX10 i7 5060 Edition W11P 32GB램,"SSD 512GB_2,399,000|_SSD 1TB_2,629,000|_SSD 2TB_2,839,000"
98414612,레노버 V15 AMN G4 R5,"_SSD 256GB_748,990|_SSD 512GB_855,000|SSD 1TB_1,000,000|SSD 2TB_1,149,000|SSD 4TB_1,745,000"
98768735,레노버 V15 G5 IRL i5,"_SSD 256GB_708,900|_SSD 512GB_829,000|SSD 1TB_899,000|SSD 2TB_1,059,000|SSD 4TB_2,000,000"
98768831,레노버 V15 G5 IRL i5 16G,"_SSD 256GB_852,000|_SSD 512GB_936,900|SSD 1TB_1,045,000|SSD 2TB_1,146,000|SSD 4TB_2,946,000"
124238447,레노버 V15 G7 IWC Core5 83VF007KKR,"_SSD 256GB_1,394,000|_SSD 512GB_1,448,990|SSD 1TB_1,549,000|SSD 2TB_1,699,000"
124238459,레노버 V15 G7 IWC Core5 83VF007KKR WIN11,"_SSD 256GB_1,398,990|_SSD 512GB_1,498,990|SSD 1TB_1,599,000|SSD 2TB_1,749,000"
124153690,레노버 V15 G7 IWC Core5 83VF007LKR,"SSD 256GB_1,309,000"
124258988,레노버 V15 G7 IWC Core5 83VF007MKR,"_SSD 256GB_1,190,000|_SSD 512GB_1,588,000|SSD 1TB_1,718,000"
124258995,레노버 V15 G7 IWC Core5 83VF007MKR 16GB램,"_SSD 256GB_1,848,000|_SSD 512GB_2,137,000|SSD 1TB_2,267,000"
124258998,레노버 V15 G7 IWC Core5 83VF007MKR WIN11,"_SSD 256GB_1,299,000|_SSD 512GB_1,588,000|SSD 1TB_1,718,000"
124259005,레노버 V15 G7 IWC Core5 83VF007MKR WIN11 16GB램,"_SSD 256GB_1,928,000|SSD 512GB_2,217,000|_SSD 1TB_2,347,000"
124237442,레노버 V17 G7 IWC Core5 83VG002WKR,"SSD 256GB_1,839,000"
124237463,레노버 V17 G7 IWC Core5 83VG002XKR,"SSD 256GB_1,643,000"
103879859,레노버 씽크북 14AHP G9 R7 AI 32GB램,"_SSD 512GB_1,609,000|_SSD 1TB_1,649,000|SSD 2TB_1,859,000|SSD 4TB_2,914,000"
79559513,레노버 씽크북 14IAL G8 U7 AI,"SSD 512GB_1,360,000|_SSD 1TB_1,750,000|SSD 2TB_1,950,000|_SSD 4TB_3,000,000"
124336304,레노버 씽크북 14X ILL U5 3K OLED AI W11,"SSD 512GB_1,689,000|_SSD 1TB_1,859,000|_SSD 2TB_2,159,000"
124336356,레노버 씽크북 14X ILL U7 3K OLED AI W11,"_SSD 512GB_1,869,000|_SSD 1TB_2,039,000|SSD 2TB_2,329,000"
103482833,레노버 씽크북 16AHP G9 R7 3K AI,"_SSD 512GB_1,449,000|_SSD 1TB_1,596,000|SSD 2TB_1,799,000"
104936645,레노버 씽크북 16AHP G9 R7 3K AI WIN11,"_SSD 512GB_1,518,000|_SSD 1TB_1,636,000|SSD 2TB_1,787,000|SSD 4TB_2,462,000"
104936690,레노버 씽크북 16AHP G9 R7 3K AI WIN11 32GB램,"_SSD 512GB_1,800,000|SSD 1TB_2,049,000|_SSD 2TB_2,197,000|SSD 4TB_2,800,000"
42292283,레노버 씽크북 16IML G7 ULT7 W11,"_SSD 512GB_1,550,000|_SSD 1TB_1,620,000|SSD 2TB_1,820,000|SSD 4TB_2,258,000"
92891579,레노버 씽크패드 E14 G7 R7 AI,"_SSD 512GB_1,540,944|_SSD 1TB_1,700,000|SSD 2TB_2,090,000|SSD 4TB_2,500,000"
94518704,레노버 씽크패드 E16 G3 Core5 3K AI W11,"_SSD 512GB_1,449,000||_SSD 2TB_1,898,000|SSD 4TB_2,378,000"
92891828,레노버 씽크패드 E16 G3 R5 AI W11,"_SSD 512GB_1,325,000|_SSD 1TB_1,649,000|SSD 2TB_1,799,000|SSD 4TB_2,299,000"
73472318,레노버 씽크패드 E16 Gen1 21JNS00800,"_SSD 256GB_1,199,000|_SSD 512GB_1,455,360|SSD 1TB_1,509,120"
108410426,레노버 씽크패드 E16 ILL G3 U7 3K AI,"_SSD 512GB_1,899,000|_SSD 1TB_2,193,000|SSD 2TB_2,395,000"
124336518,레노버 씽크패드 E16 ILL G3 U7 3K AI EDITION,"_SSD 512GB_1,759,000|_SSD 1TB_1,899,000|SSD 2TB_2,229,000"
124350978,레노버 씽크패드 E16 ILL G3 U7 3K AI EDITION W11P,"_SSD 512GB_1,999,000|_SSD 1TB_2,149,000|SSD 2TB_2,449,000"
124350345,레노버 씽크패드 E16 ILL G3 U7 3K AI EDITION WIN11,"SSD 512GB_1,899,000|_SSD 1TB_2,099,000|_SSD 2TB_2,359,000"
108400088,레노버 씽크패드 E16 ILL G3 U7 3K AI W11,"_SSD 512GB_1,979,000|_SSD 1TB_2,266,000|SSD 2TB_2,465,000|SSD 4TB_2,996,000"
108415601,레노버 씽크패드 E16 ILL G3 U7 AI,"_SSD 1TB_2,089,000|_SSD 512GB_1,649,000|SSD 2TB_2,290,000"
108401720,레노버 씽크패드 E16 ILL G3 U7 AI W11,"_SSD 512GB_1,900,000|_SSD 1TB_2,190,000|"
58025303,레노버 씽크패드 L16 Gen1 21L3003YKD,"_SSD 512GB_1,299,000|SSD 1TB_1,820,000|_SSD 2TB_2,030,000"
124102747,레노버 씽크패드 P16 Gen3 21RQS27V00,"SSD 1TB_8,464,680"
124102791,레노버 씽크패드 P16 Gen3 21RQS27X00,"SSD 1TB_8,117,820"
124102849,레노버 씽크패드 P16 Gen3 21RQS28000,"SSD 1TB_7,292,810"
93314240,레노버 아이디어패드 Slim3 14AHP10 83K9000JKR 16GB램,"_SSD 256GB_913,000|_SSD 512GB_1,027,600|SSD 1TB_1,167,100|SSD 2TB_1,525,610|SSD 4TB_2,150,000"
92041226,레노버 아이디어패드 Slim3 14AHP10 83K9000JKR WIN11,"_SSD 256GB_746,350|_SSD 512GB_892,990|SSD 1TB_1,020,620|SSD 2TB_1,301,990|SSD 4TB_2,100,000"
79551413,레노버 아이디어패드 Slim3 15AHP10 83KA0031KR WIN11 16GB램,"_SSD 512GB_1,250,000|_SSD 1TB_1,400,000|SSD 2TB_1,745,180|SSD 4TB_3,150,000"
103335662,레노버 아이디어패드 Slim3 15AHP10 83KA005NKR WIN11,"_SSD 256GB_999,000|_SSD 512GB_1,119,000|SSD 1TB_1,268,000|SSD 2TB_1,363,160|SSD 4TB_2,010,000"
122718712,레노버 아이디어패드 Slim3 15AHP10 83KA0075KR,"_SSD 256GB_999,000|_SSD 512GB_1,148,990|SSD 1TB_1,429,000"
106703111,레노버 아이디어패드 Slim3 15ARP10 83K70032KR WIN11 16GB램,"_SSD 256GB_1,870,000|_SSD 512GB_987,990|SSD 1TB_1,201,990|SSD 2TB_2,699,000"
81716558,레노버 아이디어패드 Slim3 15ARP10 83K7003AKR,"_SSD 256GB_779,000|_SSD 512GB_849,000|SSD 1TB_999,000|SSD 2TB_1,400,000|SSD 4TB_1,599,000"
122691390,레노버 아이디어패드 Slim3 15ARP10 83K700VDKR,"_SSD 256GB_849,000|_SSD 512GB_949,000|SSD 1TB_1,099,000"
122724455,레노버 아이디어패드 Slim3 15IPH11 83UR00CNKR,"_SSD 512GB_1,609,000|_SSD 1TB_1,999,000"
90576179,레노버 아이디어패드 Slim3 15ITN9 Core3,"_SSD 256GB_599,000|_SSD 512GB_649,000|SSD 1TB_789,000|SSD 2TB_1,132,000"
78711332,레노버 아이디어패드 Slim3-17ABA7 R5,"_SSD 256GB_699,000|_SSD 512GB_795,000|SSD 1TB_947,930|SSD 2TB_1,049,970|SSD 4TB_1,456,000"
95845739,레노버 아이디어패드 Slim3x 15Q8X10 83N30037KR,"_SSD 512GB_989,000|_SSD 1TB_1,650,000"
124351299,레노버 아이디어패드 Slim5 14AGP11 83S1004PKR,"SSD 2TB_2,268,220|_SSD 1TB_2,040,000|_SSD 4TB_2,846,320"
91766399,레노버 아이디어패드 Slim5 14AHP10 83HV0019KR WIN11,"_SSD 512GB_1,599,000|_SSD 1TB_1,699,000|SSD 2TB_1,832,000|SSD 4TB_2,219,000"
106717565,레노버 아이디어패드 Slim5 16AGP11 83S2003LKR,"_SSD 1TB_2,430,000|_SSD 2TB_2,600,000|SSD 4TB_3,241,890"
106717550,레노버 아이디어패드 Slim5 16AGP11 83S2003MKR,"_SSD 512GB_2,170,000|_SSD 1TB_2,330,000|SSD 2TB_2,650,000|SSD 4TB_3,241,890"
106717532,레노버 아이디어패드 Slim5 16AGP11 83S2003NKR,"_SSD 512GB_1,799,000|_SSD 1TB_2,050,000||SSD 4TB_2,840,670"
46738271,레노버 아이디어패드 Slim5 16AHP9 83DD0023KR WIN11,"SSD 512GB_1,990,000|_SSD 1TB_2,190,000|_SSD 2TB_1,793,400"
108462053,레노버 요가 7 2in1 14AGP11 83TD000SKR,"_SSD 512GB_1,999,000|_SSD 1TB_2,365,000|SSD 2TB_2,655,000|SSD 4TB_3,223,000"
65915657,레노버 요가 Slim 7i 15ILL9 Aura Edition,"_SSD 1TB_2,990,000|_SSD 2TB_3,190,000|SSD 4TB_4,500,000"
106749764,레노버 요가 Slim 7i Ultra Aura Edition 83QK001HKR,"_SSD 1TB_2,998,000|_SSD 2TB_4,030,000"
106749749,레노버 요가 Slim 7i Ultra Aura Edition 83QK001JKR,"_SSD 1TB_2,999,000|_SSD 2TB_3,500,000|SSD 4TB_5,000,000"
122717752,레노버 요가 Slim 7i Ultra Aura Edition 83QK009BKR,"SSD 1TB_3,799,000"
122624700,레노버 요가 Slim7 14AGP11 83QS001CKR,"_SSD 1TB_2,569,000|_SSD 2TB_2,990,000"
44762393,삼성전자 갤럭시북4 NT750XGR-A51A,"_SSD 256GB_1,170,000|_SSD 512GB_1,289,000|SSD 1TB_1,431,260|SSD 2TB_1,625,220|SSD 4TB_1,884,280"
44762513,삼성전자 갤럭시북4 NT750XGR-A51A WIN11,"_SSD 256GB_1,228,000|_SSD 500GB_1,309,000|SSD 1TB_1,445,760|SSD 2TB_1,635,960|SSD 4TB_1,924,580"
45313130,삼성전자 갤럭시북4 프로 NT940XGQ-A51A WIN11,"SSD 256GB_1,694,950|_SSD 512GB_1,794,950|_SSD 1TB_1,896,950|SSD 2TB_1,996,960|SSD 4TB_2,536,990"
124335719,삼성전자 갤럭시북5 NT750XHD-K71A,"SSD 512GB_2,537,130"
93632033,삼성전자 갤럭시북5 NT750XHD-KC51G,"_SSD 512GB_1,619,000|_SSD 1TB_1,797,000|SSD 2TB_1,897,000|SSD 4TB_2,580,000"
95424050,삼성전자 갤럭시북5 NT750XHD-KD72G,"_SSD 512GB_2,454,490|_SSD 1TB_2,416,650|SSD 2TB_2,566,690|SSD 4TB_3,360,000"
122683460,삼성전자 갤럭시북5 NT750XHD-KP70G,"_SSD 512GB_2,471,000|_SSD 1TB_2,576,000|"
101624315,삼성전자 갤럭시북5 NT750XHW-A51A,"_SSD 256GB_1,397,900|_SSD 512GB_1,528,990|SSD 1TB_1,696,990|SSD 2TB_1,697,000"
103129349,삼성전자 갤럭시북5 NT750XHW-A51A WIN11,"_SSD 256GB_1,428,000|_SSD 512GB_1,596,890|SSD 1TB_1,783,270|SSD 2TB_1,893,890|SSD 4TB_2,308,880"
101624249,삼성전자 갤럭시북5 NT750XHW-A58A,"_SSD 256GB_1,214,660|_SSD 512GB_1,239,000|SSD 1TB_1,338,990|SSD 2TB_1,489,000"
101624393,삼성전자 갤럭시북5 NT750XHW-A71A,"_SSD 256GB_1,599,000|_SSD 512GB_1,698,000|SSD 1TB_1,798,000|SSD 2TB_1,968,000"
73614713,삼성전자 갤럭시북5 프로 NT940XHA-K51A,"_SSD 256GB_2,140,150|_SSD 512GB_2,256,590|SSD 1TB_2,385,900|SSD 2TB_2,547,330|SSD 4TB_2,980,000"
72475073,삼성전자 갤럭시북5 프로 NT940XHA-K71AR,"_SSD 512GB_2,999,720|_SSD 1TB_3,193,810|SSD 2TB_3,438,810|SSD 4TB_4,149,830"
73691981,삼성전자 갤럭시북5 프로 NT960XHA-K52A,"_SSD 256GB_2,690,000|_SSD 512GB_2,789,900|SSD 1TB_2,890,000|SSD 2TB_2,990,000|SSD 4TB_3,499,000"
72473852,삼성전자 갤럭시북5 프로 NT960XHA-K71A,"_SSD 512GB_2,590,000|_SSD 1TB_2,970,000|SSD 2TB_2,999,000|SSD 4TB_3,338,890"
102007319,삼성전자 갤럭시북5 프로 NT960XHZ-A52A,"_SSD 256GB_2,650,000|SSD 512GB_2,797,000|_SSD 1TB_2,898,000|SSD 2TB_2,640,000"
105181457,삼성전자 갤럭시북5 프로 NT960XHZ-AD52G,"_SSD 512GB_2,409,870|_SSD 1TB_2,687,000|SSD 2TB_2,783,000"
73614545,삼성전자 갤럭시북5 프로360 NT960QHA-K51A,"_SSD 512GB_2,690,000|_SSD 1TB_2,795,960|SSD 2TB_2,967,360|SSD 4TB_3,499,000"
68686217,삼성전자 갤럭시북5 프로360 NT960QHA-KC51G,"_SSD 512GB_2,873,490|SSD 1TB_2,848,220|_SSD 2TB_3,028,990|SSD 4TB_4,288,000|오피스 패키지_3,199,000|Microsoft 365 패키지_3,441,000"
109679450,삼성전자 갤럭시북6 NT740VJG-KC51G,"_SSD 256GB_1,731,990|_SSD 512GB_1,917,480|SSD 1TB_2,007,390|SSD 2TB_2,137,450|오피스 패키지_1,801,000"
124183072,삼성전자 갤럭시북6 NT740VJK-KC38G,"_SSD 256GB_1,240,000|SSD 512GB_1,499,990|_SSD 1TB_1,609,990|SSD 2TB_1,768,320|오피스 패키지_1,299,000"
124100860,삼성전자 갤럭시북6 NT740VJK-KC38G,"_SSD 256GB_1,240,000|SSD 512GB_1,499,990|_SSD 1TB_1,609,990|SSD 2TB_1,768,320|오피스 패키지_1,299,000"
124183045,삼성전자 갤럭시북6 NT740VJK-KC58G,"_SSD 256GB_1,324,000|_SSD 512GB_1,670,000|SSD 1TB_1,780,000|SSD 2TB_1,940,000|오피스 패키지_1,549,000"
124100881,삼성전자 갤럭시북6 NT740VJK-KC58G,"_SSD 256GB_1,324,000|_SSD 512GB_1,670,000|SSD 1TB_1,780,000|SSD 2TB_1,940,000|오피스 패키지_1,549,000"
124152925,삼성전자 갤럭시북6 NT740VJK-KH38G,"SSD 256GB_1,528,990"
124012104,삼성전자 갤럭시북6 NT740VJQ-A38A,"SSD 256GB_1,190,000"
124012178,삼성전자 갤럭시북6 NT740VJQ-A58A,"SSD 256GB_1,329,000"
122622172,삼성전자 갤럭시북6 NT760VJG-KC51S,"_SSD 256GB_1,900,000|SSD 512GB_1,997,000|_SSD 1TB_2,097,000|SSD 2TB_2,389,000|오피스 패키지_1,941,000"
109679627,삼성전자 갤럭시북6 NT760VJG-KD72G,"_SSD 1TB_3,129,530|_SSD 2TB_3,248,930|SSD 4TB_4,030,890"
109596026,삼성전자 갤럭시북6 NT760VJG-KP51G,"_SSD 512GB_1,998,000|_SSD 1TB_2,068,000|SSD 2TB_2,168,000|SSD 4TB_3,226,690"
122697996,삼성전자 갤럭시북6 NT760VJT-A51A,"SSD 256GB_1,789,000"
109481519,삼성전자 갤럭시북6 NT760VJT-A71A,"_SSD 512GB_2,079,400|_SSD 1TB_2,210,990|SSD 2TB_2,314,330"
122638649,삼성전자 갤럭시북6 NT760VJT-A71A WIN11,"SSD 512GB_2,144,800|_SSD 1TB_2,417,100|_SSD 2TB_2,525,900|SSD 4TB_3,113,620"
104624552,삼성전자 갤럭시북6 울트라 NT960UJH-X72A,"_SSD 1TB_5,120,000|_SSD 2TB_5,398,990|SSD 4TB_5,898,990"
122680368,삼성전자 갤럭시북6 울트라 NT960UJH-X94A,"_SSD 2TB_7,776,760|_SSD 4TB_8,498,980"
104224271,삼성전자 갤럭시북6 울트라 NT960UJH-XC72Y,"_SSD 1TB_5,159,000|_SSD 2TB_5,358,710|SSD 4TB_5,760,000"
104224253,삼성전자 갤럭시북6 울트라 NT960UJH-XD72Y,"_SSD 1TB_5,402,440|_SSD 2TB_5,698,750|SSD 4TB_6,445,310|오피스 패키지_5,784,000"
106721318,삼성전자 갤럭시북6 프로 NT940XJG-K51A,"_SSD 256GB_2,519,000|_SSD 512GB_2,677,990|SSD 1TB_2,847,290|SSD 2TB_3,048,980"
104625998,삼성전자 갤럭시북6 프로 NT940XJG-K72A,"SSD 256GB_3,232,000|SSD 512GB_3,382,890|_SSD 1TB_3,483,890|_SSD 2TB_3,693,890"
105815369,삼성전자 갤럭시북6 프로 NT940XJG-KC51S,"_SSD 512GB_2,718,000|_SSD 1TB_3,053,310|SSD 2TB_3,135,520|SSD 4TB_3,800,000|오피스 패키지_2,777,000"
104224406,삼성전자 갤럭시북6 프로 NT940XJG-KD72G,"_SSD 1TB_3,648,000|_SSD 2TB_3,795,000|SSD 4TB_4,494,000"
104224448,삼성전자 갤럭시북6 프로 NT940XJG-KD72S,"_SSD 1TB_3,645,610|_SSD 2TB_3,748,000|SSD 4TB_4,447,000"
104626103,삼성전자 갤럭시북6 프로 NT940XJG-KL72S,"_SSD 512GB_3,477,000|_SSD 1TB_3,682,000|SSD 2TB_3,788,000|SSD 4TB_4,555,000"
104624507,삼성전자 갤럭시북6 프로 NT960XJG-K72A,"_SSD 256GB_3,549,990|_SSD 512GB_3,681,990|SSD 1TB_3,857,990|SSD 2TB_3,976,990|SSD 4TB_4,590,990"
104939918,삼성전자 갤럭시북6 프로 NT960XJG-KC51G,"_SSD 512GB_2,686,080|_SSD 1TB_3,005,500|SSD 2TB_3,165,970|SSD 4TB_4,100,000|오피스 패키지_2,857,000"
104624735,삼성전자 갤럭시북6 프로 NT960XJG-KC71G,"_SSD 512GB_3,081,000|_SSD 1TB_3,385,000|SSD 2TB_3,574,400|SSD 4TB_4,390,000|오피스 패키지_3,140,000"
104224349,삼성전자 갤럭시북6 프로 NT960XJG-KD72G,"_SSD 1TB_3,869,910|_SSD 2TB_4,005,010|SSD 4TB_5,281,000"
104224361,삼성전자 갤럭시북6 프로 NT960XJG-KD72S,"_SSD 1TB_3,898,990|_SSD 2TB_4,018,730|SSD 4TB_4,875,000"
104626241,삼성전자 갤럭시북6 프로 NT960XJG-KL72G,"_SSD 512GB_3,585,000|SSD 1TB_3,867,000|_SSD 2TB_3,978,000|SSD 4TB_4,860,000"
98409974,에이서 니트로 16S AI AN16S-61-R96T,"_SSD 1TB_2,289,000|_SSD 2TB_2,989,000"
99887078,에이서 니트로 18 AI AN18-61-R4T1,"_SSD 1TB_2,890,000|_SSD 2TB_2,994,000|SSD 4TB_3,753,000"
122652383,에이서 니트로 V 16 ANV16-I31-514Z,"_SSD 512GB_1,849,000|_SSD 1TB_1,880,000||"
99736682,에이서 니트로 V 16S AI ANV16S-41-R7TF,"_SSD 512GB_1,789,000|_SSD 1TB_1,619,000|SSD 2TB_1,879,000|SSD 4TB_3,460,000"
99739103,에이서 니트로 V 16S AI ANV16S-41-R7TF WIN11,"_SSD 512GB_2,090,000|_SSD 1TB_1,629,000|SSD 2TB_1,889,000|SSD 4TB_2,855,000"
122620366,에이서 스위프트 GO 14 AI SFG14-75-508U,"_SSD 512GB_1,258,000|_SSD 1TB_1,368,990|SSD 2TB_1,488,990|SSD 4TB_2,800,000"
122719720,에이서 스위프트 GO 16 AI SFG16-74-70E9,"_SSD 512GB_1,400,000|_SSD 1TB_1,700,000|SSD 2TB_1,850,000|SSD 4TB_2,442,810"
122619357,에이서 스위프트 GO 16 AI SFG16-I71-75Y2,"_SSD 512GB_2,168,000|_SSD 1TB_2,366,000|SSD 2TB_2,560,000|SSD 4TB_3,300,000"
124288487,에이서 스위프트 에어 14 SFA14-I31-33DS,"SSD 512GB_1,029,000"
124153422,에이서 스위프트 에어 14 SFA14-I31-51KF,"SSD 512GB_1,199,000"
124153491,에이서 스위프트 에어 14 SFA14-I31-567J,"SSD 512GB_1,199,000"
122626310,에이서 스위프트 엣지 14 AI SFE14-I51-55T2,"_SSD 512GB_1,539,000|_SSD 1TB_1,586,990|SSD 2TB_1,755,990|SSD 4TB_2,763,400"
122718805,에이서 스위프트 엣지 16 AI SFE16-I51-53NL,"SSD 512GB_1,848,900"
124182396,에이서 아스파이어 고 AG14-I71M-55EA,"SSD 512GB_1,299,000"
