Id,Name,2026-10-01 14:15:55,2026-10-02 14:05:34,2026-10-03 13:48:42,2026-10-04 14:20:19,2026-10-05 14:03:57,2026-10-06 14:51:56,2026-10-07 14:22:49,2026-10-08 14:32:36,2026-10-09 14:35:22,2026-10-10 14:19:40
17258864,3D 커넥션 스페이스 무선 마우스 (정품),"346,070","346,070","346,070","346,070","346,070","346,070","346,070","346,070","346,070","346,070"
16419296,3Dconnexion 3DX-700080 유선 캐드 설계 마우스,"169,000","169,000","169,000","169,000","169,000","169,000","169,000","169,000","169,000","169,000"
18830804,3Dconnexion 3DX-700082,"179,990","179,990","179,990","179,990","179,990","179,990","179,990","179,990","179,990","179,990"
13171496,3Dconnexion CadMouse Pro Wireless,"정품_209,240","정품_209,240","정품_209,240","정품_209,240","정품_209,240","정품_209,240","정품_209,240","정품_209,240","정품_209,240","정품_209,240"
13620995,3Dconnexion SpaceMouse Enterprise,"정품_598,000","정품_598,000","정품_598,000","정품_598,000","정품_598,000","정품_598,000","정품_598,000","정품_598,000","정품_598,000","정품_598,000"
112070933,3Dconnexion SpaceMouse Enterprise kit2,"일반_779,000",0,0,0,0,0,0,0,0,0
122665530,3Dconnexion SpaceMouse Pro Wireless,"543,000","543,000","543,000","543,000","543,000","543,000","543,000","543,000","543,000","543,000"
19572137,3Dconnexion SpaceMouse Wireless Kit 2,"450,920","450,920","450,910","450,910","450,900","450,900","450,890","450,890","450,880","450,880"
17468120,3Dconnexion 캐드마우스 컴팩트,"143,990","143,990","143,990","143,990","143,990","133,000","133,000","133,000","133,000","133,000"
62275352,3Dconnexion 캐드마우스 컴팩트 무선,"189,990","189,990","189,990","189,990","189,990","189,990","189,990","189,990","189,990","189,990"
12386105,3M B270,"_레드_9,500|_블랙_17,960","_레드_9,500|_블랙_17,960","_레드_9,500|_블랙_17,960","_레드_9,500|_블랙_17,960","_레드_9,500|_블랙_17,960","_레드_9,500|_블랙_17,960","_레드_9,500|_블랙_17,960","_레드_9,500|_블랙_17,960","_레드_9,500|_블랙_17,960","_레드_9,500|_블랙_17,960"
13164566,3M M30,"화이트_6,500","화이트_6,500","화이트_6,500","화이트_6,500","화이트_6,500","화이트_6,500","화이트_6,500","화이트_6,500","화이트_6,500","화이트_6,500"
12386432,3M M750,"_블랙_22,960|_화이트_15,600","_블랙_22,960|_화이트_15,600","_블랙_22,960|_화이트_15,600","_블랙_22,960|_화이트_15,600","_블랙_22,960|_화이트_15,600",0,0,"_블랙_22,960|_화이트_15,600","_블랙_22,960|_화이트_15,600",0
12386414,3M M750,0,0,0,0,0,"_블랙_22,960|_화이트_15,600","_블랙_22,960|_화이트_15,600",0,0,"_블랙_22,960|_화이트_15,600"
13738034,8bitdo N30 무선 마우스,"_정품_57,900|_해외구매_39,270","_정품_57,900|_해외구매_39,270","_정품_57,900|_해외구매_39,270","_정품_57,900|_해외구매_39,270","_정품_57,900|_해외구매_39,270","_정품_57,900|_해외구매_37,630","_정품_57,900|_해외구매_37,630","_정품_57,900|_해외구매_37,630","_정품_57,900|_해외구매_37,630","_정품_57,900|_해외구매_37,630"
97564598,8bitdo Retro R8 유무선 N 에디션,"64,160","64,160","64,850","64,850","64,850","64,850","64,850","64,850","64,850","64,850"
93385958,8bitdo Retro R8 유무선 N 에디션 (해외구매),"46,030","46,030","46,030","46,030","46,030","46,820","46,820","46,310","46,310","46,310"
74253743,8bitdo Retro R8 유무선 Xbox 에디션,"해외구매_51,744","해외구매_51,740","해외구매_51,740","해외구매_51,740","해외구매_51,740","해외구매_48,510","해외구매_48,510","해외구매_48,510","해외구매_48,510","해외구매_48,510"
18627653,A4Tech Bloody A70x,"해외구매_103,500","해외구매_103,500","해외구매_103,500","해외구매_103,500","해외구매_103,500",0,0,"해외구매_103,500","해외구매_103,500","해외구매_103,500"
6516879,A4Tech Bloody J95 게이밍 마우스,"39,490","39,490","39,490","39,490","39,490","39,490","39,490","39,490","39,490","39,490"
101011466,A4Tech Bloody J95s,"39,500","39,500","39,500","39,500","39,500","39,500","39,500","39,500","39,500","39,500"
10100451,A4Tech Bloody P91 PRO 게이밍 마우스 (정품),"45,000","45,000","45,000","45,000","45,000","45,000","45,000","45,000","45,000","45,000"
9858078,A4Tech Bloody P91 게이밍 마우스,"26,830","26,830","26,830","26,830","26,780","26,780","26,780","26,780","26,780","26,780"
100846562,A4Tech Bloody P91s 게이밍 마우스,"28,900","28,900","28,900","28,900","28,900","28,900","28,900","28,900","28,900","28,900"
2543030,A4Tech Bloody V7MA,"32,470","32,470","32,470","32,470","32,470","32,470","32,470","32,470","32,470","32,470"
48645131,A4Tech Bloody V8M MAX,"39,490","39,490","39,490","39,490","39,490","39,490","39,490","39,490","39,490","39,490"
12192407,A4Tech Bloody X5 PRO 게이밍 마우스,"34,500","34,500","34,500","34,500","34,500","34,500","34,500","34,500","34,500","34,500"
53417621,AJAZZ AJ099 유무선,0,0,0,0,0,"해외구매_32,360","해외구매_32,360","해외구매_32,360","해외구매_32,360","해외구매_32,360"
4526519,AKPlus AK-300W,"_블랙_5,180|_화이트_4,780","_블랙_5,120|_화이트_4,780","_블랙_5,070|_화이트_4,780","_블랙_5,000|_화이트_4,780","_블랙_5,000|_화이트_4,780","_블랙_5,200|_화이트_4,780","_블랙_5,100|_화이트_4,780","_블랙_5,060|_화이트_4,780","_블랙_5,000|_화이트_4,780","_블랙_5,200|_화이트_4,780"
8988074,ANYZEN AZ-M5 무소음 유선 마우스,"_블랙_4,490|_화이트_3,790","_블랙_4,490|_화이트_3,790","_블랙_4,490|_화이트_3,790","_블랙_4,490|_화이트_3,790","_블랙_4,490|_화이트_3,790","_블랙_4,490|_화이트_3,790","_블랙_4,490|_화이트_3,790","_블랙_4,490|_화이트_3,790","_블랙_4,490|_화이트_3,790","_블랙_4,490|_화이트_3,790"
5762447,ANYZEN M1 USB 광마우스,"4,070","4,070","4,070","4,070","4,070","4,070","4,070","4,070","4,070","4,070"
8030788,ANYZEN M150 USB 유선 마우스,"3,250","3,250","3,250","3,250","3,250","3,250","3,250","3,250","3,250","3,250"
12691088,ANYZEN M200 유선 무소음 마우스,"_블랙_4,090|_화이트_4,090","_블랙_4,090|_화이트_4,090","_블랙_4,090|_화이트_4,090","_블랙_4,090|_화이트_4,090","_블랙_4,090|_화이트_4,090","_블랙_4,090|_화이트_4,090","_블랙_4,090|_화이트_4,090","_블랙_4,090|_화이트_4,090","_블랙_4,090|_화이트_4,090","_블랙_4,090|_화이트_4,090"
9248592,ANYZEN M330 무소음 무선 마우스,"3,900","3,900","3,900","3,900","3,900","3,900","3,900","3,900","3,900","3,900"
10578495,ANYZEN M331 무소음 무선 마우스,"_블랙_11,060|_화이트_10,190","_블랙_11,060|_화이트_10,190","_블랙_11,060|_화이트_10,190",0,0,0,0,0,0,0
10578477,ANYZEN M331 무소음 무선 마우스,0,0,0,"_블랙_11,060|_화이트_10,190","_블랙_11,060|_화이트_10,190","_블랙_11,060|_화이트_10,190","_블랙_11,060|_화이트_10,190","_블랙_11,060|_화이트_10,190","_블랙_11,060|_화이트_10,000","_블랙_11,060|_화이트_10,000"
12676385,ANYZEN SMOU-5000WX 유선 광마우스,"5,510","5,510","5,510","5,510","5,510","5,800","5,800","5,800","5,800","5,800"
6812254,APOINT GH700 게이밍 마우스,0,"16,630","16,630","16,630","16,630","16,630","17,890","17,890","17,890","17,890"
3543589,APPLE Magic Mouse 2 MLA02KH/A,"정품_150,000","정품_150,000","정품_150,000","정품_150,000","정품_150,000","정품_150,000",0,0,0,0
16702565,APPLE Magic Mouse 2 MMMQ3KH/A,0,0,0,"정품_133,390","정품_133,390","정품_133,390","정품_133,390","정품_133,390","정품_133,390","정품_133,390"
15067382,APPLE Magic Mouse MK2E3KH/A,0,0,0,0,0,0,0,0,"정품_287,040","정품_287,040"
74007542,APPLE Magic Mouse MXK53KH/A,"정품_92,070","정품_92,070","정품_92,070","정품_92,070","정품_93,110","정품_93,110","정품_93,110","정품_93,110","정품_93,110","정품_93,110"
74007884,APPLE Magic Mouse MXK63KH/A,"정품_130,730","정품_130,730","정품_130,730","정품_130,730","정품_130,730","정품_126,220","정품_126,220","정품_126,220","정품_126,220","정품_126,220"
3591064,APPLE Magic Trackpad 2 MJ2R2KH/A,"정품_478,080","정품_478,080","정품_478,080","정품_478,080",0,0,0,0,0,0
16782983,APPLE Magic Trackpad 2 MMMP3KH/A,"정품_278,060",0,0,"정품_278,060",0,0,"정품_278,060","정품_278,060","정품_278,060","정품_278,060"
7030966,APPLE Magic Trackpad 2 MRMF2KH/A,"정품_285,120","정품_285,120","정품_285,120","정품_285,120","정품_285,120","정품_285,120","정품_285,120","정품_285,120","정품_285,120","정품_285,120"
15052148,APPLE Magic Trackpad MK2D3KH/A,"정품_181,420","정품_181,360","정품_181,310",0,0,0,0,0,0,"정품_181,250"
73559579,APPLE Magic Trackpad MXKA3KH/A,"정품_187,160","정품_187,160","정품_187,160","정품_187,160","정품_187,160","정품_185,020","정품_185,020","정품_185,020","정품_185,020","정품_185,020"
8997842,ASUS Espada GT200,0,0,0,0,0,0,"17,640","17,640","17,280","17,280"
122698650,ASUS MD102 무선,"37,100","37,100","37,090","37,090","37,090","37,090","39,890","39,890","39,890","39,890"
12886604,ASUS MW201C,"_블루_28,290|_그레이_28,300","_블루_28,290|_그레이_28,300","_블루_28,290|_그레이_28,290","_블루_28,290|_그레이_28,290","_블루_28,290|_그레이_28,290","_블루_28,290|_그레이_28,290","_블루_28,290|_그레이_28,290","_블루_28,290|_그레이_28,290","_블루_28,290|_그레이_28,290","_블루_28,290|_그레이_28,290"
14241032,ASUS MW203 무선 마우스,"블루_52,900","블루_52,900","블루_52,900","블루_52,900","블루_52,900","블루_52,900","블루_52,900","블루_52,900",0,0
18728366,ASUS ROG HARPE ACE AIM LAB 유무선,"_블랙_118,990|_화이트_118,620","_블랙_118,990|_화이트_118,620","_블랙_118,990|_화이트_118,620","_블랙_118,990|_화이트_118,620","_블랙_118,990|_화이트_118,620","_블랙_118,990|_화이트_118,620","_블랙_118,990|_화이트_118,620","_블랙_118,990|_화이트_118,620","_블랙_118,990|_화이트_118,620","_블랙_118,990|_화이트_118,620"
106044509,ASUS ROG HARPE ACE EXTREME 유무선 대원씨티에스,"349,000","349,000","349,000","349,000","349,000","349,000","349,000","349,000","349,000","349,000"
70103213,ASUS ROG HARPE ACE MINI 유무선,"_블랙_94,000|_화이트_136,600","_블랙_94,000|_화이트_136,600","_블랙_94,000|_화이트_136,600","_블랙_94,000|_화이트_136,600","_블랙_94,000|_화이트_136,600","_블랙_94,000|_화이트_136,600","_블랙_94,000|_화이트_111,200","_블랙_111,200|_화이트_111,200","_블랙_111,200|_화이트_111,200",0
75721118,ASUS ROG HARPE ACE MINI 유무선,0,0,0,0,0,0,0,0,0,"_블랙_111,200|_화이트_111,200"
105817673,ASUS ROG HARPE II ACE LAVA EDITION,"199,000","199,000","199,000","199,000","199,000","199,000","199,000","199,000","199,000","199,000"
98084132,ASUS ROG HARPE II ACE 유무선,"_블랙_199,000|_화이트_199,000","_블랙_199,000|_화이트_199,000","_블랙_199,000|_화이트_199,000","_블랙_199,000|_화이트_199,000","_블랙_199,000|_화이트_199,000","_블랙_199,000|_화이트_199,000","_블랙_199,000|_화이트_199,000","_블랙_199,000|_화이트_199,000","_블랙_199,000|_화이트_199,000","_블랙_199,000|_화이트_199,000"
99916541,ASUS ROG HARPE MINI CORE,"37,050","38,600","37,060","37,060","37,060","34,388","35,796","34,950","34,950","34,950"
13616738,ASUS ROG KERIS,"정품_69,500","정품_69,500","정품_69,500","정품_69,500","정품_69,500","정품_69,500","정품_69,500","정품_69,500","정품_69,500","정품_69,500"
99287795,ASUS ROG KERIS II ORIGIN 유무선,"_블랙_159,000|_화이트_159,000","_블랙_175,850|_화이트_175,850","_블랙_175,850|_화이트_175,850","_블랙_175,850|_화이트_175,850","_블랙_175,850|_화이트_175,850","_블랙_175,850|_화이트_175,850","_블랙_175,850|_화이트_175,850","_블랙_175,850|_화이트_175,850","_블랙_175,850|_화이트_175,850","_블랙_175,850|_화이트_175,850"
18297428,ASUS ROG KERIS WIRELESS AIMPOINT,"화이트_220,800",0,"화이트_220,800","화이트_220,800","화이트_220,800","화이트_220,800","화이트_220,800","화이트_220,800","화이트_220,800","화이트_220,800"
11070486,ASUS ROG PUGIO II,0,0,0,0,0,0,0,0,"272,910","272,910"
14706728,ASUS ROG SPATHA X,"_정품_339,000|_해외구매_178,000","_정품_339,000|_해외구매_178,000",0,0,0,0,0,0,0,0
15891743,ASUS ROG SPATHA X,0,0,"_정품_339,000|_해외구매_178,000","_정품_339,000|_해외구매_178,000","_정품_339,000|_해외구매_178,000","_정품_339,000|_해외구매_178,000","_정품_339,000|_해외구매_178,000","_정품_339,000|_해외구매_178,000","_정품_339,000|_해외구매_177,990","_정품_339,000|_해외구매_177,990"
18369827,ASUS ROG STRIX IMPACT III,"59,000","59,000","59,000","59,000","59,000","59,000","59,000","59,000","59,000","59,000"
67976534,ASUS ROG STRIX IMPACT III 무선,"_블랙_68,480|_화이트_67,780","_블랙_68,480|_화이트_67,780","_블랙_68,480|_화이트_67,780","_블랙_68,480|_화이트_67,780",0,0,0,0,0,0
42861422,ASUS ROG STRIX IMPACT III 무선,0,0,0,0,"_블랙_68,480|_화이트_67,780","_블랙_68,480|_화이트_67,780","_블랙_68,480|_화이트_67,780","_블랙_68,480|_화이트_67,780","_블랙_68,480|_화이트_67,780","_블랙_68,480|_화이트_67,780"
3135998,ASUS STRIX CLAW,"87,890","87,890","87,890","87,890","87,890","87,890","87,890","87,890","87,890","87,890"
91766396,ASUS TUF Gaming MINI 하츠네 미쿠 에디션,"137,630","137,630","137,630","137,630","137,630","143,680","149,000","149,000","149,000","149,000"
20163572,ASUS TUF M3 GEN II,"_정품_34,890|_해외구매_66,720","_정품_34,890|_해외구매_66,720","_정품_34,890|_해외구매_66,720","_정품_34,890|_해외구매_66,720","_정품_34,890|_해외구매_66,720","_정품_34,890|_해외구매_66,720","_정품_34,890|_해외구매_66,720","_정품_34,890|_해외구매_66,720","_정품_34,890|_해외구매_66,720","_정품_34,890|_해외구매_66,720"
6288254,ASUS WT425 무선,"_블랙_25,030|_화이트_25,890","_블랙_25,890|_화이트_25,890","_블랙_25,870|_화이트_25,890","_블랙_25,870|_화이트_25,890","_블랙_25,860|_화이트_25,890","_블랙_25,860|_화이트_25,890","_블랙_25,850|_화이트_25,890","_블랙_25,850|_화이트_25,890","_블랙_25,840|_화이트_25,890","_블랙_25,840|_화이트_25,890"
16978727,ASUS 마시멜로 MD100,"_콰이어트 블루 세트_40,640|_라일락 미스트 퍼플 세트_41,900","_콰이어트 블루 세트_40,640|_라일락 미스트 퍼플 세트_41,900","_콰이어트 블루 세트_40,640|_라일락 미스트 퍼플 세트_41,900","_콰이어트 블루 세트_40,640|_라일락 미스트 퍼플 세트_41,900","_콰이어트 블루 세트_40,640|_라일락 미스트 퍼플 세트_41,900","_콰이어트 블루 세트_40,640|_라일락 미스트 퍼플 세트_41,900","_콰이어트 블루 세트_40,640|_라일락 미스트 퍼플 세트_41,900","_콰이어트 블루 세트_40,640|_라일락 미스트 퍼플 세트_41,900","_콰이어트 블루 세트_40,640|_라일락 미스트 퍼플 세트_41,900","_콰이어트 블루 세트_40,640|_라일락 미스트 퍼플 세트_41,900"
54811766,ASUS 마시멜로 MD100 라이트,"32,450","32,450","32,450","32,450","32,450","33,853","33,853","33,853","33,853","33,853"
123605395,ATK A9 AIR ULTIMATE 유무선,"해외구매_57,770","해외구매_57,770","해외구매_57,770","해외구매_57,770","해외구매_57,770","해외구매_58,020","해외구매_58,020","해외구매_58,020","해외구매_58,020","해외구매_58,020"
123605401,ATK A9 AIR ULTIMATE+ 유무선,"해외구매_66,800","해외구매_66,800","해외구매_66,800","해외구매_66,800","해외구매_66,800","해외구매_66,800","해외구매_66,800","해외구매_66,800","해외구매_66,800","해외구매_66,800"
124376699,ATK A9 Mini Ultimate+ 유무선,0,0,_레이크 그린_가격비교예정|_블랙_가격비교예정|연핑크_가격비교예정|화이트_가격비교예정,_레이크 그린_가격비교예정|블랙_가격비교예정|_연핑크_가격비교예정|화이트_가격비교예정,_레이크 그린_가격비교예정|블랙_가격비교예정|_연핑크_가격비교예정|화이트_가격비교예정,_레이크 그린_가격비교예정|블랙_가격비교예정|_연핑크_가격비교예정|화이트_가격비교예정,"_레이크 그린_76,000|블랙_76,000|_페탈 핑크_76,000|화이트_76,000","_레이크 그린_76,000|블랙_76,000|_페탈 핑크_76,000|화이트_76,000","_레이크 그린_76,000|블랙_76,000|_페탈 핑크_76,000|화이트_76,000","_레이크 그린_76,000|블랙_76,000|_페탈 핑크_76,000|화이트_76,000"
124376698,ATK A9 Mini Ultimate+ 유무선,0,0,0,_레이크 그린_가격비교예정|블랙_가격비교예정|_연핑크_가격비교예정|화이트_가격비교예정,0,0,0,0,0,0
124433992,ATK A9 Mini Ultimate+ 유무선 해외구매,0,0,0,0,0,0,0,"65,420","65,420","65,420"
78611138,ATK A9 PLUS 유무선,"해외구매_33,040","해외구매_33,040","해외구매_33,040","해외구매_33,040","해외구매_33,040","해외구매_33,400","해외구매_33,400","해외구매_33,400","해외구매_33,400","해외구매_33,400"
98072771,ATK A9 PRO MAX,"해외구매_59,800","해외구매_59,800","해외구매_59,800","해외구매_59,800","해외구매_59,800","해외구매_59,800","해외구매_59,800","해외구매_59,800","해외구매_59,800","해외구매_59,800"
78611153,ATK A9 PRO 유무선,0,"해외구매_53,790","해외구매_53,790","해외구매_53,790","해외구매_53,790","해외구매_54,380","해외구매_54,380","해외구매_54,380","해외구매_54,380","해외구매_54,380"
78610250,ATK A9 SE 유무선,"해외구매_21,530","해외구매_21,530","해외구매_21,530","해외구매_21,530","해외구매_21,530","해외구매_22,250","해외구매_22,250","해외구매_22,010","해외구매_22,010","해외구매_22,010"
101721344,ATK A9 ULTIMATE 유무선,"레드_81,000","레드_81,000","레드_81,000","레드_81,000","레드_81,000","레드_81,000","레드_81,000","레드_81,000","레드_81,000","레드_81,000"
99289535,ATK A9 ULTIMATE 유무선 해외구매,"60,290","60,290","60,290","60,290","60,290","60,290","60,290","60,290","60,290","60,290"
123798627,ATK A9 ULTIMATE+ 저소음,"_블랙_86,000|_화이트_86,000","_블랙_86,000|_화이트_86,000","_블랙_86,000|_화이트_86,000","_블랙_86,000|_화이트_86,000","_블랙_86,000|_화이트_86,000","_블랙_86,000|_화이트_86,000","_블랙_86,000|_화이트_86,000","_블랙_86,000|_화이트_86,000","_블랙_86,000|_화이트_86,000","_블랙_86,000|_화이트_86,000"
98185598,ATK A9 ULTRA MAX 유무선,"해외구매_48,800","해외구매_48,800","해외구매_48,800","해외구매_48,800","해외구매_48,800","해외구매_48,670","해외구매_48,670","해외구매_48,670","해외구매_48,670","해외구매_48,670"
93497630,ATK A9 ULTRA 유무선 브라보텍,"_블랙_76,000|_핑크_76,000|화이트_76,000|중고_68,400","_블랙_76,000|_핑크_76,000|화이트_76,000|중고_68,400","_블랙_76,000|_핑크_76,000|화이트_76,000|중고_68,400","_블랙_76,000|_핑크_76,000|화이트_76,000|중고_68,400","_블랙_76,000|_핑크_76,000|화이트_76,000|중고_68,400","_블랙_76,000|_핑크_76,000|화이트_76,000|중고_68,400","_블랙_76,000|_핑크_76,000|화이트_76,000|중고_68,400","_블랙_76,000|_핑크_76,000|화이트_76,000|중고_68,400","_블랙_76,000|_핑크_76,000|화이트_76,000|중고_68,400","_블랙_76,000|_핑크_76,000|화이트_76,000|중고_68,400"
78611159,ATK A9 ULTRA 유무선 해외구매,"58,320","58,320","58,320","58,320","58,320","59,620","59,620","59,620","59,620","59,620"
78611117,ATK A9 유무선,"해외구매_29,580","해외구매_29,580","해외구매_29,580","해외구매_29,580","해외구매_29,580","해외구매_29,900","해외구매_29,900","해외구매_29,900","해외구매_29,900","해외구매_29,900"
122645369,ATK Blazing Sky Zero,"해외구매_133,300","해외구매_133,300","해외구매_133,300","해외구매_133,300","해외구매_133,300","해외구매_133,300","해외구매_133,300","해외구매_133,300","해외구매_133,300","해외구매_133,300"
100697264,ATK Duckbill Ultra 유무선,"_블랙_109,000|화이트_109,000|_메탈릭 퍼플_113,000|중고_92,650","_블랙_109,000|화이트_109,000|_메탈릭 퍼플_113,000|중고_92,650","_블랙_109,000|화이트_109,000|_메탈릭 퍼플_113,000|중고_92,650","_블랙_109,000|화이트_109,000|_메탈릭 퍼플_113,000|중고_92,650","_블랙_109,000|화이트_109,000|_메탈릭 퍼플_113,000|중고_92,650","_블랙_109,000|화이트_109,000|_메탈릭 퍼플_113,000|중고_92,650",0,"_블랙_109,000|화이트_109,000|_메탈릭 퍼플_113,000|중고_92,650",0,"_블랙_109,000|화이트_109,000|_메탈릭 퍼플_113,000|중고_92,650"
100697273,ATK Duckbill Ultra 유무선,0,0,0,0,0,0,"_블랙_109,000|화이트_109,000|_메탈릭 퍼플_113,000|중고_92,650",0,"_블랙_109,000|화이트_109,000|_메탈릭 퍼플_113,000|중고_92,650",0
99289328,ATK Duckbill Ultra 유무선 해외구매,"96,890","96,890","96,890","96,890","96,890","96,890","96,890","96,890","96,890","96,890"
74248811,ATK F1 PRO MAX,"185,060","185,060","185,060","185,060","185,060","185,060","185,060","185,060","185,060","185,060"
53780039,ATK F1 ULTIMATE,"해외구매_113,520","해외구매_113,520","해외구매_113,520","해외구매_113,520","해외구매_113,520","해외구매_109,940","해외구매_109,940","해외구매_109,940","해외구매_109,940","해외구매_109,940"
99289973,ATK F1 V2 Extreme 유무선,"해외구매_75,210","해외구매_75,210","해외구매_75,210","해외구매_75,210","해외구매_75,210","해외구매_77,740","해외구매_77,740","해외구매_76,890","해외구매_76,890","해외구매_76,890"
122682058,ATK F1 V2 Ultimate 유무선,"메탈릭 퍼플_88,000|_블랙_83,000|펄 블루_88,000|_화이트_83,000|중고_74,700","메탈릭 퍼플_88,000|_블랙_83,000|펄 블루_88,000|_화이트_83,000|중고_74,700","메탈릭 퍼플_88,000|_블랙_83,000|펄 블루_88,000|_화이트_83,000|중고_74,700","메탈릭 퍼플_88,000|_블랙_83,000|_펄 블루_88,000|화이트_83,000|중고_74,700","메탈릭 퍼플_88,000|_블랙_83,000|_펄 블루_88,000|화이트_83,000|중고_74,700","메탈릭 퍼플_88,000|_블랙_83,000|_펄 블루_88,000|화이트_83,000|중고_74,700","메탈릭 퍼플_88,000|_블랙_83,000|_펄 블루_88,000|화이트_83,000|중고_74,700","메탈릭 퍼플_88,000|_블랙_83,000|펄 블루_88,000|_화이트_83,000|중고_74,700","메탈릭 퍼플_88,000|_블랙_83,000|펄 블루_88,000|_화이트_83,000|중고_74,700","메탈릭 퍼플_88,000|_블랙_83,000|펄 블루_88,000|_화이트_83,000|중고_74,700"
99289961,ATK F1 V2 Ultimate 유무선 해외구매,"53,300","53,300","53,290","53,380","53,380","53,380","53,380","53,380","53,380","53,370"
99289943,ATK F1 V2 Ultra Max 유무선,"해외구매_45,840","해외구매_45,840","해외구매_45,840","해외구매_45,840","해외구매_45,840","해외구매_46,820","해외구매_46,820","해외구매_46,310","해외구매_46,310","해외구매_46,310"
123762828,ATK F1 V3 Extreme+ 유무선,"해외구매_102,300","해외구매_102,300","해외구매_102,300","해외구매_102,300","해외구매_102,300","해외구매_102,300","해외구매_102,300","해외구매_102,300","해외구매_102,300","해외구매_102,300"
123762816,ATK F1 V3 Ultimate+ 유무선,"해외구매_64,000","해외구매_64,000","_레이크 그린_가격비교예정|블랙_가격비교예정|펄블루_가격비교예정|_해외구매_64,000|화이트_가격비교예정","레이크 그린_가격비교예정|블랙_가격비교예정|펄블루_가격비교예정|_해외구매_64,000|_화이트_가격비교예정","레이크 그린_가격비교예정|블랙_가격비교예정|펄블루_가격비교예정|_해외구매_64,000|_화이트_가격비교예정","레이크 그린_가격비교예정|블랙_가격비교예정|펄블루_가격비교예정|_해외구매_66,140|_화이트_가격비교예정",0,"65,420","65,420","65,420"
124376736,ATK F1 V3 Ultimate+ 유무선,0,0,0,0,0,0,"레이크 그린_76,000|블랙_76,000|_펄 블루_가격비교예정|_화이트_76,000","_레이크 그린_76,000|블랙_76,000|펄 블루_86,000|_화이트_76,000","_레이크 그린_86,000|블랙_76,000|펄 블루_86,000|_화이트_76,000","_레이크 그린_86,000|블랙_76,000|펄 블루_86,000|_화이트_76,000"
124376733,ATK F1 V3 Ultimate+ 유무선,0,0,0,0,0,0,"레이크 그린_76,000|블랙_76,000|_펄 블루_가격비교예정|_화이트_76,000",0,"_레이크 그린_86,000|블랙_76,000|펄 블루_86,000|_화이트_76,000","_레이크 그린_86,000|블랙_76,000|펄 블루_86,000|_화이트_76,000"
107770961,ATK GHOST Extreme,"해외구매_101,380","해외구매_101,380","해외구매_101,380","해외구매_101,380","해외구매_101,380","해외구매_104,780","해외구매_104,780","해외구매_103,640","해외구매_103,640","해외구매_103,640"
107770952,ATK GHOST Ultimate,"해외구매_80,020","해외구매_80,020","해외구매_80,020","해외구매_80,020","해외구매_80,020","해외구매_82,700","해외구매_82,700","해외구매_81,800","해외구매_81,800","해외구매_81,800"
95985938,ATK U2 Plus 유무선,"해외구매_29,570","해외구매_29,570","해외구매_29,570","해외구매_29,570","해외구매_29,570","해외구매_29,900","해외구매_29,900","해외구매_29,900","해외구매_29,900","해외구매_29,900"
95985971,ATK U2 Pro Max 유무선,"해외구매_46,480","해외구매_46,480","해외구매_46,480",0,0,0,0,"해외구매_46,460","해외구매_46,460","해외구매_46,460"
95985965,ATK U2 Pro 유무선,"해외구매_41,680","해외구매_41,680","해외구매_41,680","해외구매_41,680","해외구매_41,680","해외구매_41,860","해외구매_41,860","해외구매_41,860","해외구매_41,860","해외구매_41,860"
95986025,ATK U2 Ultimate 유무선,"해외구매_76,900","해외구매_76,900","해외구매_76,900","해외구매_76,900","해외구매_76,900","해외구매_77,740","해외구매_77,740","해외구매_77,740","해외구매_77,740","해외구매_77,740"
95986007,ATK U2 Ultra 유무선,"해외구매_65,060","해외구매_65,060","해외구매_65,060","해외구매_65,060","해외구매_65,060","해외구매_65,780",0,0,0,0
103177391,ATK U2 V2 Ultimate,"해외구매_73,420","해외구매_73,420","해외구매_73,410","해외구매_77,260","해외구매_77,260","해외구매_77,260","해외구매_77,510","해외구매_77,510","해외구매_77,510","해외구매_77,500"
95985923,ATK U2 유무선,"해외구매_22,560","해외구매_22,560","해외구매_22,560","해외구매_22,560","해외구매_22,560","해외구매_21,620","해외구매_21,620","해외구매_21,620","해외구매_21,620","해외구매_21,620"
91771112,ATK VXE MAD R+ 유무선 브라보텍,"블랙_97,900","블랙_97,900","블랙_97,900","블랙_97,900","블랙_97,900","블랙_97,900","블랙_97,900","블랙_97,900","블랙_97,900","블랙_97,900"
31074047,ATK VXE R1,"해외구매_37,260","해외구매_37,260","해외구매_37,260","해외구매_37,260","해외구매_37,260","해외구매_37,270","해외구매_37,620","해외구매_37,620","해외구매_37,620","해외구매_37,620"
74248754,ATK VXE R1 PRO,"44,100","44,100","44,100","44,100","44,100","55,100",0,0,0,0
91866851,ATK VXE R1 PRO MAX 유무선 브라보텍,"블랙_94,400","블랙_94,400","블랙_94,400","블랙_94,400","블랙_94,400","블랙_94,400","블랙_94,400","블랙_94,400","블랙_94,400","블랙_91,590"
31074596,ATK VXE R1 PRO MAX 해외구매,"50,050","50,050","50,050","50,050","50,050","51,700","51,700","51,700","51,700","51,700"
33361157,ATK VXE R1 PRO 해외구매,"41,150","41,150","41,150","41,150","41,150","42,230","42,230","41,770","41,770","41,770"
122659279,ATK VXE R1 S,"해외구매_19,480","해외구매_19,480","해외구매_19,480","해외구매_19,480","해외구매_19,480","해외구매_20,140","해외구매_20,140","해외구매_19,920","해외구매_19,920","해외구매_19,920"
31073990,ATK VXE R1 SE,"해외구매_31,400","해외구매_31,400","해외구매_31,400","해외구매_31,400","해외구매_31,400","해외구매_31,400","해외구매_31,400","해외구매_31,400","해외구매_31,400","해외구매_31,400"
33361193,ATK VXE R1 SE+,"해외구매_36,410","해외구매_36,410","해외구매_36,410","해외구매_36,410","해외구매_36,410","해외구매_36,410","해외구매_36,410","해외구매_36,410","해외구매_36,410","해외구매_36,410"
96649226,ATK VXE R1 SE+ 유무선 가온인터내셔날,"화이트_35,330","화이트_35,330","화이트_35,330","화이트_35,330","화이트_35,330","화이트_35,330","화이트_35,330","화이트_35,330","화이트_35,330","화이트_35,330"
91770953,ATK VXE R1 SE+ 유무선 브라보텍,"라이트 핑크_28,900|_블랙_25,900|퍼플_28,900|_화이트_25,900|블랙, 저소음_29,800||","라이트 핑크_28,900|_블랙_25,900|퍼플_28,900|_화이트_25,900|블랙, 저소음_29,800||","라이트 핑크_28,900|_블랙_25,900|퍼플_28,900|_화이트_25,900|블랙, 저소음_29,800||","라이트 핑크_28,900|_블랙_25,900|퍼플_28,900|_화이트_25,900|블랙, 저소음_29,800|","라이트 핑크_28,900|_블랙_25,900|퍼플_28,900|_화이트_25,900|블랙, 저소음_29,800||","라이트 핑크_28,900|_블랙_25,900|퍼플_28,900|_화이트_25,900|블랙, 저소음_29,800|","라이트 핑크_28,900|_블랙_25,900|퍼플_28,900|_화이트_25,900|블랙, 저소음_29,800|","라이트 핑크_28,900|_블랙_25,900|퍼플_28,900|_화이트_25,900|블랙, 저소음_29,800||","라이트 핑크_28,900|_블랙_25,900|퍼플_28,900|_화이트_25,900|블랙, 저소음_29,800||","라이트 핑크_28,900|_블랙_25,900|퍼플_28,900|_화이트_25,900|블랙, 저소음_29,800||"
122659108,ATK VXE V3 PRO 유무선,"해외구매_26,020","해외구매_26,020","해외구매_26,020","해외구매_26,020","해외구매_26,020","해외구매_26,020","해외구매_26,020","해외구매_26,020","해외구매_26,020","해외구매_26,020"
122659100,ATK VXE V3 유무선,"해외구매_16,720","해외구매_16,750","해외구매_16,750","해외구매_16,750","해외구매_16,740","해외구매_16,750","해외구매_16,730","해외구매_16,730","해외구매_16,730","해외구매_16,720"
53418992,ATK X1 PRO,"해외구매_64,800","해외구매_64,800","해외구매_64,800","해외구매_64,800","해외구매_64,800","해외구매_62,100","해외구매_62,100","해외구매_62,100","해외구매_62,100","해외구매_62,100"
53419034,ATK X1 PRO MAX 해외구매,"64,610","64,610",0,0,0,"65,320","65,320","65,320","65,320","65,320"
72914285,ATK X1 ULTIMATE,"해외구매_75,980","해외구매_75,980","해외구매_75,980","해외구매_75,980","해외구매_75,980","해외구매_76,820","해외구매_76,820","해외구매_76,820","해외구매_76,820","해외구매_76,820"
91871984,ATK X1 ULTIMATE 유무선,"_블랙_79,000|_화이트_79,000|중고_67,150","_블랙_79,000|_화이트_79,000|중고_67,150","_블랙_79,000|_화이트_79,000|중고_67,150","_블랙_79,000|_화이트_79,000|중고_67,150","_블랙_79,000|_화이트_79,000|중고_67,150","_블랙_79,000|_화이트_79,000|중고_67,150","_블랙_79,000|_화이트_79,000|중고_67,150","_블랙_79,000|_화이트_79,000|중고_67,150","_블랙_79,000|_화이트_79,000|중고_67,150","_블랙_79,000|_화이트_79,000|중고_67,150"
103185221,ATK X1 V2 Ultimate 유무선,"메탈릭 레드_88,000|메탈릭 퍼플_88,000|_블랙_83,000|_화이트_83,000|중고_70,550","메탈릭 레드_88,000|메탈릭 퍼플_88,000|_블랙_83,000|_화이트_83,000|중고_70,550","메탈릭 레드_88,000|메탈릭 퍼플_88,000|_블랙_83,000|_화이트_83,000|중고_70,550","메탈릭 레드_88,000|메탈릭 퍼플_88,000|_블랙_83,000|_화이트_83,000|중고_70,550","메탈릭 레드_88,000|메탈릭 퍼플_88,000|_블랙_83,000|_화이트_83,000|중고_70,550","메탈릭 레드_88,000|메탈릭 퍼플_88,000|_블랙_83,000|_화이트_83,000|중고_70,550","메탈릭 레드_88,000|메탈릭 퍼플_88,000|_블랙_106,750|_화이트_83,000|중고_70,550","메탈릭 레드_88,000|메탈릭 퍼플_88,000|_블랙_106,740|_화이트_83,000|중고_70,550","메탈릭 레드_88,000|메탈릭 퍼플_88,000|_블랙_106,740|_화이트_83,000|중고_70,550","메탈릭 레드_88,000|메탈릭 퍼플_88,000|_블랙_106,730|_화이트_83,000|중고_70,550"
123971674,ATK X1 V2 Ultimate+ 저소음 유무선,"_블랙_89,000|_화이트_89,000","_블랙_89,000|_화이트_89,000","_블랙_89,000|_화이트_89,000","_블랙_89,000|_화이트_89,000","_블랙_89,000|_화이트_89,000","_블랙_89,000|_화이트_89,000","_블랙_89,000|_화이트_89,000","_블랙_89,000|_화이트_89,000","_블랙_89,000|_화이트_89,000","_블랙_89,000|_화이트_89,000"
123971678,ATK X1 V2 Ultimate+ 저소음 유무선,0,0,0,0,0,0,"_블랙_89,000|_화이트_89,000","_블랙_89,000|_화이트_89,000","_블랙_89,000|_화이트_89,000","_블랙_89,000|_화이트_89,000"
101628764,ATK Y9 Pro Max 유무선,0,0,"해외구매_59,070","해외구매_59,070","해외구매_59,070",0,0,0,0,"해외구매_59,700"
101628779,ATK Y9 Ultimate 유무선,"해외구매_81,780","해외구매_81,780","해외구매_81,780","해외구매_81,780","해외구매_81,780","해외구매_81,780","해외구매_81,780","해외구매_81,780","해외구매_81,780","해외구매_81,780"
99288497,ATK Z1 PRO MAX 유무선,"해외구매_65,420","해외구매_65,420","해외구매_65,420","해외구매_65,420","해외구매_65,420","해외구매_67,620","해외구매_67,620","해외구매_83,380","해외구매_83,290","해외구매_83,170"
99288557,ATK Z1 ULTRA 유무선,"해외구매_66,890","해외구매_66,890","해외구매_66,890","해외구매_66,890","해외구매_66,890","해외구매_67,620","해외구매_67,620","해외구매_67,620","해외구매_67,620","해외구매_67,620"
103177295,ATK Z1 V2 Ultimate,"해외구매_85,400","해외구매_85,400","해외구매_85,400","해외구매_85,400","해외구매_85,400","해외구매_82,700","해외구매_82,700","해외구매_82,700","해외구매_82,700","해외구매_82,700"
93804716,ATTACK SHARK G3 PRO 유무선,"해외구매_23,560","해외구매_23,560","해외구매_23,560","해외구매_23,560","해외구매_23,560","해외구매_23,820","해외구매_23,820","해외구매_23,820","해외구매_23,820","해외구매_23,820"
36792005,ATTACK SHARK R1 유무선,"해외구매_22,650","해외구매_22,650","해외구매_22,650","해외구매_22,650","해외구매_22,650","해외구매_22,900","해외구매_22,900","해외구매_22,900","해외구매_22,900","해외구매_22,900"
70614824,ATTACK SHARK R6 유무선,0,0,0,0,0,"해외구매_76,820","해외구매_76,820","해외구매_76,820","해외구매_76,820","해외구매_76,820"
124183002,ATTACK SHARK RS3 ULTRA 유무선,"해외구매_140,320","해외구매_140,320","해외구매_140,320","해외구매_140,320","해외구매_140,320","해외구매_140,320","해외구매_140,320","해외구매_140,320","해외구매_140,320","해외구매_140,320"
123605137,ATTACK SHARK V3 PRO 유무선,"해외구매_26,730","해외구매_26,730","해외구매_26,720","해외구매_26,720","해외구매_26,710","해외구매_26,700","해외구매_26,700","해외구매_26,690","해외구매_26,690","해외구매_26,680"
123605125,ATTACK SHARK V6 유무선,"해외구매_27,500","해외구매_27,500","해외구매_27,500","해외구매_27,500","해외구매_27,500","해외구매_27,490","해외구매_27,500","해외구매_27,500","해외구매_27,500","해외구매_27,490"
124183104,ATTACK SHARK V8 유무선,"해외구매_88,160","해외구매_88,260","해외구매_88,260","해외구매_88,260","해외구매_87,980","해외구매_87,980","해외구매_87,520","해외구매_95,830","해외구매_95,830","해외구매_95,830"
98226569,ATTACK SHARK X1 유무선,"해외구매_43,170","해외구매_43,170","해외구매_43,170","해외구매_43,170","해외구매_43,170","해외구매_44,220","해외구매_44,220","해외구매_44,220","해외구매_44,220","해외구매_44,220"
124182953,ATTACK SHARK X11 PRO V2 유무선,"해외구매_105,400","해외구매_105,400",0,0,0,0,0,0,0,0
54102236,ATTACK SHARK X11 유무선,"해외구매_21,980","해외구매_21,520","해외구매_21,520","해외구매_21,520","해외구매_21,520","해외구매_21,060","해외구매_21,060","해외구매_21,060","해외구매_21,060","해외구매_21,060"
36791867,ATTACK SHARK X2 Pro 유무선,"해외구매_19,560","해외구매_19,560","해외구매_19,560","해외구매_19,560","해외구매_19,560","해외구매_19,780","해외구매_19,780","해외구매_19,780","해외구매_19,780","해외구매_19,780"
25072139,ATTACK SHARK X3 유무선,"해외구매_20,020","해외구매_20,020","해외구매_20,750","해외구매_21,160","해외구매_20,750","해외구매_20,750","해외구매_20,750","해외구매_20,750","해외구매_20,750","해외구매_20,750"
36201788,ATTACK SHARK X6 유무선,"해외구매_16,830","해외구매_16,830","해외구매_16,830","해외구매_16,830","해외구매_16,830","해외구매_17,020","해외구매_17,020","해외구매_17,020","해외구매_17,020","해외구매_17,020"
4191812,AULA JAGTEN SI-9003 LED 게이밍 마우스,"_블랙_6,950|_화이트_6,950","_블랙_6,950|_화이트_6,950","_블랙_6,950|_화이트_6,950","_블랙_6,950|_화이트_6,950","_블랙_6,950|_화이트_6,950","_블랙_6,950|_화이트_6,950","_블랙_6,950|_화이트_6,950","_블랙_6,950|_화이트_6,950","_블랙_6,950|_화이트_6,950","_블랙_6,950|_화이트_6,950"
124076219,AULA KUNLUN X5 유무선 해외구매,"_옵션선택구성_83,560|_핑크_95,900","_옵션선택구성_86,450|_핑크_95,900","_옵션선택구성_86,450|_핑크_95,900","_옵션선택구성_86,450|_핑크_95,900","_옵션선택구성_86,450|_핑크_95,900","_옵션선택구성_81,450|_핑크_95,900","_옵션선택구성_81,450|_핑크_95,900","_옵션선택구성_81,450|_핑크_95,900","_옵션선택구성_81,450|_핑크_95,900","_옵션선택구성_81,450|_핑크_95,900"
76338779,AULA S55,"해외구매_14,190","해외구매_14,190","해외구매_14,190","해외구매_14,190","해외구매_14,190","해외구매_13,890","해외구매_13,890","해외구매_13,740","해외구매_13,740","해외구매_13,740"
86099519,AULA SC100 무선,"해외구매_19,590","해외구매_19,590","해외구매_19,590","해외구매_19,590","해외구매_19,590","해외구매_19,590","해외구매_19,590","해외구매_19,590","해외구매_19,590","해외구매_19,590"
95846816,AULA SC311 유무선,"해외구매_16,120","해외구매_16,650",0,0,0,0,0,0,0,0
48925499,AULA SC320 무선,"해외구매_18,050","해외구매_18,050","해외구매_18,050","해외구매_18,050","해외구매_18,050","해외구매_17,300","해외구매_17,300","해외구매_17,300","해외구매_17,300","해외구매_17,300"
101628737,AULA SC360 SE 유무선,"해외구매_19,470","해외구매_19,470","해외구매_19,470","해외구매_19,470","해외구매_19,470","해외구매_19,470","해외구매_19,950","해외구매_19,730","해외구매_19,730","해외구매_19,730"
86099366,AULA SC360 유무선,"해외구매_23,300","해외구매_23,300","해외구매_23,300","해외구매_23,300","해외구매_23,300","해외구매_23,300","해외구매_23,300","해외구매_23,300","해외구매_23,300","해외구매_23,300"
74335394,AULA SC380 유무선,0,"해외구매_29,580",0,0,"해외구매_29,580","해외구매_29,900",0,0,0,0
79550597,AULA SC390 유무선,"해외구매_21,620","해외구매_21,620","해외구매_21,620","해외구매_21,620","해외구매_21,620","해외구매_21,620","해외구매_21,620","해외구매_21,620","해외구매_21,620","해외구매_21,620"
123799947,AULA SC580 EVO 유무선,"해외구매_30,390","해외구매_30,390","해외구매_30,390","해외구매_30,390","해외구매_30,390","해외구매_30,390","해외구매_30,390","해외구매_30,390","해외구매_30,390","해외구매_30,390"
86099597,AULA SC580 PRO 유무선,"해외구매_24,490","해외구매_24,490","해외구매_24,490",0,0,0,0,0,0,0
122692192,AULA SC580 SE 유무선,"해외구매_18,120","해외구매_18,120","해외구매_18,120","해외구매_18,120","해외구매_18,120","해외구매_18,310","해외구매_18,310","해외구매_18,310","해외구매_18,310","해외구매_18,310"
37347902,AULA SC580 유무선,"해외구매_22,460","해외구매_22,460","해외구매_22,460","해외구매_22,460","해외구매_22,460","해외구매_21,980","해외구매_21,980","해외구매_21,740","해외구매_21,740","해외구매_21,740"
123605154,AULA SC590 유무선,"해외구매_23,300","해외구매_23,300","해외구매_23,300","해외구매_23,300","해외구매_23,300","해외구매_23,300","해외구매_23,300","해외구매_23,300","해외구매_23,300","해외구매_23,300"
86098268,AULA SC620 유무선,"해외구매_18,170","해외구매_18,170","해외구매_18,170","해외구매_18,170","해외구매_18,170","해외구매_18,170","해외구매_18,170","해외구매_18,170","해외구매_18,170","해외구매_18,170"
122693074,AULA SC630 PRO 유무선,"해외구매_26,310","해외구매_26,310","해외구매_26,310","해외구매_26,310","해외구매_26,310","해외구매_26,590","해외구매_26,590","해외구매_26,590","해외구매_26,590","해외구매_26,590"
62636780,AULA SC630 유무선,0,"해외구매_27,100",0,0,0,"해외구매_27,100","해외구매_27,100","해외구매_27,100","해외구매_27,100","해외구매_27,100"
93443099,AULA SC650 유무선,"해외구매_18,100","해외구매_18,100","해외구매_18,100","해외구매_18,100","해외구매_18,100","해외구매_18,300","해외구매_18,300","해외구매_18,300","해외구매_18,300","해외구매_18,300"
124182107,AULA SC651 유무선,"해외구매_31,190","해외구매_31,190","해외구매_31,190","해외구매_31,190","해외구매_31,190","해외구매_29,250","해외구매_29,250","해외구매_29,250","해외구매_29,250","해외구매_29,250"
62648258,AULA SC660 유무선,"해외구매_25,030","해외구매_25,030","해외구매_25,030","해외구매_25,030","해외구매_25,030","해외구매_25,300","해외구매_25,300","해외구매_25,300","해외구매_25,300","해외구매_25,300"
45547133,AULA SC680 유무선 해외구매,"36,320","36,320",0,0,0,0,"36,710",0,0,"36,710"
93858884,AULA SC800 유무선,"65,400",0,0,0,0,0,0,0,0,0
74250080,AULA SC800 유무선 해외구매,"40,750","40,750","40,750","40,750","40,750","41,400","41,330","41,240","41,200","41,140"
123972744,AULA SC880 Max 유무선,"해외구매_92,590","해외구매_92,590","해외구매_92,590","해외구매_92,590","해외구매_92,590","해외구매_90,620","해외구매_90,620","해외구매_89,630","해외구매_89,630","해외구매_89,630"
123972749,AULA SC880 Ultra 유무선,"해외구매_99,700","해외구매_99,700","해외구매_99,700","해외구매_99,700","해외구매_99,700","해외구매_98,900","해외구매_98,900","해외구매_97,820","해외구매_97,820","해외구매_97,820"
93445634,AULA SC900 Max 유무선,"해외구매_53,040","해외구매_54,520","해외구매_54,520","해외구매_54,520","해외구매_54,520","해외구매_53,040","해외구매_53,040","해외구매_53,040","해외구매_53,040","해외구매_53,040"
93445604,AULA SC900 Pro 유무선,"해외구매_45,020","해외구매_45,020","해외구매_45,020","해외구매_45,020","해외구매_45,020","해외구매_44,060","해외구매_44,060","해외구매_43,580","해외구매_43,580","해외구매_43,580"
93445571,AULA SC900 유무선,"해외구매_37,921","해외구매_37,921","해외구매_37,921","해외구매_37,921","해외구매_37,921","해외구매_35,910","해외구매_35,910","해외구매_35,910","해외구매_35,910","해외구매_35,910"
93445547,AULA SC900SE 유무선,"해외구매_33,660",0,0,0,0,0,0,0,0,0
5379417,AULA SI-9018 게이밍 마우스,"4,270","4,270","4,270","4,270","4,270","4,500","4,500","4,500","4,500","4,500"
5411651,AULA SI-960S RGB PHANTOM 게이밍 마우스,0,0,0,0,0,0,0,0,"13,750","13,750"
95846486,AULA V9 Ultra 유무선,"해외구매_75,600","해외구매_75,600","해외구매_75,600","해외구매_75,600",0,0,0,0,0,0
102489638,AULA X9 MAX 유무선,"해외구매_63,000","해외구매_63,000","해외구매_63,000","해외구매_63,000","해외구매_63,000","해외구매_63,000","해외구매_63,000","해외구매_63,000","해외구매_63,000","해외구매_63,000"
102489629,AULA X9 PRO 유무선,"해외구매_47,910","해외구매_47,910","해외구매_47,910","해외구매_47,910","해외구매_47,910","해외구매_45,910","해외구매_45,910","해외구매_45,910","해외구매_45,910","해외구매_45,910"
102489653,AULA X9 ULTRA 유무선,"해외구매_69,030","해외구매_69,030","해외구매_69,030","해외구매_69,030","해외구매_69,030","해외구매_66,150","해외구매_66,150","해외구매_66,150","해외구매_66,150","해외구매_66,150"
102489587,AULA X9 유무선,0,0,0,"해외구매_47,490","해외구매_47,490","해외구매_44,060","해외구매_44,060","해외구매_44,060","해외구매_44,060","해외구매_44,060"
123972466,AUSDOM G06 고급판,"해외구매_48,000","해외구매_48,000","해외구매_48,000","해외구매_48,000","해외구매_48,000","해외구매_48,000","해외구매_48,000","해외구매_48,000","해외구매_48,000","해외구매_48,000"
123972470,AUSDOM G06 스피드판,"해외구매_27,000","해외구매_27,000","해외구매_27,000","해외구매_27,000","해외구매_27,000","해외구매_27,000","해외구매_27,000","해외구매_27,000","해외구매_27,000","해외구매_27,000"
123972477,AUSDOM G06 프로판,"해외구매_68,000","해외구매_68,000","해외구매_68,000","해외구매_68,000","해외구매_68,000","해외구매_68,000","해외구매_68,000","해외구매_68,000","해외구매_68,000","해외구매_68,000"
18021089,Actto ABM-01,"_네이비_17,900|민트_17,900|아이보리_17,900|핑크_17,900|_화이트_17,900","_네이비_17,900|민트_17,900|아이보리_17,900|핑크_17,900|_화이트_17,900","_네이비_17,900|_민트_17,900|아이보리_17,900|핑크_17,900|화이트_17,900","_네이비_17,900|_민트_17,900|아이보리_17,900|핑크_17,900|화이트_17,900","_네이비_17,900|민트_17,900|아이보리_17,900|핑크_17,900|_화이트_17,900","_네이비_17,900|민트_17,900|아이보리_17,900|핑크_17,900|_화이트_17,900","_네이비_17,900|민트_17,900|아이보리_17,900|핑크_17,900|_화이트_17,900","_네이비_17,900|민트_17,900|아이보리_17,900|핑크_17,900|_화이트_17,900","_네이비_17,900|민트_17,900|아이보리_17,900|핑크_17,900|_화이트_17,900","_네이비_17,900|민트_17,900|아이보리_17,900|핑크_17,900|_화이트_17,900"
18020822,Actto ABM-03,"_네이비_17,890|민트_17,890|아이보리_17,900|핑크_17,890|_화이트_16,250","_네이비_17,860|민트_17,890|아이보리_17,900|핑크_17,890|_화이트_16,250","_네이비_17,810|민트_17,890|아이보리_17,900|핑크_17,890|_화이트_16,250","_네이비_17,790|민트_17,890|아이보리_17,900|핑크_17,890|_화이트_16,250","_네이비_17,730|민트_17,890|아이보리_17,900|핑크_17,890|_화이트_16,250","_네이비_17,700|민트_17,890|아이보리_17,900|핑크_17,890|_화이트_16,110","_네이비_17,650|민트_17,890|아이보리_17,900|핑크_17,890|_화이트_16,110","_네이비_17,620|민트_17,890|아이보리_17,900|핑크_17,890|_화이트_16,110","_네이비_17,570|민트_17,890|아이보리_17,900|핑크_17,890|_화이트_16,110","_네이비_17,550|민트_17,890|아이보리_17,900|핑크_17,890|_화이트_16,110"
18697967,Actto ABTM-01 무선 블루투스,"18,100","18,100","18,100","18,100","18,100","18,100","18,100","18,100","18,100","18,100"
18545117,Actto ABTM-03 무선 블루투스,"18,180","18,180","18,180","18,180","18,180","18,180","18,180","18,180","18,180","18,180"
18544991,Actto ABTM-05 무선 블루투스,"18,180","19,340","19,340","19,340","19,340","19,340","19,340","19,340","19,340","19,340"
17951666,Actto AWM-01,"화이트_14,890|_핑크_14,890|민트_14,310|_아이보리_14,890","화이트_14,890|_핑크_14,890|민트_14,310|_아이보리_14,890","화이트_14,890|_핑크_14,890|민트_14,310|_아이보리_14,890","화이트_14,890|_핑크_14,890|민트_14,310|_아이보리_14,890","화이트_14,890|_핑크_14,890|민트_14,310|_아이보리_14,890","화이트_14,890|_핑크_14,890|민트_14,310|_아이보리_14,890","화이트_14,890|_핑크_14,890|민트_14,310|_아이보리_14,890","화이트_14,890|_핑크_14,890|민트_14,310|_아이보리_14,890","화이트_14,890|_핑크_14,890|민트_14,310|_아이보리_14,890","화이트_14,890|_핑크_14,890|민트_14,310|_아이보리_14,890"
17951579,Actto AWM-03,"_네이비_14,890|화이트_13,590|_민트_14,450|아이보리_14,890|핑크_13,590","_네이비_14,890|화이트_13,590|_민트_14,450|아이보리_14,890|핑크_13,590","_네이비_14,890|화이트_13,590|_민트_14,450|아이보리_14,890|핑크_13,590","_네이비_14,890|화이트_13,590|_민트_14,450|아이보리_14,890|핑크_13,590","_네이비_14,890|화이트_13,590|_민트_14,450|아이보리_14,890|핑크_13,590","_네이비_14,890|화이트_13,590|_민트_13,410|아이보리_14,890|핑크_13,590","_네이비_14,890|화이트_13,590|_민트_13,410|아이보리_14,890|핑크_13,590","_네이비_14,890|화이트_13,590|_민트_13,410|아이보리_14,890|핑크_13,590","_네이비_14,890|화이트_13,590|_민트_13,410|아이보리_14,890|핑크_13,590","_네이비_14,890|화이트_13,590|_민트_13,410|아이보리_14,890|핑크_13,590"
18544808,Actto AWM-05 무선,"_네이비_15,890|민트_14,900|아이보리_15,890|_핑크_14,900|화이트_14,900","_네이비_15,890|민트_14,900|아이보리_15,890|_핑크_14,900|화이트_14,900","_네이비_15,890|_민트_14,900|아이보리_15,890|핑크_14,900|화이트_14,900","_네이비_15,890|_민트_14,900|아이보리_15,890|핑크_14,900|화이트_14,900","_네이비_15,890|민트_14,900|아이보리_15,890|_핑크_14,900|화이트_14,900","_네이비_15,890|민트_14,900|아이보리_15,890|_핑크_14,900|화이트_14,900","_네이비_15,890|민트_14,900|아이보리_15,890|_핑크_14,900|화이트_14,900","_네이비_15,890|민트_14,900|아이보리_15,890|_핑크_14,900|화이트_14,900","_네이비_15,890|민트_14,900|아이보리_15,890|_핑크_14,900|화이트_14,900","_네이비_15,890|민트_14,900|아이보리_15,890|_핑크_14,900|화이트_14,900"
3575052,Actto BTM-01,"_블랙_13,400|_화이트_13,400","_블랙_13,400|_화이트_13,400","_블랙_13,400|_화이트_13,400","_블랙_13,400|_화이트_13,400","_블랙_13,400|_화이트_13,400","_블랙_13,400|_화이트_13,400","_블랙_13,400|_화이트_13,400","_블랙_13,400|_화이트_13,400","_블랙_13,400|_화이트_13,400","_블랙_13,400|_화이트_13,400"
3545887,Actto BTM-02,"_다크그레이_15,670|_블루_13,800","_다크그레이_15,670|_블루_13,800","_다크그레이_15,810|_블루_13,800","_다크그레이_15,810|_블루_13,800","_다크그레이_15,810|_블루_13,800","_다크그레이_15,810|_블루_13,800","_다크그레이_15,810|_블루_13,800","_다크그레이_15,810|_블루_13,800","_다크그레이_15,640|_블루_13,800","_다크그레이_15,640|_블루_13,800"
14624741,Actto BTM-07 알로 무선 블루투스 마우스,"_실버_26,093|_골드_26,900","_실버_26,093|_골드_26,900","_실버_26,093|_골드_26,900","_실버_26,093|_골드_26,900","_실버_26,093|_골드_26,900","_실버_26,093|_골드_26,900","_실버_26,093|_골드_26,900","_실버_26,093|_골드_26,900","_실버_26,093|_골드_26,900","_실버_26,093|_골드_26,900"
14625899,Actto BTM-10 크리미 블루투스 마우스,"블랙_12,500","블랙_12,500","블랙_12,500","블랙_12,500","블랙_12,500","블랙_12,500","블랙_12,500","블랙_12,500","블랙_12,500","블랙_12,500"
18399887,Actto BTM-12 무선 버티컬 마우스,"_블랙_29,003|아이보리_34,360|핑크_35,890|_화이트_35,050","_블랙_29,003|아이보리_34,360|핑크_35,890|_화이트_35,050","_블랙_29,003|아이보리_34,360|핑크_35,890|_화이트_35,050","_블랙_29,003|아이보리_34,360|핑크_35,890|_화이트_35,050","_블랙_29,003|아이보리_34,360|핑크_35,890|_화이트_35,050","_블랙_26,910|아이보리_34,360|핑크_33,390|_화이트_33,390","_블랙_26,910|아이보리_34,360|핑크_35,890|_화이트_35,050","_블랙_26,910|아이보리_34,360|핑크_35,890|_화이트_35,050",0,0
92622920,Actto BTM-12 무선 버티컬 마우스,0,0,0,0,0,0,0,0,"블랙_26,910|_아이보리_34,360|핑크_35,890|_화이트_35,050","블랙_26,910|_아이보리_34,360|핑크_35,890|_화이트_35,050"
17522810,Actto BTM-13,"_핑크_17,000|_민트_17,900|아이보리_17,900","_핑크_17,000|_민트_17,900|아이보리_17,900","_핑크_17,000|_민트_17,900|아이보리_17,900","_핑크_17,000|_민트_17,900|아이보리_17,900","_핑크_17,000|_민트_17,900|아이보리_17,900","_핑크_17,000|_민트_17,900|아이보리_17,900","_핑크_17,000|_민트_17,900|아이보리_17,900","_핑크_17,000|_민트_17,900|아이보리_17,900","_핑크_17,000|_민트_17,900|아이보리_17,900","_핑크_17,000|_민트_17,900|아이보리_17,900"
18882407,Actto BTM-14,0,0,"63,560","63,560","63,560","63,560","63,560","63,560","63,560","63,560"
20364968,Actto BTM-15 무선 블루투스,"_그레이_23,890|_실버_23,890","_그레이_23,890|_실버_23,890","_그레이_23,890|_실버_23,890","_그레이_23,890|_실버_23,890","_그레이_23,890|_실버_23,890",0,0,0,0,0
20364986,Actto BTM-15 무선 블루투스,0,0,0,0,0,"_그레이_23,890|_실버_23,890","_그레이_23,890|_실버_23,890","_그레이_23,890|_실버_23,890","_그레이_23,890|_실버_23,890","_그레이_23,890|_실버_23,890"
32041721,Actto BTM-16,"25,550","25,550","25,550","26,900","25,550","25,550","25,550","25,550","25,550","25,550"
53417057,Actto BTM-17 무선,"26,400","26,400","26,400","26,400","26,400","26,400","26,400","26,400","26,400","26,400"
68437808,Actto BTM-18 무선,"34,900","34,900","34,900","34,900","34,900","34,900","34,900","34,900","34,900","34,900"
88232576,Actto BTM-19 무선,"_블랙_29,670|_화이트_29,670","_블랙_29,670|_화이트_29,670","_블랙_29,660|_화이트_29,660","_블랙_29,660|_화이트_29,660","_블랙_29,660|_화이트_29,660","_블랙_29,660|_화이트_29,660","_블랙_29,660|_화이트_29,660","_블랙_29,660|_화이트_29,660","_블랙_29,660|_화이트_29,660","_블랙_29,660|_화이트_29,660"
4596600,Actto GMSC-15 하데스,"14,150","14,150","14,150","14,150","14,150","14,150","14,150","14,150","14,150","14,150"
6419650,Actto GMSC-20 마우스,"11,100","11,100","11,100","11,100","11,100","11,100","11,100","11,100","11,100","11,100"
13990640,Actto GMSC-24 제우스,"21,600","21,600","21,600","21,600","21,600","21,600","21,600","21,600","21,600","21,600"
15177527,Actto GMSC-25 샤인 마우스,"13,890","13,890","13,890","13,890","13,890","13,890","13,890","13,890","13,890","13,890"
15733409,Actto GMSC-26 쉴드 게이밍 광마우스,"12,000","12,000","12,000","12,000","12,000","12,000","12,000","12,000","12,000","12,000"
1341703,Actto MSC-103,"6,600","6,600","6,600","6,600","6,600",0,0,0,0,0
2099979,Actto MSC-147,"_블랙_11,200|_핑크_10,700|화이트_16,530","_블랙_11,200|_핑크_10,700|화이트_16,530","_블랙_11,200|_핑크_10,700|화이트_16,530","_블랙_11,200|_핑크_10,700|화이트_16,530","_블랙_11,200|_핑크_10,700|화이트_16,530","_블랙_11,200|_핑크_10,700|화이트_16,530","_블랙_11,200|_핑크_10,700|화이트_16,530","_블랙_11,200|_핑크_10,700|화이트_16,530","_블랙_11,200|_핑크_10,700|화이트_16,530","_블랙_11,200|_핑크_10,700|화이트_16,530"
2801094,Actto MSC-156,"16,560","16,560","16,560","16,560","16,560","16,560","16,560","16,560","16,560","16,560"
3045563,Actto MSC-167,"_블랙_16,130|_화이트_16,140","_블랙_16,130|_화이트_16,140","_블랙_16,130|_화이트_16,140","_블랙_16,130|_화이트_16,140","_블랙_16,130|_화이트_16,140","_블랙_16,130|_화이트_16,140","_블랙_16,130|_화이트_16,140","_블랙_15,960|_화이트_16,140","_블랙_15,790|_화이트_16,140","_블랙_15,790|_화이트_16,140"
3500079,Actto MSC-175,0,0,0,"9,900","9,900",0,0,0,0,0
4619728,Actto MSC-180,"_블랙_19,760|_핑크_12,850|화이트_19,500","_블랙_19,760|_핑크_12,850|화이트_19,500","_블랙_19,760|_핑크_12,850|화이트_19,500","_블랙_19,760|_핑크_12,850|화이트_19,500","_블랙_19,760|_핑크_12,850|화이트_19,500","_블랙_19,760|_핑크_12,850|화이트_19,500","_블랙_19,760|_핑크_12,850|화이트_19,500","_블랙_19,760|_핑크_12,850|화이트_19,500","_블랙_19,760|_핑크_12,600|화이트_19,500","_블랙_19,760|_핑크_12,600|화이트_19,500"
5703184,Actto MSC-181 파인 광마우스,"5,380","5,390","5,390","5,390","5,390","5,390","5,390","5,390","5,390","5,390"
5703123,Actto MSC-185 핸디 버티컬 마우스,"14,020","14,020","14,130","14,130","14,130","14,130","14,130","14,130","14,130","14,130"
6380121,Actto MSC-194 무선 마우스,"_화이트_12,940|_블랙_12,220","_화이트_12,940|_블랙_12,220","_화이트_12,940|_블랙_12,220","_화이트_12,940|_블랙_12,220","_화이트_12,940|_블랙_12,220","_화이트_12,940|_블랙_12,220","_화이트_12,940|_블랙_12,220","_화이트_12,940|_블랙_12,220","_화이트_12,940|_블랙_12,220","_화이트_12,940|_블랙_12,220"
6714148,Actto MSC-195 비쥬 무선 광마우스,0,0,"13,090","13,090","13,090","13,090","13,090","13,180","13,180","13,180"
7391848,Actto MSC-205 무선 프리젠터 마우스,"24,390","24,390","24,390","24,390","24,390",0,0,0,0,0
7245400,Actto MSC-212 무선 마우스,"_핑크_12,250|_민트_12,250|화이트_12,250","_핑크_12,250|_민트_12,250|화이트_12,250","_핑크_12,250|_민트_12,250|화이트_12,250","_핑크_12,250|_민트_12,250|화이트_12,250","_핑크_12,250|_민트_12,250|화이트_12,250","_핑크_12,250|_민트_12,250|화이트_12,250","_핑크_12,250|_민트_12,250|화이트_12,250","_핑크_12,250|_민트_12,250|화이트_12,250","_핑크_12,250|_민트_12,250|화이트_12,250","_핑크_12,250|_민트_12,250|화이트_12,250"
14633579,Actto MSC-214 차칭 무선 마우스,"블랙_21,770","블랙_21,770","블랙_22,220","블랙_22,220","블랙_22,220","블랙_22,220","블랙_22,220","블랙_22,220","블랙_22,220","블랙_22,220"
14634113,Actto MSC-216 핸디 무선 버티컬마우스,"20,080","19,790","20,080","20,080","19,790","20,080","20,080","19,790","20,080","20,080"
14666603,Actto MSC-218 크리미 레트로 무선 마우스,"_화이트_18,600|_핑크_18,600|민트_18,600","_화이트_18,600|_핑크_18,600|민트_18,600","_화이트_18,600|_핑크_18,600|민트_18,600","_화이트_18,600|_핑크_18,600|민트_18,600","_화이트_18,600|_핑크_18,600|민트_18,600","_화이트_18,600|_핑크_18,600|민트_18,600","_화이트_18,600|_핑크_18,600|민트_18,600","_화이트_18,600|_핑크_18,600|민트_18,600","_화이트_18,600|_핑크_18,600|민트_18,600","_화이트_18,600|_핑크_18,600|민트_18,600"
14285492,Actto MSC-222 피크 무선 버티컬 마우스,"19,900","19,900","19,900","19,900","19,900","19,900","19,900","19,900","19,900","19,900"
16169099,Actto MSC-227 베이시스 타입C 무선 마우스,"11,890","11,890","11,890","11,890","11,890","11,890","11,890","11,890","11,890","11,890"
15857852,Actto MSC-228 두 타입 C 무선 광마우스,"13,900","13,900","13,900","13,900","13,900","13,900","13,900","13,900","13,900","13,900"
1353843,Actto MSC-95,"7,150","7,150","7,150","7,150","7,150","7,150","7,150","7,150","7,150","7,150"
55458122,Actto ONMSC-01 무선,"24,900","24,810","24,890","24,890","24,890","24,880","24,880","24,880","24,880","24,880"
123972687,Alienware AW320M,"해외구매_23,760","해외구매_23,760","해외구매_23,760","해외구매_23,760","해외구매_23,760","해외구매_23,760","해외구매_23,760","해외구매_23,760","해외구매_23,760","해외구매_23,760"
79550486,Angry Miao AM Infinity 유무선,"해외구매_181,550","해외구매_181,550","해외구매_181,540","해외구매_181,550","해외구매_181,540","해외구매_181,540","해외구매_183,530","해외구매_183,530","해외구매_183,530","해외구매_183,530"
4123113,BITWAY BM100 게이밍 마우스,"7,440","7,440","7,440","7,440","7,440","7,440","7,440","7,440","7,440","7,440"
50124050,BOSTO BT-13HDK,"해외구매_292,140","해외구매_292,140","해외구매_292,140","해외구매_292,140","해외구매_292,140","해외구매_292,140","해외구매_292,140","해외구매_292,140","해외구매_292,140","해외구매_292,140"
19845422,BenQ ZOWIE EC-CW 무선,"S_210,370","S_210,370","S_210,370","S_210,370","S_210,370","S_210,370","S_210,370","S_210,370","S_216,800","S_216,800"
90115643,BenQ ZOWIE EC-DW 무선,"S_249,000|_M_249,000|_L_249,000","S_249,000|_M_249,000|_L_249,000","S_249,000|_M_249,000|_L_249,000","S_249,000|_M_249,000|_L_249,000","S_249,000|_M_249,000|_L_249,000","S_249,000|_M_249,000|_L_249,000","S_249,000|_M_249,000|_L_249,000","S_249,000|_M_249,000|_L_249,000","_S_249,000|M_249,000|_L_249,000","_S_249,000|M_249,000|_L_249,000"
15852782,BenQ ZOWIE EC2-C 유선 마우스,"159,400","159,400","159,400","159,400","159,400","159,400","159,400","159,400","159,400","159,400"
17423147,BenQ ZOWIE FK1+-C,"99,000","99,000","99,000","99,000","99,000","99,000","99,000","99,000","99,000","99,000"
17423195,BenQ ZOWIE FK1-C,"99,000","99,000","99,000","99,000","99,000","99,000","99,000","99,000","99,000","99,000"
17510906,BenQ ZOWIE FK2-B 화이트 V2,"69,000","69,000","69,000","69,000","69,000","69,000","69,000","69,000","69,000","69,000"
17423228,BenQ ZOWIE FK2-C,"127,000","127,000","127,000","127,000","127,000","127,000","127,000","127,000","127,000","127,000"
70255292,BenQ ZOWIE FK2-DW 무선,"249,000","249,000","249,000","249,000","249,000","249,000","249,000","249,000","249,000","249,000"
17511362,BenQ ZOWIE S1 레드 V2,"69,000",0,0,0,0,0,0,0,0,0
17511305,BenQ ZOWIE S1 화이트 V2,"69,000","69,000","69,000","69,000","69,000","69,000","69,000","69,000","69,000","69,000"
15599720,BenQ ZOWIE S1-C 유선 마우스,"99,000","99,000","99,000","99,000","99,000","99,000","99,000","99,000","99,000","99,000"
71903726,BenQ ZOWIE S2-DW 유무선,"249,000","249,000","249,000","249,000","249,000","249,000","249,000","249,000","249,000","249,000"
35393978,BenQ ZOWIE U2 무선,"199,000","199,000","199,000","199,000","199,000","199,000","199,000","199,000","199,000","199,000"
78983114,BenQ ZOWIE U2-DW 무선,"249,000","249,000","249,000","249,000","249,000","249,000","249,000","249,000","249,000","249,000"
17422913,BenQ ZOWIE ZA11-C,"99,000","99,000","99,000","99,000","99,000","99,000","99,000","99,000","99,000","99,000"
17422955,BenQ ZOWIE ZA12-C,"99,000","99,000","99,000","99,000","99,000","99,000","99,000","99,000","99,000","99,000"
71903774,BenQ ZOWIE ZA13-DW 유무선,"249,000","249,000","249,000","249,000","249,000","249,000","249,000","249,000","249,000","249,000"
9340524,Billionton RS-200WM 인체공학 무선 버티컬 마우스,"45,000","45,000","45,000","45,000","45,000","47,000","47,000","45,000","45,000","45,000"
7076995,Bless ZIO M1980 버티컬 인체공학 무선 마우스,"24,890","24,890","24,890","24,890","24,890","24,890","29,490","29,490","29,490","29,490"
7632424,Bless ZIO i980 RGB 버티컬 인체공학 마우스,"29,500","29,500","29,500","29,500","29,500","29,500","29,500","29,500","29,500","29,500"
7956478,Britz 브리츠인터내셔널 GM305 MARS,"16,490","16,490","16,490","16,490","16,490","16,490","16,490","16,490","16,490","16,490"
6377461,CAMAC CMK-1003W 마우스,"블랙_4,120","블랙_4,120","블랙_4,120","블랙_4,120","블랙_4,120","블랙_4,120","블랙_4,120","블랙_4,120","블랙_4,120","블랙_4,120"
57508526,CAMAC CMK-7001 무선,"11,900","11,900","11,900","11,900","11,900","11,900","11,900","11,900","11,900","11,900"
20179547,CHERRY MW5180 무선 블루투스,"_블랙_29,900|블루_29,900|핑크_29,900|_화이트_29,900","_블랙_29,900|블루_29,900|핑크_29,900|_화이트_29,900","_블랙_29,900|_블루_29,900|핑크_29,900|화이트_29,900","_블랙_29,900|_블루_29,900|핑크_29,900|화이트_29,900","_블랙_29,900|_블루_29,900|핑크_29,900|화이트_29,900","_블랙_29,900|_블루_29,900|핑크_29,900|화이트_29,900","_블랙_29,900|_블루_29,900|핑크_29,900|화이트_29,900","_블랙_29,900|_블루_29,900|핑크_29,900|화이트_29,900","_블랙_29,900|_블루_29,900|핑크_29,900|화이트_29,900","_블랙_29,900|_블루_29,900|핑크_29,900|화이트_29,900"
80317799,CHERRY XTRFY M64 PRO 유무선,"_화이트_149,000|_블랙_149,000","_화이트_149,000|_블랙_149,000",0,"_화이트_149,000|_블랙_149,000","_화이트_149,000|_블랙_149,000","_화이트_149,000|_블랙_149,000","_화이트_149,000|_블랙_149,000","_화이트_149,000|_블랙_149,000","_화이트_149,000|_블랙_149,000","_화이트_149,000|_블랙_149,000"
80303900,CHERRY XTRFY M64 PRO 유무선,0,0,"_화이트_149,000|_블랙_149,000",0,0,0,0,0,0,0
80354432,CHERRY XTRFY M68 PRO 유무선,"_블랙_149,000|_화이트_149,000","_블랙_149,000|_화이트_149,000","_블랙_149,000|_화이트_149,000","_블랙_149,000|_화이트_149,000","_블랙_149,000|_화이트_149,000","_블랙_149,000|_화이트_149,000","_블랙_149,000|_화이트_149,000","_블랙_149,000|_화이트_149,000","_블랙_149,000|_화이트_149,000","_블랙_149,000|_화이트_149,000"
99946613,CHERRY XTRFY MW5500 8K 유무선,"_레드_92,070|_블루블랙_92,070|화이트_92,070","레드_79,200|_블루블랙_79,200|_화이트_79,200","레드_79,200|_블루블랙_79,200|_화이트_79,200","레드_79,200|_블루블랙_79,200|_화이트_79,200","레드_92,070|_블루블랙_92,070|_화이트_92,070","레드_94,050|_블루블랙_99,000|_화이트_99,000","레드_94,050|_블루블랙_94,050|_화이트_94,050","레드_99,000|_블루블랙_94,050|_화이트_99,000",0,"레드_97,940|_블루블랙_97,940|_화이트_97,940"
99946622,CHERRY XTRFY MW5500 8K 유무선,0,0,0,0,0,0,0,0,"레드_97,940|_블루블랙_97,940|_화이트_97,940",0
124012612,CHERRY XTRFY MW5500 PRO 유무선,"109,000","87,200","87,200","87,200","109,000","109,000","109,000","109,000","109,000","109,000"
6055266,CJ ENM ENTUS M25 BATTLE RGB 게이밍 마우스,"17,810","17,810","17,810","17,810","17,810","17,810","17,810","17,810","17,810","17,810"
12953936,CJ ENM ENTUS M30 GENESIS CAMO,"19,680","19,680","19,680","19,680","19,680","19,680","19,680","19,680","19,680","19,680"
9866976,CJ ENM ENTUS WM30 무선 마우스,"_민트_12,900|_핑크_12,900","_민트_12,900|_핑크_12,900","_민트_12,900|_핑크_12,900","_민트_12,900|_핑크_12,900","_민트_12,900|_핑크_12,900","_민트_12,900|_핑크_12,900","_민트_12,900|_핑크_12,900","_민트_12,900|_핑크_12,900","_민트_12,900|_핑크_12,900","_민트_12,900|_핑크_12,900"
16054460,COMS JD576 무선 마우스,"4,990","4,990","4,990","4,990","4,990","4,990","4,990","4,990","4,990","4,990"
68779787,CONEVO LMC-01 무선,"9,490","9,490","9,490","9,490","9,490","9,490","9,490","9,490","9,490","9,490"
68779868,CONEVO LMC-02,"4,710","4,710","4,860","4,710","4,710","4,710","4,710","4,760","4,760","4,760"
68779970,CONEVO LMC-03,"8,640","8,640","8,640","8,640","8,640","8,640","8,640","8,640","8,640","8,640"
10433283,CORSAIR DARK CORE RGB PRO,"219,800","219,800","219,800","219,800","219,800","219,800","219,800","219,800","219,800","219,800"
11528336,CORSAIR DARK CORE RGB PRO + MM100,"127,720","127,720","127,720","127,720","127,720","127,720","127,720","127,720","127,720","127,720"
20572301,CORSAIR DARKSTAR RGB 무선 게이밍,"171,950","171,950","171,950","171,950","171,950","171,950","171,950","171,950","171,950","171,950"
4636202,CORSAIR HARPOON RGB,"78,270","78,270","78,270","78,270","78,270","78,270","78,270","78,270","78,270","78,270"
7765732,CORSAIR HARPOON RGB PRO,"32,300","32,300","32,300","32,300","32,300","32,300","32,300","32,300","32,300","32,300"
14937719,CORSAIR HARPOON RGB PRO (해외구매),"65,810","65,810","65,760","65,690","65,630","65,570","65,520","65,470","65,410","65,350"
11533910,CORSAIR HARPOON RGB PRO + MM100,"48,770","48,770","48,770","48,770","48,770","48,770","48,770","48,770","48,770","48,770"
7096894,CORSAIR HARPOON RGB WIRELESS,"70,320","69,850","70,170","70,160","70,160","67,491","67,779","67,779","67,779","67,779"
11534210,CORSAIR HARPOON RGB WIRELESS + MM100,"77,820","77,820","77,820","77,820","77,820","77,820","77,820","77,820","77,820","77,820"
123694141,CORSAIR HARPOON RGB v2 무선,"84,550","83,660","73,800","73,800","73,800","73,800","73,800","73,800","72,230","72,230"
7003147,CORSAIR IRONCLAW RGB,"73,180","73,210","72,780","72,770","72,740","69,480","70,488","70,488","70,488","70,488"
11527238,CORSAIR IRONCLAW RGB + MM100,"80,990","80,990","80,990","80,990","80,990","80,990","80,990","80,990","80,990","80,990"
104625587,CORSAIR IRONCLAW RGB SE 무선,"112,400","112,400","93,700","93,700","93,700","93,700","93,700","93,700","91,710","91,710"
7808275,CORSAIR IRONCLAW RGB WIRELESS,"122,000","122,000","122,000","122,000","122,000","122,000","122,000","122,000","122,000","122,000"
18139547,CORSAIR KATAR ELITE WIRELESS 게이밍 마우스,"정품_115,620","정품_115,530","정품_115,530","정품_115,530","정품_115,530","정품_115,530","정품_115,530","정품_115,530","정품_115,530","정품_115,530"
12408716,CORSAIR KATAR PRO,"29,000","27,260","28,700","28,690","28,690","27,801","28,197","28,197","28,090","28,090"
12408881,CORSAIR KATAR PRO WIRELESS,"_정품_56,990|_해외구매_77,000","_정품_53,580|_해외구매_77,000","_정품_45,600|_해외구매_77,000","_정품_45,600|_해외구매_77,000","_정품_45,600|_해외구매_77,000","_정품_45,600|_해외구매_77,000","_정품_45,600|_해외구매_77,000","_정품_45,600|_해외구매_77,000","_정품_44,630|_해외구매_77,000","_정품_44,630|_해외구매_77,000"
13544483,CORSAIR KATAR PRO XT,0,0,"해외구매_60,800","해외구매_60,800","해외구매_60,800","해외구매_60,800","해외구매_60,800","해외구매_60,800","해외구매_60,800",0
64390766,CORSAIR M55 게이밍,"37,130","37,130","31,900","31,900","31,900","31,900","31,900","31,900","31,220","31,220"
64390661,CORSAIR M55 무선 게이밍,"53,890","53,890","46,700","46,700","46,700","46,700","46,700","46,700","46,700","46,700"
15315590,CORSAIR M65 RGB ULTRA WIRELESS,"블랙_190,940","블랙_190,880","블랙_190,870","블랙_190,860","블랙_190,800","블랙_190,770","블랙_190,770","블랙_190,770","블랙_190,770","블랙_190,770"
68578604,CORSAIR M65 RGB ULTRA WIRELESS 해외구매,0,0,0,0,0,"212,980","212,980","212,980","212,980","212,980"
28644107,CORSAIR M75 AIR 초경량 유무선 게이밍,"_블랙_99,000|_화이트_139,900","_블랙_99,000|_화이트_139,900","_블랙_99,000|_화이트_139,900","_블랙_99,000|_화이트_139,900","_블랙_99,000|_화이트_139,900","_블랙_99,000|_화이트_139,900","_블랙_99,000|_화이트_139,900","_블랙_89,900|_화이트_139,900","_블랙_89,900|_화이트_139,900","_블랙_89,900|_화이트_139,900"
101542376,CORSAIR M75 RGB 유무선 애플 에디션,"159,690","163,880","163,880","163,880","163,880","163,880","163,880","163,880","163,880","163,880"
71901665,CORSAIR M75 RGB 유무선 콜오브듀티 블랙옵스6 에디션,"194,000","182,360","111,500","111,500","111,500","111,500","111,500","111,500","109,130","109,130"
39911246,CORSAIR M75 RGB 초경량 게이밍,"81,550","81,550","81,550","81,550","81,550","81,550","81,550","81,550","81,550","81,550"
39904625,CORSAIR M75 RGB 초경량 유무선 게이밍,"_블랙_222,070|_화이트_190,640","_블랙_222,070|_화이트_190,640","_블랙_222,070|_화이트_190,640","_블랙_222,070|_화이트_190,640",0,"_블랙_222,070|_화이트_204,990","_블랙_222,070|_화이트_204,990","_블랙_222,070|_화이트_204,990","_블랙_222,070|_화이트_204,990","_블랙_222,070|_화이트_204,990"
39903974,CORSAIR M75 RGB 초경량 유무선 게이밍,0,0,0,0,"_블랙_222,070|_화이트_204,990",0,0,0,0,0
8176444,CORSAIR NIGHTSWORD RGB,"147,950","147,950","152,780","152,780","152,780","152,780","152,780","152,780","152,780","152,780"
13856150,CORSAIR SABRE RGB PRO,"98,120","98,120","98,120","98,120","98,120","98,120","98,120","98,120","98,120","98,120"
10630401,CORSAIR SCIMITAR RGB ELITE,"112,090","110,920","69,600","69,600","69,600","69,600","69,600","69,600","68,120","68,120"
91039475,CORSAIR SCIMITAR RGB 엘리트 무선 SE,"_건메탈_183,440|_화이트_186,980","_건메탈_183,440|_화이트_186,980","_건메탈_107,900|_화이트_107,900","_건메탈_107,900|_화이트_107,900","_건메탈_107,900|_화이트_107,900","_건메탈_107,900|_화이트_107,900","_건메탈_107,900|_화이트_107,900","_건메탈_107,900|_화이트_107,900","_건메탈_107,900|_화이트_107,900","_건메탈_107,900|_화이트_107,900"
123775232,CORSAIR 나이트소드 v2 무선,"180,400","178,500","157,600","157,600","157,600","157,600","157,600","157,600","154,240","154,240"
103517387,CORSAIR 세이버 v2 PRO CF 무선 게이밍,"288,680","272,500","231,900","231,900","231,900","231,900","231,900","231,900","226,970","226,970"
124166650,CORSAIR 세이버 v2 PRO CF 무선 구마유시 에디션,가격비교예정,가격비교예정,가격비교예정,가격비교예정,"289,900","289,900","289,900","289,900","289,900","289,900"
103517336,CORSAIR 세이버 v2 PRO MG 무선 게이밍,"_블랙_217,770|_화이트_217,110","_블랙_218,030|_화이트_205,860","_블랙_157,600|_화이트_157,600","_블랙_157,600|_화이트_157,600","_블랙_157,600|_화이트_157,600","_블랙_157,600|_화이트_157,600","_블랙_157,600|_화이트_157,600","_블랙_157,600|_화이트_154,240","_블랙_157,600|_화이트_154,240","_블랙_157,600|_화이트_154,240"
97956851,CORSAIR 세이버 v2 PRO 초경량 무선 게이밍,"_블랙_94,910|_화이트_138,380","_블랙_94,910|_화이트_131,500",0,0,0,0,0,0,0,0
97956866,CORSAIR 세이버 v2 PRO 초경량 무선 게이밍,0,0,"_블랙_94,910|_화이트_104,900","_블랙_94,910|_화이트_104,900","_블랙_94,910|_화이트_104,900","_블랙_94,910|_화이트_104,900","_블랙_94,910|_화이트_104,900","_블랙_93,910|_화이트_104,900","_블랙_92,910|_화이트_102,670","_블랙_92,910|_화이트_102,670"
27895265,CORSAIR 시미터 RGB 엘리트 무선 게이밍,"118,000","118,000","118,000","118,000","118,000","118,000","118,000","118,000","118,000","118,000"
6114363,COUGAR SURPASSION,"54,000","54,000","54,000","54,000","54,000","54,000","54,000",0,0,0
10739868,COUGAR SURPASSION RX,"Pink_95,790","Pink_95,790","Pink_95,790","Pink_95,790",0,0,0,0,0,0
92966111,COX CEM20 인체공학 FREE 버티컬 무선,"_블랙_26,900|블루_26,900|_옐로우_26,900|핑크_26,900","_블랙_26,900|블루_26,900|_옐로우_26,900|핑크_26,900","_블랙_26,900|블루_26,900|_옐로우_26,900|핑크_26,900","_블랙_26,900|블루_26,900|_옐로우_26,900|핑크_26,900","_블랙_26,900|_블루_26,900|옐로우_26,900|핑크_26,900","_블랙_26,900|_블루_26,900|옐로우_26,900|핑크_26,900","_블랙_26,900|_블루_26,900|옐로우_26,900|핑크_26,900","_블랙_26,900|_블루_23,950|옐로우_26,900|핑크_26,900","_블랙_26,900|_블루_26,900|옐로우_26,900|핑크_26,900","_블랙_26,900|_블루_26,900|옐로우_26,900|핑크_26,900"
102550046,COX CEM30 서포트오피스 FREE 무선,"_그레이_25,900|_블랙_25,900|블루_25,900|핑크_25,900|화이트_25,900","_그레이_25,900|_블랙_25,900|블루_25,900|핑크_25,900|화이트_25,900","_그레이_25,900|_블랙_25,900|블루_25,900|핑크_25,900|화이트_25,900","_그레이_25,900|_블랙_25,900|블루_25,900|핑크_25,900|화이트_25,900","_그레이_25,900|_블랙_25,900|블루_25,900|핑크_25,900|화이트_25,900","_그레이_25,900|_블랙_25,900|블루_25,900|핑크_25,900|화이트_25,900","_그레이_25,900|_블랙_25,900|블루_25,900|핑크_25,900|화이트_25,900","_그레이_25,900|_블랙_25,900|블루_25,900|핑크_25,900|화이트_25,900","_그레이_25,900|블랙_25,900|블루_25,900|핑크_25,900|_화이트_25,900","_그레이_25,900|블랙_25,900|블루_25,900|핑크_25,900|_화이트_25,900"
122645163,COX CEM70 스컬프트 글러브 타입 3모드 인체공학,"_블랙_21,000|핑크_21,000|_화이트_21,000","_블랙_21,000|핑크_21,000|_화이트_21,000","_블랙_21,000|핑크_21,000|_화이트_21,000","_블랙_21,000|핑크_21,000|_화이트_21,000","_블랙_21,000|핑크_21,000|_화이트_21,000","_블랙_21,000|핑크_21,000|_화이트_21,000","_블랙_21,000|핑크_21,000|_화이트_21,000","_블랙_21,000|핑크_21,000|_화이트_21,000","_블랙_21,000|핑크_21,000|_화이트_21,000","_블랙_21,000|핑크_21,000|_화이트_21,000"
106745747,COX CM1000,"_블랙_5,500|핑크_5,500|_화이트_5,500","_블랙_5,500|핑크_5,500|_화이트_5,500","_블랙_5,500|핑크_5,500|_화이트_5,500","_블랙_5,500|핑크_5,500|_화이트_5,500","_블랙_5,500|핑크_5,500|_화이트_5,500","_블랙_5,500|핑크_5,500|_화이트_5,500",0,0,0,0
106745753,COX CM1000,0,0,0,0,0,0,"_블랙_5,500|핑크_5,500|_화이트_5,500","_블랙_5,500|핑크_5,500|_화이트_5,500","_블랙_5,500|핑크_5,500|_화이트_5,500","_블랙_5,500|핑크_5,500|_화이트_5,500"
13461344,COX CM400 3327 게이밍 마우스,"18,900","18,900","18,900","18,900","18,900","18,900","18,900","18,900","18,900","18,900"
11652884,COX CM500 3360 RGB 게이밍 마우스,"블랙_37,000","블랙_37,000","블랙_37,000","블랙_37,000","블랙_37,000","블랙_37,000","블랙_37,000","블랙_37,000","블랙_37,000","블랙_37,000"
7895518,COX CM90W 유무선 RGB 게이밍 마우스,"39,000","39,000","39,000","39,000","39,000","39,000","36,660","36,660","36,660","36,660"
15580778,COX CM91W 유무선 RGB 게이밍 마우스,"39,900","39,900","39,900","39,900","39,900","39,900","39,900","39,900","39,900","39,900"
122930192,COX CPM10 충전독 유무선,"_블랙_42,000|_화이트_42,000","_블랙_42,000|_화이트_42,000","_블랙_42,000|_화이트_42,000","_블랙_42,000|_화이트_42,000","_블랙_42,000|_화이트_42,000","_블랙_42,000|_화이트_42,000","_블랙_42,000|_화이트_42,000","_블랙_42,000|_화이트_42,000","_블랙_42,000|_화이트_42,000","_블랙_42,000|_화이트_42,000"
14966969,COX CTM100 어고노믹 무선 트랙볼 마우스,"61,800","61,800","61,800","61,800","61,800","61,800",0,0,0,0
98779283,COX CWM40 무선,"_블랙_6,900|_화이트_6,900","_블랙_6,900|_화이트_6,900","_블랙_6,900|_화이트_6,900","_블랙_6,900|_화이트_6,900","_블랙_6,900|_화이트_6,900","_블랙_6,900|_화이트_6,900","_블랙_6,900|_화이트_6,900","_블랙_6,900|_화이트_6,900","_블랙_6,900|_화이트_6,900","_블랙_6,900|_화이트_6,900"
99288896,COX Z1 OLED 디스플레이 3모드 게이밍 유무선,"49,000","49,000","49,000","49,000","49,000","49,000","49,000","49,000","49,000","49,000"
3618801,DELL MS116,"정품_9,900","정품_9,900","정품_9,900","정품_9,900","정품_9,900","정품_9,900","정품_9,900","정품_9,900","정품_9,900","정품_9,900"
18473582,DELL MS300 무선,"30,890","30,890","30,890","30,890","30,890","30,890","30,890","30,890","30,890","30,890"
11553161,DELL MS3220,"타이탄그레이_23,900","타이탄그레이_23,900","타이탄그레이_23,900","타이탄그레이_23,900","타이탄그레이_23,900","타이탄그레이_23,900","타이탄그레이_23,900","타이탄그레이_23,900","타이탄그레이_23,900","타이탄그레이_23,900"
11553530,DELL MS5120W,"_블랙_42,890|_타이탄그레이_42,900","_블랙_42,890|_타이탄그레이_42,900","_블랙_42,890|_타이탄그레이_42,900","_블랙_42,890|_타이탄그레이_42,900","_블랙_42,890|_타이탄그레이_42,900","_블랙_42,890|_타이탄그레이_42,900","_블랙_42,890|_타이탄그레이_42,900","_블랙_42,890|_타이탄그레이_42,900","_블랙_42,890|_타이탄그레이_42,900",0
11553485,DELL MS5120W,0,0,0,0,0,0,0,0,0,"_블랙_42,890|_타이탄그레이_42,900"
11553857,DELL MS5320W,"타이탄그레이_50,900","타이탄그레이_50,900","타이탄그레이_50,900","타이탄그레이_50,900","타이탄그레이_50,900","타이탄그레이_50,900","타이탄그레이_50,900","타이탄그레이_50,900","타이탄그레이_50,900","타이탄그레이_50,900"
121898639,DELL MS5320W,"블랙_54,400","블랙_54,400","블랙_54,400","블랙_54,400","블랙_54,400","블랙_58,490","블랙_58,490","블랙_58,490","블랙_58,490","블랙_58,490"
19519397,DELL MS700 블루투스,"68,990","68,990","68,990","68,990","68,990","68,990","68,990","68,990","68,990","68,990"
17477915,DELL MS7421W,"60,440","60,440","60,440","60,440","61,090","61,090","61,090","61,090","61,090","61,090"
28079951,DELL MS900 무선,"144,990","144,990","144,990","144,990","144,990","144,990","144,990","144,990","144,990","144,990"
124166361,DELL Pro 7 MS746 무선,"63,000","63,000","63,000","63,000","63,000","63,000","63,000","63,000","63,000","63,000"
4739061,DELL WM126,"정품_19,900","정품_19,900","정품_19,900","정품_19,900","정품_19,900","정품_19,900","정품_19,900","정품_19,900","정품_19,900","정품_19,900"
28062905,DELL 에일리언웨어 AW620M 유무선,"다크_159,000","다크_159,000","다크_159,000","다크_159,000",0,0,0,0,0,"다크_159,000"
34424747,DELUX M618C,0,0,0,0,0,0,"해외구매_33,620","해외구매_33,620","해외구매_33,620","해외구매_33,620"
76873337,DELUX M618XSD 무선,"해외구매_50,880","해외구매_50,880","해외구매_50,880","해외구매_50,880","해외구매_50,880","해외구매_51,430","해외구매_51,430","해외구매_51,430","해외구매_51,430","해외구매_51,430"
13621139,DELUX M618mini 인체공학 무선 마우스,"해외구매_36,310","해외구매_36,310","해외구매_36,310","해외구매_36,310","해외구매_36,310",0,0,0,0,0
77707049,DELUX M900 PRO 무선,"해외구매_54,000","해외구매_54,000","해외구매_54,000","해외구매_54,000","해외구매_54,000","해외구매_54,600","해외구매_54,600","해외구매_54,600","해외구매_54,600","해외구매_54,600"
77706992,DELUX M900 무선,0,0,0,0,"해외구매_47,410",0,0,0,0,0
93803204,DELUX MF20 무선,"해외구매_31,580","해외구매_31,580","해외구매_31,580","해외구매_31,580","해외구매_31,580","해외구매_30,260","해외구매_30,260","해외구매_30,260","해외구매_30,260","해외구매_30,260"
15123881,DOXX DX-GM650,"7,660","7,670","7,670","7,670","7,670","7,670","7,670","7,670","7,760","7,760"
106695602,DOXX DX-WM10 무선,"9,680","9,680","9,680","9,680","9,680","9,680","9,680","9,570","9,760","9,760"
12448376,DOXX DX-WM7500,"_레드_10,130|_블랙_10,970","_레드_10,130|_블랙_10,970","_레드_10,130|_블랙_10,970","_레드_10,130|_블랙_10,970","_레드_10,130|_블랙_10,970","_레드_10,130|_블랙_10,970","_레드_10,130|_블랙_10,970","_레드_10,030|_블랙_10,970","_레드_10,230|_블랙_10,970","_레드_10,230|_블랙_10,970"
23641958,Darmoshark M3 4K 유무선 게이밍,"_블랙_87,870|_옐로우_87,870|화이트_85,030","_블랙_87,870|_옐로우_87,870|화이트_85,030","_블랙_87,870|_옐로우_87,870|화이트_85,030","_블랙_87,870|_옐로우_87,870|화이트_85,030","블랙_87,860|_옐로우_87,860|_화이트_85,030","블랙_87,860|_옐로우_87,860|_화이트_85,030","블랙_85,040|_옐로우_85,040|_화이트_85,030","_블랙_85,030|_옐로우_85,030|화이트_85,030","_블랙_85,040|_옐로우_85,040|화이트_85,030","_블랙_85,040|_옐로우_85,040|화이트_85,030"
25641167,Darmoshark M3 S 유무선,"_블랙_73,650|그레이_75,000|레드_75,000|옐로우_75,000|퍼플_75,000|_핑크_73,650|","_블랙_73,650|그레이_75,000|레드_75,000|옐로우_75,000|퍼플_75,000|_핑크_73,650|","_블랙_73,650|그레이_75,000|레드_75,000|옐로우_75,000|퍼플_75,000|_핑크_73,650|","_블랙_73,650|그레이_75,000|레드_75,000|옐로우_75,000|퍼플_75,000|_핑크_73,650|","_블랙_73,650|그레이_75,000|레드_75,000|옐로우_75,000|퍼플_75,000|_핑크_73,650|","_블랙_75,000|그레이_75,000|레드_75,000|옐로우_75,000|퍼플_75,000|_핑크_75,000|",0,0,0,0
25641239,Darmoshark M3 S 유무선,0,0,0,0,0,0,"_블랙_71,280|그레이_75,000|레드_75,000|옐로우_75,000|퍼플_75,000|_핑크_71,280|","_블랙_71,280|그레이_75,000|레드_75,000|옐로우_75,000|퍼플_75,000|_핑크_71,280|","_블랙_71,280|그레이_75,000|레드_75,000|옐로우_75,000|퍼플_75,000|_핑크_71,280|","_블랙_71,280|그레이_75,000|레드_75,000|옐로우_75,000|퍼플_75,000|_핑크_71,280|"
20445884,Darmoshark M3 유무선 게이밍,"_블랙_58,140|아이보리_65,900|_화이트_58,140","_블랙_58,140|아이보리_65,900|_화이트_58,140","_블랙_58,140|아이보리_65,900|_화이트_58,140","_블랙_58,140|아이보리_65,900|_화이트_58,140","_블랙_58,140|아이보리_65,900|_화이트_58,140","_블랙_59,000|아이보리_65,900|_화이트_59,000","_블랙_56,260|아이보리_65,900|_화이트_56,260","_블랙_56,260|아이보리_65,900|_화이트_56,260","_블랙_56,260|아이보리_65,900|_화이트_56,250","_블랙_56,260|아이보리_65,900|_화이트_56,250"
77860787,Darmoshark M5 PRO 유무선,0,0,"해외구매_98,750","해외구매_98,750","해외구매_98,750","해외구매_94,640","해외구매_94,640","해외구매_94,640","해외구매_94,640","해외구매_94,640"
77860916,Darmoshark M5 유무선,"해외구매_86,310","해외구매_86,310","해외구매_86,310","해외구매_86,310","해외구매_86,310","해외구매_82,710","해외구매_82,710","해외구매_82,710","해외구매_82,710","해외구매_82,710"
23656505,Darmoshark N3 유무선 게이밍,"_블랙_58,710|_화이트_58,710","_블랙_58,710|_화이트_58,710","_블랙_58,710|_화이트_58,710","_블랙_58,710|_화이트_58,710","_블랙_58,710|_화이트_58,710","_블랙_59,900|_화이트_59,900","_블랙_56,820|_화이트_56,820","_블랙_56,820|_화이트_56,820","_블랙_56,820|_화이트_56,820","_블랙_56,820|_화이트_56,820"
17114690,Ducky Feather RGB,"89,000","89,000","89,000","89,000","89,000","89,000","89,000","89,000","89,000","89,000"
98411147,EBUFF EBM-M3,"4,580","4,580","4,580","4,580","4,580","4,580","4,580","4,580","4,580","4,580"
122699389,EBUFF EBM-M6 무선,"_블랙_8,900|_퍼플_8,900|핑크_8,900|화이트_8,900","_블랙_8,900|_퍼플_8,900|핑크_8,900|화이트_8,900","_블랙_8,900|_퍼플_8,900|핑크_8,900|화이트_8,900","_블랙_8,900|_퍼플_8,900|핑크_8,900|화이트_8,900","_블랙_8,900|_퍼플_8,900|핑크_8,900|화이트_8,900","_블랙_8,900|_퍼플_8,900|핑크_8,900|화이트_8,900","_블랙_8,900|_퍼플_8,900|핑크_8,900|화이트_8,900","_블랙_8,900|_퍼플_8,900|핑크_8,900|화이트_8,900","_블랙_8,900|_퍼플_8,900|핑크_8,900|화이트_8,900","_블랙_8,900|_퍼플_8,900|핑크_8,900|화이트_8,900"
77786591,ELECOM M-DT2URBK,"해외구매_116,640","해외구매_116,640","해외구매_116,640","해외구매_116,640",0,0,0,0,0,0
75074657,ELECOM MP-GEL,"_블랙_11,000|_화이트_14,400","_블랙_11,000|_화이트_14,400","_블랙_11,000|_화이트_14,400","_블랙_11,000|_화이트_14,400",0,0,0,0,0,0
75074639,ELECOM MP-GEL,0,0,0,0,"_블랙_11,000|_화이트_14,400","_블랙_11,000|_화이트_14,400","_블랙_11,000|_화이트_14,400","_블랙_11,000|_화이트_14,400","_블랙_11,000|_화이트_14,400","_블랙_11,000|_화이트_14,400"
45786581,ENDGAME GEAR OP1 8K,"104,640","104,640","108,990","108,990","108,990","108,990","108,990","108,990","108,990","108,990"
27948143,ENDGAME GEAR OP1WE 유무선,"_블랙_119,990|_화이트_120,000","_블랙_119,990|_화이트_120,000","_블랙_119,990|_화이트_120,000","_블랙_119,990|_화이트_120,000","_블랙_119,990|_화이트_120,000","_블랙_119,990|_화이트_120,000","_블랙_119,990|_화이트_120,000","_블랙_119,990|_화이트_120,000","_블랙_119,990|_화이트_120,000","_블랙_119,990|_화이트_120,000"
98181575,ENDGAME GEAR OP1w 4K,"134,100","134,100","134,100","134,100","134,100","134,100","134,100","134,100","134,100","134,100"
15533021,ENDGAME GEAR XM1R,"_다크 리플렉스_74,900|_다크 프로스트_74,900|화이트_74,900",0,0,0,0,0,0,0,0,0
15531257,ENDGAME GEAR XM1R,0,"_다크 프로스트_74,900|_화이트_74,900",0,0,0,0,0,0,0,0
15530402,ENDGAME GEAR XM1R,0,0,"화이트_74,900","화이트_74,900","화이트_74,900","화이트_74,900","화이트_74,900","화이트_74,900","화이트_74,900","화이트_74,900"
74007827,ENDGAME GEAR XM2,"96,440","96,440","96,430","96,430","96,420","96,420","96,410","96,410","96,400","96,400"
78711020,ENDGAME GEAR XM2w 유무선,"화이트_134,100|다크 프로스트_134,100|_블랙_134,100|_화이트 프로스트_134,100","화이트_134,100|다크 프로스트_134,100|_블랙_134,100|_화이트 프로스트_134,100","화이트_134,100|다크 프로스트_134,100|_블랙_134,100|_화이트 프로스트_134,100","화이트_134,100|다크 프로스트_134,100|_블랙_134,100|_화이트 프로스트_134,100","화이트_134,100|다크 프로스트_134,100|_블랙_134,100|_화이트 프로스트_134,100","_화이트_134,100|다크 프로스트_134,100|_블랙_134,100|화이트 프로스트_134,100",0,0,0,0
78711002,ENDGAME GEAR XM2w 유무선,0,0,0,0,0,0,"_화이트_134,100|다크 프로스트_134,100|_블랙_134,100|화이트 프로스트_134,100","_화이트_134,100|다크 프로스트_134,100|_블랙_134,100|화이트 프로스트_134,100","_화이트_134,100|다크 프로스트_134,100|_블랙_134,100|화이트 프로스트_134,100","_화이트_134,100|다크 프로스트_134,100|_블랙_134,100|화이트 프로스트_134,100"
94634087,ESR 자석부착 무선,"43,900","43,900","43,900","43,900","43,900","43,900","43,900","43,900","43,900","43,900"
14572970,EVGA X17 게이밍 마우스,"블랙_29,000","블랙_29,000","블랙_29,000","블랙_29,000","블랙_29,000","블랙_29,000","블랙_30,000","블랙_30,000","블랙_30,000","블랙_30,000"
13541609,EVGA X17 게이밍 마우스 (해외구매),"53,320","53,320",0,0,0,0,0,"53,320","53,320","53,320"
78988976,EWEADN M7 유무선,"해외구매_21,600","해외구매_21,600",0,0,"해외구매_21,600","해외구매_20,700","해외구매_20,700","해외구매_20,700","해외구매_20,700","해외구매_20,700"
123681814,EWEADN Q20 무선,"해외구매_22,800","해외구매_22,800","해외구매_22,800","해외구매_22,800","해외구매_22,800","해외구매_22,800","해외구매_22,800","해외구매_22,800","해외구매_22,800","해외구매_22,800"
78988853,EWEADN Q5 무선,"해외구매_17,500","해외구매_17,500","해외구매_17,500","해외구매_17,500","해외구매_17,500","해외구매_17,500","해외구매_17,500","해외구매_17,500","해외구매_17,500","해외구매_17,500"
74338964,EWEADN S9 PRO 유무선,"해외구매_41,760","해외구매_41,760",0,0,"해외구매_41,760","해외구매_40,020","해외구매_40,020","해외구매_40,020","해외구매_40,020","해외구매_40,020"
74338970,EWEADN S9 ULTRA 유무선,"해외구매_58,160","해외구매_58,160","해외구매_58,160","해외구매_58,160","해외구매_58,160","해외구매_58,780",0,0,"해외구매_58,780","해외구매_58,780"
74338946,EWEADN S9 유무선,"해외구매_29,040","해외구매_29,040","해외구매_29,040","해외구매_29,040","해외구매_29,040","해외구매_29,340","해외구매_29,340","해외구매_29,340","해외구매_29,340","해외구매_29,340"
96057764,EWEADN X23 Max 유무선,"해외구매_36,440","해외구매_36,440","해외구매_36,440","해외구매_36,440","해외구매_36,440","해외구매_37,620","해외구매_37,620","해외구매_37,210","해외구매_37,210","해외구매_37,210"
96057755,EWEADN X23 Pro 유무선,"해외구매_26,220","해외구매_26,220","해외구매_26,220","해외구매_26,220","해외구매_26,220","해외구매_25,660","해외구매_25,660","해외구매_25,380","해외구매_25,380","해외구매_25,380"
96057737,EWEADN X23 SE 유무선,"해외구매_21,390","해외구매_21,390","해외구매_21,390","해외구매_21,390","해외구매_21,390","해외구매_21,060","해외구매_21,060","해외구매_20,830","해외구매_20,830","해외구매_20,830"
79112888,Evoluent VM4S Vertical Mouse,"해외구매_165,990","해외구매_165,990","해외구매_165,990","해외구매_165,990","해외구매_165,990","해외구매_165,990","해외구매_165,990","해외구매_165,990","해외구매_165,990","해외구매_165,990"
36708461,Evoluent VM4SW 무선,"해외_188,260","해외_188,260","해외_188,260","해외_188,260","해외_188,260","해외_188,260","해외_188,260","해외_188,260","해외_188,260",0
18627767,Evoluent VMDM,"해외구매_186,130","해외구매_186,140","해외구매_186,140","해외구매_186,130","해외구매_186,120","해외구매_186,120","해외구매_186,140","해외구매_186,140","해외구매_186,140","해외구매_186,140"
10998216,FANTECH BLAKE X17 PRO,"29,700","29,700","29,700","29,700","29,700","29,700","29,700","29,700","29,700","29,700"
10998240,FANTECH HIVE UX2,"20,920","20,920","20,920","20,920","20,920","21,400","21,380","21,380","21,380","21,380"
54484361,FOREV FV-X9,"25,540","25,540","25,540","25,540","25,540","25,540","25,540","25,540","25,540","25,540"
49644782,Finalmouse Starlight-12 해외구매,"S_857,440","S_857,440","S_857,440","S_857,440","S_857,440","S_857,440","S_857,440","S_857,440","S_857,440","S_857,440"
122725110,Fire Silver Fox V16 유무선,"해외구매_20,960","해외구매_20,960","해외구매_20,960","해외구매_20,960","해외구매_20,960","해외구매_20,960","해외구매_20,960","해외구매_20,960","해외구매_20,960","해외구매_20,960"
15994937,For LG LGA-CM100 무선 마우스,"11,500","11,500","11,500","11,500","11,500","11,500","11,500","11,500","11,500","11,500"
15621920,For LG LGC-CM600 무선 마우스,"블랙_13,500","블랙_13,500","블랙_13,500","블랙_13,500","블랙_13,500","블랙_13,500","블랙_13,500","블랙_13,500","블랙_13,500","블랙_13,500"
10322016,For LG 저소음 무선 마우스 LGA-MARK2,"_화이트_20,520|_블랙_20,520","_화이트_20,520|_블랙_20,520","_화이트_20,520|_블랙_20,520","_화이트_20,520|_블랙_20,520","_화이트_20,520|_블랙_20,520","_화이트_20,520|_블랙_20,520","_화이트_20,520|_블랙_20,520","_화이트_20,520|_블랙_20,520","_화이트_20,520|_블랙_20,520","_화이트_20,520|_블랙_20,520"
77790254,G-Wolves Hati HTS,"해외구매_107,000","해외구매_107,000","해외구매_107,000",0,0,0,0,0,0,0
75465176,GAOMON 1060 PRO V3,"해외구매_29,170","해외구매_29,170","해외구매_30,160","해외구매_30,160","해외구매_30,160","해외구매_31,180","해외구매_31,180","해외구매_30,840","해외구매_30,840","해외구매_30,840"
27229325,GDEVIL G100,"_블랙_14,030|_화이트_14,030","_블랙_14,030|_화이트_14,030","_블랙_14,030|_화이트_14,030","_블랙_14,030|_화이트_14,030","_블랙_14,030|_화이트_14,030","_블랙_14,030|_화이트_14,030","_블랙_14,030|_화이트_14,030","_블랙_14,030|_화이트_14,030","_블랙_14,030|_화이트_14,030","_블랙_14,030|_화이트_14,030"
50129066,GDEVIL M2013W 무선,"_블랙_15,660|_퍼플_13,840|화이트_13,840","_블랙_15,660|_퍼플_13,840|화이트_13,840","_블랙_15,800|_퍼플_13,980|화이트_13,980","_블랙_15,800|_퍼플_13,980|화이트_13,980","_블랙_15,800|_퍼플_13,980|화이트_13,980","_블랙_14,967|_퍼플_13,980|화이트_13,980","_블랙_14,900|_퍼플_13,980|화이트_13,980","_블랙_14,900|_퍼플_13,980|화이트_13,980","_블랙_14,900|_퍼플_13,980|화이트_13,980","_블랙_14,900|_퍼플_13,980|화이트_13,980"
29488655,GDEVIL M228W 무선,"_블랙_11,900|블루_13,810|_퍼플_13,810|핑크_11,590|화이트_13,810","_블랙_11,900|블루_13,810|_퍼플_13,810|핑크_11,590|화이트_13,810","_블랙_11,900|블루_13,890|_퍼플_13,890|핑크_11,590|화이트_13,890","_블랙_11,900|블루_13,890|_퍼플_13,890|핑크_11,590|화이트_13,890",0,0,0,0,0,0
29488883,GDEVIL M228W 무선,0,0,0,0,"_블랙_11,900|블루_13,890|_퍼플_13,890|핑크_11,590|화이트_13,890","_블랙_11,900|블루_12,636|_퍼플_12,636|핑크_10,530|화이트_12,636","_블랙_11,900|블루_12,825|_퍼플_12,825|핑크_10,692|화이트_12,825","_블랙_11,900|블루_12,825|_퍼플_12,825|핑크_10,692|화이트_12,825","_블랙_11,900|블루_12,825|_퍼플_12,825|핑크_10,692|화이트_12,825","_블랙_11,900|블루_12,825|_퍼플_12,825|핑크_10,692|화이트_12,825"
45004397,GDEVIL M244W 무선,"_블랙_14,850|_화이트_14,730","_블랙_14,850|_화이트_14,730","_블랙_14,850|_화이트_14,870","_블랙_14,850|_화이트_14,870","_블랙_14,850|_화이트_14,870","_블랙_14,850|_화이트_13,635","_블랙_14,850|_화이트_13,842","_블랙_14,850|_화이트_13,842","_블랙_14,850|_화이트_13,842","_블랙_14,850|_화이트_13,842"
106695611,GEOMAX GM-BTM1100 무선,"3,900","3,900","3,900","3,900","3,900","3,900","3,900","3,900","3,900","3,900"
122653520,GEOMAX GM-MX1100 무선,"28,410","28,410","28,410","28,410","28,410","29,900","29,900","29,900","29,900","29,900"
37988201,GIGABYTE AORUS M6 유무선,"193,100","193,100","193,100","193,100","193,100","193,100","193,100","193,100","193,100","193,100"
95846018,HAVIT MS955WB PRO 유무선,"54,310","54,310","54,310","54,310","54,310","56,230","56,230","56,230","56,230","56,230"
78710333,HITSCAN HYPERLIGHT 유무선,"_블랙_128,980|_화이트_128,980","_블랙_128,980|_화이트_128,980","_블랙_128,980|_화이트_128,980",0,0,0,0,0,0,0
78710339,HITSCAN HYPERLIGHT 유무선,0,0,0,"_블랙_128,980|_화이트_128,980","_블랙_128,980|_화이트_128,980","_블랙_128,980|_화이트_128,980","_블랙_128,980|_화이트_128,980","_블랙_128,980|_화이트_128,980","_블랙_128,980|_화이트_128,980","_블랙_128,980|_화이트_128,980"
18614789,HP 125 유선,"7,070","7,070","7,070","7,070","7,070","7,070","7,070","7,070","7,070","7,070"
122700750,HP 128 LASER,"14,790","14,780","14,780","14,780","14,780","14,780","14,780","14,780","14,780","14,780"
99912551,HP 235 무선,"17,900","17,900","17,900","17,900","17,900","17,900","17,900","17,900","17,900","17,900"
99912626,HP 255 무선,"18,830","18,770","18,670","18,550","18,510","18,510","18,510","18,510","18,510","18,510"
99912581,HP 285 무선,"23,900","23,900","23,900","23,900","23,900","23,900","23,900","23,900","23,900","23,900"
100691588,HP 400 무선,"_메이플_30,900|블랙_31,270|블루_30,900|_퍼플_30,900|핑크_30,900","_메이플_30,900|블랙_31,270|블루_30,900|_퍼플_30,900|핑크_30,900","_메이플_30,900|블랙_31,270|블루_30,900|_퍼플_30,900|핑크_30,900","_메이플_30,900|블랙_31,270|블루_30,900|_퍼플_30,900|핑크_30,900","_메이플_30,900|블랙_31,270|블루_30,900|_퍼플_30,900|핑크_30,900","메이플_30,900|블랙_31,270|_블루_30,900|_퍼플_30,900|핑크_30,900","메이플_30,900|블랙_31,270|_블루_30,900|_퍼플_30,900|핑크_30,900","메이플_30,900|블랙_31,270|_블루_30,900|_퍼플_30,900|핑크_30,900","메이플_30,900|블랙_31,270|_블루_30,900|_퍼플_30,900|핑크_30,900","메이플_30,900|블랙_31,270|_블루_30,900|_퍼플_30,900|핑크_30,900"
99477074,HP 405 무선,"29,890","29,890","29,890","29,890","29,890","29,890","29,890","29,890","29,900","29,900"
18612686,HP 435 멀티 디바이스 무선,"32,630","32,630","32,630","32,630","32,630","32,630","32,630","32,630","32,630","32,630"
72757343,HP 480 무선,"34,620","34,620","34,620","34,620","34,620","34,620","34,620","34,620","34,620","34,620"
72757367,HP 510 Ultra Fast 무선,"39,880","39,880","39,880","39,880","39,880","39,880","39,880","39,880","39,880","39,880"
47022182,HP 690 블루투스,"54,250","54,250","54,250","54,250","54,250",0,"54,250","54,250","54,250","54,250"
99477107,HP 705 무선,"58,490","58,490","58,490","58,490","58,490","58,490","58,490","58,490","58,490","58,490"
122628683,HP 715 무선,"72,440","72,440","72,440","72,440","72,440","72,440","72,440","72,440","72,440","72,440"
122682138,HP 725M 무선,"69,900","69,900","69,900","69,900","69,900","69,900","69,900","69,900","69,900","69,900"
122685678,HP 785M 무선,"89,900","89,900","89,900","89,900","89,900","89,900","89,900","89,900","89,900","89,900"
27882881,HP 920 인체공학 버티컬 무선 블루투스,"54,900","54,900","54,900","54,900","54,900","54,900","54,900","54,900","54,900","54,900"
99912896,HP 925 무선,"99,000","99,000","99,000","99,000","99,000","99,000","99,000","99,000","99,000","99,000"
7258780,HP G260 Gaming Mouse,"17,890","17,890","17,890","17,890","17,890","17,890","17,890","17,890","17,890","17,890"
14185700,HP G360 Gaming Mouse,0,0,0,"39,000","39,000","39,000","39,000","39,000","39,000","39,000"
5142929,HP M100 Gaming Mouse,"블랙_7,750","블랙_7,750","블랙_7,750","블랙_7,750","블랙_7,750","블랙_7,750","블랙_7,750","블랙_7,750","블랙_7,750","블랙_7,750"
6049710,HP M220 Gaming Mouse,"15,400","15,400","15,400","15,400","15,400","15,400","15,400","15,400","15,400","15,400"
10436691,HP M280 Gaming Mouse,0,0,0,0,"37,810","38,210","38,210","38,210","38,210","38,210"
10813071,HP Spectre Rechargeable Mouse 700,"_네츄럴 실버_29,370|_블루_31,820","_네츄럴 실버_29,370|_블루_31,820","_네츄럴 실버_29,370|_블루_31,820","_네츄럴 실버_29,370|_블루_31,820","_네츄럴 실버_29,370|_블루_31,820","_네츄럴 실버_29,370|_블루_33,500","_네츄럴 실버_29,370|_블루_33,500","_네츄럴 실버_29,370|_블루_33,500","_네츄럴 실버_29,370|_블루_33,500","_네츄럴 실버_29,370|_블루_33,500"
6111508,HP Wireless Mouse 200,"11,850","11,850","11,850","11,850","11,850","11,850","11,850","11,850","11,850","11,850"
3217027,HP Z5000,"_블랙_15,300|_화이트_15,300","_블랙_15,300|_화이트_15,300","_블랙_15,300|_화이트_15,300","_블랙_15,300|_화이트_15,300","_블랙_15,300|_화이트_15,300","_블랙_15,300|_화이트_15,300","_블랙_15,300|_화이트_15,300","_블랙_15,300|_화이트_15,300","_블랙_15,300|_화이트_15,300","_블랙_15,300|_화이트_15,300"
18369830,HP 데스크탑 마우스 320M,0,0,0,0,0,0,"9,900","9,900","9,900","9,900"
10682466,HP 오멘 Reactor,"27,960","27,960","27,960","27,960","27,960","29,900","29,890","29,890","29,890","29,890"
13613708,HP 오멘 Vector Essential Mouse,"19,900","19,900","19,900","19,900","19,900","19,900","19,900","19,900","19,900","19,900"
13613846,HP 오멘 Vector Mouse,"23,650","23,650","23,650","23,650","23,650","24,380","24,380","24,380","24,380","24,380"
10682691,HP 파빌리온 Gaming Mouse 300,"14,900","14,900","14,900","14,900","14,900","14,900","14,900","14,900","14,900","14,900"
6174995,HUION H1060P,"73,580",0,"73,580",0,0,0,0,0,0,0
5679362,HUION H950P,"정품_69,000","정품_69,000","정품_69,000","정품_69,000","정품_69,000","정품_69,000","정품_69,000","정품_69,000","정품_69,000","정품_69,000"
73694900,HUION Inspiroy Frego L310,"82,020","82,020","82,890","82,890","82,890","82,890","82,890","82,020","81,150","81,150"
73694936,HUION Inspiroy Frego L610,"120,150","120,150","120,150","120,150","120,150","120,150","120,150","116,100","116,100","116,100"
14570438,HUION KAMVAS 16 (2021),"446,130","446,130","446,130","446,130","446,130","446,130","446,130","441,430","439,610","439,610"
77789189,HUION KAMVAS 16 (Gen3),"584,100","584,100","584,100","584,100","584,100","584,100","584,100","584,100","584,100","584,100"
75601415,HUION KAMVAS 22,"477,940","477,940","477,940","477,940","477,940","477,940","477,940","473,100","473,100","473,100"
122717833,HUION KAMVAS 22 Gen3,"790,000","790,000","790,000","790,000","790,000","790,000","790,000","790,000","790,000","790,000"
13621730,HUION KAMVAS 22 PLUS,"정품_569,050","정품_569,050","정품_569,050","정품_569,050","정품_569,050","정품_569,050","정품_569,050","정품_569,000","정품_569,000","정품_569,000"
28131560,HUION KAMVAS 24 PLUS,"1,169,000","1,169,000","1,169,000","1,169,000","1,169,000","1,169,000","1,169,000","1,169,000","1,169,000","1,169,000"
18991337,HUION KAMVAS PRO 16 2.5K,"583,340","583,340","583,340","583,340","583,340","583,340","583,340","583,340","583,340","583,340"
7066150,HUION KAMVAS Pro 13,"466,290","466,290","466,290","466,290","466,290","466,290","466,290","461,390","460,840","460,840"
42390155,HUION KAMVAS Pro 16 PLUS,"1,049,000","1,049,000","1,049,000","1,049,000","1,049,000","1,049,000",0,0,0,0
42390029,HUION KAMVAS Pro 19,"1,212,040","1,212,040","1,212,040","1,212,040","1,212,040","1,212,040","1,212,040","1,224,790","1,224,770","1,224,770"
19701404,HUION KAMVAS Pro 24 4k,"1,557,000","1,557,000","1,557,000","1,557,000","1,557,000","1,557,000","1,557,000","1,557,000","1,557,000","1,557,000"
102411029,HUION KAMVAS Pro 24 Gen3,"1,557,000","1,557,000","1,557,000","1,557,000","1,557,000","1,557,000","1,557,000","1,557,000","1,557,000","1,557,000"
42389918,HUION KAMVAS Pro 27,"2,014,000","2,014,000","2,077,600","2,020,000","2,020,000","2,020,000","2,020,000","2,035,200","2,035,200","2,035,200"
52061933,HUION KAMVAS RDS-220,"712,000","712,000","712,000","712,000","712,000","712,000","712,000","712,000","712,000","712,000"
14570852,HUION KD200,"129,000","129,000",0,0,0,0,0,0,0,0
14003006,HUION Kamvas 13,"279,000","279,000","279,000","279,000","279,000","279,000","279,000","279,000","278,070","278,070"
77789276,HUION Kamvas 13 (Gen3),"323,100","323,100","323,100","323,100","323,100","323,100","323,100","323,100","323,100","323,100"
14571365,HUION RTP-700,"146,900","146,900",0,0,0,0,0,0,0,0
20679017,HyperX PulseFire Haste 2,"_블랙_77,280|_화이트_69,000","_블랙_77,280|_화이트_69,000","_블랙_77,280|_화이트_69,000","_블랙_77,280|_화이트_69,000","_블랙_77,280|_화이트_69,000","_블랙_77,280|_화이트_69,000","_블랙_77,280|_화이트_69,000","_블랙_77,280|_화이트_69,000","_블랙_77,280|_화이트_69,000","_블랙_77,280|_화이트_69,000"
74249126,HyperX PulseFire Haste 2 Core 유무선,"69,000","69,000","69,000","69,000","69,000","69,000","69,000","69,000","69,000",0
55458014,HyperX PulseFire Haste 2 Mini 유무선,"_블랙_99,000|_화이트_99,000","_블랙_99,000|_화이트_99,000","_블랙_99,000|_화이트_99,000","_블랙_99,000|_화이트_99,000","_블랙_99,000|_화이트_99,000","_블랙_99,000|_화이트_99,000","_블랙_99,000|_화이트_99,000","_블랙_99,000|_화이트_99,000","_블랙_99,000|_화이트_99,000","_블랙_99,000|_화이트_99,000"
20679098,HyperX PulseFire Haste 2 유무선,"_블랙_99,000|_화이트_109,000","_블랙_99,000|_화이트_109,000","_블랙_99,000|_화이트_109,000","_블랙_99,000|_화이트_109,000","_블랙_99,000|_화이트_109,000","_블랙_99,000|_화이트_109,000","_블랙_99,000|_화이트_109,000","_블랙_99,000|_화이트_109,000","_블랙_99,000|_화이트_109,000","_블랙_99,000|_화이트_109,000"
79398845,HyperX Pulsefire Fuse 무선,"65,440","65,440","65,440","65,440","65,440","65,440","65,440","65,440","65,440","65,440"
89527589,HyperX Pulsefire Saga,"99,000","99,000","99,000","99,000","99,000","99,000","99,000","99,000","99,000","99,000"
89529548,HyperX Pulsefire Saga Pro 무선,"149,260","149,260","149,260","149,260","149,260","149,260","149,260","149,260","149,260","149,260"
93803372,IMECOO P1 유무선,0,0,0,0,0,0,0,0,0,"해외구매_64,020"
57504674,IMICE GW-X7 무선,"해외구매_16,420","해외구매_16,420","해외구매_16,420","해외구매_16,420","해외구매_16,420","해외구매_16,420","해외구매_16,420","해외구매_16,420","해외구매_16,420","해외구매_14,860"
123650485,IPI Haze X 유무선,"해외구매_88,900","해외구매_88,900","해외구매_88,900","해외구매_88,900","해외구매_88,900","해외구매_91,540","해외구매_91,540","해외구매_90,900","해외구매_90,900","해외구매_90,900"
106717766,IPLEX HDC-WM200 귀여운 강아지 저소음 무선 패드 세트,"9,850","9,850","9,850","9,850","9,850","9,850","9,850","9,850","9,850","9,850"
30025787,IPLEX WM-RABIT 무선,"13,220","13,220","13,220","13,220","13,060","13,350","13,070","13,070","13,070","13,070"
90501719,IRIS IRIScan Executive 2,"26,980","26,980","26,980","26,980","26,980","26,980","27,770","26,880","26,880","26,880"
3041993,IRIS IRIScan Mouse Executive2,"26,780","26,780","26,780","26,780","26,780","26,780","26,780","26,780","26,780","26,780"
96422852,IROK HE6 ULTRA 유무선,"해외구매_71,120","해외구매_71,120","해외구매_71,120","해외구매_71,120","해외구매_71,120","해외구매_73,500","해외구매_73,500","해외구매_72,700","해외구매_72,700","해외구매_72,700"
20679530,JAVIS JV-M5,"_블랙_7,660|_퍼플_9,800|화이트_9,800","_블랙_7,660|_퍼플_9,800|화이트_9,800","_블랙_7,660|_퍼플_9,800|화이트_9,800","_블랙_7,660|_퍼플_9,800|화이트_9,800","_블랙_7,660|_퍼플_9,800|화이트_9,800","_블랙_7,660|_퍼플_9,800|화이트_9,800","_블랙_7,660|_퍼플_9,800|화이트_9,800","_블랙_7,660|_퍼플_9,800|화이트_9,800","_블랙_7,660|_퍼플_9,800|화이트_9,800","_블랙_7,660|_퍼플_9,800|화이트_9,800"
24141764,Keychron M3 MINI 유무선,0,0,0,0,0,0,0,"블랙_69,000","블랙_69,000","블랙_69,000"
122724911,Keychron M5 SE 유무선,"블랙_49,000","블랙_49,000","블랙_49,000","블랙_49,000","블랙_49,000","블랙_49,000","블랙_49,000","블랙_49,000","블랙_49,000","블랙_49,000"
95932073,Keychron M5 유무선,"_블랙_113,460|_화이트_113,460","_블랙_113,460|_화이트_113,460","_블랙_113,460|_화이트_113,460","_블랙_113,460|_화이트_113,460","_블랙_113,460|_화이트_113,460","_블랙_115,900|_화이트_115,900","_블랙_115,900|_화이트_115,900","_블랙_109,000|_화이트_109,000","_블랙_109,000|_화이트_109,000","_블랙_109,000|_화이트_109,000"
33989750,Keychron M6 유무선,"69,000","69,000","69,000","69,000","69,000","69,000","69,000","69,000","69,000","69,000"
79250285,LAMZU INCA 유무선,"162,000","162,000","162,000","162,000","162,000","162,000","162,000","162,000","162,000","162,000"
77618021,LAMZU INCA 유무선 해외구매,"156,990","161,990","161,990","161,990","161,990","156,990","154,490","159,490","154,490","161,990"
91116908,LAMZU MAYA X 8K 유무선,"AIMLABS_161,740|그레이_149,990|_블랙_149,990|_퍼플쉐도우_149,990|핑크_161,740|",0,0,0,0,0,0,0,0,0
73761584,LAMZU MAYA X 8K 유무선,0,"AIMLABS_153,150|그레이_153,150|_블랙_153,150|_퍼플쉐도우_153,150|핑크_153,150|","AIMLABS_162,000|그레이_161,990|_블랙_161,990|_퍼플쉐도우_161,990|핑크_162,000|","AIMLABS_162,000|그레이_161,990|_블랙_161,990|_퍼플쉐도우_161,990|핑크_162,000|","그레이_161,990|_블랙_161,990|_퍼플쉐도우_161,990|화이트_161,990","블랙_179,900","블랙_179,900","블랙_179,900","블랙_179,900","블랙_179,900"
31473146,LAMZU MAYA 유무선,"해외구매_169,500",0,"해외구매_169,500","해외구매_169,500","해외구매_169,500","해외구매_169,500","해외구매_169,500","해외구매_169,500","해외구매_169,500","해외구매_169,500"
91041056,LAMZU PARO AURORA 유무선,"155,000","155,000","155,000","155,000","155,000","155,000","155,000","155,000","155,000","155,000"
123589455,LAMZU THORN V2 유무선,"_블랙 레드_199,000|_오렌지_199,000|퍼플_199,000|화이트_199,000","_블랙 레드_199,000|_오렌지_199,000|퍼플_199,000|화이트_199,000","_블랙 레드_199,000|_오렌지_199,000|퍼플_199,000|화이트_199,000","_블랙 레드_199,000|_오렌지_199,000|퍼플_199,000|화이트_199,000","_블랙 레드_199,000|_오렌지_199,000|퍼플_199,000|화이트_199,000","_블랙 레드_199,000|_오렌지_199,000|퍼플_199,000|화이트_199,000","_블랙 레드_199,000|_오렌지_199,000|퍼플_199,000|화이트_199,000","_블랙 레드_199,000|_오렌지_199,000|퍼플_199,000|화이트_199,000","_블랙 레드_199,000|_오렌지_199,000|퍼플_199,000|화이트_199,000","_블랙 레드_199,000|_오렌지_199,000|퍼플_199,000|화이트_199,000"
74053382,LAMZU 아틀란티스 미니 유무선 챔피언 에디션,"139,980","139,980","137,450","137,480","139,970","137,470","139,950","140,000",0,0
77617976,LEOBOG GM3 SE 유무선,"해외구매_19,500","해외구매_19,500","해외구매_19,500","해외구매_19,500","해외구매_19,500","해외구매_19,500","해외구매_19,500","해외구매_19,500","해외구매_19,500","해외구매_19,500"
123681883,LEOBOG GM5 MAX 유무선,"해외구매_22,190","해외구매_23,560","해외구매_23,560","해외구매_23,560","해외구매_23,560","해외구매_23,820","해외구매_23,820","해외구매_23,820","해외구매_23,820","해외구매_23,820"
123681851,LEOBOG GM5 PRO 유무선,"해외구매_20,140","해외구매_20,140","해외구매_20,140","해외구매_20,140","해외구매_20,140","해외구매_20,140","해외구매_20,140","해외구매_20,140","해외구매_20,140","해외구매_20,140"
123681925,LEOBOG GM5 ULTRA 유무선,"해외구매_30,840","해외구매_30,840","해외구매_30,840","해외구매_30,840","해외구매_30,840","해외구매_31,180","해외구매_31,180","해외구매_31,180","해외구매_31,180","해외구매_31,180"
19507505,LG전자 AFP73948404 무선,"55,860","55,860","55,860","55,860","53,460","53,460","53,460","53,460","53,460","53,460"
64297220,LG전자 AFW73009001,"24,310","24,310","24,310","24,310","24,310","24,310","24,310","24,310","24,310","24,310"
75537542,LG전자 HDNC-SV-C2 무선,"36,570","36,570","36,540","36,540","36,540","36,540","36,540","36,540","36,540","36,540"
86099480,LINGBAO M8 유무선,"해외구매_6,470","해외구매_6,470","해외구매_6,470","해외구매_6,470","해외구매_7,630","해외구매_7,630","해외구매_7,630","해외구매_7,630","해외구매_6,950","해외구매_6,950"
16540571,LKG FOR LG LGA-MARK1 저소음 무선 마우스,"_블랙_8,900|_화이트_6,500","_블랙_8,900|_화이트_6,500","_블랙_8,900|_화이트_6,500","_블랙_8,900|_화이트_6,500","_블랙_8,900|_화이트_6,500","_블랙_8,900|_화이트_6,500","_블랙_8,900|_화이트_6,500","_블랙_8,900|_화이트_6,500","_블랙_8,900|_화이트_6,500","_블랙_8,900|_화이트_6,500"
5082627,LKG For LG GM-2000,"레드_9,520","레드_9,520","레드_9,520","레드_9,520","레드_9,520","레드_9,520","레드_9,520","레드_9,520","레드_9,520","레드_9,520"
8086309,LKG For LG LGA-M1100,"블랙_6,367","블랙_6,385","블랙_6,440","블랙_6,459","블랙_6,480","블랙_6,480","블랙_6,404","블랙_6,450","블랙_6,480","블랙_6,480"
8911616,LKG For LG LGA-MARK3,"티타늄_12,890","티타늄_12,890","티타늄_12,890","티타늄_12,890","티타늄_12,890","티타늄_12,890","티타늄_12,890","티타늄_12,810","티타늄_12,670","티타늄_12,670"
4349411,LKG For LG 무선 Nano 2.4GHz CM-2000,"레드_9,900","레드_9,900","레드_9,900","레드_9,900","레드_9,900","레드_9,900","레드_9,900","레드_9,900","레드_9,900","레드_9,900"
4466744,LUOM G20,"28,150","28,150","28,140","28,140","28,140","28,140","28,140","28,140","28,140","28,140"
37925672,MACHENIKE L8PRO 유무선,"해외구매_63,620","해외구매_63,620","해외구매_63,620","해외구매_63,620","해외구매_63,620","해외구매_64,310","해외구매_64,310","해외구매_64,310","해외구매_64,310","해외구매_64,310"
27545426,MAXTILL ALL IN ONE GM-MCU10,"9,890","9,890","9,890","9,890","9,850","9,890","9,850","9,890","9,890","9,890"
20017757,MAXTILL BUFF G1,"22,640","22,640","22,640","22,640","22,640","22,640","22,640","22,640","22,640","22,640"
18763622,MAXTILL BUFF G10 PRO,"32,860","32,860","32,860","32,860","32,860","32,860","32,860","32,860","32,860","32,860"
15866858,MAXTILL GM-100U 유선 마우스,"_블랙_4,930|_화이트_5,290","_블랙_4,920|_화이트_5,290","_블랙_4,920|_화이트_5,290",0,0,0,0,0,0,0
15866855,MAXTILL GM-100U 유선 마우스,0,0,0,"_블랙_4,920|_화이트_5,290","_블랙_5,290|_화이트_5,290","_블랙_5,290|_화이트_5,290","_블랙_5,290|_화이트_5,290","_블랙_5,290|_화이트_5,290","_블랙_5,290|_화이트_5,290","_블랙_5,290|_화이트_5,290"
16668872,MAXTILL GM-200U 유선 마우스,"4,730","4,730","4,730","4,730","4,730","4,730","4,730","4,730","4,730","4,730"
63417587,MAXTILL GM-AR1B 무선 폴더블,"11,400","11,400","11,400","11,400","11,400","11,400","11,400","11,400","11,400","11,400"
15114053,MAXTILL GM-BM101 무선 블루투스 마우스,"14,320","14,320","15,020","15,020","15,020","15,020","15,020","15,020","15,020","15,020"
20545757,MAXTILL GM-BUFF G10,"28,900","28,900","28,900","28,900","28,900","28,900","28,900","28,900","28,900","28,900"
92367356,MAXTILL GM-BVE1000M 무선,"_블랙_23,250|_화이트_23,250","_블랙_23,250|_화이트_23,250","_블랙_23,250|_화이트_23,250","_블랙_23,250|_화이트_23,250","_블랙_23,250|_화이트_23,250","_블랙_23,750|_화이트_23,750","_블랙_23,710|_화이트_23,710","_블랙_23,710|_화이트_23,710","_블랙_23,750|_화이트_23,750","_블랙_23,710|_화이트_23,710"
15735320,MAXTILL GM-BWN200L 무소음 블루투스 마우스,"_블랙_9,880|_화이트_9,900","_블랙_9,880|_화이트_9,900","_블랙_9,880|_화이트_9,900","_블랙_9,880|_화이트_9,900","_블랙_9,880|_화이트_9,900","_블랙_9,880|_화이트_9,900","_블랙_9,880|_화이트_9,900","_블랙_9,880|_화이트_9,900","_블랙_9,880|_화이트_9,900","_블랙_9,880|_화이트_9,900"
30066485,MAXTILL GM-MCU20,"9,840","9,840","9,840","9,840","9,840","9,840",0,0,0,0
72062561,MAXTILL GM-MCU30,"_블랙_10,500|_화이트_9,970","_블랙_10,500|_화이트_9,970","_블랙_10,500|_화이트_9,970","_블랙_10,500|_화이트_9,970","_블랙_10,500|_화이트_9,970","_블랙_10,500|_화이트_10,500","_블랙_10,500|_화이트_10,500","_블랙_10,500|_화이트_10,500","_블랙_10,500|_화이트_10,500","_블랙_10,500|_화이트_10,500"
68778413,MAXTILL GM-TM10D 무선,"_블랙_12,450|블루_12,450|_핑크_12,450|화이트_12,450",0,0,0,0,0,0,0,0,0
68778407,MAXTILL GM-TM10D 무선,0,"_블랙_12,450|블루_12,450|_핑크_12,450|화이트_12,450","_블랙_12,450|블루_12,450|_핑크_12,450|화이트_12,450","_블랙_12,450|블루_12,450|_핑크_12,450|화이트_12,450","_블랙_12,450|_블루_12,450|핑크_12,450|화이트_12,450","_블랙_13,900|_블루_14,070|핑크_14,070|화이트_14,070","_블랙_13,900|_블루_13,920|핑크_13,920|화이트_13,920","_블랙_12,850|_블루_12,850|핑크_12,850|화이트_12,850","_블랙_12,850|_블루_12,850|핑크_12,850|화이트_12,850","_블랙_12,850|_블루_12,850|핑크_12,850|화이트_12,850"
36834611,MAXTILL GM-WEM100 무선,"9,900","9,900","9,900","9,900","9,900","9,900","9,900","9,900","9,900","9,900"
16666907,MAXTILL GM-WEM30L 무소음 무선 버티컬 마우스,"_블랙_10,190|_실버_10,180","_블랙_10,190|_실버_10,180","_블랙_10,190|_실버_10,180","_블랙_10,190|_실버_10,180","_블랙_10,190|_실버_10,180","_블랙_10,190|_실버_10,180","_블랙_10,190|_실버_10,180","_블랙_10,190|_실버_10,180","_블랙_10,190|_실버_10,180","_블랙_10,190|_실버_10,180"
15737621,MAXTILL GM-WN100L 무소음 무선 광마우스,"_블랙_6,900|_화이트_4,750","_블랙_6,900|_화이트_4,750","_블랙_6,900|_화이트_4,750","_블랙_6,900|_화이트_4,750","_블랙_6,900|_화이트_4,750","_블랙_6,900|_화이트_5,000","_블랙_6,900|_화이트_5,000","_블랙_6,900|_화이트_5,000","_블랙_6,900|_화이트_5,000","_블랙_6,900|_화이트_5,000"
3471313,MAXTILL MAXTILL TRON G10 게이밍 마우스,"_Matt black edition_21,900|_White special edition_21,900","_Matt black edition_21,900|_White special edition_21,900","_Matt black edition_21,900|_White special edition_21,900","_Matt black edition_21,900|_White special edition_21,900","_Matt black edition_21,900|_White special edition_21,900","_Matt black edition_21,900|_White special edition_21,900","_Matt black edition_21,900|_White special edition_21,900","_Matt black edition_21,900|_White special edition_21,900","_Matt black edition_21,900|_White special edition_21,900","_Matt black edition_21,900|_White special edition_21,900"
27857747,MAXTILL MO-BTM10C 무선 블루투스,"_블랙_15,890|_핑크_15,890|화이트_15,890","_블랙_15,890|_핑크_15,890|화이트_15,890","_블랙_15,890|_핑크_15,890|화이트_15,890","_블랙_15,890|_핑크_15,890|화이트_15,890","_블랙_15,890|_핑크_15,890|화이트_15,890","_블랙_15,890|_핑크_15,890|화이트_15,890","_블랙_15,890|_핑크_15,890|화이트_15,890","_블랙_15,890|_핑크_15,890|화이트_15,890","_블랙_15,890|_핑크_15,890|화이트_15,890","_블랙_15,890|_핑크_15,890|화이트_15,890"
27857696,MAXTILL MO-BTM20C 무선 블루투스,"13,890","13,890","13,890","13,890","13,890","13,890","13,890","13,890","13,890","13,890"
27856076,MAXTILL MO-BTM30C 무선 블루투스,"15,300","15,300","15,300","15,300","15,300","15,300","15,300","15,300","15,300","15,300"
27857819,MAXTILL MO-BTM40C 무선 블루투스,"_블랙_16,890|_핑크_16,900|화이트_16,900","_블랙_16,890|_핑크_16,900|화이트_16,900","_블랙_16,890|_핑크_16,900|화이트_16,900","_블랙_16,890|_핑크_16,900|화이트_16,900","_블랙_16,890|_핑크_16,900|화이트_16,900","_블랙_16,890|_핑크_16,900|화이트_16,900","_블랙_16,890|핑크_16,900|_화이트_16,900","_블랙_16,890|핑크_16,900|_화이트_16,900","_블랙_16,890|핑크_16,900|_화이트_16,900","_블랙_16,890|_핑크_16,900|화이트_16,900"
24138914,MAXTILL MO-M101U,"7,470","7,470","7,470","7,470","7,470","7,470","7,470","7,470","7,470","7,470"
27857624,MAXTILL MO-M202U,"7,220","7,220","7,220","7,220","7,220","7,600","7,600","7,600","7,600","7,600"
27857573,MAXTILL MO-M303U,"8,370","8,370","8,370","8,890","8,370","8,370","8,640","8,640","8,640","8,640"
31080551,MAXTILL MO-WM11 무선,"8,550","8,550","8,550","8,550","8,550","9,000","9,000","9,000","9,000","9,000"
4314992,MAXTILL MOST M1000,"_그린_8,390|블루_12,250|_오렌지_8,490|핑크_8,490","_그린_8,390|블루_12,250|_오렌지_8,490|핑크_8,490","_그린_8,390|블루_12,250|_오렌지_8,490|핑크_8,490","_그린_8,390|블루_12,250|_오렌지_8,490|핑크_8,490","_그린_8,390|블루_12,250|_오렌지_8,490|핑크_8,490","_그린_8,390|블루_12,890|_오렌지_8,490|핑크_8,490","_그린_8,390|블루_12,650|_오렌지_8,490|핑크_8,490","_그린_8,390|블루_12,650|_오렌지_8,490|핑크_8,490","_그린_8,390|블루_12,650|_오렌지_8,490|핑크_8,490","_그린_8,390|블루_12,650|_오렌지_8,490|핑크_8,490"
12851165,MAXTILL RATIO RWM20 유무선 게이밍 마우스,"42,190","42,190","42,190","42,190","42,190","42,190","42,190","42,190","42,190","42,190"
9373374,MAXTILL RATIO S10 PMW 3389 게이밍 마우스,"블랙_27,470","블랙_27,470","블랙_27,470","블랙_27,470","블랙_27,470","블랙_27,500","블랙_27,470","블랙_27,470","블랙_27,470","블랙_27,470"
5781468,MAXTILL TRON G10PRO reborn 3330 RGB 게이밍 마우스,"_무광 UV코팅_32,800|러버코팅_32,800|_화이트_32,800","_무광 UV코팅_32,800|러버코팅_32,800|_화이트_32,800","_무광 UV코팅_32,800|러버코팅_32,800|_화이트_32,800","_무광 UV코팅_32,800|러버코팅_32,800|_화이트_32,800","_무광 UV코팅_32,800|러버코팅_32,800|_화이트_32,800","_무광 UV코팅_32,800|러버코팅_32,800|_화이트_32,800","_무광 UV코팅_32,800|러버코팅_32,800|_화이트_32,800","_무광 UV코팅_32,800|러버코팅_32,800|_화이트_32,800","_무광 UV코팅_32,800|러버코팅_32,800|_화이트_32,800","_무광 UV코팅_32,800|러버코팅_32,800|_화이트_32,800"
12553067,MAXTILL TRON G20 PRO PMW 3330 RGB 게이밍 마우스,"블랙_23,550","블랙_23,550","블랙_23,550","블랙_23,550","블랙_23,550","블랙_23,550","블랙_24,700","블랙_24,700","블랙_24,700","블랙_24,700"
2810216,MAXTILL TRON G60 RGB ILLUMINATION GAMING MOUSE,0,0,0,"24,900","24,900","24,900","24,900","24,900","24,900","24,900"
20445005,MAXTILL VOLT G10 V2,"29,600","29,600","29,600","29,600","29,600","29,600","29,600","29,600","29,600","29,600"
19043585,MAXTILL VOLT G2,"_블랙_26,900|_머스타드_27,550","_블랙_26,900|_머스타드_27,550","_블랙_26,900|_머스타드_27,550","_블랙_26,900|_머스타드_27,550","_블랙_26,900|_머스타드_27,550","_블랙_26,900|_머스타드_27,550","_블랙_26,900|_머스타드_27,550","_블랙_26,900|_머스타드_27,260","_블랙_26,900|_머스타드_26,970","_블랙_26,900|_머스타드_26,970"
19043720,MAXTILL VOLT G3,"27,550","27,550","27,550","27,550","27,550","27,550","27,550","27,260","26,970","26,970"
98072843,MCHOSE A7 ULTRA RE 유무선,"해외구매_69,250","해외구매_69,250","해외구매_69,250","해외구매_69,250","해외구매_69,250","해외구매_67,060","해외구매_67,060","해외구매_67,060","해외구매_67,060","해외구매_67,060"
124260075,MCHOSE A7 V2 Ultra 유무선,"85,500","85,460","85,460","85,460","85,460","85,460","85,460","85,460","85,460","85,460"
96313532,MCHOSE A7X Ultra,"해외구매_104,550","해외구매_104,550","해외구매_104,550","해외구매_104,550","해외구매_104,550","해외구매_105,700","해외구매_105,700","해외구매_105,700","해외구매_105,700","해외구매_105,700"
60145229,MCHOSE G3 Ultra 유무선,"해외구매_36,000","해외구매_36,000","해외구매_36,000","해외구매_36,000","해외구매_36,000","해외구매_36,000","해외구매_36,000","해외구매_36,000","해외구매_36,000","해외구매_36,000"
93803825,MCHOSE G3 V2 해외구매,"22,400","22,400","22,400","22,400","22,400","22,400","22,400","22,400","22,400","22,400"
91346219,MCHOSE G3A 유무선,"화이트_24,900|_블랙_24,900|_블루_24,900",0,0,0,0,0,0,0,0,0
91346216,MCHOSE G3A 유무선,0,"화이트_24,900|_블랙_24,900|_블루_24,900","화이트_24,900|_블랙_24,900|_블루_24,900","화이트_24,900|_블랙_24,900|_블루_24,900","화이트_24,900|_블랙_24,900|_블루_24,900","화이트_24,900|_블랙_24,900|_블루_24,900","화이트_24,900|_블랙_24,900|_블루_24,900","화이트_24,900|_블랙_24,900|_블루_24,900","화이트_24,900|_블랙_24,900|_블루_24,900","화이트_24,900|_블랙_24,900|_블루_24,900"
75988541,MCHOSE G7 유무선,"해외구매_23,580","해외구매_23,580","해외구매_23,580","해외구매_23,580","해외구매_23,580","해외구매_23,830","해외구매_23,830","해외구매_23,830","해외구매_23,830","해외구매_23,830"
93803714,MCHOSE K7 Ultra 유무선,"해외구매_77,670","해외구매_77,670","해외구매_77,670","해외구매_77,670","해외구매_77,670","해외구매_74,430","해외구매_74,430","해외구매_74,430","해외구매_74,430","해외구매_74,430"
123762792,MCHOSE K7 V2 Ultra+ 유무선,"해외구매_78,220","해외구매_78,220","해외구매_78,220","해외구매_78,220","해외구매_78,220","해외구매_80,860","해외구매_80,860","해외구매_79,980","해외구매_79,980","해외구매_79,980"
101956010,MCHOSE L7 Ultra Plus 유무선,"핑크_58,900","핑크_58,900","핑크_58,900","핑크_58,900","핑크_58,900","핑크_58,900","핑크_58,900","핑크_58,900","핑크_58,900","핑크_58,900"
70612985,MCHOSE L7 유무선,"해외구매_56,340","해외구매_56,340","해외구매_56,340","해외구매_56,340","해외구매_56,340","해외구매_56,950","해외구매_56,950","해외구매_56,950","해외구매_56,950","해외구매_56,950"
75988724,MCHOSE M7 ULTRA 유무선,"해외구매_41,680","해외구매_41,680","해외구매_41,680","해외구매_41,680","해외구매_41,680","해외구매_41,860","해외구매_41,860","해외구매_41,860","해외구매_41,860","해외구매_41,860"
76338662,METAPHYUNI P2 Lite 유무선,"해외구매_26,400","해외구매_26,400","해외구매_26,400","해외구매_26,400","해외구매_26,400","해외구매_25,300","해외구매_25,300","해외구매_25,300","해외구매_25,300","해외구매_25,300"
51488645,MONKA G966W 유무선,"37,390","37,390","32,900","32,900","32,900","35,910","35,910","35,910","35,910","35,910"
56149916,MONKA G995W GURU 유무선,"58,490","58,490","58,490","58,490","58,490","62,890","62,890","62,890","62,890","62,890"
74334890,MONKA M1 유무선,"해외구매_23,690","해외구매_23,690","해외구매_23,690","해외구매_23,690","해외구매_23,690","해외구매_24,090","해외구매_23,150","해외구매_23,150","해외구매_23,150","해외구매_23,150"
17976584,MOUNTAIN MAKALU 67,"_블랙_89,000|_화이트_89,000","_블랙_89,000|_화이트_89,000","_블랙_89,000|_화이트_89,000","_블랙_89,000|_화이트_89,000","_블랙_89,000|_화이트_89,000","_블랙_89,000|_화이트_89,000","_블랙_89,000|_화이트_89,000","_블랙_89,000|_화이트_89,000","_블랙_89,000|_화이트_89,000","_블랙_89,000|_화이트_89,000"
70675091,MSI FORGE GM100,"12,070","12,020","12,030","12,050","12,080","12,060","11,900","11,900","11,900","11,900"
70675157,MSI FORGE GM300,"14,630","14,630","14,660","14,660","14,660","14,660","14,660","14,660","14,660","14,660"
75597233,MSI FORGE M200 WIRELESS,"15,900","15,900","15,900","15,900","15,900","15,900","15,900","15,900","15,900","15,900"
12508982,MSI GM08,"12,000","12,000","12,000","12,000","12,000","12,000","12,000","12,000","12,000","12,000"
13448492,MSI GM41 LIGHTWEIGHT,"37,320","37,320","37,320","37,320","37,320","37,320","37,320","37,320","37,320","37,320"
14668340,MSI GM41 LIGHTWEIGHT WIRELESS,"58,980","58,980","58,980","58,980","58,980","58,980","58,980","58,980","58,450","58,450"
20220455,MSI GM51 LIGHTWEIGHT WIRELESS,"59,000","59,000","59,000","59,000","59,000","59,000","59,000","59,000","59,000","59,000"
73949438,MSI M88,"5,000","5,000",0,0,"5,000","5,000","5,000","5,000","5,000","5,000"
15420701,MSI M92 게이밍 마우스,"9,000","9,000","9,000","9,000","9,000","9,000","9,000","9,000","9,000","9,000"
20680067,MSI M99,"_병행수입_12,000|_정품_12,000","_병행수입_12,000|_정품_12,000","_병행수입_12,000|_정품_12,000","_병행수입_12,000|_정품_12,000","_병행수입_12,000|_정품_12,000","_병행수입_12,000|_정품_12,000","_병행수입_12,000|_정품_12,000",0,0,0
13986728,MSI M99,0,0,0,0,0,0,0,"_병행수입_12,000|_정품_12,000","_병행수입_12,000|_정품_12,000","_병행수입_12,000|_정품_12,000"
72419264,MSI VERSA 300 ELITE WIRELESS 유무선,"59,690","59,690","59,690","59,690","59,690","59,690","59,690","59,690","59,690","59,690"
70675223,MSI VERSA 300 WIRELESS 유무선,"_블랙_34,900|_화이트_34,900","_블랙_34,900|_화이트_34,900","_블랙_34,900|_화이트_34,900","_블랙_34,900|_화이트_34,900","_블랙_34,900|_화이트_34,900","_블랙_34,900|_화이트_34,900","_블랙_34,900|_화이트_34,900","_블랙_34,900|_화이트_34,900","_블랙_34,900|_화이트_34,900","_블랙_34,900|_화이트_34,900"
93440810,MSI VERSA PRO WIRELESS 유무선,"109,000","109,000","109,000","109,000","109,000","109,000","109,000","109,000","109,000","109,000"
13926173,MadCatz B.A.T. 6 PLUS,"89,000","89,000","89,000","84,550","84,550","89,000","89,000","89,000","82,770","82,770"
13196105,MadCatz M.O.J.O M1,"41,500","41,500","41,500","41,500","41,500","41,500","41,500","41,500","41,500","41,500"
19671392,MadCatz M.O.J.O M2 무선,"45,000","45,000","45,000","45,000","45,000","45,000","45,000","45,000","45,000","45,000"
10592268,MadCatz R.A.T 2 PLUS,"39,000","39,000","39,000","39,000","39,000","39,000","39,000","39,000","39,000","39,000"
11237262,MadCatz R.A.T AIR,"199,000","199,000","199,000","199,000","199,000","199,000","199,000","199,000","199,000","199,000"
10588968,MadCatz R.A.T PRO X3,"400,330,000","400,330,000","400,330,000","400,330,000","400,330,000","400,330,000","400,330,000","400,330,000","400,330,000","400,330,000"
106749698,Microsoft Arc Mouse,"_라일락_155,200|_바이올렛_135,000","_라일락_155,200|_바이올렛_135,000","_라일락_155,200|_바이올렛_135,000","_라일락_155,200|_바이올렛_135,000","_라일락_155,200|_바이올렛_135,000","_라일락_155,200|_바이올렛_135,000","_라일락_155,200|_바이올렛_135,000","_라일락_155,200|_바이올렛_135,000","_라일락_155,200|_바이올렛_135,000","_라일락_155,200|_바이올렛_135,000"
12737474,Microsoft Bluetooth Ergonomic Mouse,0,"피치_100,350","피치_100,340","피치_100,340","피치_100,340","피치_100,340","피치_100,340","피치_100,340","피치_100,340","피치_100,340"
3592261,Microsoft Bluetooth Mobile Mouse 3600,"블루, 정품_28,615","블루, 정품_28,615","블루, 정품_28,615","블루, 정품_28,615","블루, 정품_28,615","블루, 정품_28,615","블루, 정품_28,615","블루, 정품_28,615","블루, 정품_28,615","블루, 정품_28,615"
2317225,Microsoft Sculpt Ergonomic Mouse,"_병행수입_84,480|_해외구매_48,130","_병행수입_84,480|_해외구매_48,130","_병행수입_84,480|_해외구매_48,130","_병행수입_84,480|_해외구매_48,130","_병행수입_84,480|_해외구매_48,130","_병행수입_84,480|_해외구매_48,660","_병행수입_84,480|_해외구매_48,660","_병행수입_84,480|_해외구매_48,660","_병행수입_84,480|_해외구매_48,660","_병행수입_84,480|_해외구매_48,660"
5703868,Microsoft Surface Arc Mouse,"정품_135,000","정품_135,000","정품_135,000","정품_135,000","정품_135,000","정품_135,000","정품_135,000","정품_135,000","정품_135,000","정품_135,000"
108461195,NOVOMAX NM-850,"1,870","1,870","1,870","1,870","1,870","1,870","1,870","1,870","1,870","1,870"
43527272,NZXT LIFT 2 ERGO,"_Matte Black_79,000|_Matte White_51,990","_Matte Black_79,000|_Matte White_51,990","_Matte Black_79,000|_Matte White_51,990","_Matte Black_79,000|_Matte White_51,990","_Matte Black_79,000|_Matte White_51,990","_Matte Black_79,000|_Matte White_51,990","_Matte Black_79,000|_Matte White_51,990","_Matte Black_79,000|_Matte White_51,990","_Matte Black_79,000|_Matte White_51,990","_Matte Black_79,000|_Matte White_51,990"
43527026,NZXT LIFT 2 SYMM,"_Matte Black_79,000|_Matte White_79,000","_Matte Black_79,000|_Matte White_79,000","_Matte Black_79,000|_Matte White_79,000","_Matte Black_79,000|_Matte White_79,000","_Matte Black_79,000|_Matte White_79,000","_Matte Black_79,000|_Matte White_79,000","_Matte Black_79,000|_Matte White_79,000","_Matte Black_79,000|_Matte White_79,000","_Matte Black_79,000|_Matte White_79,000","_Matte Black_79,000|_Matte White_79,000"
77379386,NZXT Lift Elite 유무선,"_블랙_69,000|_화이트_69,000","_블랙_69,000|_화이트_69,000","_블랙_69,000|_화이트_69,000","_블랙_69,000|_화이트_69,000","_블랙_69,000|_화이트_69,000","_블랙_69,000|_화이트_69,000","_블랙_69,000|_화이트_69,000","_블랙_69,000|_화이트_69,000","_블랙_69,000|_화이트_69,000","_블랙_69,000|_화이트_69,000"
65425895,Nulea M505B 무선,"해외구매_102,100","해외구매_102,100","해외구매_102,100","해외구매_102,100","해외구매_102,100","해외구매_102,100","해외구매_102,100","해외구매_102,100","해외구매_102,100","해외구매_102,100"
3529949,OMT OGM-M1,"9,490","9,490","9,490",0,0,0,"9,490","9,490","9,490","9,490"
18228539,ORZERHOME 1600,0,0,"해외구매_7,200","해외구매_7,200","해외구매_7,200","해외구매_7,200","해외구매_7,200","해외구매_7,200","해외구매_7,200","해외구매_7,200"
98074769,Orbital 패스파인더 유무선,"_블랙_264,000|_화이트_264,000","_블랙_264,000|_화이트_264,000","_블랙_264,000|_화이트_264,000","_블랙_264,000|_화이트_264,000","_블랙_264,000|_화이트_264,000","_블랙_264,000|_화이트_264,000","_블랙_264,000|_화이트_264,000","_블랙_264,000|_화이트_264,000","_블랙_264,000|_화이트_264,000","_블랙_264,000|_화이트_264,000"
74005331,Orimouse myAir0 무선 해외구매,"110,500","110,500","110,500","110,500","110,500","110,500","110,500","110,500","110,500","110,500"
96652148,ProtoArc EM04 무선,"해외구매_36,800","해외구매_36,800","해외구매_36,800","해외구매_36,800","해외구매_36,800","해외구매_36,800","해외구매_36,800","해외구매_36,800","해외구매_36,800","해외구매_36,800"
96709913,ProtoArc EM05 RGB 무선,0,0,0,0,0,"해외구매_108,550","해외구매_108,550","해외구매_108,550","해외구매_108,550","해외구매_108,550"
96652484,ProtoArc EM11 NL 무선,"해외구매_38,500","해외구매_38,500","해외구매_38,500",0,"해외구매_38,500","해외구매_38,500","해외구매_38,500","해외구매_38,500","해외구매_38,500","해외구매_38,500"
96653228,ProtoArc Index Finger 무선,"해외구매_46,190","해외구매_46,190","해외구매_46,190","해외구매_46,190","해외구매_46,190","해외구매_46,190","해외구매_46,190","해외구매_46,190","해외구매_46,190","해외구매_46,190"
122651717,Pulsar BUZZ-X 미디움 무선,"168,990","168,990","168,990","168,990","168,990","168,990","168,990","168,990","168,990","168,990"
71065286,Pulsar Feinmann F01 무선 First Edition,0,0,"230,000","230,000","230,000","230,000","230,000","230,000","230,000","230,000"
123589632,Pulsar Feinmann F01 무선 Noctua Edition,"230,000","230,000","230,000","230,000","230,000","230,000","230,000","230,000","230,000","230,000"
124412027,Pulsar Feinmann F01 무선 알파인 화이트,0,0,0,0,0,"161,000","161,000","161,000","161,000","161,000"
122726197,Pulsar PRO Series CARPE-X 미디움 무선,"169,000","169,000","169,000","169,000","169,000","169,000","169,000","169,000","169,000","169,000"
95200385,Pulsar PRO Series JV-X 무선,"169,000","169,000","169,000","169,000","169,000","169,000","169,000","169,000","169,000","169,000"
122710865,Pulsar PRO Series Jinggg-X 미디움 무선,"168,990","169,000","169,000","169,000","169,000","169,000","169,000","169,000","169,000","169,000"
122698382,Pulsar PRO Series STA-X 미디움 무선,"169,000","169,000","169,000","169,000","169,000","169,000","169,000","169,000","169,000","169,000"
96984611,Pulsar PRO Series Susanto-X 무선,"169,000","169,000","169,000","169,000","169,000","_블랙_169,000|_팬텀정글_179,000","_블랙_169,000|_팬텀정글_179,000","_블랙_169,000|_팬텀정글_179,000","_블랙_169,000|_팬텀정글_179,000",0
124412092,Pulsar PRO Series Susanto-X 무선 라지,0,0,0,0,0,"팬텀정글_179,000","팬텀정글_179,000","팬텀정글_179,000","팬텀정글_179,000","팬텀정글_179,000"
124412089,Pulsar PRO Series Susanto-X 무선 미디움,0,0,0,0,0,0,0,0,"_블랙_169,000|_팬텀정글_179,000","_블랙_169,000|_팬텀정글_179,000"
90433454,Pulsar T1 Edition X2 v3 무선 미니,"129,000","129,000","129,000","129,000","129,000","129,000","129,000","129,000","129,000","129,000"
90433424,Pulsar T1 Edition X2 v3 무선 미디움,"129,000","129,000","129,000","129,000","129,000","129,000","129,000","129,000","129,000","129,000"
124362847,Pulsar TenZ 시그니처 에디션 2.0 무선 미니,"169,000","_미스티 블루_189,000|_블랙_169,000","_미스티 블루_189,000|_블랙_169,000","_미스티 블루_189,000|_블랙_169,000","_미스티 블루_189,000|_블랙_169,000","_미스티 블루_189,000|_블랙_169,000","_미스티 블루_189,000|_블랙_169,000","_미스티 블루_189,000|_블랙_169,000","_미스티 블루_189,000|_블랙_169,000","_미스티 블루_189,000|_블랙_169,000"
124364133,Pulsar TenZ 시그니처 에디션 2.0 무선 미니,0,"_미스티 블루_189,000|_블랙_169,000",0,0,"_미스티 블루_189,000|_블랙_169,000","_미스티 블루_189,000|_블랙_169,000","_미스티 블루_189,000|_블랙_169,000","_미스티 블루_189,000|_블랙_169,000",0,0
124350421,Pulsar TenZ 시그니처 에디션 2.0 무선 미디움,"169,000","_미스티 블루_189,000|_블랙_169,000","_미스티 블루_189,000|_블랙_169,000","_미스티 블루_189,000|_블랙_169,000","_미스티 블루_189,000|_블랙_169,000","_미스티 블루_189,000|_블랙_169,000","_미스티 블루_189,000|_블랙_169,000","_미스티 블루_189,000|_블랙_169,000","_미스티 블루_189,000|_블랙_169,000","_미스티 블루_189,000|_블랙_169,000"
124364130,Pulsar TenZ 시그니처 에디션 2.0 무선 미디움,0,"_미스티 블루_189,000|_블랙_169,000",0,0,0,0,"_미스티 블루_189,000|_블랙_169,000","_미스티 블루_189,000|_블랙_169,000","_미스티 블루_189,000|_블랙_169,000","_미스티 블루_189,000|_블랙_169,000"
92967551,Pulsar TenZ 시그니처 에디션 무선,"_레드_189,000|_블랙_169,000","_레드_189,000|_블랙_169,000","_레드_189,000|_블랙_169,000","_레드_189,000|_블랙_169,000","_레드_189,000|_블랙_169,000","_레드_189,000|_블랙_169,000","_레드_189,000|_블랙_169,000","_레드_189,000|_블랙_169,000","_레드_189,000|_블랙_169,000",0
80598152,Pulsar TenZ 시그니처 에디션 무선,0,0,0,0,0,0,0,0,0,"_레드_189,000|_블랙_169,000"
74806073,Pulsar X2 CrazyLight 무선,"Aqua Zest_149,000||_Jet Black_149,000|Sunset Haze_149,000|Uyuni White_149,000|_Volt Shadow_149,000","Aqua Zest_149,000||_Jet Black_149,000|Sunset Haze_149,000|Uyuni White_149,000|_Volt Shadow_149,000","Aqua Zest_149,000||_Jet Black_149,000|Sunset Haze_149,000|Uyuni White_149,000|_Volt Shadow_149,000","Aqua Zest_149,000||_Jet Black_149,000|Sunset Haze_149,000|Uyuni White_149,000|_Volt Shadow_149,000",0,0,0,0,0,0
75855011,Pulsar X2 CrazyLight 무선,0,0,0,0,"Aqua Zest_149,000||Jet Black_149,000|_Sunset Haze_149,000|_Uyuni White_149,000|Volt Shadow_149,000","Aqua Zest_149,000||Jet Black_149,000|_Sunset Haze_149,000|_Uyuni White_149,000|Volt Shadow_149,000","Aqua Zest_149,000||Jet Black_149,000|_Sunset Haze_149,000|_Uyuni White_149,000|Volt Shadow_149,000",0,0,0
74806115,Pulsar X2 CrazyLight 무선,0,0,0,0,0,0,0,"Aqua Zest_149,000||Jet Black_149,000|_Sunset Haze_149,000|_Uyuni White_149,000|Volt Shadow_149,000","Aqua Zest_149,000||Jet Black_149,000|_Sunset Haze_149,000|_Uyuni White_149,000|Volt Shadow_149,000","Aqua Zest_149,000||_Jet Black_149,000|Sunset Haze_149,000|_Uyuni White_149,000|Volt Shadow_149,000"
95929874,Pulsar X2 CrazyLight 무선 Boardzy 에디션,"159,000","159,000","159,000","159,000","159,000","159,000","159,000","159,000","159,000","159,000"
93015947,Pulsar X2 CrazyLight 무선 PRX 에디션,"159,000","159,000","159,000","159,000","159,000","159,000","159,000","159,000","159,000","159,000"
95929817,Pulsar X2 CrazyLight 무선 RFP 에디션,"159,000","159,000","159,000","159,000","159,000","159,000","159,000","159,000","159,000","159,000"
93015722,Pulsar X2 CrazyLight 무선 T1 에디션,"_레드_159,000|_블랙_159,000","_레드_159,000|_블랙_159,000","_레드_159,000|_블랙_159,000","_레드_159,000|_블랙_159,000",0,0,0,0,0,0
93015689,Pulsar X2 CrazyLight 무선 T1 에디션,0,0,0,0,"_레드_159,000|_블랙_159,000","_레드_159,000|_블랙_159,000","_레드_159,000|_블랙_159,000","_레드_159,000|_블랙_159,000","_레드_159,000|_블랙_159,000","_레드_159,000|_블랙_159,000"
101187059,Pulsar X2 CrazyLight 무선 미니 Bruce Lee 85th Edition,"167,990","167,990","167,990","167,990","167,990","167,990","167,990","168,000","168,000","168,000"
103690664,Pulsar X2 CrazyLight 무선 미니 피카츄,"169,000","169,000","169,000","169,000","169,000","169,000","169,000","169,000","169,000","169,000"
99732452,Pulsar X2 CrazyLight 무선 미디움,"_Forest_149,000|_Jet Black_149,000|Uyuni White_149,000","Forest_149,000|_Jet Black_149,000|_Uyuni White_149,000","Forest_149,000|_Jet Black_149,000|_Uyuni White_149,000","Forest_149,000|_Jet Black_149,000|_Uyuni White_149,000","Forest_149,000|_Jet Black_149,000|_Uyuni White_149,000","Forest_149,000|_Jet Black_149,000|_Uyuni White_149,000","Forest_149,000|_Jet Black_149,000|_Uyuni White_149,000","Forest_149,000|_Jet Black_149,000|_Uyuni White_149,000","Forest_149,000|_Jet Black_149,000|_Uyuni White_149,000",0
99732479,Pulsar X2 CrazyLight 무선 미디움,0,0,0,0,0,0,0,0,0,"Forest_149,000|_Jet Black_149,000|_Uyuni White_149,000"
101187089,Pulsar X2 CrazyLight 무선 미디움 Bruce Lee 85th Edition,"169,000","169,000","169,000","169,000","169,000","169,000","169,000","169,000","169,000","169,000"
89525312,Pulsar X2 CrazyLight 무선 서울 에디션,"149,000","149,000","149,000","149,000","149,000","149,000","149,000","149,000","149,000","149,000"
104591888,Pulsar X2 CrazyLight 블루아카이브 에디션,"노노미_168,990|_시로코_168,990|_호시노_169,000","노노미_169,000|_시로코_169,000|_호시노_169,000","노노미_169,000|_시로코_169,000|_호시노_169,000","노노미_169,000|_시로코_169,000|_호시노_169,000","노노미_169,000|_시로코_169,000|_호시노_169,000","노노미_169,000|_시로코_169,000|_호시노_169,000","노노미_169,000|_시로코_169,000|_호시노_169,000","노노미_169,000|_시로코_169,000|_호시노_169,000",0,0
104591894,Pulsar X2 CrazyLight 블루아카이브 에디션,0,0,0,0,0,0,0,0,"_노노미_169,000|시로코_169,000|_호시노_169,000","_노노미_169,000|시로코_169,000|_호시노_169,000"
78098804,Pulsar X2 v3 eS 미니 무선,"129,000","129,000","129,000","129,000","129,000","129,000","129,000","129,000","129,000","129,000"
75857135,Pulsar X2 v3 미니 무선,"_블랙_119,000|_화이트_119,000",0,0,0,0,0,0,0,0,0
75857249,Pulsar X2 v3 미니 무선,0,"_블랙_172,120|_화이트_119,000","_블랙_172,120|_화이트_119,000","_블랙_172,120|_화이트_119,000","_블랙_172,120|_화이트_119,000","_블랙_172,120|_화이트_119,000","_블랙_172,120|_화이트_119,000","_블랙_170,310|_화이트_119,000","_블랙_168,490|_화이트_119,000","_블랙_168,490|_화이트_119,000"
72914465,Pulsar X2 v3 미디움 무선,"_블랙_119,000|_화이트_119,000","_블랙_119,000|_화이트_119,000","_블랙_119,000|_화이트_119,000","_블랙_119,000|_화이트_119,000","_블랙_119,000|_화이트_119,000","_블랙_119,000|_화이트_119,000","_블랙_119,000|_화이트_119,000","_블랙_119,000|_화이트_119,000","_블랙_119,000|_화이트_119,000","_블랙_119,000|_화이트_119,000"
17679053,Pulsar X2 무선 마우스,"_블랙_110,000|_레드_99,000","_블랙_110,000|_레드_99,000","_블랙_110,000|_레드_99,000","_블랙_110,000|_레드_99,000","_블랙_110,000|_레드_99,000","_블랙_110,000|_레드_99,000","_블랙_110,000|_레드_99,000","_블랙_110,000|_레드_99,000","_블랙_110,000|_레드_99,000","_블랙_110,000|_레드_99,000"
17679164,Pulsar X2 미니 무선 마우스,"_블랙_143,000|_화이트_143,000","_블랙_143,000|_화이트_143,000","_블랙_143,000|_화이트_143,000","_블랙_143,000|_화이트_143,000",0,0,0,0,0,0
17679143,Pulsar X2 미니 무선 마우스,0,0,0,0,"_블랙_143,000|_화이트_143,000","_블랙_143,000|_화이트_143,000","_블랙_143,000|_화이트_143,000","_블랙_143,000|_화이트_143,000","_블랙_143,000|_화이트_143,000","_블랙_143,000|_화이트_143,000"
20599205,Pulsar X2 미니 프리미엄 블랙 무선,0,0,0,0,0,0,"107,500",0,0,0
71500274,Pulsar X2 미디움,"_블랙_49,000|_화이트_48,990","_블랙_49,000|_화이트_49,000","_블랙_46,500|_화이트_49,000","_블랙_49,000|_화이트_49,000","_블랙_49,000|_화이트_49,000","_블랙_49,000|_화이트_49,000","_블랙_46,500|_화이트_49,000","_블랙_49,000|_화이트_49,000","_블랙_46,500|_화이트_49,000","_블랙_49,000|_화이트_49,000"
46103783,Pulsar X2A eS 무선,"128,990","128,990","128,990","128,990","128,990","128,990","128,990","128,990","128,990","128,990"
78098915,Pulsar X2A v3 eS 미니 무선,"129,000","129,000","129,000","129,000","129,000","129,000","129,000","129,000","129,000","129,000"
72719672,Pulsar X2A v3 미디움 무선,"_블랙_119,000|_화이트_119,000","_블랙_119,000|_화이트_119,000",0,0,0,"_블랙_119,000|_화이트_119,000","_블랙_119,000|_화이트_119,000","_블랙_119,000|_화이트_119,000","_블랙_119,000|_화이트_119,000","_블랙_119,000|_화이트_119,000"
72719657,Pulsar X2A v3 미디움 무선,0,0,"_블랙_119,000|_화이트_119,000","_블랙_119,000|_화이트_119,000","_블랙_119,000|_화이트_119,000",0,0,0,0,0
71423633,Pulsar X2A 미니 무선 귀멸의칼날,"오바나이_87,000","오바나이_87,000",0,0,0,0,"오바나이_87,000","오바나이_87,000","오바나이_87,000","오바나이_87,000"
71500481,Pulsar X2A 미디움,"_블랙_49,000|_화이트_49,000","_블랙_49,000|_화이트_49,000","_블랙_49,000|_화이트_49,000","_블랙_49,000|_화이트_49,000","_블랙_49,000|_화이트_49,000","_블랙_49,000|_화이트_49,000","_블랙_49,000|_화이트_49,000","_블랙_49,000|_화이트_49,000",0,0
71500553,Pulsar X2A 미디움,0,0,0,0,0,0,0,0,"_블랙_49,000|_화이트_49,000","_블랙_49,000|_화이트_49,000"
71423474,Pulsar X2A 미디움 무선 귀멸의칼날,"사네미_87,000","사네미_87,000",0,0,0,"사네미_87,000","사네미_87,000","사네미_87,000","사네미_87,000","사네미_87,000"
124326457,Pulsar X2F CrazyLight 미니 무선,"169,000","169,000","169,000","169,000","169,000","169,000","169,000","169,000","169,000","169,000"
93443069,Pulsar X2F 무선,"169,000","169,000","169,000","169,000","169,000","169,000","169,000","169,000","169,000","169,000"
65302580,Pulsar X2H,"_블랙_49,000|_화이트_36,270","_블랙_49,000|_화이트_39,890","_블랙_49,000|_화이트_39,890","_블랙_49,000|_화이트_39,890","_블랙_49,000|_화이트_39,890","_블랙_49,000|_화이트_40,760","_블랙_49,000|_화이트_40,760","_블랙_49,000|_화이트_40,760","_블랙_49,000|_화이트_40,760","_블랙_49,000|_화이트_40,760"
122640734,Pulsar X2H CrazyLight BadSeedTech 에디션,"Uyuni White_159,000","Uyuni White_159,000","Uyuni White_159,000","Uyuni White_159,000","Uyuni White_159,000","Uyuni White_159,000","Uyuni White_159,000","Uyuni White_159,000","Uyuni White_159,000","Uyuni White_159,000"
98411243,Pulsar X2H CrazyLight 무선,"_Jet Black_149,000|_Uyuni White_149,000|Volcano_149,000","_Jet Black_149,000|_Uyuni White_149,000|Volcano_149,000","_Jet Black_149,000|_Uyuni White_149,000|Volcano_149,000","_Jet Black_149,000|_Uyuni White_149,000|Volcano_149,000","_Jet Black_149,000|_Uyuni White_149,000|Volcano_149,000","_Jet Black_149,000|_Uyuni White_149,000|Volcano_149,000","_Jet Black_149,000|_Uyuni White_149,000|Volcano_149,000","_Jet Black_149,000|_Uyuni White_149,000|Volcano_149,000","_Jet Black_149,000|_Uyuni White_149,000|Volcano_149,000","_Jet Black_149,000|_Uyuni White_149,000|Volcano_149,000"
103878176,Pulsar X2H CrazyLight 미디움 무선,"_Jet Black_149,000|_Uyuni White_149,000|Volcano_149,000","_Jet Black_149,000|_Uyuni White_149,000|Volcano_149,000","_Jet Black_149,000|_Uyuni White_149,000|Volcano_149,000",0,"_Jet Black_149,000|_Uyuni White_149,000|Volcano_149,000","_Jet Black_149,000|_Uyuni White_149,000|Volcano_149,000","_Jet Black_149,000|_Uyuni White_149,000|Volcano_149,000","_Jet Black_149,000|_Uyuni White_149,000|Volcano_149,000","_Jet Black_149,000|_Uyuni White_149,000|Volcano_149,000","_Jet Black_149,000|_Uyuni White_149,000|Volcano_149,000"
103878170,Pulsar X2H CrazyLight 미디움 무선,0,0,0,"_Jet Black_149,000|_Uyuni White_149,000|Volcano_149,000",0,0,0,0,0,0
122640739,Pulsar X2H CrazyLight 미디움 무선 BadSeedTech 에디션,"Uyuni White_159,000","Uyuni White_159,000","Uyuni White_159,000","Uyuni White_159,000","Uyuni White_159,000","Uyuni White_159,000","Uyuni White_159,000","Uyuni White_159,000","Uyuni White_159,000","Uyuni White_159,000"
32885231,Pulsar X2H eS 유무선,"_블랙_141,550|_레드_89,000","_블랙_141,550|_레드_89,000","_블랙_141,550|_레드_89,000","_블랙_141,550|_레드_89,000","_블랙_141,550|_레드_89,000","_블랙_141,550|_레드_89,000","_블랙_141,550|_레드_89,000","_블랙_140,060|_레드_89,000","_블랙_138,570|_레드_89,000","_블랙_138,570|_레드_89,000"
91766771,Pulsar X2H v3 eS 미니 무선,"129,000","129,000","129,000","129,000","129,000","129,000","129,000","129,000","129,000","129,000"
91766786,Pulsar X2H v3 eS 미디움 무선,"129,000","129,000","129,000","129,000","129,000","129,000","129,000","129,000","129,000","129,000"
74805926,Pulsar X2H v3 미니 무선,"_블랙_99,000|_화이트_99,000","_블랙_99,000|_화이트_99,000","_블랙_99,000|_화이트_99,000","_블랙_99,000|_화이트_99,000","_블랙_99,000|_화이트_99,000","_블랙_99,000|_화이트_99,000","_블랙_99,000|_화이트_99,000","_블랙_99,000|_화이트_99,000","_블랙_99,000|_화이트_99,000","_블랙_99,000|_화이트_99,000"
66134882,Pulsar X2H v3 미디움 무선,"_블랙_119,000|_화이트_119,000","_블랙_119,000|_화이트_119,000","_블랙_119,000|_화이트_119,000","_블랙_119,000|_화이트_119,000","_블랙_119,000|_화이트_119,000","_블랙_119,000|_화이트_119,000","_블랙_119,000|_화이트_119,000","_블랙_119,000|_화이트_119,000","_블랙_119,000|_화이트_119,000","_블랙_119,000|_화이트_119,000"
28512074,Pulsar X2H 무선,"블랙_148,000","블랙_148,000","블랙_148,000","블랙_148,000",0,0,0,0,0,0
98084486,Pulsar X2H 무선 귀멸의칼날 기유,"87,000","87,000","87,000","87,000","87,000","87,000","87,000","87,000","87,000","87,000"
98084501,Pulsar X2H 무선 귀멸의칼날 텐겐,"87,000","87,000","87,000","87,000","87,000","87,000","87,000","87,000","87,000","87,000"
60168311,Pulsar X2H 무선 클리어블랙 에디션,"109,000","109,000","109,000","109,000","109,000","109,000","109,000","109,000","109,000","109,000"
28512254,Pulsar X2H 미니 무선,"_블랙_69,900|_화이트_79,000",0,0,0,0,0,0,0,0,0
28512242,Pulsar X2H 미니 무선,0,"_블랙_69,900|_화이트_79,000","_블랙_69,900|_화이트_79,000","_블랙_69,900|_화이트_79,000","_블랙_69,900|_화이트_79,000","_블랙_69,900|_화이트_79,000","_블랙_69,900|_화이트_79,000","_블랙_69,900|_화이트_79,000","_블랙_69,900|_화이트_79,000","_블랙_69,900|_화이트_79,000"
60168227,Pulsar X2H 미니 무선 슈퍼클리어 에디션,"148,000","148,000","148,000",0,0,0,0,0,0,0
60168284,Pulsar X2H 미니 무선 클리어블랙 에디션,"107,000","107,000","107,000","107,000","107,000","107,000","107,000","107,000","107,000","107,000"
106720979,Pulsar X2N CrazyLight 무선 미니,"오션_148,990|_우유니 화이트_149,000|_제트 블랙_136,100","오션_149,000|_우유니 화이트_149,000|_제트 블랙_136,100","오션_149,000|_우유니 화이트_149,000|_제트 블랙_136,100","오션_149,000|_우유니 화이트_149,000|_제트 블랙_149,000","오션_149,000|_우유니 화이트_149,000|_제트 블랙_149,000","오션_149,000|_우유니 화이트_149,000|_제트 블랙_149,000",0,0,0,0
106720967,Pulsar X2N CrazyLight 무선 미니,0,0,0,0,0,0,"오션_149,000|_우유니 화이트_149,000|_제트 블랙_149,000","오션_149,000|_우유니 화이트_149,000|_제트 블랙_149,000","오션_149,000|_우유니 화이트_149,000|_제트 블랙_149,000","오션_149,000|_우유니 화이트_149,000|_제트 블랙_149,000"
106712537,Pulsar X2N CrazyLight 무선 미디움,"_오션_148,990|_우유니 화이트_149,000|제트 블랙_148,990","_오션_149,000|_우유니 화이트_149,000|제트 블랙_149,000","_오션_149,000|_우유니 화이트_149,000|제트 블랙_149,000","_오션_149,000|_우유니 화이트_149,000|제트 블랙_149,000","_오션_149,000|_우유니 화이트_149,000|제트 블랙_149,000","_오션_149,000|_우유니 화이트_149,000|제트 블랙_149,000","_오션_149,000|_우유니 화이트_149,000|제트 블랙_149,000","_오션_149,000|_우유니 화이트_149,000|제트 블랙_149,000","_오션_149,000|_우유니 화이트_149,000|제트 블랙_149,000","_오션_149,000|_우유니 화이트_149,000|제트 블랙_149,000"
28511861,Pulsar X2V2 무선,"블랙_83,300","블랙_83,300","블랙_83,300","블랙_83,300","블랙_83,300","블랙_83,300","블랙_83,300","블랙_83,300","블랙_83,300","블랙_83,300"
98084309,Pulsar X2V2 무선 귀멸의 칼날 탄지로,0,0,0,0,0,0,0,0,0,"127,590"
99289253,Pulsar X3 CrazyLight 무선,"Desert_148,990|_Jet Black_149,000|_Uyuni White_149,000","Desert_149,000|_Jet Black_149,000|_Uyuni White_149,000",0,0,0,0,0,0,0,0
99289271,Pulsar X3 CrazyLight 무선,0,0,"Desert_149,000|_Jet Black_149,000|_Uyuni White_149,000","Desert_149,000|_Jet Black_149,000|_Uyuni White_149,000","Desert_149,000|_Jet Black_149,000|_Uyuni White_149,000","Desert_149,000|_Jet Black_149,000|_Uyuni White_149,000","_Desert_149,000|Jet Black_149,000|_Uyuni White_149,000",0,0,0
122687778,Pulsar X3 CrazyLight 무선,0,0,0,0,0,0,0,"_Desert_149,000|Jet Black_149,000|_Uyuni White_149,000","_Desert_149,000|Jet Black_149,000|_Uyuni White_149,000","_Desert_149,000|Jet Black_149,000|_Uyuni White_149,000"
99289337,Pulsar X3 CrazyLight 미니 무선 LHD,"_Jet Black_149,000|_Uyuni White_149,000","_Jet Black_149,000|_Uyuni White_149,000","_Jet Black_149,000|_Uyuni White_149,000","_Jet Black_149,000|_Uyuni White_149,000","_Jet Black_149,000|_Uyuni White_149,000","_Jet Black_149,000|_Uyuni White_149,000","_Jet Black_149,000|_Uyuni White_149,000","_Jet Black_149,000|_Uyuni White_149,000","_Jet Black_149,000|_Uyuni White_149,000","_Jet Black_149,000|_Uyuni White_149,000"
122627309,Pulsar X3 CrazyLight 미디움 무선,"_Desert_148,990|Jet Black_149,000|_Uyuni White_149,000","_Desert_149,000|Jet Black_149,000|_Uyuni White_149,000",0,0,0,0,0,0,0,0
122627307,Pulsar X3 CrazyLight 미디움 무선,0,0,"Desert_149,000|_Jet Black_149,000|_Uyuni White_149,000","Desert_149,000|_Jet Black_149,000|_Uyuni White_149,000","Desert_149,000|_Jet Black_149,000|_Uyuni White_149,000","Desert_149,000|_Jet Black_149,000|_Uyuni White_149,000","Desert_149,000|_Jet Black_149,000|_Uyuni White_149,000","Desert_149,000|_Jet Black_149,000|_Uyuni White_149,000","Desert_149,000|_Jet Black_149,000|_Uyuni White_149,000","Desert_149,000|_Jet Black_149,000|_Uyuni White_149,000"
91635833,Pulsar X3 CrazyLight 미디움 무선 LHD,"_블랙_119,000|_화이트_119,000","_블랙_119,000|_화이트_119,000","_블랙_119,000|_화이트_119,000",0,0,0,0,0,0,0
91635791,Pulsar X3 CrazyLight 미디움 무선 LHD,0,0,0,"_블랙_119,000|_화이트_119,000","_블랙_119,000|_화이트_119,000","_블랙_119,000|_화이트_119,000","_블랙_119,000|_화이트_119,000","_블랙_119,000|_화이트_119,000","_블랙_119,000|_화이트_119,000","_블랙_119,000|_화이트_119,000"
73561010,Pulsar X3 미니 무선,"_블랙_119,000|_화이트_119,000","_블랙_119,000|_화이트_119,000","_블랙_119,000|_화이트_119,000","_블랙_119,000|_화이트_119,000","_블랙_119,000|_화이트_119,000","_블랙_119,000|_화이트_119,000","_블랙_119,000|_화이트_119,000","_블랙_119,000|_화이트_119,000","_블랙_119,000|_화이트_119,000","_블랙_119,000|_화이트_119,000"
73560878,Pulsar X3 미디움 무선 RHD,"_블랙_119,000|_화이트_119,000","_블랙_119,000|_화이트_119,000","_블랙_119,000|_화이트_119,000","_블랙_119,000|_화이트_119,000","_블랙_119,000|_화이트_119,000","_블랙_119,000|_화이트_119,000","_블랙_119,000|_화이트_119,000","_블랙_119,000|_화이트_119,000","_블랙_119,000|_화이트_119,000","_블랙_119,000|_화이트_119,000"
20070773,Pulsar XLITE V2 미니 유무선 레트로 에디션,"84,000","84,000","84,000",0,0,0,0,0,0,0
93700208,Pulsar Xlite CrazyLight 무선,"락_149,000|_블랙_149,000|_화이트_149,000",0,0,"락_149,000|_블랙_149,000|_화이트_149,000","락_149,000|_블랙_149,000|_화이트_149,000","락_149,000|_블랙_149,000|_화이트_149,000","락_149,000|_블랙_149,000|_화이트_149,000","락_149,000|_블랙_149,000|_화이트_149,000","락_149,000|_블랙_149,000|_화이트_149,000","락_149,000|_블랙_149,000|_화이트_149,000"
93700214,Pulsar Xlite CrazyLight 무선,0,"락_149,000|_블랙_149,000|_화이트_149,000","락_149,000|_블랙_149,000|_화이트_149,000",0,0,0,0,0,0,0
102754769,Pulsar Xlite CrazyLight 무선 미디엄,"락_149,000|_블랙_148,990|_화이트_149,000","락_149,000|_블랙_149,000|_화이트_149,000","락_149,000|_블랙_149,000|_화이트_149,000","락_149,000|_블랙_149,000|_화이트_149,000",0,0,0,0,0,0
102754772,Pulsar Xlite CrazyLight 무선 미디엄,0,0,0,0,"락_149,000|_블랙_149,000|_화이트_149,000","락_149,000|_블랙_149,000|_화이트_149,000","락_149,000|_블랙_149,000|_화이트_149,000","락_149,000|_블랙_149,000|_화이트_149,000","락_149,000|_블랙_149,000|_화이트_149,000","락_149,000|_블랙_149,000|_화이트_149,000"
91766645,Pulsar Xlite v4 eS 미니 무선,"149,000","149,000","149,000","149,000","149,000","149,000","149,000","149,000","149,000","149,000"
72719501,Pulsar Xlite v4 라지 무선,"_블랙_119,000|_화이트_119,000","_블랙_119,000|_화이트_119,000","_블랙_119,000|_화이트_119,000","_블랙_119,000|_화이트_119,000","_블랙_119,000|_화이트_119,000","_블랙_119,000|_화이트_119,000","_블랙_119,000|_화이트_119,000","_블랙_119,000|_화이트_119,000","_블랙_119,000|_화이트_119,000",0
72719486,Pulsar Xlite v4 라지 무선,0,0,0,0,0,0,0,0,0,"_블랙_119,000|_화이트_119,000"
92104331,Pulsar Xlite v4 미니 무선,"_블랙_119,000|_화이트_119,000",0,0,"_블랙_119,000|_화이트_119,000",0,"_블랙_119,000|_화이트_119,000","_블랙_119,000|_화이트_119,000","_블랙_119,000|_화이트_119,000","_블랙_119,000|_화이트_119,000","_블랙_119,000|_화이트_119,000"
92104340,Pulsar Xlite v4 미니 무선,0,"_블랙_119,000|_화이트_119,000","_블랙_119,000|_화이트_119,000",0,"_블랙_119,000|_화이트_119,000",0,0,0,0,0
70612529,Pulsar Xlite v4 미디움 무선,"_블랙_119,000|_화이트_119,000","_블랙_119,000|_화이트_119,000","_블랙_119,000|_화이트_119,000","_블랙_119,000|_화이트_119,000","_블랙_119,000|_화이트_119,000","_블랙_119,000|_화이트_119,000",0,0,0,0
70612526,Pulsar Xlite v4 미디움 무선,0,0,0,0,0,0,"_블랙_119,000|_화이트_119,000","_블랙_119,000|_화이트_119,000","_블랙_119,000|_화이트_119,000","_블랙_119,000|_화이트_119,000"
15247820,Pulsar Xlite 무선 게이밍 마우스,"화이트_79,000","화이트_79,000","화이트_79,000","화이트_79,000","화이트_79,000","화이트_79,000","화이트_79,000","화이트_79,000","화이트_79,000","화이트_79,000"
67678709,Pulsar Xlite 미디움,"_블랙_49,000|_화이트_49,000","_블랙_49,000|_화이트_49,000","_블랙_49,000|_화이트_49,000","_블랙_49,000|_화이트_49,000","_블랙_49,000|_화이트_49,000","_블랙_49,000|_화이트_49,000","_블랙_49,000|_화이트_49,000","_블랙_49,000|_화이트_49,000","_블랙_49,000|_화이트_49,000","_블랙_49,000|_화이트_49,000"
92153870,Pulsar ZywOo The Chosen 미니 무선,"_블랙_138,990|_화이트_139,000","_블랙_138,990|_화이트_139,000","_블랙_138,990|_화이트_139,000","_블랙_138,990|_화이트_139,000","_블랙_138,990|_화이트_139,000","_블랙_138,990|_화이트_139,000","_블랙_138,990|_화이트_139,000","_블랙_138,990|_화이트_139,000","_블랙_138,990|_화이트_139,000","_블랙_139,000|_화이트_139,000"
106749503,Pulsar ZywOo The Chosen 미니 무선 GEN2,"_블랙_189,000|_핑크_199,000","_블랙_189,000|_핑크_199,000","_블랙_189,000|_핑크_199,000","_블랙_189,000|_핑크_199,000","_블랙_189,000|_핑크_199,000","_블랙_189,000|_핑크_199,000","_블랙_189,000|_핑크_199,000","_블랙_189,000|_핑크_199,000","_블랙_189,000|_핑크_199,000","_블랙_189,000|_핑크_199,000"
92153885,Pulsar ZywOo The Chosen 미디움 무선,"_블랙_139,000|_화이트_139,000","_블랙_139,000|_화이트_139,000","_블랙_139,000|_화이트_139,000","_블랙_139,000|_화이트_139,000","_블랙_139,000|_화이트_139,000","_블랙_139,000|_화이트_139,000","_블랙_139,000|_화이트_139,000","_블랙_139,000|_화이트_139,000","_블랙_139,000|_화이트_139,000","_블랙_139,000|_화이트_139,000"
106749497,Pulsar ZywOo The Chosen 미디움 무선 GEN2,"_블랙_189,000|_핑크_198,990","_블랙_189,000|_핑크_199,000","_블랙_189,000|_핑크_199,000","_블랙_189,000|_핑크_199,000","_블랙_189,000|_핑크_199,000","_블랙_189,000|_핑크_199,000","_블랙_189,000|_핑크_199,000","_블랙_189,000|_핑크_199,000","_블랙_189,000|_핑크_199,000","_블랙_189,000|_핑크_199,000"
106701776,Pulsar eS FS-1 무선,"229,990","230,000","230,000","230,000","230,000","230,000","230,000","230,000","230,000","230,000"
15985865,QNIX QM-5000 유선 마우스,"1,800","1,800","1,800","1,800","1,800","1,800","1,800","1,800","1,800","1,800"
12544568,QSENN AULA F808 LED 게이밍 마우스,"14,890","14,890","14,890","14,890","14,890","14,890","14,890","14,890","14,890","14,890"
16141607,QSENN AULA F810 RGB 게이밍 마우스,"13,900","13,900","13,900","13,900","13,900","13,900","13,900","13,900","13,900","13,900"
12544220,QSENN AULA H508 LED 게이밍 마우스,"15,390","15,390","15,390","15,390","15,390","15,390","15,390","15,390","15,390","15,390"
12544676,QSENN AULA H512 RGB 게이밍 마우스,0,0,0,0,0,"46,100","46,100","46,100","46,100","46,100"
15880817,QSENN BM1100 Slide Fold 듀얼 무선 저소음 마우스,"_블랙_12,900|화이트_12,900|_민트_12,900|핑크_12,900","_블랙_12,900|화이트_12,900|_민트_12,900|핑크_12,900","_블랙_12,900|화이트_12,900|_민트_12,900|핑크_12,900","_블랙_12,900|화이트_12,900|_민트_12,900|핑크_12,900","_블랙_12,900|화이트_12,900|_민트_12,900|핑크_12,900","_블랙_12,900|화이트_12,900|_민트_12,900|핑크_12,900","_블랙_12,900|화이트_12,900|_민트_12,900|핑크_12,900","_블랙_12,900|화이트_12,900|_민트_12,900|핑크_12,900","_블랙_12,900|화이트_12,900|_민트_12,900|핑크_12,900","_블랙_12,900|화이트_12,900|_민트_12,900|핑크_12,900"
12104864,QSENN GP-M500 LED 블랙 USB,"4,900","4,900","4,900","4,900","4,900","4,900","4,900","4,900","4,900","4,900"
12104699,QSENN GP-M500 USB,"_블랙_4,400|_화이트_9,390","_블랙_4,400|_화이트_9,390","_블랙_4,400|_화이트_9,390","_블랙_4,400|_화이트_9,390","_블랙_4,400|_화이트_9,390","_블랙_4,400|_화이트_9,390","_블랙_4,400|_화이트_9,890","_블랙_4,400|_화이트_9,890","_블랙_4,400|_화이트_9,890","_블랙_4,400|_화이트_9,890"
15055304,QSENN M1000 무선 마우스,"_블랙_4,820|_화이트_8,140","_블랙_4,820|_화이트_8,140","_블랙_4,820|_화이트_8,140","_블랙_4,820|_화이트_8,140","_블랙_4,820|_화이트_8,140","_블랙_4,820|_화이트_8,140","_블랙_4,820|_화이트_8,140","_블랙_4,820|_화이트_8,140","_블랙_4,820|_화이트_5,750","_블랙_4,820|_화이트_5,750"
29806208,QSENN M2800 무선,"블랙_20,120|민트_20,270|_핑크_8,450|_화이트_8,900","블랙_20,120|민트_20,270|_핑크_8,450|_화이트_8,900",0,0,"블랙_20,120|민트_20,270|_핑크_8,450|_화이트_8,900","블랙_20,120|민트_20,270|_핑크_8,450|_화이트_8,900","블랙_20,120|민트_20,270|_핑크_8,450|_화이트_8,900","블랙_20,120|민트_20,270|_핑크_8,450|_화이트_8,900","블랙_20,120|민트_20,270|_핑크_8,450|_화이트_8,900","블랙_20,120|민트_20,270|_핑크_8,450|_화이트_8,900"
29806205,QSENN M2800 무선,0,0,"블랙_20,120|민트_20,270|_핑크_8,450|_화이트_8,900","블랙_20,120|민트_20,270|_핑크_8,450|_화이트_8,900",0,0,0,0,0,0
18441875,QSENN M600 미니 마우스,"3,500","3,500","3,500","3,500","3,500","3,500","3,500","3,500","3,500","3,500"
100191872,QSENN M7314 저소음 무선,"_라벤더_5,800|벚꽃_5,800|_슈팅스타_5,800","_라벤더_5,800|벚꽃_5,800|_슈팅스타_5,800","_라벤더_5,800|벚꽃_5,800|_슈팅스타_5,800","_라벤더_5,800|벚꽃_5,800|_슈팅스타_5,800","_라벤더_5,800|벚꽃_5,800|_슈팅스타_5,800","_라벤더_5,800|벚꽃_5,800|_슈팅스타_5,800","_라벤더_5,800|벚꽃_5,800|_슈팅스타_5,800","_라벤더_5,800|벚꽃_5,800|_슈팅스타_5,800","_라벤더_5,800|벚꽃_5,800|_슈팅스타_5,800","_라벤더_5,800|벚꽃_5,800|_슈팅스타_5,800"
79250882,RAPOO EV250 무선,"19,510","19,510","19,510","19,510","19,510",0,0,0,0,0
26576756,RAPOO M10 PLUS 무선,"블랙_11,870","블랙_11,870","블랙_11,870","블랙_11,870","블랙_11,870","블랙_11,870","블랙_11,870","블랙_11,870","블랙_11,870","블랙_11,870"
7987660,RAPOO M100,"블랙_16,000","블랙_16,000","블랙_16,000","블랙_16,000","블랙_16,000","블랙_16,000","블랙_16,000","블랙_16,000","블랙_16,000","블랙_16,000"
6086078,RAPOO MT550,"36,700","36,700","36,700","36,700","36,700","36,700","36,700","36,700","36,700","36,700"
6470161,RAPOO VPro V22 RGB,"19,000","19,000","19,000","19,000","19,000","19,000","19,000","19,000","19,000","19,000"
7351498,RAPOO VPro VT200 에센셜,"19,800","19,800","19,800","19,800","19,800","19,800","19,800","19,800","19,800","19,800"
122640965,RAPOO VT0 Air MAX 유무선,"_블랙_79,900|블랙 화이트_79,900|블루_79,900|_옐로우_79,900","_블랙_79,900|블랙 화이트_79,900|블루_79,900|_옐로우_79,900",0,0,0,"_블랙_79,900|_블랙 화이트_79,900|블루_79,900|옐로우_79,900","_블랙_79,900|_블랙 화이트_79,900|블루_79,900|옐로우_79,900","_블랙_79,900|_블랙 화이트_79,900|블루_79,900|옐로우_79,900","_블랙_79,900|블랙 화이트_79,900|블루_79,900|_옐로우_79,900","_블랙_79,900|블랙 화이트_79,900|블루_79,900|_옐로우_79,900"
122640988,RAPOO VT0 Air MAX 유무선,0,0,"_블랙_79,900|블랙 화이트_79,900|블루_79,900|_옐로우_79,900","_블랙_79,900|블랙 화이트_79,900|블루_79,900|_옐로우_79,900","_블랙_79,900|블랙 화이트_79,900|블루_79,900|_옐로우_79,900",0,0,0,0,0
124350594,RAPOO VT2K Air MAX V2 유무선,"79,900","79,900","79,900","79,900","79,900","79,900","79,900","79,900","79,900","79,900"
122642797,RAPOO VT2K MAX 유무선,"_블랙_69,900|_블루_69,900|옐로우_69,900|핑크_69,900|화이트_69,900","블랙_69,900|_블루_69,900|옐로우_69,900|핑크_69,900|_화이트_69,900","블랙_69,900|_블루_69,900|옐로우_69,900|핑크_69,900|_화이트_69,900","블랙_69,900|_블루_69,900|옐로우_69,900|_핑크_69,900|화이트_69,900","블랙_69,900|_블루_69,900|옐로우_69,900|핑크_69,900|_화이트_69,900","블랙_69,900|_블루_69,900|옐로우_69,900|핑크_69,900|_화이트_69,900","블랙_69,900|_블루_69,900|옐로우_69,900|핑크_69,900|_화이트_69,900","_블랙_69,900|_블루_69,900|옐로우_69,900|핑크_69,900|화이트_69,900","_블랙_69,900|_블루_69,900|옐로우_69,900|핑크_69,900|화이트_69,900","_블랙_69,900|_블루_69,900|옐로우_69,900|핑크_69,900|화이트_69,900"
123775276,RAPOO VT7K Air MAX V2 유무선,"_라바 레드_79,900|_모닝 미스트 블루_79,900|블랙_79,900|블랙 화이트_79,900","_라바 레드_79,900|_모닝 미스트 블루_79,900|블랙_79,900|블랙 화이트_79,900","라바 레드_79,900|_모닝 미스트 블루_79,900|_블랙_79,900|블랙 화이트_79,900","라바 레드_79,900|_모닝 미스트 블루_79,900|블랙_79,900|_블랙 화이트_79,900","라바 레드_79,900|_모닝 미스트 블루_79,900|블랙_79,900|_블랙 화이트_79,900","_라바 레드_79,900|_모닝 미스트 블루_79,900|블랙_79,900|블랙 화이트_79,900","라바 레드_79,900|_모닝 미스트 블루_79,900|_블랙_79,900|블랙 화이트_79,900","라바 레드_79,900|_모닝 미스트 블루_79,900|_블랙_79,900|블랙 화이트_79,900","라바 레드_79,900|_모닝 미스트 블루_79,900|_블랙_79,900|블랙 화이트_79,900","라바 레드_79,900|_모닝 미스트 블루_79,900|_블랙_79,900|블랙 화이트_79,900"
123775273,RAPOO VT7K Air MAX V2 유무선,"_라바 레드_79,900|_모닝 미스트 블루_79,900|블랙_79,900|블랙 화이트_79,900","_라바 레드_79,900|_모닝 미스트 블루_79,900|블랙_79,900|블랙 화이트_79,900","라바 레드_79,900|_모닝 미스트 블루_79,900|_블랙_79,900|블랙 화이트_79,900","라바 레드_79,900|_모닝 미스트 블루_79,900|블랙_79,900|_블랙 화이트_79,900","라바 레드_79,900|_모닝 미스트 블루_79,900|블랙_79,900|_블랙 화이트_79,900","_라바 레드_79,900|_모닝 미스트 블루_79,900|블랙_79,900|블랙 화이트_79,900","라바 레드_79,900|_모닝 미스트 블루_79,900|_블랙_79,900|블랙 화이트_79,900","라바 레드_79,900|_모닝 미스트 블루_79,900|_블랙_79,900|블랙 화이트_79,900","라바 레드_79,900|_모닝 미스트 블루_79,900|_블랙_79,900|블랙 화이트_79,900","라바 레드_79,900|_모닝 미스트 블루_79,900|_블랙_79,900|블랙 화이트_79,900"
115850549,RAZER DeathAdder V3 Pro,"벌크_152,970","벌크_152,970","벌크_152,970","벌크_152,970","벌크_152,930","벌크_152,970","벌크_152,970",0,0,0
63423620,REVE-M10 무선,"26,120","26,120","26,120","26,120","26,120","26,120","26,120","26,120","26,120","26,120"
60147188,RHINO GEAR RG-BM100 무선,"5,220","5,220","5,220","5,220","5,220","5,500","5,500","5,500","5,500","5,500"
72592604,RHINO GEAR RG-BM50 무선,"_블랙_3,900|_화이트_3,900","_블랙_3,900|_화이트_3,900","_블랙_3,900|_화이트_3,900","_블랙_3,900|_화이트_3,900","_블랙_3,900|_화이트_3,900","_블랙_3,900|_화이트_3,900","_블랙_3,900|_화이트_3,900","_블랙_3,900|_화이트_3,900","_블랙_3,900|_화이트_3,900","_블랙_3,900|_화이트_3,900"
72718514,RHINO GEAR RG-BM500 무선,"17,400","17,400","17,400","17,400","17,400","17,400","17,400","17,400","17,400","17,400"
17115809,RHINO GEAR RG-EM100 버티컬 마우스,0,0,"13,050","13,050","12,090","12,090","12,090","12,090","12,090","12,090"
17666453,RHINO GEAR RG-EM300 버티컬 마우스,"12,090","12,090","12,090","12,090","12,090","12,090","12,090","11,570","11,570","12,090"
17147306,RHINO GEAR RG-GM100 게이밍 마우스,"8,080","8,080","8,080","8,080","8,080","8,500","8,500","8,500","8,500","8,500"
16876520,RHINO GEAR RG-GM300 RGB 게이밍 마우스,"_블랙_9,500|_화이트_10,000","_블랙_9,500|_화이트_10,000","_블랙_9,500|_화이트_10,000","_블랙_9,500|_화이트_10,000","_블랙_9,500|_화이트_10,000","_블랙_9,900|_화이트_10,000","_블랙_9,900|_화이트_10,000","_블랙_9,900|_화이트_10,000","_블랙_9,900|_화이트_10,000","_블랙_9,900|_화이트_10,000"
31996577,RHINO GEAR RG-GM50,"2,850","2,850","2,850","2,850","2,850","3,000","3,000","3,000","3,000","3,000"
17116577,RHINO GEAR RG-M2,"4,890","4,890",0,"4,890","4,890","4,890","4,890",0,"4,890","4,890"
18369860,RHINO GEAR RG-WEM200 무선 버티컬 마우스,"11,620","11,620","11,620","11,620","11,620","11,620","11,620","11,570","11,570",0
17666330,RHINO GEAR RG-WEM350 무선 버티컬 마우스,"25,500","25,500","25,500","25,500","25,500","25,500","25,500","25,500","25,500","25,500"
73074836,RHINO GEAR RG-WM02 무선,"_블랙_3,130|_화이트_4,320","_블랙_3,130|_화이트_4,320","_블랙_3,130|_화이트_4,320","_블랙_3,130|_화이트_4,320","_블랙_3,130|_화이트_4,320","_블랙_3,300|_화이트_4,320","_블랙_3,300|_화이트_4,320","_블랙_3,300|_화이트_4,320","_블랙_3,300|_화이트_4,320","_블랙_3,300|_화이트_4,320"
16346786,RHINO GEAR RG-WM10 저소음 무선 마우스,"10,860","10,860","10,860","10,860","10,860","10,860","10,860","10,840","10,730","10,730"
16365170,RHINO GEAR RG-WM20 저소음 무선마우스,"_블랙_1,776,740|_화이트_17,760","_블랙_1,776,740|_화이트_17,760","_블랙_1,776,740|_화이트_17,760","_블랙_1,776,740|_화이트_17,760","_블랙_1,776,740|_화이트_17,760","_블랙_1,776,740|_화이트_17,760","_블랙_1,776,740|_화이트_17,760","_블랙_1,776,740|_화이트_17,760","_블랙_1,776,740|_화이트_17,760","_블랙_1,776,740|_화이트_17,760"
5920740,RIZUM G-FACTOR Z200 Mercury 3360 RGB 양손가능 GAMING MOUSE,"_블랙_19,800|_화이트_19,800","_블랙_19,800|_화이트_19,800","_블랙_19,800|_화이트_19,800","_블랙_19,800|_화이트_19,800","_블랙_19,800|_화이트_19,800","_블랙_19,800|_화이트_19,800","_블랙_19,800|_화이트_19,800","_블랙_19,800|_화이트_19,800","_블랙_19,800|_화이트_19,800","_블랙_19,800|_화이트_19,800"
5894604,RIZUM G-FACTOR Z200 RGB 양손가능 PRO GAMING MOUSE,"화이트_91,700","화이트_91,700","화이트_91,700","화이트_91,700","화이트_91,700","화이트_91,700","화이트_91,700","화이트_91,700","화이트_91,700","화이트_91,700"
6313891,RIZUM G-FACTOR Z300 RGB PRO GAMING MOUSE,"_블랙_21,980|_화이트_21,980","_블랙_21,980|_화이트_21,980","_블랙_21,980|_화이트_21,980","_블랙_21,980|_화이트_21,980","_블랙_21,980|_화이트_21,980",0,"_블랙_21,980|_화이트_21,980","_블랙_21,980|_화이트_21,980","_블랙_21,980|_화이트_21,980","_블랙_21,980|_화이트_21,980"
6313810,RIZUM G-FACTOR Z300 RGB PRO GAMING MOUSE,0,0,0,0,0,"_블랙_21,980|_화이트_21,980",0,0,0,0
7948489,RIZUM M102 무소음 블루투스 마우스,"블랙_9,530","블랙_9,530","블랙_9,530","블랙_9,530","블랙_9,530","블랙_9,530","블랙_9,530","블랙_9,530","블랙_9,530","블랙_9,530"
5291081,RIZUM M7 버티컬 무선 마우스,0,0,0,0,0,"실버_29,000","실버_29,000","실버_29,000","실버_29,000","실버_29,000"
19257965,ROCCAT BURST CORE,"블랙_41,500|_벌크_35,000|_화이트_39,000","블랙_41,500|_벌크_35,000|_화이트_39,000","_블랙_41,500|_벌크_35,000|화이트_39,000","_블랙_41,500|_벌크_35,000|화이트_39,000",0,0,0,0,0,0
12788606,ROCCAT BURST CORE,0,0,0,0,"_블랙_41,500|_벌크_35,000|화이트_39,000","_블랙_41,500|_벌크_35,000|화이트_39,000","_블랙_41,500|_벌크_35,000|화이트_39,000","_블랙_41,500|_벌크_35,000|화이트_39,000",0,0
12788621,ROCCAT BURST CORE,0,0,0,0,0,0,0,0,"_블랙_41,500|벌크_35,000|_화이트_39,000","블랙_41,500|_벌크_35,000|_화이트_39,000"
12616082,ROCCAT BURST PRO,"_블랙_70,680|_화이트_39,000","_블랙_70,680|_화이트_39,000","_블랙_70,680|_화이트_39,000","_블랙_70,680|_화이트_39,000","_블랙_70,680|_화이트_39,000","_블랙_70,680|_화이트_39,000","_블랙_70,680|_화이트_39,000","_블랙_70,680|_화이트_39,000","_블랙_70,680|_화이트_19,900","_블랙_70,680|_화이트_19,900"
16903148,ROCCAT BURST PRO AIR,"블랙_119,000","블랙_114,000","블랙_119,000","블랙_119,000","블랙_114,000","블랙_116,500","블랙_114,000","블랙_119,000","블랙_119,000","블랙_119,000"
14550437,ROCCAT KONE PRO AIR,"블랙_130,000","블랙_130,000","블랙_130,000","블랙_130,000","블랙_130,000","블랙_130,000","블랙_130,000","블랙_130,000","블랙_130,000","블랙_130,000"
15208727,ROCCAT KONE PURE SEL RGB 게이밍 마우스,"블랙_24,900","블랙_24,900","블랙_24,900","블랙_24,900","블랙_24,900","블랙_24,900","블랙_24,900","블랙_24,900","블랙_24,900","블랙_24,900"
10599750,ROCCAT KONE PURE ULTRA i,"블랙_35,530","블랙_35,530","블랙_35,530","블랙_35,530","블랙_35,530","블랙_35,530","블랙_35,530","블랙_35,530","블랙_35,530","블랙_35,540"
17816501,ROCCAT KONE XP AIR,"블랙_189,720","블랙_189,720","블랙_189,720","블랙_189,720","블랙_189,720","블랙_189,720","블랙_189,720","블랙_189,720","블랙_189,720","블랙_189,720"
29884946,ROCCAT PURE AIR 유무선,"_블랙_78,990|_화이트_74,340","_블랙_59,900|_화이트_59,900","_블랙_59,900|_화이트_59,900","_블랙_59,900|_화이트_59,900","_블랙_59,900|_화이트_59,900",0,"_블랙_59,900|_화이트_59,900",0,0,0
29884931,ROCCAT PURE AIR 유무선,0,0,0,0,0,"_블랙_59,900|_화이트_59,900",0,"_블랙_78,990|_화이트_74,300","_블랙_78,990|_화이트_74,300","_블랙_78,990|_화이트_74,300"
64375976,ROCCAT PURE SEL,"_블랙_24,900|_화이트_24,200","_블랙_24,900|_화이트_24,200","_블랙_24,900|_화이트_24,200","_블랙_24,900|_화이트_24,900","_블랙_24,900|_화이트_24,900","_블랙_24,900|_화이트_24,900","_블랙_24,900|_화이트_24,900","_블랙_24,900|_화이트_24,900","_블랙_24,900|_화이트_24,900","_블랙_24,900|_화이트_24,900"
15381266,ROYCHE BT21 리틀버디 베이비 무선 블루투스 마우스,"망_24,900|슈키_24,900|_알제이_24,900|치미_24,900|_쿠키_19,900|","망_24,900|슈키_24,900|_알제이_24,900|치미_24,900|_쿠키_19,900|",0,0,0,0,0,0,0,0
15379619,ROYCHE BT21 리틀버디 베이비 무선 블루투스 마우스,0,0,"_망_24,900|슈키_24,900|알제이_24,900|치미_24,900|_쿠키_19,900|","_망_24,900|슈키_24,900|알제이_24,900|치미_24,900|_쿠키_19,900|",0,0,0,0,0,0
15381968,ROYCHE BT21 리틀버디 베이비 무선 블루투스 마우스,0,0,0,0,"_망_24,900|_슈키_24,900|알제이_24,900|치미_24,900|쿠키_19,900|","_망_24,900|_슈키_24,900|알제이_24,900|치미_24,900|쿠키_19,900|","_망_24,900|_슈키_24,900|알제이_24,900|치미_24,900|쿠키_19,900|","_망_24,900|_슈키_24,900|알제이_24,900|치미_24,900|쿠키_19,900|","_망_24,900|_슈키_24,900|알제이_24,900|치미_24,900|쿠키_19,900|","_망_24,900|_슈키_24,900|알제이_24,900|치미_24,900|쿠키_19,900|"
15998597,ROYCHE BTS 타이니탄 다이너마이트 무선 마우스,"_RM_21,290|_뷔_21,300|슈가_22,890|정국_22,890|제이홉_22,890||","_RM_21,300|_뷔_21,300|슈가_22,890|정국_22,890|제이홉_22,890||","_RM_21,300|_뷔_21,300|슈가_22,890|정국_22,890|제이홉_22,890||","_RM_21,300|_뷔_21,300|슈가_22,890|정국_22,890|제이홉_22,890||","_RM_21,300|_뷔_21,300|슈가_22,890|정국_22,890|제이홉_22,890||","_RM_21,290|_뷔_21,300|슈가_22,890|정국_22,890|제이홉_22,890||","_RM_21,300|_뷔_21,300|슈가_22,890|정국_22,890|제이홉_22,890||","_RM_21,300|_뷔_21,300|슈가_22,890|정국_22,890|제이홉_22,890||","_RM_21,300|_뷔_21,300|슈가_22,890|정국_22,890|제이홉_22,890||","_RM_21,290|_뷔_21,300|슈가_22,890|정국_22,890|제이홉_22,890||"
16009910,ROYCHE BTS 타이니탄 무선 마우스,"_RM_13,900|_뷔_13,900|슈가_13,900|정국_13,900|제이홉_13,900||","_RM_13,900|_뷔_13,900|슈가_13,900|정국_13,900|제이홉_13,900||","_RM_13,900|_뷔_13,900|슈가_13,900|정국_13,900|제이홉_13,900||","_RM_13,900|_뷔_13,900|슈가_13,900|정국_13,900|제이홉_13,900||",0,"_RM_13,900|_뷔_13,900|슈가_13,900|정국_13,900|제이홉_13,900||","_RM_9,900|_뷔_9,900|슈가_9,900|정국_9,900|제이홉_9,900||","_RM_9,900|_뷔_9,900|슈가_9,900|정국_9,900|제이홉_9,900||","_RM_9,900|_뷔_9,900|슈가_9,900|정국_9,900|제이홉_9,900||","_RM_9,900|_뷔_9,900|슈가_9,900|정국_9,900|제이홉_9,900||"
16012169,ROYCHE BTS 타이니탄 무선 마우스,0,0,0,0,"_RM_13,900|뷔_13,900|슈가_13,900|정국_13,900|제이홉_13,900|_지민_13,900|",0,0,0,0,0
90434000,ROYCHE RDM-G510 유무선,"_블랙_39,900|_화이트_39,900","_블랙_39,900|_화이트_39,900","_블랙_39,900|_화이트_39,900","_블랙_39,900|_화이트_39,900","_블랙_39,900|_화이트_39,900","_블랙_39,900|_화이트_39,900","_블랙_39,900|_화이트_39,900","_블랙_39,900|_화이트_39,900","_블랙_39,900|_화이트_39,900","_블랙_39,900|_화이트_39,900"
12945749,ROYCHE RX-550 무소음 무선 마우스,"_블랙_14,900|_화이트_24,000","_블랙_14,900|_화이트_24,000","_블랙_14,900|_화이트_24,000","_블랙_14,900|_화이트_24,000","_블랙_14,900|_화이트_24,000","_블랙_14,900|_화이트_24,000","_블랙_14,900|_화이트_24,000","_블랙_14,900|_화이트_24,000","_블랙_14,900|_화이트_24,000","_블랙_14,900|_화이트_24,000"
58114145,ROYCHE RX-600TR 무선,"_그레이_12,250|_아이보리_15,730","_그레이_12,250|_아이보리_15,730","_그레이_12,900|_아이보리_15,730","_그레이_12,900|_아이보리_15,730","_그레이_12,900|_아이보리_15,730","_그레이_12,900|_아이보리_15,730","_그레이_12,120|_아이보리_15,730","_그레이_12,120|_아이보리_15,730","_그레이_12,120|_아이보리_15,730","_그레이_12,120|_아이보리_15,730"
14896970,ROYCHE RX-620 무선 마우스,"_블랙_12,900|_베이지_12,900|핑크_12,900","_블랙_12,900|_베이지_12,900|핑크_12,900","_블랙_12,900|_베이지_12,900|핑크_12,900","_블랙_12,900|_베이지_12,900|핑크_12,900","_블랙_12,900|_베이지_12,900|핑크_12,900","_블랙_12,900|_베이지_12,900|핑크_12,900","_블랙_12,900|_베이지_12,900|핑크_12,900","_블랙_12,900|_베이지_12,900|핑크_12,900","_블랙_12,900|_베이지_12,900|핑크_12,900","_블랙_12,900|_베이지_12,900|핑크_12,900"
102126155,ROYCHE RX-650V 무선,"_아이보리_19,590|핑크_19,590|_화이트_19,590","_아이보리_19,590|핑크_19,590|_화이트_19,590","_아이보리_19,590|핑크_19,590|_화이트_19,590","_아이보리_19,590|핑크_19,590|_화이트_19,590","_아이보리_19,590|핑크_19,590|_화이트_19,590","_아이보리_19,590|핑크_19,590|_화이트_19,590","_아이보리_19,590|핑크_19,590|_화이트_19,590","_아이보리_19,590|핑크_19,590|_화이트_19,590","_아이보리_19,590|핑크_19,590|_화이트_19,590","_아이보리_19,590|핑크_19,590|_화이트_19,590"
32861435,ROYCHE RX-660TR 무선,"22,390",0,"22,390","22,390",0,0,"22,390","22,390",0,0
58836071,ROYCHE RX-680V 무선,"_블랙_18,900|_화이트_18,890","_블랙_18,900|_화이트_18,890","_블랙_18,900|_화이트_18,890","_블랙_18,900|_화이트_18,890","_블랙_18,900|_화이트_18,890","_블랙_18,900|_화이트_18,890","_블랙_18,900|_화이트_18,890","_블랙_18,900|_화이트_18,890","_블랙_18,900|_화이트_18,890","_블랙_18,900|_화이트_18,890"
14289596,ROYCHE RX-700TR 무선 블루투스 마우스,"_블랙_24,900|_핑크_24,900","_블랙_24,900|_핑크_24,900","_블랙_24,900|_핑크_24,900","_블랙_24,900|_핑크_24,900","_블랙_24,900|_핑크_24,900","_블랙_24,900|_핑크_24,900","_블랙_24,900|_핑크_24,900","_블랙_24,900|_핑크_24,900","_블랙_24,900|_핑크_24,900","_블랙_24,900|_핑크_24,900"
81061424,ROYCHE RX-710TR,"_블랙_19,900|_화이트_19,900","_블랙_19,900|_화이트_19,900","_블랙_19,900|_화이트_19,900","_블랙_19,900|_화이트_19,900","_블랙_19,900|_화이트_19,900","_블랙_19,900|_화이트_19,900","_블랙_19,900|_화이트_19,900","_블랙_19,900|_화이트_19,900","_블랙_19,900|_화이트_19,900","_블랙_19,900|_화이트_19,900"
106729328,ROYCHE RX-720DC 무선,"_블랙_19,900|_애프리콧_19,900","_블랙_19,900|_애프리콧_19,900","_블랙_19,900|_애프리콧_19,900","_블랙_19,900|_애프리콧_19,900","_블랙_19,900|_애프리콧_19,900","_블랙_19,900|_애프리콧_19,900","_블랙_19,900|_애프리콧_19,900","_블랙_19,900|_애프리콧_19,900","_블랙_19,900|_애프리콧_19,900","_블랙_19,900|_애프리콧_19,900"
58105682,ROYCHE RX-750V 무선,"_핑크_26,900|_레몬 아이보리_26,900","_핑크_26,900|_레몬 아이보리_26,900","_핑크_26,900|_레몬 아이보리_26,900","_핑크_26,900|_레몬 아이보리_26,900","_핑크_26,900|_레몬 아이보리_26,900","_핑크_26,900|_레몬 아이보리_26,900","_핑크_26,900|_레몬 아이보리_26,900","_핑크_26,900|_레몬 아이보리_26,900","_핑크_26,900|_레몬 아이보리_26,900","_핑크_26,900|_레몬 아이보리_26,900"
18953585,ROYCHE RX-800V 무선,"26,900","26,900","26,900","26,900","26,900","26,900","26,900","26,900","26,900","26,900"
106729370,ROYCHE RX-840SW 무선,"36,900","36,900","36,900","36,900","32,900","32,900","32,900","32,900","32,900","32,900"
104949404,ROYCHE RX-860VD 무선,"_블랙_49,900|_화이트_49,900","_블랙_49,900|_화이트_49,900","_블랙_49,900|_화이트_49,900","_블랙_49,900|_화이트_49,900","_블랙_49,900|_화이트_49,900","_블랙_49,900|_화이트_49,900","_블랙_49,900|_화이트_49,900","_블랙_49,900|_화이트_49,900","_블랙_49,900|_화이트_49,900","_블랙_49,900|_화이트_49,900"
98226323,ROYCHE RX-900S 무선,"_블랙_54,900|_핑크_54,890|화이트_54,890",0,0,0,0,0,0,0,0,0
36834509,ROYCHE RX-900S 무선,0,"_블랙_54,900|_핑크_54,890|화이트_54,890","_블랙_54,900|_핑크_54,890|화이트_54,890","_블랙_54,900|_핑크_54,890|화이트_54,890","_블랙_54,900|_핑크_54,890|화이트_54,890",0,0,0,0,0
98226332,ROYCHE RX-900S 무선,0,0,0,0,0,"_블랙_54,900|핑크_54,890|_화이트_54,890","_블랙_54,900|핑크_54,890|_화이트_54,890","_블랙_54,900|핑크_54,890|_화이트_54,890","블랙_54,900|_핑크_54,890|_화이트_54,890","블랙_54,900|_핑크_54,890|_화이트_54,890"
14858414,ROYCHE 라인프렌즈 BT21 베이비 무소음 무선 마우스,"_타타_19,900|망_19,900|_슈키_19,900|알제이_19,900|치미_19,900||","_타타_19,900|망_19,900|_슈키_19,900|알제이_19,900|치미_19,900||","_타타_19,900|망_19,900|_슈키_19,900|알제이_19,900|치미_19,900||","_타타_19,900|망_19,900|_슈키_19,900|알제이_19,900|치미_19,900||","_타타_19,900|망_19,900|_슈키_19,900|알제이_19,900|치미_19,900||","_타타_19,900|망_19,900|_슈키_19,900|알제이_19,900|치미_19,900||","_타타_19,900|망_19,900|_슈키_19,900|알제이_19,900|치미_19,900||","_타타_19,900|망_19,900|_슈키_19,900|알제이_19,900|치미_19,900||","_타타_19,900|망_19,900|_슈키_19,900|알제이_19,900|치미_19,900||","_타타_19,900|망_19,900|_슈키_19,900|알제이_19,900|치미_19,900||"
14607395,ROYCHE 라인프렌즈 멀티페어링 무선마우스,"_브라운_14,900|_코니_14,900","_브라운_14,900|_코니_14,900","_브라운_14,900|_코니_14,900","_브라운_14,900|_코니_14,900","_브라운_14,900|_코니_14,900","_브라운_14,900|_코니_14,900","_브라운_14,900|_코니_14,900","_브라운_14,900|_코니_14,900","_브라운_14,900|_코니_14,900","_브라운_14,900|_코니_14,900"
14910329,ROYCHE 라인프렌즈 미니 브라운앤프렌즈 무선 마우스,"_브라운_9,900|_샐리_9,900|코니_17,900","_브라운_9,900|_샐리_9,900|코니_17,900","_브라운_9,900|_샐리_9,900",0,"_브라운_9,900|_샐리_9,900|코니_17,900","_브라운_9,900|_샐리_9,900|코니_17,900","_브라운_9,900|_샐리_9,900|코니_17,900","_브라운_9,900|_샐리_9,900|코니_17,900","_브라운_9,900|_샐리_9,900|코니_17,900","_브라운_9,900|_샐리_9,900|코니_17,900"
14910476,ROYCHE 라인프렌즈 미니 브라운앤프렌즈 무선 마우스,0,0,0,"_브라운_9,900|샐리_9,900|_코니_17,900",0,0,0,0,0,0
72968714,ROYCHE 미피 무선,"26,900","26,900","26,900","26,900","26,900","26,900","26,900","26,900","26,900","26,900"
15147209,ROYCHE 브롤스타즈 무선 무소음 마우스,"_SPIKE_19,900|_CROW_19,900","_SPIKE_19,900|_CROW_19,900","_SPIKE_19,900|_CROW_19,900","_SPIKE_19,900|_CROW_19,900","_SPIKE_19,900|_CROW_19,900","_SPIKE_19,900|_CROW_19,900","_SPIKE_19,900|_CROW_19,900","_SPIKE_19,900|_CROW_19,900","_SPIKE_19,900|_CROW_19,900","_SPIKE_19,900|_CROW_19,900"
35806808,ROYCHE 산리오 멀티페어링 무선,"폼폼푸린_18,510","폼폼푸린_18,510",0,0,0,0,0,0,0,0
92674520,ROYCHE 산리오 무선,"_헬로키티_54,900|쿠로미_54,900|_포차코_54,900","_헬로키티_54,900|쿠로미_54,900|_포차코_54,900","_헬로키티_54,900|쿠로미_54,900|_포차코_54,900","_헬로키티_54,900|쿠로미_54,900|_포차코_54,900","_헬로키티_54,900|쿠로미_54,900|_포차코_54,900","_헬로키티_54,900|쿠로미_54,900|_포차코_54,900","_헬로키티_54,900|쿠로미_54,900|_포차코_54,900","_헬로키티_54,900|쿠로미_54,900|_포차코_54,900","_헬로키티_54,900|쿠로미_54,900|_포차코_54,900","_헬로키티_54,900|쿠로미_54,900|_포차코_54,900"
19702631,ROYCHE 산리오 캐릭터즈 무선 블루투스,0,0,0,0,0,0,"쿠로미_24,900","쿠로미_24,900","쿠로미_24,900","쿠로미_24,900"
94445948,ROYCHE 스누피 버티컬 무선,"49,900","49,900","49,900","49,900","49,900","49,900","49,900","49,900","49,900","49,900"
16847120,ROYCHE 잔망루피 멀티페어링 무선 마우스,"24,890","24,890","24,890","24,890","24,890","24,890","24,890","24,890","24,890","24,890"
71505089,ROYCHE 잔망루피 버티컬 무선,"54,900","54,900","54,900","54,900","54,900","54,900","54,900","54,900","54,900","54,900"
28558829,ROYCHE 잔망루피 피규어 무선,"26,290","26,290","26,290","26,290","26,290","26,290","26,290","26,290","26,290","26,290"
122717950,ROYCHE 조앤프렌즈 무선,"28,000","28,000","28,000","28,000","28,000","28,000","28,000","28,000","28,000","28,000"
12878465,ROYCHE 피너츠 스누피 블루투스 무소음 마우스,"바이올렛_24,900","바이올렛_24,900","바이올렛_24,900","바이올렛_24,900","바이올렛_24,900","바이올렛_24,900","바이올렛_24,900","바이올렛_24,900","바이올렛_24,900","바이올렛_24,900"
28647050,ROYCHE 피너츠 스누피 피규어 무선,"63,830","63,830","63,830","63,830","63,830","63,830","61,850","61,850","61,850","61,850"
37827326,Rawm SA-ML01 유무선,0,0,0,0,0,0,0,0,"해외구매_46,270","해외구매_46,270"
92627582,Razer Basilisk Mobile,"139,000","132,050","139,000","139,000","139,000","139,000","139,000","139,000","139,000","139,000"
13168031,Razer Basilisk Ultimate,"해외구매_173,000",0,0,0,0,0,0,0,0,0
15252377,Razer Basilisk V3,"_정품_77,500|_병행수입_60,890|해외구매_66,630","_정품_77,500|_병행수입_60,890|해외구매_66,630","_정품_77,500|_병행수입_60,890|해외구매_66,630","_정품_77,500|_병행수입_60,890|해외구매_66,630","_정품_77,500|_병행수입_60,890|해외구매_66,630","_정품_77,500|_병행수입_60,890|해외구매_66,630","_정품_69,000|_병행수입_60,890|해외구매_66,630","_정품_69,000|_병행수입_60,890|해외구매_66,630","_정품_69,000|_병행수입_60,890|해외구매_66,630","_정품_69,000|_병행수입_60,890|해외구매_66,630"
68538380,Razer Basilisk V3 35K (정품),"129,000","129,000","129,000","129,000","129,000","129,000","129,000","129,000","129,000","129,000"
17764835,Razer Basilisk V3 Pro,"_정품_192,000|_해외구매_178,280","_정품_192,000|_해외구매_178,280","_정품_192,000|_해외구매_178,280","_정품_192,000|_해외구매_178,280","_정품_192,000|_해외구매_178,280","_정품_192,000|_해외구매_180,220","_정품_192,000|_해외구매_180,220",0,"192,000|_화이트_192,000","192,000|_화이트_192,000"
17774525,Razer Basilisk V3 Pro,0,0,0,0,0,0,0,"해외구매_180,220","해외구매_180,220","해외구매_180,220"
68440448,Razer Basilisk V3 Pro 35K (정품),"_블랙_229,000|_화이트_229,000","_블랙_229,000|_화이트_229,000","_블랙_229,000|_화이트_229,000","_블랙_229,000|_화이트_229,000","_블랙_229,000|_화이트_229,000","_블랙_229,000|_화이트_229,000","_블랙_229,000|_화이트_229,000",0,0,0
68440475,Razer Basilisk V3 Pro 35K 무선 충전 팩,"_블랙_299,000|팬텀 그린_348,000|_화이트_299,000","_블랙_299,000|팬텀 그린_348,000|_화이트_299,000","_블랙_299,000|_팬텀 그린_348,000|화이트_299,000",0,"_블랙_299,000|팬텀 그린_348,000|_화이트_299,000","_블랙_299,000|팬텀 그린_348,000|_화이트_299,000","_블랙_299,000|팬텀 그린_348,000|_화이트_299,000","_블랙_299,000|팬텀 그린_348,000|_화이트_299,000","_블랙_299,000|팬텀 그린_348,000|_화이트_299,000","_블랙_299,000|팬텀 그린_348,000|_화이트_299,000"
124248391,Razer Basilisk V3 Pro 35K 무선 충전 팩,0,0,0,"_블랙_299,000|_팬텀 그린_348,000|화이트_299,000",0,0,0,0,0,0
95520071,Razer Basilisk V3 Pro 35K 팬텀 그린,"269,000","269,000","269,000","269,000","269,000","269,000","269,000",0,0,0
99712766,Razer Basilisk V3 Pro 35K 팬텀 화이트,"269,000","269,000","269,000","269,000","269,000","269,000","269,000","블랙_229,000|화이트_229,000|_팬텀 그린_269,000|_팬텀 화이트_268,990","블랙_229,000|화이트_229,000|_팬텀 그린_269,000|_팬텀 화이트_261,490","블랙_229,000|화이트_229,000|_팬텀 그린_269,000|_팬텀 화이트_261,490"
18453749,Razer Basilisk V3 Pro White Edition,"정품_192,000","정품_192,000","정품_192,000","정품_192,000","정품_192,000","정품_192,000","정품_192,000","192,000|_화이트_192,000",0,0
17766878,Razer Basilisk V3 Pro 무선 충전 팩,"_블랙_279,000|_화이트_279,000","_블랙_279,000|_화이트_279,000","_블랙_279,000|_화이트_279,000","_블랙_279,000|_화이트_279,000","_블랙_279,000|_화이트_279,000","_블랙_279,000|_화이트_282,040",0,0,0,0
18453944,Razer Basilisk V3 Pro 무선 충전 팩,0,0,0,0,0,0,"_블랙_279,000|_화이트_279,000","_블랙_279,000|_화이트_279,000","_블랙_279,000|_화이트_279,000","_블랙_279,000|_화이트_279,000"
19991372,Razer Basilisk V3 X Hyperspeed 무선 블루투스,"_정품_110,560|_해외구매_76,500","_정품_110,560|_해외구매_76,500","_정품_119,000|_해외구매_76,500","_정품_119,000|_해외구매_76,500","_정품_119,000|_해외구매_76,500","_정품_119,000|_해외구매_76,500",0,0,0,"_정품_119,000|_해외구매_76,500"
19969850,Razer Basilisk V3 X Hyperspeed 무선 블루투스,0,0,0,0,0,0,"_정품_119,000|_해외구매_76,500","_정품_119,000|_해외구매_76,500","_정품_119,000|_해외구매_76,500",0
18750617,Razer Basilisk X HyperSpeed,"_벌크_96,900|_병행수입_96,900|해외구매_96,900","_벌크_96,900|_병행수입_96,900|해외구매_96,900","_벌크_96,900|_병행수입_96,900|해외구매_96,900","_벌크_96,900|_병행수입_96,900","_벌크_96,900|병행수입_92,740|_해외구매_96,900","_벌크_96,900|_병행수입_96,900|해외구매_92,740","_벌크_96,900|_병행수입_96,900|해외구매_96,900","_벌크_96,900|_병행수입_96,900|해외구매_96,900","_벌크_96,900|_병행수입_96,900|해외구매_96,900","_벌크_96,900|_병행수입_96,900|해외구매_96,900"
20810816,Razer Cobra,"_정품_37,870|병행수입_47,400|_해외구매_73,260","_정품_39,900|병행수입_47,400|_해외구매_73,190","_정품_39,900|병행수입_47,400|_해외구매_73,140","_정품_39,900|병행수입_47,400|_해외구매_73,070","_정품_39,900|_병행수입_47,400|해외구매_73,010","_정품_39,900|_병행수입_47,400|해외구매_72,950","_정품_39,900|_병행수입_47,400|해외구매_71,880","_정품_39,900|_병행수입_47,400|해외구매_71,790","_정품_39,900|_병행수입_47,400|해외구매_71,750","_정품_39,900|_병행수입_47,400|해외구매_71,690"
95341850,Razer Cobra HyperSpeed 유무선,"149,000","149,000","149,000","149,000","149,000","149,000","149,000","149,000","149,000","149,000"
122718873,Razer Cobra HyperSpeed 유무선 무선 충전 팩,"228,000","228,000","228,000","228,000","228,000","228,000","228,000","228,000","228,000","228,000"
80569784,Razer Cobra Minecraft Edition,"69,000","69,000","69,000","69,000","69,000","69,000","69,000","69,000","69,000","69,000"
54484475,Razer Cobra Pro White 유무선,"정품_199,000","정품_199,000","정품_199,000","정품_199,000","정품_199,000","정품_199,000","정품_159,000",0,0,0
55465412,Razer Cobra Pro White 유무선 무선 충전 팩,"249,000","249,000","249,000","249,000","249,000","249,000","249,000",0,0,0
21455585,Razer Cobra Pro 무선 충전 팩,"정품_249,000","정품_249,000","정품_249,000","정품_249,000","정품_249,000","정품_249,000","정품_249,000","_블랙_249,000|_화이트_249,000","_블랙_249,000|_화이트_249,000","_블랙_249,000|_화이트_249,000"
20776448,Razer Cobra Pro 유무선,"_정품_189,050|_해외구매_134,310","_정품_189,050|_해외구매_134,310","_정품_189,050|_해외구매_134,310","_정품_189,050|_해외구매_134,310","_정품_189,050|_해외구매_134,310","_정품_189,050|_해외구매_128,710","_정품_159,000|_해외구매_128,710","_블랙_159,000|_화이트_159,000","_블랙_159,000|_화이트_159,000","_블랙_159,000|_화이트_159,000"
21435284,Razer Cobra Pro 유무선,0,0,0,0,0,0,0,"해외구매_128,710","해외구매_128,710","해외구매_128,710"
17343584,Razer DeathAdder Essential,"_병행수입_22,080|_해외구매_26,790","_병행수입_22,080|_해외구매_26,790","_병행수입_22,080|_해외구매_26,790","_병행수입_22,080|_해외구매_26,790","_병행수입_22,080|_해외구매_26,790","_병행수입_22,080|_해외구매_26,790","_병행수입_22,080|_해외구매_26,790","_병행수입_22,080|_해외구매_26,790","_병행수입_22,080|_해외구매_26,790","_병행수입_22,080|_해외구매_26,790"
15395066,Razer DeathAdder Essential (정품),"_블랙_25,890|_화이트_25,900","_블랙_25,890|_화이트_25,900","_블랙_25,890|_화이트_25,900","_블랙_25,890|_화이트_25,900","_블랙_25,890|_화이트_25,900","_블랙_25,890|_화이트_25,900","_블랙_25,890|_화이트_25,900","_블랙_25,890|_화이트_25,900","_블랙_25,123|_화이트_25,123","_블랙_25,123|_화이트_25,123"
122663653,Razer DeathAdder Essential + Gigantus V2 Blackpink edition,"블랙_109,000","블랙_109,000","블랙_109,000","블랙_109,000","블랙_109,000","블랙_109,000","블랙_109,000","블랙_109,000","블랙_109,000","블랙_109,000"
122663649,Razer DeathAdder Essential Blackpink edition,"블랙_79,990","블랙_79,990","블랙_79,990","블랙_79,990","블랙_79,990","블랙_79,990","블랙_79,990","블랙_79,990","블랙_79,990","블랙_79,990"
13688873,Razer DeathAdder V2 Mini,"병행수입_68,600","병행수입_68,600",0,0,"병행수입_65,660",0,"병행수입_65,660","병행수입_65,660","병행수입_65,660","병행수입_65,660"
15721307,Razer DeathAdder V2 X HyperSpeed,"_정품_59,900|_해외구매_64,980","_정품_59,900|_해외구매_64,980","_정품_59,900|_해외구매_64,980","_정품_59,900|_해외구매_64,980","_정품_59,900|_해외구매_64,980","_정품_59,900|_해외구매_64,980","_정품_59,900|_해외구매_64,980","_정품_59,900|_해외구매_64,980","_정품_59,900|_해외구매_64,980","_정품_59,900|_해외구매_64,980"
19505813,Razer DeathAdder V3,"정품_105,590","정품_105,590","정품_105,590","정품_105,590","정품_105,590","정품_105,590","정품_105,590","정품_105,590","정품_105,590","정품_105,590"
92742329,Razer DeathAdder V3 HyperSpeed,"병행수입_169,490","병행수입_169,490","병행수입_169,490","병행수입_169,490","병행수입_169,450","병행수입_169,490","병행수입_169,490","병행수입_169,490","병행수입_166,310","병행수입_166,310"
58007615,Razer DeathAdder V3 HyperSpeed (정품),"149,000","149,000","136,000","136,000","136,000","136,000","136,000","126,630","126,630","126,630"
60009266,Razer DeathAdder V3 HyperSpeed HyperPolling Dongle 번들팩,"194,000","194,000","194,000","194,000","194,000","194,000",0,0,0,0
17673140,Razer DeathAdder V3 Pro,"_병행수입_119,890|_정품_192,990","_병행수입_119,890|_정품_192,990","_병행수입_119,890|_정품_192,990",0,0,0,0,"_블랙_230,000|_화이트_230,000","_블랙_230,000|_화이트_230,000","_블랙_230,000|_화이트_230,000"
18826775,Razer DeathAdder V3 Pro,0,0,0,"_병행수입_119,890|_정품_192,990","_병행수입_119,890|_정품_192,990","_병행수입_119,890|_정품_192,990","_병행수입_119,890|_정품_192,990","_병행수입_119,890|_해외구매_208,000","_병행수입_119,270|_해외구매_208,000","_병행수입_119,270|_해외구매_208,000"
34816811,Razer DeathAdder V3 Pro HyperPolling Dongle 번들팩,"_블랙_249,000|_화이트_265,000","_블랙_249,000|_화이트_265,000","_블랙_249,000|_화이트_265,000","_블랙_249,000|_화이트_265,000",0,0,0,0,0,0
79410197,Razer DeathAdder V3 Pro HyperPolling Dongle 번들팩,0,0,0,0,"_블랙_249,000|_화이트_265,000","_블랙_249,000|_화이트_265,000","_블랙_249,000|_화이트_265,000","_블랙_249,000|_화이트_265,000","_블랙_249,000|_화이트_265,000","_블랙_249,000|_화이트_265,000"
17673209,Razer DeathAdder V3 Pro White Edition,"_정품_230,000|_해외구매_179,000","_정품_230,000|_해외구매_179,000","_정품_230,000|_해외구매_179,000","_정품_230,000|_해외구매_179,000","_정품_230,000|_해외구매_239,890","_정품_230,000|_해외구매_239,890","_정품_230,000|_해외구매_239,890",0,0,0
94444589,Razer DeathAdder V4 Pro,"_정품_220,000|병행수입_289,690|_해외구매_287,810","_정품_220,000|병행수입_289,690|_해외구매_287,810","_정품_220,000|병행수입_289,690|_해외구매_287,810","_정품_220,000|_병행수입_289,690|해외구매_287,810","_정품_220,000|_병행수입_289,650|해외구매_287,810","_정품_259,000|_병행수입_289,690|해외구매_275,820","_정품_243,490|_병행수입_289,690|해외구매_275,820",0,0,0
103690613,Razer DeathAdder V4 Pro,0,0,0,0,0,0,0,"_병행수입_289,290|_해외구매_275,820","_병행수입_286,460|_해외구매_275,820","_병행수입_286,460|_해외구매_275,820"
106757663,Razer DeathAdder V4 Pro Niko Edition,"288,990","274,550","277,527","277,527","274,724","274,724","271,921","279,000","279,000","279,000"
94444616,Razer DeathAdder V4 Pro 화이트,"_정품_245,000|_병행수입_272,130","_정품_245,000|_병행수입_272,130","_정품_245,000|_병행수입_272,130","_정품_245,000|_병행수입_272,130","_정품_245,000|_병행수입_289,270","_정품_245,000|_병행수입_289,290","_정품_245,000|_병행수입_289,290","_블랙_243,490|_화이트_245,000","_블랙_256,300|_화이트_245,000","_블랙_256,300|_화이트_245,000"
20727998,Razer Naga V2 HyperSpeed 무선 블루투스,"159,000","159,000","159,000","159,000","159,000","159,000","159,000","159,000","159,000","159,000"
18369821,Razer Naga V2 Pro,"255,550","255,550","269,000","269,000","269,000","269,000","269,000","269,000","269,000","269,000"
18369824,Razer Naga V2 Pro 무선 충전 팩,"299,000","299,000","299,000","299,000","299,000","299,000","299,000","299,000","299,000","299,000"
123806667,Razer Naga V3 Pro,"279,000","279,000","279,000","279,000","279,000","279,000","279,000","279,000","279,000","279,000"
123845541,Razer Naga V3 Pro + Mouse Dock Pro,"329,000","329,000","329,000","329,000","329,000","329,000","329,000","329,000","329,000","329,000"
16061780,Razer Orochi V2,"_병행수입_52,090|_해외구매_74,500","_병행수입_52,090|_해외구매_74,500","_병행수입_52,090|_해외구매_74,500","_병행수입_52,090|_해외구매_74,500","_병행수입_52,090|_해외구매_74,500","_병행수입_52,090|_해외구매_74,500","_병행수입_52,090|_해외구매_74,500","_병행수입_52,090|_해외구매_74,500","_병행수입_52,090|_해외구매_74,500","_병행수입_52,090|_해외구매_74,500"
14227505,Razer Orochi V2 (정품),"_블랙_72,900|쿼츠_67,620|_화이트_72,900","_블랙_72,900|쿼츠_67,620|_화이트_72,900","_블랙_72,900|쿼츠_67,620|_화이트_72,900","_블랙_72,900|쿼츠_67,620|_화이트_72,900","_블랙_72,900|쿼츠_67,620|_화이트_72,900","_블랙_72,900|쿼츠_67,620|_화이트_72,900","_블랙_72,900|_쿼츠_67,620|화이트_72,900","_블랙_72,900|_쿼츠_67,620|화이트_72,900","_블랙_72,900|_쿼츠_67,620|화이트_72,900","_블랙_72,900|_쿼츠_67,620|화이트_72,900"
97117274,Razer Orochi V2 Hello kitty Edition,"정품_97,000","정품_97,000","정품_97,000","정품_97,000","정품_97,000","정품_97,000","정품_97,000","정품_97,000","정품_97,000","정품_97,000"
122714761,Razer Orochi V2 Plus (정품),"_블랙_59,900|쿼츠_59,900|_화이트_59,900","_블랙_59,900|쿼츠_59,900|_화이트_59,900","_블랙_59,900|_쿼츠_59,900|화이트_59,900","_블랙_59,900|_쿼츠_59,900|화이트_59,900","_블랙_59,900|_쿼츠_59,900|화이트_59,900","_블랙_59,900|_쿼츠_59,900|화이트_59,900","_블랙_58,900|_쿼츠_58,900|화이트_58,900","_블랙_58,900|_쿼츠_58,900|화이트_58,900","_블랙_58,103|_쿼츠_58,103|화이트_58,103","_블랙_58,103|_쿼츠_58,103|화이트_58,103"
28370540,Razer Orochi V2 Roblox Edition,"정품_109,000","정품_109,000","정품_109,000","정품_109,000","정품_109,000","정품_109,000","정품_109,000","정품_109,000","정품_109,000","정품_109,000"
15734180,Razer Pro Click Mini,"해외구매_111,500","해외구매_111,500","해외구매_111,500","해외구매_111,500","해외구매_111,500","해외구매_111,500","해외구매_111,500","해외구매_111,500","해외구매_111,500","해외구매_111,500"
90886259,Razer Pro Click V2,"156,230","156,230","156,230","156,230","156,230","156,230","129,000","129,000","129,000","129,000"
90697697,Razer Pro Click V2 Vertical Edition,"_정품_188,990|_해외구매_178,010","_정품_188,990|_해외구매_178,010","_정품_188,990|_해외구매_178,100","_정품_188,990|_해외구매_178,100","_정품_188,990|_해외구매_182,980","_정품_188,990|_해외구매_173,460","_정품_188,990|_해외구매_173,460","_정품_188,990|_해외구매_172,870","_정품_183,330|_해외구매_172,870","_정품_183,330|_해외구매_172,870"
14187815,Razer Viper,"병행수입_57,410","병행수입_57,410","병행수입_57,410","병행수입_57,410","병행수입_57,410","병행수입_57,410","병행수입_57,410","병행수입_57,410","병행수입_57,410","병행수입_57,410"
18180557,Razer Viper 8KHz,0,0,0,0,0,0,"병행수입_189,900","병행수입_189,900","병행수입_189,900","병행수입_189,900"
33992549,Razer Viper Mini SIGNATURE EDITION,"해외구매_632,000","해외구매_632,000","해외구매_632,000","해외구매_632,000","해외구매_632,000","해외구매_632,000","해외구매_632,000","해외구매_632,000","해외구매_632,000","해외구매_632,000"
13665266,Razer Viper Ultimate Cyberpunk 2077 Edition,"해외구매_650,000","해외구매_650,000","해외구매_650,000","해외구매_650,000","해외구매_650,000","해외구매_650,000","해외구매_650,000","해외구매_650,000","해외구매_650,000","해외구매_650,000"
17023937,Razer Viper V2 PRO,"_병행수입_113,500|_해외구매_126,040","_병행수입_113,500|_해외구매_126,040","_병행수입_113,500|_해외구매_126,040","_병행수입_113,500|_해외구매_126,040","_병행수입_113,500|_해외구매_126,040","_병행수입_113,500|_해외구매_127,420",0,0,0,0
17024039,Razer Viper V2 PRO,0,0,0,0,0,0,"_병행수입_113,500|_해외구매_127,420","_병행수입_113,500|_해외구매_127,420","_병행수입_113,500|_해외구매_127,420","_병행수입_113,500|_해외구매_127,420"
17024780,Razer Viper V2 PRO Black,"정품_159,000","정품_159,000","정품_159,000","정품_159,000","정품_159,000","정품_159,000","정품_159,000","블랙_159,000","블랙_159,000","블랙_159,000"
17023064,Razer Viper V2 PRO White,"정품_234,000","정품_234,000","정품_234,000","정품_234,000","정품_234,000","정품_234,000","정품_234,000",0,0,0
28370018,Razer Viper V3 HyperSpeed,"병행수입_130,920|_정품_108,990|_해외구매_102,320","병행수입_130,920|_정품_108,990|_해외구매_102,320","병행수입_130,920|_정품_108,990|_해외구매_102,320","병행수입_130,920|_정품_108,990|_해외구매_102,320","병행수입_130,920|_정품_108,990|_해외구매_102,320","병행수입_130,920|_정품_108,990|_해외구매_102,320","병행수입_130,920|_정품_109,000|_해외구매_102,320","병행수입_130,920|_정품_108,990|_해외구매_102,320","병행수입_130,920|_정품_108,990|_해외구매_102,320","병행수입_130,920|_정품_109,000|_해외구매_102,320"
67625624,Razer Viper V3 Pro,"_병행수입_260,580|_해외구매_183,330","_병행수입_260,580|_해외구매_183,330","_병행수입_260,580|_해외구매_183,330","_병행수입_260,580|_해외구매_183,330","_병행수입_276,870|_해외구매_183,330","_병행수입_276,890|_해외구매_183,330","_병행수입_276,890|_해외구매_183,330","_병행수입_276,890|_해외구매_183,330","_병행수입_274,310|_해외구매_183,330","_병행수입_274,310|_해외구매_183,330"
49995902,Razer Viper V3 Pro (정품),"_블랙_231,780|_화이트_213,930|중고_388,100","_블랙_229,290|_화이트_213,930|중고_388,100","_블랙_229,290|_화이트_213,930|중고_388,100","_블랙_229,290|_화이트_213,930|중고_388,100","_블랙_229,290|_화이트_213,930|중고_388,100","_블랙_235,250|_화이트_213,930|중고_388,100","_블랙_229,290|_화이트_213,930|중고_388,100","_블랙_235,250|_화이트_213,930|중고_388,100","_블랙_229,290|_화이트_213,930|중고_388,100","_블랙_229,290|_화이트_213,930|중고_388,100"
101186960,Razer Viper V3 Pro Counter Strike2 Edition,"279,000","279,000","279,000","279,000","279,000","279,000","249,000","249,000","249,000","249,000"
106728761,Razer Viper V3 Pro EVANGELION Edition,"279,000","279,000","279,000","279,000","279,000","279,000","279,000","279,000","279,000","279,000"
77855519,Razer Viper V3 Pro Faker Edition,"279,000","279,000","279,000","279,000","279,000","279,000","279,000","279,000","270,630","270,630"
104042381,Razer Viper V3 Pro SE,"정품_151,050","정품_151,050","정품_152,688","정품_152,688","정품_151,146","정품_149,604","정품_151,146","정품_154,230","정품_154,230","정품_154,230"
124021003,Razer Viper V3 Pro SE 명조 데니아 에디션,"정품_199,000","정품_199,000","정품_199,000","정품_199,000","정품_199,000","정품_199,000","정품_199,000","정품_199,000","정품_199,000",0
108448754,Razer Viper V4 Pro,"해외구매_253,700","해외구매_249,900","해외구매_249,900","해외구매_249,900","해외구매_249,900","해외구매_248,300","해외구매_248,300","해외구매_245,600","해외구매_245,600","해외구매_245,600"
108458390,Razer Viper V4 Pro (정품),"_블랙_249,900|_화이트_249,900","_블랙_249,900|_화이트_249,900","_블랙_249,900|_화이트_249,900","_블랙_249,900|_화이트_249,900","_블랙_249,900|_화이트_249,900","_블랙_249,900|_화이트_249,900","_블랙_224,100|_화이트_224,100","_블랙_224,100|_화이트_224,100","_블랙_224,100|_화이트_224,100","_블랙_224,100|_화이트_224,100"
36793805,Razer 산리오 캐릭터즈 무선,"해외구매_126,803","해외구매_126,603","해외구매_126,828","해외구매_126,828","해외구매_126,828","해외구매_126,828",0,0,0,0
14951237,Redragon COBRA WHITE M711W RGB,"34,000","34,000","34,000","34,000","34,000","34,000","34,000","34,000","34,000","34,000"
14952761,Redragon GERBERUS M703 LED,0,0,"30,980","30,980","30,980","30,690","33,390","33,390","33,390","33,390"
14940737,Redragon GRIFFIN M607 RGB,"47,290","47,290","47,290","47,290","47,290","47,070","47,060","47,060","47,060","47,060"
95524994,Redragon M810 PRO 유무선,"해외구매_50,850","해외구매_66,840","해외구매_66,840","해외구매_66,840","해외구매_66,840",0,0,0,0,0
46643450,Redragon M908,"해외구매_45,660","해외구매_45,660","해외구매_45,660","해외구매_45,660","해외구매_45,660","해외구매_45,660","해외구매_45,660","해외구매_45,660","해외구매_45,660","해외구매_45,660"
11485083,Redragon Memeanlion CHROMA M710,"25,970","25,970","25,970","25,970","25,970","25,970","25,970","25,970","25,970","25,970"
3262868,SADES SA-G3,"_블랙_39,900|_화이트_56,320","_블랙_39,900|_화이트_56,320","_블랙_39,900|_화이트_56,320","_블랙_39,900|_화이트_56,320","_블랙_39,900|_화이트_56,320","_블랙_39,900|_화이트_56,320","_블랙_39,900|_화이트_56,320","_블랙_39,900|_화이트_56,320","_블랙_39,900|_화이트_56,320","_블랙_39,900|_화이트_56,320"
72914399,SCYROX V6 유무선,"해외구매_75,080","해외구매_75,080","해외구매_75,080","해외구매_75,080","해외구매_75,080","해외구매_75,900","해외구매_75,900","해외구매_75,900","해외구매_75,900","해외구매_75,900"
56142719,SKOKO 와콤 신티크16 DTK-1660 액정보호필름,"저반사_17,000","저반사_17,000","저반사_17,000","저반사_17,000",0,0,0,0,0,0
56137988,SKOKO 와콤 신티크22 DTK-2260 액정보호필름,"_저반사_22,000|_올레포빅_22,000","_저반사_22,000|_올레포빅_22,000","_저반사_22,000|_올레포빅_22,000","_저반사_22,000|_올레포빅_22,000","_저반사_22,000|_올레포빅_22,000","_저반사_22,000|_올레포빅_22,000","_저반사_22,000|_올레포빅_22,000","_저반사_22,000|_올레포빅_22,000","_저반사_22,000|_올레포빅_22,000","_저반사_22,000|_올레포빅_22,000"
56142791,SKOKO 와콤 신티크프로 27 DTH-271 액정보호필름,"_저반사_25,000|_올레포빅_25,000|종이질감_25,000","_저반사_25,000|_올레포빅_25,000|종이질감_25,000","_저반사_25,000|_올레포빅_25,000|종이질감_25,000","_저반사_25,000|_올레포빅_25,000|종이질감_25,000","_저반사_25,000|_올레포빅_25,000|종이질감_25,000","_저반사_25,000|_올레포빅_25,000|종이질감_25,000","_저반사_25,000|_올레포빅_25,000|종이질감_25,000","_저반사_25,000|_올레포빅_25,000|종이질감_25,000","_저반사_25,000|_올레포빅_25,000|종이질감_25,000","_저반사_25,000|_올레포빅_25,000|종이질감_25,000"
56138033,SKOKO 와콤 신티크프로16 DTH-1620 액정보호필름,"_저반사_31,320|_종이질감_15,120","_저반사_31,320|_종이질감_15,120","_저반사_31,320|_종이질감_15,120","_저반사_31,320|_종이질감_15,120","_저반사_31,320|_종이질감_15,120","_저반사_31,320|_종이질감_15,120","_저반사_31,320|_종이질감_15,120","_저반사_31,320|_종이질감_15,120","_저반사_31,320|_종이질감_15,120","_저반사_31,320|_종이질감_15,120"
56138069,SKOKO 와콤 신티크프로24 DTK-2420 액정보호필름,"올레포빅_22,000","올레포빅_22,000","올레포빅_22,000","올레포빅_22,000","올레포빅_22,000","올레포빅_22,000","올레포빅_22,000","올레포빅_22,000","올레포빅_22,000","올레포빅_22,000"
56142815,SKOKO 와콤 원 DTC-133 액정보호필름,"종이질감_14,700","종이질감_14,700","종이질감_14,700","종이질감_14,700","종이질감_14,700","종이질감_14,700","종이질감_14,700","종이질감_14,700","종이질감_14,700","종이질감_14,700"
56138177,SKOKO 와콤 원 펜 13 DTH134 액정보호필름,"_올레포빅_17,000|_종이질감_17,000","_올레포빅_17,000|_종이질감_17,000","_올레포빅_17,000|_종이질감_17,000","_올레포빅_17,000|_종이질감_17,000","_올레포빅_17,000|_종이질감_17,000","_올레포빅_17,000|_종이질감_17,000","_올레포빅_17,000|_종이질감_17,000","_올레포빅_17,000|_종이질감_17,000","_올레포빅_17,000|_종이질감_17,000","_올레포빅_17,000|_종이질감_17,000"
56142842,SKOKO 와콤 원 펜 CTC4110WL 액정보호필름,0,0,0,0,0,"저반사_18,710","저반사_18,710","저반사_18,710","저반사_18,710","저반사_18,710"
56138219,SKOKO 와콤 인튜어스 CTL-4100WL 액정보호필름,"_저반사_18,720|_종이질감_11,520","_저반사_18,720|_종이질감_11,520","_저반사_18,720|_종이질감_11,520","_저반사_18,720|_종이질감_11,520","_저반사_18,720|_종이질감_11,520","_저반사_18,720|_종이질감_11,520","_저반사_18,720|_종이질감_11,520","_저반사_18,720|_종이질감_11,520","_저반사_18,720|_종이질감_11,520","_저반사_18,720|_종이질감_11,520"
56142887,SKOKO 와콤 인튜어스 CTL-6100WL 액정보호필름,"저반사_17,000","저반사_17,000","저반사_17,000","저반사_17,000","저반사_17,000","저반사_17,000","저반사_17,000","저반사_17,000","저반사_17,000","저반사_17,000"
56143091,SKOKO 와콤 인튜어스 프로 PTH-460 보호필름,"_저반사_24,120|_종이질감_14,700","_저반사_24,120|_종이질감_14,700",0,0,0,0,0,0,0,0
56143085,SKOKO 와콤 인튜어스 프로 PTH-460 보호필름,0,0,"_저반사_24,120|_종이질감_14,700","_저반사_24,120|_종이질감_14,700","_저반사_24,120|_종이질감_14,700","_저반사_24,120|_종이질감_14,700","_저반사_24,120|_종이질감_14,700","_저반사_24,120|_종이질감_14,700","_저반사_24,120|_종이질감_14,700","_저반사_24,120|_종이질감_14,700"
3543740,SK네트웍스서비스 MOCAT SK-CPM100,"11,000","11,000","11,000","11,000","11,000","11,000",0,0,0,0
76400150,SMAILWOLF RS8 유무선,"해외구매_23,890","해외구매_23,890","해외구매_23,890","해외구매_23,890","해외구매_23,890","해외구매_23,890","해외구매_23,890","해외구매_23,890","해외구매_23,890","해외구매_23,890"
100691807,SONY INZONE Mouse A 유무선,"226,590","226,590","226,590","226,590","226,590","231,570","231,570","231,570","231,570","231,570"
60420350,SPM GM10A 유무선,"_블랙_59,800|_옐로우_59,800|핑크_59,800|화이트_59,800","_블랙_59,800|_옐로우_59,800|핑크_59,800|화이트_59,800","_블랙_59,800|_옐로우_59,800|핑크_59,800|화이트_59,800","_블랙_59,800|_옐로우_59,800|핑크_59,800|화이트_59,800","_블랙_59,800|_옐로우_59,800|핑크_59,800|화이트_59,800","_블랙_59,800|_옐로우_59,800|핑크_59,800|화이트_59,800","_블랙_59,800|_옐로우_59,800|핑크_59,800|화이트_59,800","_블랙_59,800|_옐로우_59,800|핑크_59,800|화이트_59,800","_블랙_59,800|_옐로우_59,800|핑크_59,800|화이트_59,800","_블랙_59,800|_옐로우_59,800|핑크_59,800|화이트_59,800"
2997592,SUNSONNY SM-8509 III,"화이트_24,210","화이트_24,210","화이트_24,210","화이트_24,210","화이트_24,210","화이트_24,210","화이트_24,210","화이트_23,960","화이트_23,700","화이트_23,700"
36793979,Satechi C1,"해외구매_33,670","해외구매_33,670","해외구매_33,670","해외구매_33,670","해외구매_33,670","해외구매_33,670","해외구매_33,670","해외구매_33,670","해외구매_33,670","해외구매_33,670"
13139859,Satechi M1 무선 마우스,"해외구매_44,490","해외구매_44,490","해외구매_44,490","해외구매_44,490","해외구매_44,490","해외구매_44,490","해외구매_44,490","해외구매_44,490","해외구매_43,610","해외구매_43,610"
70768910,Scyrox V8 8K 유무선 해외구매,"71,790","71,790","71,790","71,790","71,790","72,580","72,580","72,580","72,580","72,580"
4550757,SonicGearLab 알카트로즈 ASIC6 USB 유선 마우스,"3,900","3,900","3,900","3,900","3,900","3,900","3,900","3,900","3,900","3,900"
21436070,SonicGearLab 알카트로즈 ASIC7 RGB FX LED 유선 마우스,"_블랙_7,600|_화이트_7,600","_블랙_7,600|_화이트_7,600",0,0,0,0,0,0,0,0
9599919,SonicGearLab 알카트로즈 ASIC7 RGB FX LED 유선 마우스,0,0,"_블랙_7,600|_화이트_7,600","_블랙_7,600|_화이트_7,600","_블랙_7,600|_화이트_7,600","_블랙_7,600|_화이트_7,600","_블랙_7,600|_화이트_7,600","_블랙_7,600|_화이트_7,600","_블랙_7,600|_화이트_7,600","_블랙_7,600|_화이트_7,600"
4575150,SonicGearLab 알카트로즈 SHARK USB 유선 마우스,"15,000","15,000","15,000","15,000","15,000","15,000","15,000","15,000","15,000","15,000"
5283009,SonicGearLab 알카트로즈 STEALTH AIR 3 무선 무소음,"_그레이_8,790|_레드_8,900","_그레이_8,790|_레드_8,900","_그레이_8,790|_레드_8,900","_그레이_8,790|_레드_8,900","_그레이_8,790|_레드_8,890","_그레이_8,790|_레드_8,890","_그레이_8,790|_레드_8,890","_그레이_8,790|_레드_8,890","_그레이_8,790|_레드_8,890","_그레이_8,790|_레드_8,890"
6164562,SonicGearLab 알카트로즈 X-크래프트 Pro TRON 5000 게이밍 마우스,"14,000","14,000","14,000","14,000","13,990","13,990","13,990","13,990","13,990","13,990"
5283016,SonicGearLab 알카트로즈 무소음 유선 마우스 STEALTH 5,"5,930","5,930","5,930","5,930","5,930","5,930","5,930","5,930","5,930","5,930"
15058220,TGIC DJBTM-101 무선 블루투스 마우스,"_골드_15,900|_레드_15,900","_골드_15,900|_레드_15,900","_골드_15,900|_레드_15,900","_골드_15,900|_레드_15,900","_골드_15,900|_레드_15,900","_골드_15,900|_레드_15,900","_골드_15,900|_레드_15,900","_골드_15,900|_레드_15,900","_골드_15,900|_레드_15,900","_골드_15,900|_레드_15,900"
13567784,TGIC DJWM-3200 저소음 무선 마우스,"_블랙_3,650|_화이트_3,900","_블랙_3,650|_화이트_3,900","_블랙_3,650|_화이트_3,900","_블랙_3,650|_화이트_3,900","_블랙_3,650|_화이트_3,900","_블랙_3,650|_화이트_3,900","_블랙_3,650|_화이트_3,900","_블랙_3,650|_화이트_3,900","_블랙_3,650|_화이트_3,900","_블랙_3,650|_화이트_3,900"
63479528,TGIC NX-BT102 무선 블루투스 마우스,"_골드_5,750|_화이트_5,750","_골드_5,750|_화이트_5,750","_골드_5,750|_화이트_5,750","_골드_5,750|_화이트_5,750","_골드_5,750|_화이트_5,750","_골드_5,750|_화이트_5,750","_골드_5,750|_화이트_5,750","_골드_5,750|_화이트_5,750","_골드_5,750|_화이트_5,750","_골드_5,750|_화이트_5,750"
108461255,TGIC TG-GM5,"22,690","22,690","22,690","22,690","22,690","22,690",0,"22,690","22,690","22,690"
15303389,TGIC TGC-GM1 유선 LED 마우스,"블랙_3,800","블랙_3,800","블랙_3,800","블랙_3,800","블랙_3,800","블랙_4,000","블랙_4,000","블랙_4,000","블랙_4,000","블랙_4,000"
15303419,TGIC TGC-GM2 유선 LED 마우스,"블랙_5,320","블랙_5,320","블랙_5,320","블랙_5,320","블랙_5,320","블랙_5,560","블랙_5,560","블랙_5,560","블랙_5,560","블랙_5,560"
15303443,TGIC TGC-GM3 유선 LED 마우스,"블랙_4,500","블랙_4,500","블랙_4,500","블랙_4,500","블랙_4,500","블랙_4,500","블랙_4,500","블랙_4,500","블랙_4,500","블랙_4,500"
42858644,TGIC TGC-GM4,"6,900","6,900","6,900","6,900","6,900","6,900","6,900","6,900","6,900","6,900"
18575588,TGIC TGC-M100,"1,410","1,410","1,410","1,410","1,410","1,410","1,410","1,410","1,410","1,410"
12712025,TGIC TGC-M1200 USB,"1,990","1,990","1,990","1,990","1,990","1,990","1,990","1,990","1,990","1,990"
18557168,TGIC TGC-M1500,"2,060","2,060","2,060","2,060","2,060","2,060","2,060","2,060","2,060","2,060"
18036611,TGIC TGC-V1000 무선 버티컬 마우스,"11,810","11,810","11,810","11,810","11,810","11,810","11,810","11,810","11,810","11,810"
14893739,TGIC TGC-WM4100 무선 마우스,"_블랙_3,390|_화이트_3,230",0,0,0,0,0,0,0,"_블랙_3,340|_화이트_3,390","_블랙_3,340|_화이트_3,390"
14894846,TGIC TGC-WM4100 무선 마우스,0,"_블랙_3,390|_화이트_3,220","_블랙_3,390|_화이트_3,220","_블랙_3,390|_화이트_3,220","_블랙_3,390|_화이트_3,220","_블랙_3,400|_화이트_3,220","_블랙_3,340|_화이트_3,390","_블랙_3,340|_화이트_3,390",0,0
79396889,TGIC TGC-WM5000,"_블랙_5,290|_화이트_4,100","_블랙_5,290|_화이트_4,090","_블랙_5,290|_화이트_4,090",0,0,0,0,0,0,0
3142039,TGIC TGC-WM5000,0,0,0,"_블랙_5,290|_화이트_4,090","_블랙_5,290|_화이트_4,390","_블랙_5,290|_화이트_4,390","_블랙_5,290|_화이트_4,390","_블랙_5,290|_화이트_4,390","_블랙_5,290|_화이트_4,390","_블랙_5,290|_화이트_4,390"
14366615,TG삼보 TG-GM300T 게이밍 마우스,"30,963","30,963","30,963","30,963","31,300","31,300","31,300","30,970","30,640","30,640"
14366876,TG삼보 TG-GM350T 게이밍 마우스,"37,130","37,130","37,130","37,130","37,130","38,880","38,880","38,880","38,880","38,880"
9445692,TG삼보 TG-M400G Lovely 무선마우스,"_블랙_13,900|_화이트_13,900|민트_13,900|핑크_13,900","_블랙_13,900|_화이트_13,900|민트_13,900|핑크_13,900","_블랙_13,900|_화이트_13,900|민트_13,900|핑크_13,900","_블랙_13,900|_화이트_13,900|민트_13,900|핑크_13,900","_블랙_13,900|_화이트_13,900|민트_13,900|핑크_13,900","_블랙_13,900|_화이트_13,900|민트_13,900|핑크_13,900","_블랙_13,900|_화이트_13,900|민트_13,900|핑크_13,900","_블랙_13,900|_화이트_13,900|민트_13,900|핑크_13,900","_블랙_13,900|_화이트_13,900|민트_13,900|핑크_13,900","_블랙_13,900|_화이트_13,900|민트_13,900|핑크_13,900"
16678181,TG삼보 TG-M500U 무소음 유선 마우스,"블랙_29,020","_블랙_29,020|_바이올렛_14,050","_블랙_29,020|_바이올렛_14,050","_블랙_29,020|_바이올렛_14,050","_블랙_29,020|_바이올렛_14,050","_블랙_29,020|_바이올렛_14,050","_블랙_29,020|_바이올렛_14,050","_블랙_29,020|_바이올렛_14,050","_블랙_29,020|_바이올렛_14,050","_블랙_29,020|_바이올렛_14,050"
4811713,TG삼보 TG-M9500G 저소음 무선 마우스,"블랙_10,030","블랙_10,510","블랙_10,510","블랙_10,510","블랙_10,510","블랙_10,296","블랙_10,510","블랙_10,510","블랙_10,510","블랙_10,510"
17360603,TG삼보 TG-MV301A 무선 버티컬 마우스,"46,500","46,500","46,500","46,500","46,500","46,500","46,500","46,500","46,500","46,500"
11975447,TG삼보 TG-TM215GN 무소음 무선 버티컬 마우스,"_블랙_24,000|레드_32,600|_실버_24,250","_블랙_24,000|레드_32,600|_실버_24,250","_블랙_24,000|레드_32,590|_실버_24,250","_블랙_24,000|레드_32,590|_실버_24,250","_블랙_24,000|레드_32,580|_실버_24,250","_블랙_24,000|레드_32,580|_실버_24,250","_블랙_24,000|레드_32,570|_실버_24,250","_블랙_24,000|레드_32,570|_실버_24,250","_블랙_23,780|레드_32,560|_실버_23,780","_블랙_23,780|레드_32,560|_실버_23,780"
10241229,TG삼보 TG-TM618G HEALING 버티컬 무선 마우스,"_블랙_26,800|_화이트_46,900","_블랙_26,800|_화이트_46,900","_블랙_26,800|_화이트_46,900","_블랙_26,800|_화이트_46,900","_블랙_26,800|_화이트_46,900","_블랙_26,800|_화이트_46,900","_블랙_26,800|_화이트_46,900","_블랙_26,800|_화이트_46,900","_블랙_26,800|_화이트_46,900","_블랙_26,800|_화이트_46,900"
10241112,TG삼보 TG-TM618U HEALING 버티컬 유선 마우스,"_블랙_24,900|_화이트_28,420","_블랙_24,900|_화이트_28,420","_블랙_24,900|_화이트_28,420","_블랙_24,900|_화이트_28,420","_블랙_24,900|_화이트_28,420","_블랙_24,900|_화이트_28,420","_블랙_24,900|_화이트_28,420","_블랙_24,900|_화이트_28,420","_블랙_24,900|_화이트_28,420","_블랙_24,900|_화이트_28,420"
16947200,TG앤컴퍼니 TG&co TG-MV501A 무선 블루투스 버티컬 마우스,"68,570","68,540","68,550","68,540","68,540","68,540","68,540","68,540","68,540","68,540"
661048,TKDS 디즈니 D9003-2,"6,180","6,180","6,180","6,180","6,180","6,180","6,180","6,180","6,180","6,180"
14421995,Team Scorpion LUCA X1,"19,060","19,620","19,620","19,620","19,620","19,620","19,620","19,620","19,620","19,620"
98613662,Teevolution TERRA PRO 유무선,"113,240","113,240","113,230","113,230","113,220","113,220","113,210","113,210","113,200","113,200"
36792812,Topre REALFORCE RM1,"해외구매_156,990","해외구매_156,990","해외구매_156,990","해외구매_156,990","해외구매_156,990","해외구매_156,990","해외구매_156,990","해외구매_156,990","해외구매_156,990","해외구매_156,990"
20676035,UBACC UB-BM1 블루투스,"10,530","10,530","10,530","10,530","10,530","10,530","10,530","10,530","10,530","10,530"
90503585,UGREEN M751 무선,"29,900","29,900","29,900","29,900","29,900","29,900","29,900","29,900","29,900","29,900"
20678207,UGREEN MU006 무선 블루투스,"24,900","24,900","24,900","24,900","24,900","24,900","24,900","24,900","24,900","24,900"
90501071,UGREEN MU008 무선,"_블랙_29,900|_화이트_29,900","_블랙_29,900|_화이트_29,900","_블랙_29,900|_화이트_29,900","_블랙_29,900|_화이트_29,900","_블랙_29,900|_화이트_29,900","_블랙_29,900|_화이트_29,900","_블랙_29,900|_화이트_29,900","_블랙_29,900|_화이트_29,900","_블랙_29,900|_화이트_29,900","_블랙_29,900|_화이트_29,900"
122634179,VARO V1 SUPERLIGHT 미디움 유무선,"99,000","99,000","99,000","99,000","99,000","99,000","99,000","99,000","99,000","99,000"
56151680,VEIKK A15,"75,840","75,840","75,840","75,840","75,840","75,840","75,840","75,840","75,840","75,840"
56151623,VEIKK S640,"60,710","60,710","60,710","60,710","60,710","60,710","60,710","60,710","60,710","60,710"
74251775,VEIKK VK1200 V2,0,0,0,0,"해외구매_306,550","해외구매_306,550","해외구매_306,550","해외구매_306,550","해외구매_306,550","해외구매_306,550"
28192670,VEIKK VO1060,0,0,0,0,0,0,0,0,0,"95,040"
74251604,VEIKK Voila L,"해외구매_81,540","해외구매_81,540",0,0,"해외구매_81,540","해외구매_81,540","해외구매_81,540","해외구매_81,540","해외구매_81,540","해외구매_81,540"
124298521,VGN Dragonfly 3 MINI SE+ 유무선,"_블랙_21,800|핑크_21,800|_화이트_21,800","_블랙_21,800|_핑크_21,800|화이트_21,800","_블랙_21,800|_핑크_21,800|화이트_21,800","_블랙_21,800|핑크_21,800|_화이트_21,800","_블랙_21,800|_핑크_21,800|화이트_21,800","_블랙_21,800|_핑크_21,800|화이트_21,800","_블랙_21,800|핑크_21,800|_화이트_21,800","_블랙_21,800|핑크_21,800|_화이트_21,800","_블랙_21,800|핑크_21,800|_화이트_21,800","_블랙_21,800|핑크_21,800|_화이트_21,800"
124298523,VGN Dragonfly 3 MINI SE+ 유무선,0,0,0,0,0,0,"_블랙_21,800|핑크_21,800|_화이트_21,800","_블랙_21,800|핑크_21,800|_화이트_21,800","_블랙_21,800|핑크_21,800|_화이트_21,800","_블랙_21,800|핑크_21,800|_화이트_21,800"
124298541,VGN Dragonfly 3 Master GT 유무선,"_블랙_78,030|_화이트_78,030","_블랙_78,020|_화이트_78,020","_블랙_78,010|_화이트_78,010","_블랙_78,010|_화이트_78,010","_블랙_78,000|_화이트_78,000","_블랙_78,000|_화이트_78,000","_블랙_77,990|_화이트_77,990","_블랙_77,990|_화이트_77,990","_블랙_77,980|_화이트_77,980","_블랙_77,980|_화이트_77,980"
124298554,VGN Dragonfly 3 Master+ 유무선,"_블랙_68,730|핑크_68,730|_화이트_68,730","_블랙_68,720|핑크_68,720|_화이트_68,720","_블랙_68,710|핑크_68,710|_화이트_68,710","_블랙_68,710|핑크_68,710|_화이트_68,710","_블랙_68,700|핑크_68,700|_화이트_68,700","_블랙_68,700|핑크_68,700|_화이트_68,700","_블랙_68,690|핑크_68,690|_화이트_68,690","_블랙_68,690|핑크_68,690|_화이트_68,690","_블랙_68,680|핑크_68,680|_화이트_68,680","_블랙_68,680|핑크_68,680|_화이트_68,680"
123590034,VGN Dragonfly 3 PRO,"해외구매_42,000","해외구매_42,000","해외구매_42,000","해외구매_42,000","해외구매_42,000","해외구매_42,000","해외구매_42,000","해외구매_42,000","해외구매_42,000","해외구매_42,000"
123590045,VGN Dragonfly 3 PRO MASTER,"해외구매_57,500","해외구매_57,500","해외구매_57,500","해외구매_57,500","해외구매_57,500","해외구매_57,500","해외구매_57,500","해외구매_57,500","해외구매_57,500","해외구매_57,500"
124216734,VGN Dragonfly 3 PRO MAX,"48,830","48,830","48,820","48,820","48,810","48,810","48,800","48,800","48,790","48,790"
123590039,VGN Dragonfly 3 PRO MAX 해외구매,"52,000","52,000","52,000","52,000","52,000","52,000","52,000","52,000","52,000","52,000"
123590016,VGN Dragonfly 3 SE,"해외구매_34,000","해외구매_34,000","해외구매_34,000","해외구매_34,000","해외구매_34,000","해외구매_34,000","해외구매_34,000","해외구매_34,000","해외구매_34,000","해외구매_34,000"
28923323,VGN F1 MOBA 유무선,"해외구매_59,070","해외구매_59,070","해외구매_59,070","해외구매_59,070","해외구매_59,070","해외구매_59,700","해외구매_59,700","해외구매_59,700","해외구매_59,700","해외구매_59,700"
28922759,VGN F1 PRO MAX 유무선,"해외구매_49,970","해외구매_49,970","해외구매_49,970","해외구매_49,970","해외구매_49,970","해외구매_50,510","해외구매_50,510","해외구매_50,510","해외구매_50,510","해외구매_50,510"
28441166,VGN F1 PRO 유무선,"해외구매_42,070","해외구매_42,070","해외구매_42,070","해외구매_42,070","해외구매_42,070","해외구매_42,070","해외구매_42,230","해외구매_42,230","해외구매_42,230","해외구매_42,230"
109680266,VGN F2 Master 유무선,"_그린_41,230|_블랙_41,230|핑크_41,230|화이트_41,230","_그린_41,230|블랙_41,230|_핑크_41,230|화이트_41,230","_그린_41,230|블랙_41,230|_핑크_41,230|화이트_41,230","_그린_41,230|블랙_41,230|_핑크_41,230|화이트_41,230","_그린_41,230|블랙_41,230|_핑크_41,230|화이트_41,230","_그린_41,230|블랙_41,230|_핑크_41,230|화이트_41,230","_그린_41,230|블랙_41,230|_핑크_41,230|화이트_41,230","_그린_41,230|_블랙_41,230|핑크_41,230|화이트_41,230","_그린_41,230|블랙_41,230|_핑크_41,230|화이트_41,230","_그린_41,230|블랙_41,230|_핑크_41,230|화이트_41,230"
106688999,VGN F2 Master+ 유무선,"그린_66,120|_블랙_68,830|블랙핑크_68,720|_핑크_66,960|핫핑크_70,900|","그린_66,120|_블랙_68,760|블랙핑크_68,720|_핑크_66,960|핫핑크_68,830|","그린_66,110|블랙_68,730|블랙핑크_68,680|_핑크_66,950|핫핑크_68,720|_화이트_66,950","그린_66,110|블랙_68,720|블랙핑크_68,640|_핑크_66,950|핫핑크_68,710|_화이트_66,950","그린_66,100|블랙_68,720|블랙핑크_68,560|_핑크_66,940|핫핑크_68,710|_화이트_66,940",0,0,0,0,0
106688993,VGN F2 Master+ 유무선,0,0,0,0,0,"그린_66,100|_블랙_68,710|블랙핑크_68,530|_핑크_66,940|핫핑크_68,700|",0,0,0,0
106689005,VGN F2 Master+ 유무선,0,0,0,0,0,0,"그린_66,090|블랙_68,710|_블랙핑크_68,450|핑크_66,930|핫핑크_68,690|_화이트_66,930","그린_66,090|블랙_68,700|_블랙핑크_68,370|핑크_66,930|핫핑크_68,690|_화이트_66,930","그린_66,080|_블랙_68,700|블랙핑크_68,290|핑크_66,920|핫핑크_68,680|_화이트_66,920","그린_66,080|_블랙_68,690|블랙핑크_68,260|핑크_66,920|핫핑크_68,680|_화이트_66,920"
104750396,VGN F2 Pro Max 유무선,"52,850","52,850","52,840","52,840","52,830","52,830","52,820","52,820","52,810","52,810"
96582074,VGN F2 Pro Max 유무선 해외구매,"43,970","43,970","43,970","43,970","43,970","44,980","44,980","44,490","44,490","44,490"
104750435,VGN F2 Ultra+ 유무선,"68,900","68,900","68,900","68,900","68,900","68,900","68,900","68,900","68,900","68,900"
96582092,VGN F2 Ultra+ 유무선 해외구매,"50,400","49,320","49,320","49,320","49,320","49,850","49,850","49,850","49,850","49,850"
124336095,VGN Falcon 3 Extreme,"해외구매_59,980","해외구매_59,980","해외구매_59,980","해외구매_59,980","해외구매_59,980","해외구매_60,620","해외구매_60,620","해외구매_60,620","해외구매_60,620","해외구매_60,620"
124336100,VGN Falcon 3 Extreme+,해외구매_가격비교예정,해외구매_가격비교예정,해외구매_가격비교예정,해외구매_가격비교예정,해외구매_가격비교예정,해외구매_가격비교예정,해외구매_가격비교예정,해외구매_가격비교예정,해외구매_가격비교예정,해외구매_가격비교예정
101072420,VGN Y2 Master 유무선,"해외구매_48,850","해외구매_48,850","해외구매_48,850","해외구매_48,850","해외구매_48,850","해외구매_50,500","해외구매_50,500","해외구매_49,950","해외구매_49,950","해외구매_49,950"
101072435,VGN Y2 Master+ 유무선,"해외구매_64,340","해외구매_64,340","해외구매_64,340","해외구매_64,340","해외구매_64,340","해외구매_66,510","해외구매_66,510","해외구매_65,790","해외구매_65,790","해외구매_65,790"
101072417,VGN Y2 Pro Max 유무선,"해외구매_44,900","해외구매_44,900","해외구매_44,900","해외구매_44,900","해외구매_44,900","해외구매_45,900","해외구매_45,900","해외구매_45,400","해외구매_45,400","해외구매_45,400"
93443882,VGN Y2 Pro 유무선 해외구매,"_블랙_50,600|블루_51,700|_화이트_41,190","_블랙_50,600|블루_51,700|_화이트_41,190","_블랙_50,600|블루_51,700|_화이트_41,190","_블랙_50,600|블루_51,700|_화이트_41,190",0,0,0,0,0,0
93443867,VGN Y2 Pro 유무선 해외구매,0,0,0,0,"_블랙_50,600|블루_51,700|_화이트_41,190","_블랙_50,600|블루_51,700|_화이트_41,190","_블랙_50,600|블루_51,700|_화이트_41,190","_블랙_50,600|_블루_51,700|화이트_41,190","_블랙_50,600|_블루_51,700|화이트_41,190","_블랙_50,600|_블루_51,700|화이트_41,190"
93443912,VGN Y2 Pro+ 유무선 해외구매,"_블랙_61,940|_블루_54,520|화이트_47,000","_블랙_61,940|_블루_54,520|화이트_47,000",0,0,"_블랙_61,940|_블루_54,520|화이트_47,000","_블랙_61,940|_블루_54,520|화이트_47,000","_블랙_61,940|_블루_54,520|화이트_47,000","_블랙_61,940|_블루_54,520|화이트_47,000","_블랙_61,940|_블루_54,520|화이트_47,000","_블랙_61,940|_블루_54,520|화이트_47,000"
93443927,VGN Y2 Pro+ 유무선 해외구매,0,0,"_블랙_61,940|블루_54,520|_화이트_47,000","_블랙_61,940|블루_54,520|_화이트_47,000",0,0,0,0,0,0
93444041,VGN Y2 Ultra 유무선 해외구매,"_블랙_61,000|_블루_61,000|화이트_61,000","_블랙_61,000|_블루_61,000|화이트_61,000","_블랙_61,000|_블루_61,000|화이트_61,000","_블랙_61,000|_블루_61,000|화이트_61,000","_블랙_61,000|_블루_61,000|화이트_61,000","_블랙_61,000|_블루_61,000|화이트_61,000","_블랙_61,000|_블루_61,000|화이트_61,000","_블랙_61,000|_블루_61,000|화이트_61,000","_블랙_61,000|_블루_61,000|화이트_61,000","_블랙_61,000|_블루_61,000|화이트_61,000"
93444071,VGN Y2 Ultra+ 유무선 해외구매,"_블랙_74,590|_블루_82,720|화이트_82,720","_블랙_74,590|_블루_82,720|화이트_82,720","_블랙_74,590|_블루_82,720|화이트_82,720","_블랙_74,590|_블루_82,720|화이트_82,720","_블랙_74,590|_블루_82,720|화이트_82,720","_블랙_74,590|_블루_82,720|화이트_82,720","_블랙_74,590|_블루_82,720|화이트_82,720","_블랙_74,590|_블루_82,720|화이트_82,720","_블랙_74,590|_블루_82,720|화이트_82,720","_블랙_74,590|_블루_82,720|화이트_82,720"
45547469,WACOM CTC4110WL,"119,000","119,000","119,000","119,000","119,000","119,000","119,000","119,000","119,000","119,000"
7644805,WACOM CTL-672,"해외구매_143,040","해외구매_140,640","해외구매_140,640","해외구매_140,640","해외구매_140,640","해외구매_140,640","해외구매_140,640",0,0,"해외구매_139,680"
92356694,WACOM Cintiq 16 DTK168,"1,139,000","1,139,000","1,139,000","1,139,000","1,139,000","1,139,000","1,139,000","1,139,000","1,139,000","1,139,000"
1783211,WACOM Cintiq 22HD,0,0,0,"정품_3,088,000","정품_3,088,000","정품_3,088,000",0,0,0,0
92356766,WACOM Cintiq 24 DTK246,"2,065,000","2,065,000","2,065,000","2,065,000","2,065,000","2,065,000","2,065,000","2,065,000","2,065,000","2,065,000"
92356823,WACOM Cintiq 24 터치 DTH246,"2,369,000","2,369,000","2,369,000","2,369,000","2,369,000","2,369,000","2,369,000","2,369,000","2,369,000","2,369,000"
52369133,WACOM Cintiq Pro 17,"3,570,000","3,570,000","3,570,000","3,570,000","3,570,000","3,570,000","3,570,000","3,570,000","3,570,000","3,570,000"
52369259,WACOM Cintiq Pro 22,"4,230,000","4,230,000","4,230,000","4,230,000","4,230,000","4,230,000","4,230,000","4,230,000","4,230,000","4,230,000"
18079238,WACOM Cintiq Pro 27,"_본체_4,570,000|_+전용스탠드_5,260,000","_본체_4,570,000|_+전용스탠드_5,260,000","_본체_4,570,000|_+전용스탠드_5,260,000","_본체_4,570,000|_+전용스탠드_5,260,000","_본체_4,570,000|_+전용스탠드_5,260,000","_본체_4,570,000|_+전용스탠드_5,260,000","_본체_4,570,000|_+전용스탠드_5,260,000","_본체_4,570,000|_+전용스탠드_5,260,000","_본체_4,570,000|_+전용스탠드_5,260,000","_본체_4,570,000|_+전용스탠드_5,260,000"
6061464,WACOM INTUOS CTL-4100,"60,900","60,900","60,900","60,900","60,900","60,900","60,900","60,900","60,900","60,900"
6154568,WACOM INTUOS CTL-4100WL 블루투스,"_블랙_106,400|그린_109,000|_핑크_109,000","_블랙_106,400|그린_109,000|_핑크_109,000","_블랙_106,400|그린_109,000|_핑크_109,000","_블랙_106,400|그린_109,000|_핑크_109,000","_블랙_106,400|그린_109,000|_핑크_109,000","_블랙_106,400|그린_109,000|_핑크_109,000","_블랙_106,400|그린_109,000|_핑크_109,000","_블랙_106,400|그린_109,000|_핑크_109,000","_블랙_106,400|_그린_109,000|핑크_109,000","_블랙_106,400|_그린_109,000|핑크_109,000"
12062834,WACOM INTUOS CTL-6100 (정품),"113,890","113,890","113,890","113,890","113,890","113,890","113,890","113,890","113,890","113,890"
6099724,WACOM INTUOS CTL-6100WL,"그린_185,900|_블랙_185,900|_핑크_185,900","그린_185,900|_블랙_185,900|_핑크_185,900","그린_185,900|_블랙_185,900|_핑크_185,900","그린_185,900|_블랙_185,900|_핑크_185,900","그린_185,900|_블랙_185,900|_핑크_185,900","그린_185,900|_블랙_185,900|_핑크_185,900","그린_185,900|_블랙_185,900|_핑크_185,900","_그린_185,900|_블랙_185,900|핑크_185,900","그린_185,900|_블랙_185,900|_핑크_185,900","그린_185,900|_블랙_185,900|_핑크_185,900"
78237476,WACOM INTUOS PRO PTK470,"339,800","339,800","339,800","339,800","339,800","339,800","339,800","339,800","339,800","339,800"
78237560,WACOM INTUOS PRO PTK670,"489,800","489,800","489,800","489,800","489,800","489,800","489,800","489,800","489,800","489,800"
92186996,WACOM INTUOS PRO PTK870,"669,800","669,800","669,800","669,800","669,800","669,800","669,800","669,800","669,800","669,800"
2246696,WACOM INTUOS4 표준 펜심 (ACK-20001),"5,500","5,500","5,500","5,500","5,500","5,500","5,500","5,500","5,500","5,500"
1047421,WACOM Intuos4 KP-501E 그립 펜,"96,990","96,990","96,990","96,990","96,990","96,990","96,990","96,990","96,990","96,990"
5880878,WACOM KP-501E-01X,0,0,"해외구매_45,100","해외구매_45,100","해외구매_45,100","해외구매_45,100","해외구매_45,100","해외구매_45,100","해외구매_45,100","해외구매_45,100"
4328424,WACOM LP-190,"WACOM 태블릿 전용_22,000","WACOM 태블릿 전용_22,000","WACOM 태블릿 전용_22,000","WACOM 태블릿 전용_22,000","WACOM 태블릿 전용_22,000","WACOM 태블릿 전용_22,000","WACOM 태블릿 전용_22,000","WACOM 태블릿 전용_22,000","WACOM 태블릿 전용_22,000","WACOM 태블릿 전용_22,000"
28645898,WACOM ONE 13 Touch,"779,000","779,000","779,000","779,000","779,000","779,000","779,000","779,000","779,000",0
101633342,WACOM One 14,"439,000","439,000","439,000","439,000","439,000","439,000","439,000","439,000","439,000","439,000"
12727889,WACOM One용 펜,"36,130","36,130","36,130","36,130","36,130","36,130","36,130","36,130","36,130","36,130"
10002372,WACOM PEN 4K LP-1100,"29,600","29,600","29,600","29,600","29,600","29,600","29,600","29,600","29,600","29,600"
11189115,WACOM Pro Pen 2 KP-504E,"102,290","102,290","99,290","102,290","102,290","102,290","102,290","99,290","99,290","102,290"
102410903,WACOM 무빙크 DTH135,"880,000","880,000","880,000","880,000","880,000","880,000","880,000","880,000","880,000","880,000"
103128260,WACOM 무빙크 패드 프로 14,0,"1,748,000","1,230,000","1,748,000","1,230,000","1,748,000","1,748,000",0,0,"1,230,000"
105181208,WACOM 무빙크 패드 프로 14 전용 커버,"72,900","72,900","72,900","72,900","72,900","72,900","72,900","72,900","72,900","72,900"
28446290,WACOM 원 CTC-6110WL,"189,000","189,000","189,000","189,000","189,000","189,000","189,000","189,000","189,000","189,000"
123695298,WLmouse Beast G Max 유무선,"_블랙_98,000|실버_98,000|_퍼플_98,000|화이트_98,000|중고_88,200","_블랙_98,000|실버_98,000|_퍼플_98,000|화이트_98,000|중고_88,200","_블랙_98,000|실버_98,000|_퍼플_98,000|화이트_98,000|중고_88,200","_블랙_98,000|실버_98,000|_퍼플_98,000|화이트_98,000|중고_88,200","블랙_98,000|실버_98,000|_퍼플_98,000|_화이트_98,000|중고_88,200","블랙_98,000|실버_98,000|_퍼플_98,000|_화이트_98,000|중고_88,200","블랙_98,000|실버_98,000|_퍼플_98,000|_화이트_98,000|중고_88,200","_블랙_98,000|_실버_98,000|퍼플_98,000|화이트_98,000|중고_88,200","_블랙_98,000|_실버_98,000|퍼플_98,000|화이트_98,000|중고_88,200","_블랙_98,000|_실버_98,000|퍼플_98,000|화이트_98,000|중고_88,200"
124350047,WLmouse Beast G Max 유무선,0,0,0,0,"블랙_98,000|실버_98,000|_퍼플_98,000|_화이트_98,000|중고_88,200","블랙_98,000|실버_98,000|_퍼플_98,000|_화이트_98,000|중고_88,200","블랙_98,000|실버_98,000|_퍼플_98,000|_화이트_98,000|중고_88,200",0,0,0
123695295,WLmouse Beast G Medium 유무선,"_블랙_98,000|실버_98,000|퍼플_98,000|화이트_98,000|_중고_83,300","블랙_98,000|실버_98,000|_퍼플_98,000|_화이트_98,000|중고_83,300","_블랙_98,000|실버_98,000|_퍼플_98,000|화이트_98,000|중고_83,300","_블랙_98,000|실버_98,000|_퍼플_98,000|화이트_98,000|중고_83,300","_블랙_98,000|실버_98,000|_퍼플_98,000|화이트_98,000|중고_83,300","_블랙_98,000|실버_98,000|_퍼플_98,000|화이트_98,000|중고_83,300","블랙_98,000|실버_98,000|_퍼플_98,000|_화이트_98,000|중고_83,300","블랙_98,000|실버_98,000|_퍼플_98,000|_화이트_98,000|중고_83,300","_블랙_98,000|실버_98,000|퍼플_98,000|화이트_98,000|_중고_83,300","_블랙_98,000|실버_98,000|_퍼플_98,000|화이트_98,000|중고_83,300"
124350055,WLmouse Beast G Medium 유무선,0,"블랙_98,000|실버_98,000|_퍼플_98,000|_화이트_98,000|중고_83,300",0,0,0,0,"블랙_98,000|실버_98,000|_퍼플_98,000|_화이트_98,000|중고_83,300","블랙_98,000|실버_98,000|_퍼플_98,000|_화이트_98,000|중고_83,300",0,"_블랙_98,000|실버_98,000|_퍼플_98,000|화이트_98,000|중고_83,300"
123695291,WLmouse Beast G Mini 유무선,"_블랙_98,000|실버_98,000|퍼플_98,000|_화이트_98,000","_블랙_98,000|실버_98,000|퍼플_98,000|_화이트_98,000","_블랙_98,000|실버_98,000|퍼플_98,000|_화이트_98,000","_블랙_98,000|실버_98,000|퍼플_98,000|_화이트_98,000","_블랙_98,000|실버_98,000|퍼플_98,000|_화이트_98,000","_블랙_98,000|실버_98,000|퍼플_98,000|_화이트_98,000","_블랙_98,000|실버_98,000|퍼플_98,000|_화이트_98,000","_블랙_98,000|실버_98,000|퍼플_98,000|_화이트_98,000","_블랙_98,000|_실버_98,000|퍼플_98,000|화이트_98,000","_블랙_98,000|_실버_98,000|퍼플_98,000|화이트_98,000"
92045126,WLmouse Beast Miao 유무선,"218,000","218,000","218,000","218,000","218,000","218,000","218,000","218,000","218,000","218,000"
122710826,WLmouse Beast Miao 유무선 중고,"185,300","185,300","163,500","163,500","163,500","163,500","163,500","163,500","163,500","163,500"
58007801,WLmouse Beast X Max 유무선,"218,000","218,000","218,000","218,000","218,000","218,000","218,000","218,000","218,000","218,000"
122710790,WLmouse Beast X Max 유무선 중고,"163,500","163,500","163,500","163,500","163,500","163,500","163,500","163,500","163,500","163,500"
56253488,WLmouse Beast X Max 유무선 해외구매,0,"177,350",0,0,0,"179,300","179,300","179,300","179,300",0
92045192,WLmouse Beast X Medium Pro 유무선,"218,000","218,000","218,000","218,000","218,000","218,000","218,000","218,000","218,000","218,000"
122710798,WLmouse Beast X Medium Pro 유무선 중고,"185,300","185,300","185,300","185,300","185,300","185,300","185,300","185,300","185,300","185,300"
92045156,WLmouse Beast X Mini Pro 유무선,"218,000","218,000","218,000","218,000","218,000","218,000","218,000","218,000","218,000","218,000"
122710793,WLmouse Beast X Mini 유무선 중고,0,0,0,0,0,0,0,"178,200","178,200","178,200"
56061776,WLmouse Beast X Mini 유무선 해외구매,"227,810","230,230","230,230","230,230","230,230","230,230","230,230","230,230","230,230","230,230"
122617673,WLmouse Huan 유무선,"_네코_259,000|블랙_239,000|사쿠라_259,000|실버_239,000|청백자_259,000||||_화이트_239,000|","_네코_259,000|블랙_239,000|사쿠라_259,000|실버_239,000|청백자_259,000||||_화이트_239,000|","_네코_259,000|블랙_239,000|사쿠라_259,000|실버_239,000|청백자_259,000||||_화이트_239,000|","_네코_259,000|블랙_239,000|사쿠라_259,000|실버_239,000|청백자_259,000||||_화이트_239,000|","네코_259,000|블랙_239,000|사쿠라_259,000|실버_239,000|청백자_259,000|_퍼플_239,000|||_화이트_239,000|",0,0,0,0,0
122617639,WLmouse Huan 유무선,0,0,0,0,0,"_네코_259,000|블랙_239,000|사쿠라_259,000|실버_239,000|청백자_259,000|_퍼플_239,000||||","_네코_259,000|블랙_239,000|사쿠라_259,000|실버_239,000|청백자_259,000|_퍼플_239,000||||","_네코_259,000|블랙_239,000|사쿠라_259,000|실버_239,000|청백자_259,000|_퍼플_239,000||||","_네코_259,000|블랙_239,000|사쿠라_259,000|실버_239,000|청백자_259,000|_퍼플_239,000||||","_네코_259,000|블랙_239,000|사쿠라_259,000|실버_239,000|청백자_259,000|_퍼플_239,000||||"
122617679,WLmouse Huan 유무선 한정판,"레드_259,000","레드_259,000","레드_259,000","레드_259,000","레드_259,000","레드_259,000","레드_259,000","레드_259,000","레드_259,000","레드_259,000"
122710805,WLmouse Strider 유무선,"_골드_218,000|블랙_218,000|퍼플_218,000|화이트_218,000|_중고_185,300","_골드_218,000|블랙_218,000|퍼플_218,000|화이트_218,000|_중고_185,300","_골드_218,000|블랙_218,000|퍼플_218,000|화이트_218,000|_중고_185,300",0,"_골드_218,000|블랙_218,000|퍼플_218,000|화이트_218,000|_중고_185,300","_골드_218,000|블랙_218,000|퍼플_218,000|화이트_218,000|_중고_185,300","_골드_218,000|블랙_218,000|퍼플_218,000|화이트_218,000|_중고_185,300","_골드_218,000|블랙_218,000|퍼플_218,000|화이트_218,000|_중고_185,300","_골드_218,000|블랙_218,000|퍼플_218,000|화이트_218,000|_중고_185,300","_골드_218,000|블랙_218,000|퍼플_218,000|화이트_218,000|_중고_185,300"
78843206,WLmouse Strider 유무선,0,0,0,"_골드_218,000|블랙_218,000|퍼플_218,000|화이트_218,000|_중고_185,300",0,0,0,0,0,0
77963144,WLmouse Strider 유무선 해외구매,0,"201,510","201,510","201,510","201,510","193,110","193,110","193,110",0,0
71777171,WLmouse Sword X 8K 유무선,0,"229,000",0,0,"229,000","229,000","229,000","229,000","229,000","229,000"
122710809,WLmouse Sword X 8K 유무선 중고,0,0,"194,650","194,650","194,650","194,650","194,650","194,650","194,650","194,650"
92045666,WLmouse Ying 유무선,"218,000","218,000","218,000","218,000","218,000","218,000","218,000","218,000","218,000","218,000"
36202220,XINMENG MS301 유무선,"해외구매_34,220","해외구매_34,220","해외구매_34,220","해외구매_34,220","해외구매_34,220","해외구매_34,600","해외구매_34,600","해외구매_34,600","해외구매_34,600","해외구매_34,600"
71777900,XP-PEN ARTIST 14 PRO 2세대,"589,000","589,000","589,000","589,000","589,000","589,000","589,000","589,000","589,000",0
124216892,XP-PEN ARTIST 14 ULTRA,"998,000","998,000","998,000","998,000","998,000","998,000","998,000","998,000","998,000","998,000"
17296310,XP-PEN ARTIST 16 2세대,"494,990","494,990","494,990","494,990","495,000","495,000",0,"495,000","495,000","495,000"
63423287,XP-PEN ARTIST 22 Plus,"649,000","649,000","649,000","649,000","649,000","649,000","649,000","649,000","649,000","649,000"
12659045,XP-PEN ARTIST 22R PRO,0,0,0,0,"770,000","770,000","770,000","770,000","770,000","770,000"
12659513,XP-PEN ARTIST 24 PRO,"990,000","990,000","990,000","990,000","990,000","990,000","990,000","990,000","990,000","990,000"
71777624,XP-PEN ARTIST 24 PRO 4K 2세대,"1,760,000","1,561,820","1,561,820","1,561,820","1,561,820","1,561,820","1,561,820","1,561,820","1,561,820","1,561,820"
78309803,XP-PEN ARTIST PRO 19 2세대,"1,359,990","1,133,760","1,133,760","1,133,760","1,133,760","1,133,760","1,133,760","1,133,760","1,133,760",0
74249567,XP-PEN ARTIST PRO 22 2세대,"887,000","887,000","887,000","887,000","887,000","887,000","887,000","887,000","887,000","887,000"
71777750,XP-PEN ARTIST PRO 24 2세대,"1,450,000","1,450,000",0,0,"1,450,000","1,450,000","1,450,000","1,450,000","1,450,000",0
28334774,XP-PEN Artist 10 2세대,"250,000","250,000",0,"250,000","250,000","250,000","250,000","250,000","250,000","250,000"
17733569,XP-PEN Artist 12 2세대,"블랙_325,610","블랙_325,610","블랙_325,610","블랙_325,610","블랙_325,610","블랙_325,610","블랙_325,610",0,0,0
99739853,XP-PEN Artist 12 3세대,"339,000","339,000","339,000","339,000","339,000","339,000","339,000","339,000","339,000","339,000"
28243535,XP-PEN Artist 24 FHD,"759,000","759,000","759,000","759,000","759,000","759,000","759,000","759,000","759,000","759,000"
17296904,XP-PEN Artist Pro 16,"586,000","586,000","586,000","586,000","586,000","586,000","586,000","586,000",0,0
78307616,XP-PEN Artist Pro 16 2세대,"699,000","622,050","622,050","650,000","650,000","650,000","650,000","650,000","650,000","650,000"
122724223,XP-PEN Artist Pro 16 3세대,"505,000","505,000","505,000","505,000","505,000","505,000","505,000","505,000","505,000","505,000"
78309926,XP-PEN Artist Pro 16TP,0,0,0,0,0,0,0,"1,090,000","1,090,000","1,090,000"
122617764,XP-PEN Artist Pro 27 2세대,"2,690,000","2,690,000","2,690,000","2,690,000","2,690,000","2,690,000","2,690,000","2,690,000","2,690,000","2,690,000"
99739778,XP-PEN Artist Ultra 16,"1,330,000","1,330,000","1,330,000",0,0,"1,330,000","1,330,000","1,330,000","1,330,000","1,330,000"
17258786,XP-PEN Artist22 2세대,"정품_597,990","정품_597,990","정품_597,990","정품_597,990","정품_598,000","정품_598,000","정품_598,000","정품_598,000","정품_598,000","정품_598,000"
9280029,XP-PEN DECO PRO MEDIUM,"139,000","139,000","139,000","139,000","139,000","139,000","139,000","139,000","139,000","139,000"
78309497,XP-PEN Deco 01 V3,"68,990","68,990","68,990","68,990","68,990","68,990","68,990","68,990","68,990","68,990"
106747886,XP-PEN Deco 640,"37,000","37,000","37,000","37,000","37,000","37,000","37,000","37,000","37,000","37,000"
17167163,XP-PEN Deco FUN,"_XS_40,190|S_44,000|_L_55,000|해외구매_30,900","_XS_40,890|S_44,000|_L_55,000|해외구매_30,900","_XS_40,880|S_44,000|_L_55,000|해외구매_30,900","_XS_40,890|_L_55,000|해외구매_30,900","_XS_40,190|S_44,000|_L_55,000|해외구매_30,900","_XS_40,880|S_44,000|_L_55,000|해외구매_30,900","XS_40,190|_S_44,000|_L_55,000|해외구매_30,900","XS_40,890|_S_44,000|_L_55,000|해외구매_30,900","XS_40,190|_S_44,000|_L_55,000|해외구매_30,900","XS_40,890|_S_44,000|_L_55,000|해외구매_30,900"
75537710,XP-PEN Deco MINI 7W,"100,200","100,200","100,200","100,200","100,200","100,200","100,200","100,200","100,200","100,200"
106702355,XP-PEN Deco MINI 7W V2,"76,620","76,620","76,620","76,620","76,620","76,620","76,620","76,620","76,620","76,620"
63423386,XP-PEN Deco MW,0,"88,000","88,000","88,000","88,000","88,000","88,000","88,000","88,000","88,000"
67690355,XP-PEN Deco Pro MW 2세대,"239,000","239,000","239,000","239,000","239,000","239,000",0,0,0,0
75537626,XP-PEN Deco Pro SW,"169,000","169,000","169,000","169,000","169,000",0,0,0,0,0
67690535,XP-PEN Deco Pro XLW 2세대,"289,000","289,000","289,000","289,000","289,000","289,000","289,000","289,000",0,"289,000"
72913928,ZAOPIN Z1 PRO MAX 유무선,"해외구매_61,430","해외구매_61,430","해외구매_61,430","해외구매_61,430","해외구매_61,430","해외구매_62,100","해외구매_62,100","해외구매_62,100","해외구매_62,100","해외구매_62,100"
28442183,ZAOPIN Z1 PRO 유무선,"해외구매_50,900","해외구매_50,900","해외구매_50,900","해외구매_50,900","해외구매_50,900","해외구매_50,900","해외구매_50,900","해외구매_50,900","해외구매_50,900","해외구매_50,900"
77618450,ZAOPIN Z2 MINI 4K 유무선,"해외구매_73,630","해외구매_73,630","해외구매_73,630","해외구매_73,630","해외구매_73,630","해외구매_74,420","해외구매_74,420","해외구매_74,420","해외구매_74,420","해외구매_74,420"
36792437,ZAOPIN Z2 유무선,"해외구매_80,480","해외구매_80,480","해외구매_80,480","해외구매_80,480","해외구매_80,480","해외구매_80,480","해외구매_80,480","해외구매_80,480","해외구매_80,480","해외구매_80,480"
15133592,Zyon ZY-DP01 타블렛 드로잉 패드,0,0,0,0,0,0,0,0,"84,420","84,420"
5638311,archon AG30 게이밍 마우스,"블랙_6,900","블랙_6,900","블랙_6,900",0,0,0,0,0,0,0
5638355,archon AG60 게이밍 마우스,"블랙_7,900","블랙_7,900","블랙_7,900","블랙_7,900","블랙_7,900","블랙_7,900","블랙_7,900","블랙_7,900","블랙_7,900","블랙_7,900"
74253863,darkFlash FLO-3 무선 블루투스 버티컬,"_오닉스 블랙_22,990|글래스 그린_23,080|라벤더 퍼플_22,990|_실버 미스트_23,030|애저 블루_23,080|","_오닉스 블랙_23,070|글래스 그린_23,080|라벤더 퍼플_23,080|_실버 미스트_23,080|애저 블루_23,080|","_오닉스 블랙_23,030|글래스 그린_23,070|라벤더 퍼플_23,070|_실버 미스트_22,950|애저 블루_23,070|","_오닉스 블랙_23,020|글래스 그린_23,060|라벤더 퍼플_22,960|_실버 미스트_22,940|애저 블루_23,060|","_오닉스 블랙_23,020|글래스 그린_22,980|라벤더 퍼플_22,950|_실버 미스트_22,940|애저 블루_22,980|","_오닉스 블랙_22,230|글래스 그린_21,942|라벤더 퍼플_21,915|_실버 미스트_22,041|애저 블루_21,942|","_오닉스 블랙_22,230|글래스 그린_22,230|라벤더 퍼플_22,230|_실버 미스트_22,230|애저 블루_22,230|","_오닉스 블랙_22,230|글래스 그린_22,230|라벤더 퍼플_22,230|_실버 미스트_22,230|애저 블루_22,230|","_오닉스 블랙_22,230|글래스 그린_22,230|라벤더 퍼플_22,230|_실버 미스트_22,230|애저 블루_22,230|","_오닉스 블랙_22,230|글래스 그린_22,230|라벤더 퍼플_22,230|_실버 미스트_22,230|애저 블루_22,230|"
78614780,darkFlash FLO-5 무선 블루투스 버티컬,"_블랙_40,070|_베이지_40,070","_블랙_40,070|_베이지_40,070","_블랙_40,070|_베이지_40,070","_블랙_40,060|_베이지_40,060","_블랙_40,060|_베이지_40,060","_블랙_40,060|_베이지_40,060","_블랙_38,960|_베이지_38,960","_블랙_38,960|_베이지_38,960","_블랙_38,960|_베이지_38,960","_블랙_38,960|_베이지_38,960"
1956267,i-rocks Gaming Mouse M09,"18,490","18,490","18,490","18,490","18,490","18,490","18,490","18,490","18,490","18,490"
14955833,i-rocks IRM23R 무소음 무선 마우스,"블랙_14,900|_핑크_14,500|_화이트_14,500","블랙_14,900|_핑크_14,500|_화이트_14,500","블랙_14,900|_핑크_14,500|_화이트_14,500","블랙_14,900|_핑크_14,500|_화이트_14,500","블랙_14,900|_핑크_14,500|_화이트_14,500","블랙_14,900|_핑크_14,500|_화이트_14,500","블랙_14,900|_핑크_14,500|_화이트_14,500",0,0,0
14955815,i-rocks IRM23R 무소음 무선 마우스,0,0,0,0,0,0,0,"블랙_14,900|_핑크_14,500|_화이트_14,500","블랙_14,900|_핑크_14,500|_화이트_14,500","블랙_14,900|_핑크_14,500|_화이트_14,500"
7075624,i-rocks IRM24W,"3,360","3,360","3,360","3,360","3,360","3,360","3,360","3,360","3,360","3,360"
17586002,iFLYTEK AI-MTVS-001 꿀벌마우스,0,0,0,0,0,0,0,"민트_70,500","민트_69,750","민트_69,750"
37925633,iFLYTEK M110,"해외구매_26,400","해외구매_26,400","해외구매_26,400","해외구매_26,400","해외구매_26,400","해외구매_25,300","해외구매_25,300","해외구매_25,300","해외구매_25,300","해외구매_25,300"
15596423,iFLYTEK M110 스마트 마우스,"_블랙_36,580|_화이트_35,200","_블랙_36,580|_화이트_35,200","_블랙_36,580|_화이트_35,200","_블랙_36,580|_화이트_35,200","_블랙_36,580|_화이트_35,200","_블랙_36,800|_화이트_35,200","_블랙_36,800|_화이트_35,200","_블랙_36,800|_화이트_35,200","_블랙_36,800|_화이트_35,200","_블랙_36,800|_화이트_35,200"
1520364,iSV P&M Dolphin 블루투스 펜마우스,"76,250","76,250","76,250","76,250","76,250","76,250","76,250","76,250","76,250","76,250"
14030453,iSV P&M Dolphin 유선 펜마우스,0,"78,720","78,720","78,720","78,720","78,720","78,720","78,720",0,0
95347304,inphic A9 무선,0,0,0,0,0,"해외구매_37,000","해외구매_37,000","해외구매_37,000","해외구매_37,000","해외구매_37,000"
94260398,inphic F1 무선,"해외구매_16,650","해외구매_16,650","해외구매_16,650","해외구매_16,650","해외구매_16,650","해외구매_16,650","해외구매_16,650","해외구매_16,650","해외구매_16,650","해외구매_16,650"
94260557,inphic M1P 무선,0,0,"해외구매_43,320","해외구매_43,320","해외구매_43,320","해외구매_43,320","해외구매_43,320","해외구매_43,320","해외구매_43,320",0
65920373,inphic PG1,"해외구매_19,340","해외구매_19,340","해외구매_19,340","해외구매_19,340","해외구매_19,340","해외구매_19,340","해외구매_19,340","해외구매_19,340","해외구매_19,340","해외구매_19,340"
91191803,inphic PG9,"해외구매_28,320","해외구매_28,320","해외구매_28,320","해외구매_28,320","해외구매_28,320","해외구매_28,320","해외구매_28,320","해외구매_28,320","해외구매_28,320","해외구매_28,320"
62639813,inphic X2 무선,"해외구매_21,400","해외구매_21,400","해외구매_21,400","해외구매_21,400","해외구매_21,400","해외구매_21,400","해외구매_21,400","해외구매_21,400","해외구매_21,400","해외구매_21,400"
75931652,neobook AX-NM10 무선,"14,800","14,800",0,0,"14,800","14,800","14,800","14,800","14,800","14,800"
57308648,ninjutso 소라 V2 유무선 게이밍,0,0,0,0,0,0,0,0,0,"화이트_187,020"
54696533,ninjutso 소라 V2 유무선 해외구매,"122,770","122,770","122,770","122,770","122,770","124,110","124,110","124,110","124,110","124,110"
122724804,ninjutso 소라 V3 무선,"해외구매_192,490","해외구매_192,490","해외구매_192,490","해외구매_192,490","해외구매_192,490","해외구매_192,490","해외구매_192,490","해외구매_192,490","해외구매_192,490","해외구매_192,490"
37932323,강원전자 NETmate NM-MS01,"1,710","1,710","1,710","1,710","1,700","1,700","1,790","1,790","1,790","1,790"
79859687,강원전자 NETmate NM-MS03 무선,"4,400","4,400","4,400","4,400","4,400","4,400","4,400","4,400","4,400","4,400"
76508036,강원전자 NETmate NM-MS04,"1,710","1,710","1,710","1,710","1,710","1,790","1,790","1,790","1,790","1,790"
4398821,강원전자 NETmate NM-OM01 PS/2 광 마우스,"4,600","4,600","4,600","4,600","4,600","4,600","4,600","4,600","4,600","4,600"
4380981,강원전자 NETmate NM-OM02 USB 광 마우스,"4,000","4,000","4,000","4,000","4,000","4,000","4,000","4,000","4,000","4,000"
14966066,갤럭시 GALAX EX BLACK-01 게이밍 마우스,0,0,0,"13,950","13,950",0,0,0,0,0
6349573,갤럭시 XANOVA MENSA PRO 게이밍 마우스,"22,980","22,980","22,980","22,980","22,980","22,980","23,100","23,100","23,100","23,100"
6352007,갤럭시 XANOVA MENSA 게이밍 마우스,"11,900","11,900","11,900","11,900","11,900","11,900","11,900","11,900","11,900","11,900"
11211003,갤럭시 XANOVA XM310 게이밍 마우스,"19,000","19,000","19,000","19,000","19,000","19,000","19,000","19,000","19,000","19,000"
11210943,갤럭시 XANOVA XM380 PRO 게이밍 마우스,"20,780","20,780","20,780","20,780","20,780","20,780","20,780","20,780","20,780","20,780"
15518558,갤럭시 갤라즈 GALAX EX-01 게이밍 마우스,"블랙_13,190","블랙_13,190","블랙_13,190","블랙_13,190","블랙_13,190","블랙_13,190","블랙_13,190","블랙_13,190","블랙_13,190","블랙_13,190"
17406671,갤럭시 갤라즈 GALAX EX-03 PRO 게이밍 마우스,"12,513","12,513","12,890","12,880","12,880","12,330","12,330","12,330","12,330","12,330"
15852482,갤럭시 갤라즈 GALAX EX-03 게이밍 마우스,"14,500","14,500","14,500","14,500","14,500","14,500","14,500","14,500","14,500","14,500"
20552318,건평정보통신 IPLEX BS-M700 무선 블루투스,"18,910","18,910","18,910","18,910","18,910","19,800","19,800","19,800","19,800","19,800"
958293,건평정보통신 IPLEX KP-193 USB,0,0,0,0,"1,690","1,690","1,690","1,690","1,690","1,690"
14387075,건평정보통신 IPLEX KP310S,"_블랙_7,790|_화이트_7,790","_블랙_7,790|_화이트_7,790","_블랙_7,790|_화이트_7,790","_블랙_7,790|_화이트_7,790","_블랙_7,790|_화이트_7,790","_블랙_7,790|_화이트_7,790","_블랙_7,790|_화이트_7,790","_블랙_7,790|_화이트_7,790","_블랙_7,790|_화이트_7,790","_블랙_7,790|_화이트_7,790"
9394653,건평정보통신 IPLEX RM3300 저소음 마우스,"블랙_8,230","블랙_8,230","블랙_8,230","블랙_8,230","블랙_8,230","블랙_8,230","블랙_8,230","블랙_8,230","블랙_8,230","블랙_8,230"
5674067,건평정보통신 IPLEX VM-600 버티컬 유선 마우스,"25,590","25,590","25,590","25,590","25,590","25,590","25,590","25,320","25,050","25,050"
11035656,건평정보통신 IPLEX VM-750 RGB 버티컬 마우스,"28,530","28,530","28,530","28,530","28,530","28,530","28,530","28,530","28,530","28,530"
13412507,건평정보통신 IPLEX VM500 유선 버티컬마우스,"17,590","17,590","17,590","17,590","17,590","17,590","17,590","17,590","17,590","17,590"
5168434,건평정보통신 IPLEX VM912 버티컬 유선 마우스,"_블랙_14,070|_화이트_13,990","_블랙_14,070|_화이트_13,990","_블랙_14,070|_화이트_13,990","_블랙_14,070|_화이트_13,990","_블랙_14,070|_화이트_13,990","_블랙_14,070|_화이트_13,990","_블랙_14,070|_화이트_13,990","_블랙_14,070|_화이트_13,990","_블랙_14,070|_화이트_13,990","_블랙_14,070|_화이트_13,990"
5674085,건평정보통신 IPLEX WM-600 버티컬 무선 마우스,"19,900","19,900","19,900","19,900","19,900","19,900","19,900","19,900","19,900","19,900"
11035746,건평정보통신 IPLEX WM-750 무선 버티컬 마우스,"28,530","28,530","28,530","28,530","28,530","28,530","28,530","28,530","28,530","28,530"
7853500,건평정보통신 IPLEX WM-950 왼손전용 무선 버티컬마우스,"33,430","33,430","33,440","33,430","33,430","33,430","33,870","33,870","33,870","33,870"
14370386,건평정보통신 IPLEX WM310,"_블랙_7,420|_화이트_7,360","_블랙_7,420|_화이트_7,360","_블랙_7,420|_화이트_7,360","_블랙_7,420|_화이트_7,360","_블랙_7,420|_화이트_7,360","_블랙_7,420|_화이트_7,360","_블랙_7,420|_화이트_7,360","_블랙_7,420|_화이트_7,360","_블랙_7,420|_화이트_7,360","_블랙_7,420|_화이트_7,360"
4323755,건평정보통신 IPLEX WM912 버티컬 무선 마우스,"_블랙_19,340|_화이트_19,210","_블랙_19,340|_화이트_19,210","_블랙_19,340|_화이트_19,210","_블랙_19,340|_화이트_19,210","_블랙_19,340|_화이트_19,210","_블랙_19,390|_화이트_19,210","_블랙_19,390|_화이트_19,210","_블랙_19,390|_화이트_19,210","_블랙_19,390|_화이트_19,210","_블랙_19,390|_화이트_19,210"
2385705,건평정보통신 IPLEX [휴] 休 Ergo VM712,"19,160","19,160","19,160","19,160","19,160","19,160","19,160","19,160","19,160","19,160"
2385710,건평정보통신 IPLEX [휴] 休 Ergo WM712,"27,630","27,620","27,620","27,620","27,620","27,620","27,620","27,620","27,620","27,620"
119941060,건평정보통신 WM310,"블랙_9,860","블랙_9,860","블랙_9,860","블랙_9,860","블랙_9,860","블랙_11,790","블랙_9,540","블랙_9,540","블랙_9,540","블랙_9,540"
13413581,건평정보통신 WM550 무선 버티컬마우스,"25,700","25,700","25,700","25,700","25,700","25,700","25,700","25,700","25,700","25,700"
17692517,골드다이크 AZV 블루투스 마우스,"7,980","7,980","7,980","7,980","7,980","8,400","8,400","8,400","8,400","8,400"
54813059,그라바스타 머큐리 M1 PRO 유무선,"_건메탈 그레이_138,000|_그라디언트 블랙_142,800|라벤더퍼플_148,000|사쿠라핑크_148,000|아이스블루_148,000","_건메탈 그레이_138,000|_그라디언트 블랙_142,800|라벤더퍼플_148,000|사쿠라핑크_148,000|아이스블루_148,000","_건메탈 그레이_138,000|_그라디언트 블랙_142,800|라벤더퍼플_148,000|사쿠라핑크_148,000|아이스블루_148,000","_건메탈 그레이_138,000|_그라디언트 블랙_142,800|라벤더퍼플_148,000|사쿠라핑크_148,000|아이스블루_148,000","_건메탈 그레이_138,000|그라디언트 블랙_142,800|라벤더퍼플_148,000|사쿠라핑크_148,000|_아이스블루_148,000","_건메탈 그레이_138,000|그라디언트 블랙_142,800|라벤더퍼플_148,000|사쿠라핑크_148,000|_아이스블루_148,000","_건메탈 그레이_129,720|그라디언트 블랙_142,800|_라벤더퍼플_148,000|사쿠라핑크_148,000|아이스블루_148,000","_건메탈 그레이_129,720|그라디언트 블랙_142,800|라벤더퍼플_148,000|사쿠라핑크_148,000|_아이스블루_148,000","_건메탈 그레이_129,720|그라디언트 블랙_142,800|_라벤더퍼플_148,000|사쿠라핑크_148,000|아이스블루_148,000","_건메탈 그레이_129,720|그라디언트 블랙_142,800|라벤더퍼플_148,000|사쿠라핑크_148,000|_아이스블루_148,000"
74251007,그라바스타 머큐리 M1 PRO 유무선 배틀원,0,0,"실버_168,000","실버_168,000","실버_168,000","실버_168,000","실버_168,000","실버_168,000","실버_168,000","실버_168,000"
54813053,그라바스타 머큐리 M2 유무선,"_스텔스 블랙_108,000|_오팔린화이트_118,000|크리스탈로즈_118,000|클리어 블랙_118,000","_스텔스 블랙_108,000|_오팔린화이트_118,000|크리스탈로즈_118,000|클리어 블랙_118,000","_스텔스 블랙_108,000|_오팔린화이트_118,000|크리스탈로즈_118,000|클리어 블랙_118,000",0,"_스텔스 블랙_108,000|오팔린화이트_118,000|_크리스탈로즈_118,000|클리어 블랙_118,000","_스텔스 블랙_108,000|오팔린화이트_118,000|_크리스탈로즈_118,000|클리어 블랙_118,000","_스텔스 블랙_101,520|오팔린화이트_118,000|_크리스탈로즈_118,000|클리어 블랙_118,000","_스텔스 블랙_101,520|오팔린화이트_118,000|_크리스탈로즈_118,000|클리어 블랙_118,000","_스텔스 블랙_101,520|오팔린화이트_118,000|_크리스탈로즈_118,000|클리어 블랙_118,000",0
124180288,그라바스타 머큐리 M2 유무선,0,0,0,"_스텔스 블랙_108,000|오팔린화이트_118,000|_크리스탈로즈_118,000|클리어 블랙_118,000","_스텔스 블랙_108,000|오팔린화이트_118,000|_크리스탈로즈_118,000|클리어 블랙_118,000","_스텔스 블랙_108,000|오팔린화이트_118,000|_크리스탈로즈_118,000|클리어 블랙_118,000","_스텔스 블랙_101,520|오팔린화이트_118,000|_크리스탈로즈_118,000|클리어 블랙_118,000","_스텔스 블랙_101,520|오팔린화이트_118,000|_크리스탈로즈_118,000|클리어 블랙_118,000","_스텔스 블랙_101,520|오팔린화이트_118,000|_크리스탈로즈_118,000|클리어 블랙_118,000","_스텔스 블랙_101,520|오팔린화이트_118,000|_크리스탈로즈_118,000|클리어 블랙_118,000"
124180470,그라바스타 머큐리 X Pro 유무선,"_네온그레피티_228,000|_배틀 웜옐로우_228,000|스탠다드_198,000","_네온그레피티_228,000|_배틀 웜옐로우_228,000|스탠다드_198,000","_네온그레피티_228,000|_배틀 웜옐로우_228,000|스탠다드_198,000","_네온그레피티_228,000|_배틀 웜옐로우_228,000|스탠다드_198,000","_네온그레피티_228,000|배틀 웜옐로우_228,000|_스탠다드_198,000","_네온그레피티_228,000|배틀 웜옐로우_228,000|_스탠다드_198,000","_네온그레피티_228,000|배틀 웜옐로우_228,000|_스탠다드_198,000","_네온그레피티_228,000|배틀 웜옐로우_228,000|_스탠다드_198,000","_네온그레피티_228,000|배틀 웜옐로우_210,800|_스탠다드_198,000","_네온그레피티_228,000|배틀 웜옐로우_205,200|_스탠다드_198,000"
7606816,그린전산 FOR LG LGC-CMU09 마우스,"_블랙_5,500|_화이트_5,500","_블랙_5,500|_화이트_5,500",0,0,"_블랙_5,500|_화이트_5,500","_블랙_5,500|_화이트_5,500","_블랙_5,500|_화이트_5,500","_블랙_5,500|_화이트_5,500","_블랙_5,500|_화이트_5,500","_블랙_5,500|_화이트_5,500"
7606864,그린전산 FOR LG LGC-CMU09 마우스,0,0,"_블랙_5,500|_화이트_5,500","_블랙_5,500|_화이트_5,500",0,0,0,0,0,0
62163461,글로리어스 MODEL D 2,"_블랙_82,770|_화이트_89,000","_블랙_82,770|_화이트_89,000","_블랙_82,770|_화이트_89,000","_블랙_82,770|_화이트_89,000","_블랙_82,770|_화이트_89,000",0,0,0,0,0
62163446,글로리어스 MODEL D 2,0,0,0,0,0,"_블랙_89,000|_화이트_89,000","_블랙_89,000|_화이트_89,000","_블랙_89,000|_화이트_89,000","_블랙_89,000|_화이트_89,000","_블랙_89,000|_화이트_89,000"
28887968,글로리어스 MODEL D 2 PRO 8KHz 유무선,"_블랙_138,800|_화이트_99,970","_블랙_138,800|_화이트_99,970","_블랙_138,800|_화이트_99,950","_블랙_138,800|_화이트_99,890","_블랙_138,800|_화이트_99,880","_블랙_138,800|_화이트_99,880",0,0,0,0
73761881,글로리어스 MODEL D 2 PRO 8KHz 유무선,0,0,0,0,0,0,"_블랙_138,800|_화이트_99,880","_블랙_138,800|_화이트_99,880","_블랙_138,800|_화이트_99,880","_블랙_138,800|_화이트_99,880"
28887899,글로리어스 MODEL D 2 PRO 유무선,"73,800","73,760","73,740","79,250","79,190","79,180","79,130","79,080","78,990","78,930"
62163521,글로리어스 MODEL D 2 유무선,"_블랙_62,550|_화이트_62,550","_블랙_62,550|_화이트_62,550","_블랙_62,550|_화이트_62,550","_블랙_62,550|_화이트_62,550","_블랙_62,550|_화이트_62,550",0,"_블랙_62,550|_화이트_62,550","_블랙_81,560|_화이트_84,740","_블랙_84,640|_화이트_84,660","_블랙_84,520|_화이트_84,540"
62163530,글로리어스 MODEL D 2 유무선,0,0,0,0,0,"_블랙_62,550|_화이트_62,550",0,0,0,0
20206862,글로리어스 MODEL D PRO 유무선,"_FLAMINGO_169,000|_SKYLINE_169,000|VICE_169,000","_FLAMINGO_169,000|_SKYLINE_169,000|VICE_169,000","_FLAMINGO_169,000|_SKYLINE_169,000|VICE_169,000","_FLAMINGO_169,000|_SKYLINE_169,000|VICE_169,000","_FLAMINGO_169,000|_SKYLINE_169,000|VICE_169,000","_FLAMINGO_169,000|_SKYLINE_169,000|VICE_169,000","_FLAMINGO_169,000|_SKYLINE_169,000|VICE_169,000","_FLAMINGO_169,000|_SKYLINE_169,000|VICE_169,000","_FLAMINGO_169,000|_SKYLINE_169,000|VICE_169,000","_FLAMINGO_169,000|_SKYLINE_169,000|VICE_169,000"
10358013,글로리어스 MODEL D 마우스,"_화이트, 무광_129,000|블랙, 무광_84,000|_블랙, 유광_84,000","_화이트, 무광_129,000|블랙, 무광_84,000|_블랙, 유광_84,000","_화이트, 무광_129,000|블랙, 무광_84,000|_블랙, 유광_84,000","_화이트, 무광_129,000|블랙, 무광_84,000|_블랙, 유광_84,000","_화이트, 무광_129,000|블랙, 무광_84,000|_블랙, 유광_84,000","_화이트, 무광_129,000|블랙, 무광_84,000|_블랙, 유광_84,000","_화이트, 무광_129,000|블랙, 무광_84,000|_블랙, 유광_84,000","_화이트, 무광_129,000|블랙, 무광_84,000|_블랙, 유광_84,000","_화이트, 무광_129,000|블랙, 무광_84,000|_블랙, 유광_84,000","_화이트, 무광_129,000|블랙, 무광_84,000|_블랙, 유광_84,000"
15485018,글로리어스 MODEL D 무선,"무광, 화이트_129,000","무광, 화이트_129,000","무광, 화이트_129,000","무광, 화이트_129,000","무광, 화이트_129,000","무광, 화이트_129,000","무광, 화이트_129,000","무광, 화이트_129,000","무광, 화이트_129,000","무광, 화이트_129,000"
15960746,글로리어스 MODEL D- 무선 마우스,"화이트, 무광_129,000","화이트, 무광_129,000","화이트, 무광_129,000","화이트, 무광_129,000","화이트, 무광_129,000","화이트, 무광_129,000","화이트, 무광_129,000","화이트, 무광_129,000","화이트, 무광_129,000","화이트, 무광_129,000"
12118580,글로리어스 MODEL D- 유선 마우스,"화이트_84,000","화이트_84,000","화이트_84,000","화이트_84,000","화이트_84,000","화이트_84,000","화이트_84,000","화이트_84,000","화이트_84,000","화이트_84,000"
27806564,글로리어스 MODEL I 2 유무선,"_화이트_146,000|_블랙_159,000","_화이트_146,000|_블랙_159,000","_화이트_146,000|_블랙_159,000","_화이트_146,000|_블랙_159,000","_화이트_146,000|_블랙_159,000","_화이트_146,000|_블랙_159,000","_화이트_146,000|_블랙_159,000","_화이트_146,000|_블랙_159,000","_화이트_146,000|_블랙_159,000","_화이트_146,000|_블랙_159,000"
19473206,글로리어스 MODEL O 2,"_블랙_99,000|_화이트_82,770","_블랙_99,000|_화이트_82,770","_블랙_99,000|_화이트_82,770","_블랙_99,000|_화이트_82,770","_블랙_99,000|_화이트_82,770","_블랙_99,000|_화이트_89,000","_블랙_99,000|_화이트_84,550","_블랙_99,000|_화이트_84,550","_블랙_99,000|_화이트_62,300","_블랙_99,000|_화이트_62,300"
69864215,글로리어스 MODEL O 2 Mini,"_블랙_82,770|_화이트_81,290","_블랙_82,770|_화이트_82,690","_블랙_82,770|_화이트_81,280","_블랙_82,770|_화이트_81,280","_블랙_82,770|_화이트_82,410","_블랙_82,770|_화이트_82,350","_블랙_82,770|_화이트_82,310","_블랙_82,770|_화이트_82,250","_블랙_62,300|_화이트_62,300","_블랙_62,300|_화이트_62,300"
69867458,글로리어스 MODEL O 2 Mini 유무선,"_블랙_129,270|_화이트_129,270","_블랙_129,270|_화이트_129,270","_블랙_129,270|_화이트_129,270","_블랙_129,270|_화이트_129,270","_블랙_129,270|_화이트_129,270","_블랙_139,000|_화이트_139,000",0,0,0,0
69867461,글로리어스 MODEL O 2 Mini 유무선,0,0,0,0,0,0,"_블랙_132,050|_화이트_139,000","_블랙_132,050|_화이트_139,000","_블랙_97,300|_화이트_97,300","_블랙_97,300|_화이트_97,300"
28865003,글로리어스 MODEL O 2 PRO 8KHz 유무선,"_블랙_175,770|_화이트_138,800","_블랙_175,770|_화이트_138,800","_블랙_175,770|_화이트_138,800","_블랙_175,770|_화이트_138,800","_블랙_175,770|_화이트_138,800","_블랙_175,770|_화이트_138,800","_블랙_175,770|_화이트_138,800","_블랙_175,770|_화이트_138,800","_블랙_175,770|_화이트_138,800","_블랙_175,770|_화이트_138,800"
28887509,글로리어스 MODEL O 2 PRO 유무선,"139,000","139,000","139,000","139,000","139,000","139,000","139,000","139,000","139,000","139,000"
19474250,글로리어스 MODEL O 2 무선 블루투스,"_블랙_139,000|_화이트_129,270","_블랙_139,000|_화이트_129,270",0,0,"_블랙_139,000|_화이트_129,270","_블랙_139,000|_화이트_139,000","_블랙_139,000|_화이트_139,000","_블랙_139,000|_화이트_139,000","_블랙_139,000|_화이트_139,000","_블랙_139,000|_화이트_139,000"
19474235,글로리어스 MODEL O 2 무선 블루투스,0,0,"_블랙_139,000|_화이트_129,270","_블랙_139,000|_화이트_129,270",0,0,0,0,0,0
94815164,글로리어스 MODEL O Eternal,"_블랙_53,230|_화이트_53,210","_블랙_44,930|_화이트_44,930","_블랙_44,930|_화이트_44,930","_블랙_44,930|_화이트_44,930","_블랙_44,930|_화이트_44,930","_블랙_44,930|_화이트_44,930",0,0,0,0
94815155,글로리어스 MODEL O Eternal,0,0,0,0,0,0,"_블랙_44,930|_화이트_44,930","_블랙_44,930|_화이트_44,930","_블랙_44,930|_화이트_44,930","_블랙_44,930|_화이트_44,930"
18436784,글로리어스 MODEL O PRO 유무선,"_BLUE LYNX_89,000|GOLDEN PANDA_89,000|_RED FOX_89,000","_BLUE LYNX_89,000|GOLDEN PANDA_89,000|_RED FOX_89,000","_BLUE LYNX_89,000|GOLDEN PANDA_89,000|_RED FOX_89,000","_BLUE LYNX_89,000|GOLDEN PANDA_89,000|_RED FOX_89,000","_BLUE LYNX_89,000|GOLDEN PANDA_89,000|_RED FOX_89,000","_BLUE LYNX_89,000|GOLDEN PANDA_89,000|_RED FOX_89,000","_BLUE LYNX_89,000|GOLDEN PANDA_89,000|_RED FOX_89,000","_BLUE LYNX_89,000|_GOLDEN PANDA_89,000|RED FOX_89,000","_BLUE LYNX_89,000|_GOLDEN PANDA_89,000|RED FOX_89,000","_BLUE LYNX_89,000|_GOLDEN PANDA_89,000|RED FOX_89,000"
8677028,글로리어스 MODEL O 마우스,"_블랙, 무광_102,800|_화이트, 무광_73,470","_블랙, 무광_102,740|_화이트, 무광_73,470","_블랙, 무광_102,730|_화이트, 무광_73,470","_블랙, 무광_102,720|_화이트, 무광_73,470","_블랙, 무광_102,660|_화이트, 무광_73,470",0,0,0,0,0
8676998,글로리어스 MODEL O 마우스,0,0,0,0,0,"_블랙, 무광_102,600|_화이트, 무광_79,000","_블랙, 무광_102,540|_화이트, 무광_79,000","_블랙, 무광_102,500|_화이트, 무광_79,000","_블랙, 무광_102,440|_화이트, 무광_79,000","_블랙, 무광_102,380|_화이트, 무광_79,000"
13149290,글로리어스 MODEL O 무선,"_블랙_119,970|_화이트_119,970","_블랙_96,750|_화이트_96,750",0,0,0,0,0,0,0,0
13149305,글로리어스 MODEL O 무선,0,0,"_블랙_96,750|_화이트_96,750","_블랙_96,750|_화이트_96,750","_블랙_119,970|_화이트_119,970","_블랙_122,550|_화이트_122,550","_블랙_122,550|_화이트_122,550","_블랙_122,550|_화이트_122,550","_블랙_129,000|_화이트_129,000","_블랙_129,000|_화이트_129,000"
9558744,글로리어스 MODEL O- 마우스,"블랙, 유광_79,000|_블랙, 무광_73,470|_화이트, 무광_73,470|화이트, 유광_144,000","블랙, 유광_79,000|_블랙, 무광_73,470|_화이트, 무광_73,470|화이트, 유광_144,000","블랙, 유광_79,000|_블랙, 무광_73,470|_화이트, 무광_73,470|화이트, 유광_144,000","블랙, 유광_79,000|_블랙, 무광_73,470|_화이트, 무광_73,470|화이트, 유광_144,000","블랙, 유광_79,000|_블랙, 무광_73,470|_화이트, 무광_73,470|화이트, 유광_144,000","블랙, 유광_79,000|_블랙, 무광_74,000|_화이트, 무광_73,470|화이트, 유광_144,000","블랙, 유광_83,150|_블랙, 무광_74,000|_화이트, 무광_74,000|화이트, 유광_144,000","블랙, 유광_83,150|_블랙, 무광_74,000|_화이트, 무광_74,000|화이트, 유광_144,000","블랙, 유광_83,150|_블랙, 무광_74,000|_화이트, 무광_74,000|화이트, 유광_144,000","블랙, 유광_83,150|_블랙, 무광_74,000|_화이트, 무광_74,000|화이트, 유광_144,000"
111132766,글로리어스 MODEL O- 마우스,"블랙, 유광_84,000","블랙, 유광_84,000","블랙, 유광_84,000","블랙, 유광_84,000","블랙, 유광_84,000","블랙, 유광_84,000","블랙, 유광_84,000","블랙, 유광_84,000","블랙, 유광_84,000","블랙, 유광_84,000"
15956783,글로리어스 MODEL O- 무선,"_블랙_68,600|_화이트_119,970","_블랙_68,600|_화이트_119,970","_블랙_68,600|_화이트_119,970","_블랙_68,600|_화이트_119,970","_블랙_68,600|_화이트_119,970",0,0,0,0,"_블랙_68,600|_화이트_129,000"
15956666,글로리어스 MODEL O- 무선,0,0,0,0,0,"_블랙_68,600|_화이트_129,000","_블랙_68,600|_화이트_129,000","_블랙_68,600|_화이트_129,000","_블랙_68,600|_화이트_129,000",0
74545331,글로리어스 SERIES 2 PRO 유무선,"_블랙_132,300|_화이트_89,000","_블랙_132,300|_화이트_89,000","_블랙_132,300|_화이트_89,000","_블랙_132,300|_화이트_89,000","_블랙_132,300|_화이트_89,000","_블랙_132,300|_화이트_89,000","_블랙_132,300|_화이트_89,000","_블랙_132,300|_화이트_120,520","_블랙_132,300|_화이트_79,000","_블랙_132,300|_화이트_79,000"
93913214,글로벌온 캐릭터,"1,860","1,860","1,860","1,860","1,860","1,860","1,860","1,860","1,860","1,860"
15177551,나비 NV12-MUS10 무선 마우스,"_블랙_6,900|핑크_6,900|_화이트_6,900","_블랙_6,900|핑크_6,900|_화이트_6,750","_블랙_6,900|핑크_6,900|_화이트_6,900","_블랙_6,900|핑크_6,900|_화이트_6,750","_블랙_6,900|핑크_6,900|_화이트_6,900","_블랙_6,900|핑크_6,900|_화이트_6,900","_블랙_6,900|핑크_6,900|_화이트_6,900","_블랙_6,900|핑크_6,900|_화이트_6,900","_블랙_6,900|핑크_6,900|_화이트_6,900","_블랙_6,900|핑크_6,900|_화이트_6,900"
14884400,넥스원 A9 HIGHEND 게이밍 마우스,"_블랙_13,580|_핑크_16,560","_블랙_13,580|_핑크_16,560","_블랙_13,580|_핑크_16,560","_블랙_13,580|_핑크_16,560","_블랙_13,580|_핑크_16,560","_블랙_13,580|_핑크_16,560","_블랙_13,580|_핑크_16,560","_블랙_13,580|_핑크_16,560","_블랙_13,580|_핑크_16,560","_블랙_13,580|_핑크_16,560"
20678321,넥스원 오른손전용 무선,"12,600","12,600","12,600","12,600","12,600","12,600","12,600","12,600","12,600","12,600"
20677814,넥스원 왼손전용 무선,"13,750","13,750","13,750","13,750","13,750","13,750","13,750","13,750","13,750","13,750"
2244796,노트케이스 뉴 미러 SK-RF-111,"15,910","15,910","16,030","16,030","16,030","16,030","16,030","16,030","16,030","16,030"
29851226,다얼유 A950,"레트로 베이지_59,000","레트로 베이지_59,000","레트로 베이지_59,000","레트로 베이지_59,000","레트로 베이지_59,000","레트로 베이지_59,000","레트로 베이지_59,000","레트로 베이지_59,000","레트로 베이지_59,000","레트로 베이지_59,000"
73948502,다얼유 A950 AIR 유무선,"59,000","59,000","59,000","59,000","59,000","59,000","59,000","59,000","59,000","59,000"
79407005,다얼유 A950 WING 유무선,"_블랙_64,990|_화이트_64,990","_블랙_64,990|_화이트_64,990","_블랙_64,990|_화이트_64,990","_블랙_64,990|_화이트_64,990","_블랙_64,990|_화이트_64,990","_블랙_64,990|_화이트_64,990","_블랙_64,990|_화이트_64,990","_블랙_64,990|_화이트_64,990","_블랙_64,990|_화이트_64,990","_블랙_64,990|_화이트_64,990"
93384155,다얼유 A950G 1K 유무선,"_레트로 베이지_42,890|민트_43,000|블랙_42,890|_아이스 블루_34,500|화이트_42,000","_레트로 베이지_42,890|민트_43,000|블랙_42,890|_아이스 블루_34,500|화이트_42,000","_레트로 베이지_42,890|민트_43,000|블랙_42,890|_아이스 블루_34,500|화이트_42,000","_레트로 베이지_42,890|민트_43,000|블랙_42,890|_아이스 블루_34,500|화이트_42,000","_레트로 베이지_42,890|민트_43,000|블랙_42,890|_아이스 블루_34,500|화이트_42,000","_레트로 베이지_42,890|민트_43,000|블랙_42,890|_아이스 블루_34,500|화이트_42,000","_레트로 베이지_42,890|민트_43,000|블랙_42,890|_아이스 블루_34,500|화이트_42,000","_레트로 베이지_42,890|민트_43,000|블랙_42,890|_아이스 블루_34,500|화이트_42,000","레트로 베이지_42,890|민트_43,000|_블랙_42,890|_아이스 블루_34,500|화이트_42,000","레트로 베이지_42,890|민트_43,000|_블랙_42,890|_아이스 블루_34,500|화이트_42,000"
101724821,다얼유 A950G 1K 유무선 저소음,"_레트로 베이지_42,890|_블랙_42,890|화이트_42,890","_레트로 베이지_42,890|_블랙_42,890|화이트_42,890","_레트로 베이지_42,890|_블랙_42,890|화이트_42,890","_레트로 베이지_42,890|_블랙_42,890|화이트_42,890","_레트로 베이지_42,890|_블랙_42,890|화이트_42,890","_레트로 베이지_42,890|_블랙_42,890|화이트_42,890","_레트로 베이지_42,890|_블랙_42,890|화이트_42,890",0,"_레트로 베이지_42,890|_블랙_42,890|화이트_42,890","_레트로 베이지_42,890|_블랙_42,890|화이트_42,890"
101724830,다얼유 A950G 1K 유무선 저소음,0,0,0,0,0,0,0,"_레트로 베이지_42,890|_블랙_42,890|화이트_42,890",0,0
105816725,다얼유 A950GD CONSUMER 유무선,"마젠타_49,000|메카블루_49,000|_블랙_48,990|_체리블라썸_49,000|화이트_49,000","마젠타_49,000|메카블루_49,000|_블랙_48,990|_체리블라썸_49,000|화이트_49,000",0,"_마젠타_49,000|메카블루_49,000|블랙_48,990|_체리블라썸_49,000|화이트_49,000","마젠타_49,000|_메카블루_49,000|블랙_48,990|_체리블라썸_49,000|화이트_49,000","마젠타_49,000|_메카블루_49,000|블랙_48,990|_체리블라썸_49,000|화이트_49,000","마젠타_49,000|메카블루_49,000|블랙_48,990|_체리블라썸_49,000|_화이트_49,000","마젠타_49,000|메카블루_49,000|블랙_48,990|_체리블라썸_49,000|_화이트_49,000","_마젠타_49,000|메카블루_49,000|블랙_48,990|_체리블라썸_49,000|화이트_49,000","마젠타_49,000|_메카블루_49,000|블랙_48,990|_체리블라썸_49,000|화이트_49,000"
109599479,다얼유 A950GD CONSUMER 유무선,0,0,"마젠타_49,000|메카블루_49,000|_블랙_49,000|_체리블라썸_49,000|화이트_49,000",0,0,0,0,0,0,0
100696466,다얼유 A950GM 유무선,"_블랙_29,900|_화이트_29,900","_블랙_29,900|_화이트_29,900","_블랙_29,900|_화이트_29,900","_블랙_29,900|_화이트_29,900",0,0,0,0,0,0
100696457,다얼유 A950GM 유무선,0,0,0,0,"_블랙_29,900|_화이트_29,900","_블랙_29,900|_화이트_29,900","_블랙_29,900|_화이트_29,900","_블랙_29,900|_화이트_29,900","_블랙_29,900|_화이트_29,900","_블랙_29,900|_화이트_29,900"
28476986,다얼유 A955 유무선,"77,740","77,617","77,755","77,755","77,755","77,755","77,807","76,898",0,0
60146642,다얼유 A980 PRO MAX 유무선,"89,000","89,000","89,000","89,000","89,000","89,000","89,000","89,000","89,000","89,000"
123669311,다얼유 AE6 V2 유무선,"_마젠타_89,000|_블랙_89,000|화이트_89,000","_마젠타_89,000|_블랙_89,000|화이트_89,000","_마젠타_89,000|_블랙_89,000|화이트_89,000","_마젠타_89,000|_블랙_89,000|화이트_89,000","마젠타_89,000|_블랙_89,000|_화이트_89,000","마젠타_89,000|_블랙_89,000|_화이트_89,000","마젠타_89,000|_블랙_89,000|_화이트_89,000","마젠타_89,000|_블랙_89,000|_화이트_89,000","_마젠타_89,000|_블랙_89,000|화이트_89,000","_마젠타_89,000|_블랙_89,000|화이트_89,000"
123669295,다얼유 AE6 V2 유무선,0,"_마젠타_89,000|_블랙_89,000|화이트_89,000","_마젠타_89,000|_블랙_89,000|화이트_89,000","_마젠타_89,000|_블랙_89,000|화이트_89,000","마젠타_89,000|_블랙_89,000|_화이트_89,000","마젠타_89,000|_블랙_89,000|_화이트_89,000","마젠타_89,000|_블랙_89,000|_화이트_89,000","마젠타_89,000|_블랙_89,000|_화이트_89,000","_마젠타_89,000|_블랙_89,000|화이트_89,000","_마젠타_89,000|_블랙_89,000|화이트_89,000"
11414631,다얼유 LM108 PRO 글러브 인체공학 버티컬 블루투스 마우스,"31,900","31,900","29,400","29,400",0,0,0,0,0,0
10094589,다얼유 LM121 버티컬 인체공학 마우스,"14,500","14,500","14,500","14,500","14,500","14,500","14,500","14,500","14,500","14,500"
10094694,다얼유 LM129 UFO 블루투스 무선 무소음 마우스,"16,900","16,900","16,900","16,900","16,900","16,900","16,900","16,900","16,900","16,900"
17787242,다얼유 LM138 인체공학 버티컬 마우스,"8,900","8,900","8,900","8,900","8,900","8,900","8,900","8,900","8,900","8,900"
17787449,다얼유 LM138G 인체공학 버티컬 무선 마우스,0,0,0,0,0,0,0,"22,000","22,000","22,000"
13163531,다얼유 LM158,"_블랙_21,710|_핑크_21,710","_블랙_21,710|_핑크_21,710","_블랙_21,710|_핑크_21,710","_블랙_21,710|_핑크_21,710","_블랙_21,710|_핑크_21,710","_블랙_21,710|_핑크_21,710","_블랙_21,710|_핑크_21,710","_블랙_21,710|_핑크_21,710","_블랙_21,710|_핑크_21,710","_블랙_21,710|_핑크_21,710"
14049536,다얼유 LM168 버티컬 무선 마우스,"17,900","17,900","17,900","17,900","17,900","17,900","17,900","17,900","17,900","17,900"
13902005,대진씨앤엠 AM-1500 광마우스,"1,410","1,410","1,410","1,410","1,410","1,410","1,410","1,410","1,410","1,410"
13507880,데이비드테크 엔보우 NG01 무소음 무선 마우스,"_블랙_8,490|퍼플_8,500|_화이트_8,500","_블랙_8,490|퍼플_8,500|_화이트_8,500","_블랙_8,490|퍼플_8,500|_화이트_8,500","_블랙_8,490|퍼플_8,500|_화이트_8,500","_블랙_8,490|퍼플_8,500|_화이트_8,500","_블랙_8,490|퍼플_8,500|_화이트_8,500","_블랙_8,490|퍼플_8,500|_화이트_8,500","_블랙_8,490|퍼플_8,500|_화이트_8,500","_블랙_8,490|퍼플_8,500|_화이트_8,500","_블랙_8,490|퍼플_8,500|_화이트_8,500"
14420456,데이비드테크 엔보우 NG02,"_블랙_9,500|_핑크_9,900|화이트_9,900","_블랙_9,500|_핑크_9,900|화이트_9,900","_블랙_9,500|_핑크_9,900|화이트_9,900","_블랙_9,500|_핑크_9,900|화이트_9,900","_블랙_9,500|핑크_9,900|_화이트_9,900","_블랙_9,500|핑크_9,900|_화이트_9,900","_블랙_9,500|핑크_9,900|_화이트_9,900","_블랙_9,500|핑크_9,900|_화이트_9,900","_블랙_9,500|핑크_9,900|_화이트_9,900","_블랙_9,500|핑크_9,900|_화이트_9,900"
17211584,데이비드테크 엔보우 NG03,"_블랙_12,900|_블루_12,900|화이트_12,900","_블랙_12,900|_블루_12,900|화이트_12,900","_블랙_12,900|_블루_12,900|화이트_12,900","_블랙_12,900|_블루_12,900|화이트_12,900","_블랙_12,900|_블루_12,900|화이트_12,900","_블랙_12,900|_블루_12,900|화이트_12,900","_블랙_12,900|_블루_12,900|화이트_12,900","_블랙_12,900|_블루_12,900|화이트_12,900","_블랙_12,900|_블루_12,900|화이트_12,900","_블랙_12,900|_블루_12,900|화이트_12,900"
5148556,동현아이 무선 버티컬 마우스 HWM-7,"11,800","11,800","11,800","11,800","11,800","11,800","11,800","11,800","11,800","11,800"
5148535,동현아이 유선 버티컬 마우스 HVM-7,"9,020","9,020","9,020","9,020","9,020","9,020","9,020","9,020","9,020","9,020"
17492933,디알고 M20L 무소음 충전 무선 마우스,"_블랙_9,900|_민트_9,900|핑크_9,900|화이트_9,900","_블랙_9,900|_민트_9,900|핑크_9,900|화이트_9,900","_블랙_9,900|_민트_9,900|핑크_9,900|화이트_9,900","_블랙_9,900|_민트_9,900|핑크_9,900|화이트_9,900","_블랙_9,900|_민트_9,900|핑크_9,900|화이트_9,900","_블랙_9,900|_민트_9,900|핑크_9,900|화이트_9,900","_블랙_9,900|_민트_9,900|핑크_9,900|화이트_9,900","_블랙_9,900|_민트_9,900|핑크_9,900|화이트_9,900","_블랙_9,900|_민트_9,900|핑크_9,900|화이트_9,900","_블랙_9,900|_민트_9,900|핑크_9,900|화이트_9,900"
20182148,디알고 VML100 무선 저소음,"36,800","36,800","36,800","36,800","36,800","36,800","36,800","36,800","36,800","36,800"
5290020,디지클럽 Qnix QM-2000,"2,590","2,590","2,590","2,590","2,590","2,590","2,590","2,590","2,590","2,590"
5970234,디지클럽 Qnix QM-3000,"_블랙_5,000|_종이박스_4,690","_블랙_5,000|_종이박스_4,690","_블랙_5,000|_종이박스_4,690","_블랙_5,390|_종이박스_4,690","_블랙_5,000|_종이박스_4,690","_블랙_5,000|_종이박스_4,690","_블랙_5,000|_종이박스_4,690","_블랙_5,000|_종이박스_4,690","_블랙_5,000|_종이박스_4,690","_블랙_5,000|_종이박스_4,690"
8330061,디지탈그리고나 e-STAR EW-M01,"_블랙_4,800|_화이트_4,240","_블랙_4,800|_화이트_4,240","_블랙_4,800|_화이트_4,240","_블랙_4,800|_화이트_4,240","_블랙_4,800|_화이트_4,240","_블랙_4,800|_화이트_4,240","_블랙_4,800|_화이트_4,240","_블랙_4,800|_화이트_4,240","_블랙_4,800|_화이트_4,240","_블랙_4,800|_화이트_4,240"
14257346,디지털벤투스 DV-MX625 게이밍 마우스,"_레드_9,740|_화이트_10,140","_레드_9,740|_화이트_10,140","_레드_9,740|_화이트_10,140","_레드_9,740|_화이트_10,140","_레드_9,740|_화이트_10,140","_레드_9,740|_화이트_10,140","_레드_9,730|_화이트_10,140","_레드_9,730|_화이트_10,140","_레드_9,730|_화이트_10,140","_레드_9,730|_화이트_10,140"
54481685,디지털벤투스 마이멜로디 HK-W330M 무선,"18,430","18,430","18,430","18,430","18,430","17,100","17,100","17,100","17,100","17,100"
63423731,디지털벤투스 산리오 캐릭터즈 스탠드 무선,"22,310","22,310","22,310","22,310","22,310","22,310","22,310","22,080","21,840","21,840"
63027839,디지털벤투스 시나모롤 저소음 무선,"17,670","17,670","17,670","17,670","17,670","18,050","18,050","18,050","18,050","18,050"
63027842,디지털벤투스 쿠로미 저소음 무선,"17,670","17,670","17,670","17,670","17,670","18,980","18,050","18,050","18,050","18,050"
62649578,디지털벤투스 포차코 저소음 무선,"18,500","18,500","18,500","18,500","18,500","18,500","18,500","18,500","18,500","18,500"
63421625,디지털벤투스 헬로키티 저소음 무선,"17,670","17,670","17,670","17,670","17,670","18,050","18,050","18,050","18,050","18,050"
57290849,디지털케미 DCBTM-301 무선,"26,600","26,600","26,590","26,590","26,590","26,590","26,590","26,590","26,590","26,590"
96366035,디지털케미 DCWM-1100 무선,"8,500","8,500","8,500","8,500","8,500","8,500","8,500","8,500","8,500","8,500"
79550858,라그녹 ErgoStrike 7 유무선,"해외구매_176,500","해외구매_176,500","해외구매_176,500","해외구매_176,500","해외구매_176,500","해외구매_176,500","해외구매_176,500","해외구매_176,500","해외구매_176,500","해외구매_176,500"
2801386,라이트닝 LP800 무선 프리젠터 마우스,"30,000","30,000","30,000","30,000","30,000","30,000","30,000","30,000","30,000","30,000"
1861572,라이트닝 스마트마우스 SM9,"_블랙_8,790|_다크_8,790","_블랙_8,790|_다크_8,790","_블랙_8,790|_다크_8,790","_블랙_8,790|_다크_8,790","_블랙_8,790|_다크_8,790","_블랙_8,790|_다크_8,790","_블랙_8,790|_다크_8,790","_블랙_8,790|_다크_8,790","_블랙_8,790|_다크_8,790","_블랙_8,790|_다크_8,790"
122697946,라이트컴 COMS AB076 무선,"8,930","8,860","8,820","8,960","8,900","8,820","8,960","8,900","8,820","8,960"
122697945,라이트컴 COMS AB077 무선,"8,960","8,960","8,960","8,960","8,960","8,960","8,960","8,960","8,970","8,960"
122697944,라이트컴 COMS AB078 무선,"16,700","16,700","16,700","16,700","16,700","16,700","16,700","16,700","16,700","16,700"
122697943,라이트컴 COMS AB079 무선,"16,700","16,700","16,700","16,700","16,700","16,700","16,700","16,700","16,700","16,700"
2394095,라이트컴 COMS BM-698,"11,630","11,630","11,620","11,620","11,620","11,620","11,620","11,620","11,620","11,620"
14331842,라이트컴 COMS DX756 버티컬 마우스,"23,370","23,370","23,370","23,370","23,370","23,370","23,370","23,370","23,370","23,370"
14171183,라이트컴 COMS JD169 유선 마우스,"2,400","2,400","2,400","2,400","2,400","2,400","2,400","2,400","2,400","2,400"
14883359,라이트컴 COMS JD170 게이밍 마우스,"3,790","3,790","3,790","3,790","3,790","3,790","3,790","3,790","3,790","3,790"
16055657,라이트컴 COMS JD577 무선 마우스,"5,520","5,520","5,520","5,520","5,520","5,520","5,520","5,520","5,520","5,520"
4010837,라이트컴 COMS JD960,"8,900","8,900","8,900","8,900","8,900","8,900","8,900","8,900","8,900","8,900"
4010841,라이트컴 COMS JD961,"6,010","6,010","6,010","6,010","6,010","6,010","6,010","6,010","6,010","6,010"
9766203,라이트컴 COMS NM197,"28,590","29,690","29,690","29,690","28,590","28,590","28,590","28,590","28,590","28,590"
6484207,라이트컴 COMS NU495 블루투스 무선 마우스,"11,960","12,710","12,640","12,600","12,540","12,500","12,210","12,750","12,200","12,140"
6497539,라이트컴 COMS NU496,"16,150","16,150","16,150","16,150","16,150","16,150","16,150","16,150","16,150","16,150"
18779735,라이트컴 COMS RT683 무선 블루투스,"21,620","21,620","21,620","21,620","21,620","21,620","21,620","21,620","21,620","21,620"
18779771,라이트컴 COMS RT684 무선 블루투스,"21,620","21,620","21,620","21,620","21,620","21,620","21,620","21,620","21,620","21,620"
5918591,라이트컴 COMS TT417,"4,690","4,690","4,690","4,690","4,690","4,690","4,690","4,690","4,690","4,690"
5918627,라이트컴 COMS TT420,"4,950","4,950","4,950","4,950","4,950","4,950","4,950","4,950","4,950","4,950"
2394149,라이트컴 COMS WE050,"9,700","9,700","9,700","9,700","9,700","9,700","9,700","9,700","9,700","9,700"
2394162,라이트컴 COMS WE051,"9,800","9,800","9,800","9,800","9,800","9,800","9,800","9,800","9,800","9,800"
1498049,라이트컴 COMS WM100,"3,570","3,570","3,630","3,580","3,630","3,610","3,570","3,570","3,630","3,580"
1581752,라이트컴 COMS WM200,"5,060","5,060","5,060","5,060","5,060","5,060","5,060","5,060","5,060","5,060"
1628096,라이트컴 COMS 개구리 마우스,"14,680","14,680","14,680","14,680","14,680","14,680","14,680","14,530","14,370","14,370"
2656955,라이트컴 COMS 블루투스 마우스 (BM-698),"14,190","14,190","14,190","14,190","14,190","14,190","14,190","14,190","14,190","14,190"
123694248,라이트컴 Coms JD236,"3,240","3,260","3,220","3,260","3,220","3,260","3,220","3,260","3,220","3,260"
19564904,라이프썸 LFS-HA50 무선 블루투스,0,0,"19,900","19,900","19,900","19,900","19,900","19,900","19,900","19,900"
75537491,라이프썸 LFS-HA63 무선,"19,900","19,900","19,900","19,900","19,900","19,900","19,900",0,0,0
106746836,레노버 350 무선,"16,000","16,000","16,000","16,000","16,000","16,000","16,000","16,000","16,000","19,900"
18464528,레노버 4Y50R20864 무선,"12,900","12,900","12,900","12,900","12,900","12,900","12,900","12,900","12,900","12,900"
47843843,레노버 4Y51D20848 무선,"22,000","22,000","22,000","22,000","22,000","22,000","22,000","22,000","22,000","23,900"
28600988,레노버 540 USB-C 무선,"22,990","22,990","22,990","22,990",0,0,"22,990","22,990",0,0
68810390,레노버 600 블루투스 마우스,"20,000",0,0,0,0,0,0,0,0,0
74248868,레노버 Essential 4Y50R20863,"8,800","8,800","8,800","8,800","11,000","11,000","11,000","11,000","11,000","11,000"
15796799,레노버 GY50R91292 400 무선 마우스,"8,900","8,900","8,900","8,900","8,900",0,"8,900","8,900","8,900","8,900"
79113110,레노버 Go 무선,"52,200","52,200",0,0,"52,200","52,200","52,200","52,200","52,200","52,200"
75719678,레노버 LEGION M410 유무선,"30,000","30,000","30,000","30,000","30,000","30,000","30,000","30,000","30,000","30,000"
18464897,레노버 LEGION M500,0,0,0,0,0,"24,890","24,890","24,890","24,410","24,410"
74338052,레노버 LEGION M600s Qi 유무선,0,0,"해외구매_79,000","해외구매_79,000","해외구매_79,000","해외구매_79,000","해외구매_79,000","해외구매_79,000","해외구매_77,420",0
97108979,레노버 WL310 무선,"13,770","13,770","13,770",0,0,0,0,0,0,0
58913831,레노버 YOGA Pro 무선,"29,000","29,000","29,000","29,000","29,000","29,000","29,000","29,000","29,000","36,000"
18710348,레노버 씽크북 4Y50V81591 무선,0,0,0,0,0,"25,350","25,350","25,350","25,350","25,350"
13734683,레노버 씽크패드 블루투스 무소음 마우스 4Y50X88822,"21,000","21,000","21,000","21,000","21,000","21,000","21,000","21,000","21,000","21,000"
17799149,레드빈 A17M 무선 마우스,"35,990","35,990","35,990","35,990","35,990","35,990","35,990","35,990","35,990",0
15546260,레드빈 A37R 무선마우스,"_블랙_26,400|_화이트_26,400","_블랙_26,400|_화이트_26,400","_블랙_26,400|_화이트_26,400","_블랙_26,400|_화이트_26,400","_블랙_26,400|_화이트_26,400","_블랙_26,400|_화이트_26,400","_블랙_26,400|_화이트_26,400","_블랙_26,400|_화이트_26,400","_블랙_26,400|_화이트_26,400","_블랙_26,400|_화이트_26,400"
124224433,레드빈 A39R 무선,"_퍼펙트블랙_34,900|_퓨어화이트_34,900","_퍼펙트블랙_34,900|_퓨어화이트_34,900","_퍼펙트블랙_34,900|_퓨어화이트_34,900","_퍼펙트블랙_34,900|_퓨어화이트_34,900","_퍼펙트블랙_34,900|_퓨어화이트_34,900","_퍼펙트블랙_34,900|_퓨어화이트_34,900","_퍼펙트블랙_34,900|_퓨어화이트_34,900","_퍼펙트블랙_34,900|_퓨어화이트_34,900","_퍼펙트블랙_34,900|_퓨어화이트_34,900","_퍼펙트블랙_34,900|_퓨어화이트_34,900"
17798969,레드빈 A49R 무선 마우스,"26,900","26,900","26,900","26,900","26,900","26,900","26,900","26,900","26,900","26,900"
74805476,레드빈 A59R 무선,"39,110","39,110","39,110","39,110","39,110","39,110","39,110","39,110","39,110","39,110"
124224410,레드빈 A79R 무선,"_퍼펙트블랙_69,900|_퓨어화이트_69,000","_퍼펙트블랙_69,900|_퓨어화이트_69,000","_퍼펙트블랙_69,900|_퓨어화이트_69,000","_퍼펙트블랙_69,900|_퓨어화이트_69,000","_퍼펙트블랙_69,900|_퓨어화이트_69,000","_퍼펙트블랙_69,900|_퓨어화이트_69,000","_퍼펙트블랙_69,900|_퓨어화이트_69,000","_퍼펙트블랙_69,900|_퓨어화이트_69,000","_퍼펙트블랙_69,900|_퓨어화이트_69,000","_퍼펙트블랙_69,900|_퓨어화이트_69,000"
124224408,레드빈 A79R 무선,"_퍼펙트블랙_69,900|_퓨어화이트_69,000","_퍼펙트블랙_69,900|_퓨어화이트_69,000","_퍼펙트블랙_69,900|_퓨어화이트_69,000","_퍼펙트블랙_69,900|_퓨어화이트_69,000","_퍼펙트블랙_69,900|_퓨어화이트_69,000","_퍼펙트블랙_69,900|_퓨어화이트_69,000",0,"_퍼펙트블랙_69,900|_퓨어화이트_69,000",0,"_퍼펙트블랙_69,900|_퓨어화이트_69,000"
63032084,레오닉스 LEO-615U,"26,320","26,320","26,310","26,300","26,300","26,300","26,300","26,300","26,300","26,300"
122719723,레오닉스 LEO-WM1988BT 무선,"5,960","5,960","5,960","5,960","5,960","5,960","5,960","5,960","5,960","5,960"
14921429,레토GMS HDI2000 짱구 피규어 무선마우스,"21,000","21,000","21,000","21,000","21,000","21,000","21,000","21,000","21,000","21,000"
63143357,레토GMS HDI2022-22 짱구 무선,"26,100","26,100","26,100","26,100","26,100","26,100","26,100","26,100","26,100","26,100"
95341931,레토GMS HDI2024-11 포켓몬 무선,"39,890","39,890","39,890","39,890",0,0,0,0,0,0
77787053,로얄클루지 RK K3 무선,"해외구매_74,360","해외구매_74,360","해외구매_74,360","해외구매_74,360","해외구매_74,360","해외구매_71,260","해외구매_71,260","해외구매_71,260","해외구매_71,260","해외구매_71,260"
111620051,로이체 RX-700TR 무소음 무선 마우스,0,0,"블랙_24,900","블랙_24,900","블랙_24,900","블랙_24,900","블랙_24,900","블랙_24,900","블랙_24,900",0
32137436,로제트 RX-4110,"4,800","4,800","4,800","4,800","4,800","4,800","4,800","4,800","4,800","2,300"
69657506,로제트 RX-4130 무선,"7,520","7,520","7,520","7,470","7,470","7,470","7,470","7,470","7,470","7,470"
68686643,로제트 RX-4150 무선,"8,380","8,380","8,380","8,380","8,380","8,380","8,380","8,380","8,380","8,380"
2695123,로지텍 B100,"_10팩, 벌크_68,000|_80팩, 벌크_635,390|병행수입_6,500","_10팩, 벌크_68,000|_80팩, 벌크_635,390|병행수입_6,500","_10팩, 벌크_68,000|_80팩, 벌크_635,390|병행수입_6,500","_10팩, 벌크_68,000|_80팩, 벌크_635,390|병행수입_6,500","_10팩, 벌크_68,000|_80팩, 벌크_635,390|병행수입_6,500","10팩, 벌크_68,000|_80팩, 벌크_635,390|_병행수입_6,500","10팩, 벌크_68,000|_80팩, 벌크_635,390|_병행수입_6,500","10팩, 벌크_68,000|_80팩, 벌크_635,390|_병행수입_6,500","10팩, 벌크_68,000|_80팩, 벌크_635,390|_병행수입_6,500","10팩, 벌크_68,000|_80팩, 벌크_635,390|_병행수입_6,500"
1629951,로지텍 B100 (정품),"6,780","6,780","6,780","6,780","6,780","6,780","6,780","6,780","6,780","6,780"
112318686,로지텍 B100 Optical Mouse (정품),"컬러패킹_16,970","컬러패킹_16,970","컬러패킹_16,970","컬러패킹_16,970","컬러패킹_16,970","컬러패킹_16,970","컬러패킹_16,970","컬러패킹_16,970","컬러패킹_16,970","컬러패킹_16,970"
5623557,로지텍 B170,"병행수입_19,170","병행수입_19,170","병행수입_19,170","병행수입_19,170","병행수입_19,170","병행수입_19,170","병행수입_19,170","병행수입_19,170","병행수입_19,170","병행수입_19,170"
2098855,로지텍 B175,"_비공식유통_17,190|_병행수입_12,200","_비공식유통_17,190|_병행수입_12,200","_비공식유통_17,190|_병행수입_12,200","_비공식유통_17,190|_병행수입_12,200","_비공식유통_17,190|_병행수입_12,200","_비공식유통_17,190|_병행수입_12,200","_비공식유통_17,190|_병행수입_12,200","_비공식유통_17,190|_병행수입_12,200","_비공식유통_17,190|_병행수입_12,200","_비공식유통_17,190|_병행수입_12,200"
1791963,로지텍 B175 (정품),"14,200","14,200","14,200","14,200","14,200","14,200","14,200","14,200","14,200","14,200"
13168040,로지텍 ERGO M575,"_병행수입_52,970|_해외구매_46,450","_병행수입_52,970|_해외구매_47,460","_병행수입_52,970|_해외구매_47,460","_병행수입_52,970|_해외구매_47,460","_병행수입_52,970|_해외구매_47,460","_병행수입_52,970|_해외구매_46,960",0,0,"_병행수입_52,970|_해외구매_46,950","_병행수입_52,970|_해외구매_46,950"
109687590,로지텍 ERGO M575,"벌크_70,490","벌크_70,490","벌크_70,490","벌크_70,490","벌크_70,490","벌크_70,490","벌크_70,490","벌크_70,490","벌크_70,490","벌크_70,490"
14019410,로지텍 ERGO M575,0,0,0,0,0,0,"_병행수입_52,970|_해외구매_46,950","_병행수입_52,970|_해외구매_46,950",0,0
13373132,로지텍 ERGO M575 (정품),"52,890","52,890","52,890","52,890","52,890","52,890","52,890","52,890","52,890","52,890"
67509083,로지텍 ERGO M575 S 무선,"정품_47,340","정품_47,340","정품_47,340","정품_47,340","정품_47,340","정품_48,670","정품_48,670","정품_48,670","정품_48,660","정품_48,660"
7326682,로지텍 G PRO WIRELESS,"_병행수입_198,990|_해외구매_123,580","_병행수입_198,990|_해외구매_123,580","_병행수입_198,990|_해외구매_123,580","_병행수입_198,990|_해외구매_123,580","_병행수입_198,990|_해외구매_123,580","_병행수입_198,990|_해외구매_124,940","_병행수입_198,990|_해외구매_124,940","_병행수입_198,990|_해외구매_124,940","_병행수입_198,990|_해외구매_124,940","_병행수입_198,990|_해외구매_124,940"
6401910,로지텍 G PRO WIRELESS (정품),"188,560","190,450","190,450","190,450","190,450","190,450","190,550","190,550","190,550","190,550"
24702848,로지텍 G PRO WIRELESS LOL 에디션,0,0,0,0,0,0,"비공식유통_185,070","비공식유통_185,070","비공식유통_185,070","비공식유통_185,070"
15870815,로지텍 G PRO WIRELESS LOL 에디션 (정품),"156,230","156,230","156,230","156,230","156,230","156,230","156,230","156,230","156,230","156,230"
13741883,로지텍 G PRO X SUPERLIGHT,"해외구매_131,410|_병행수입_124,930|_비공식유통_152,640","해외구매_131,410|_병행수입_124,930|_비공식유통_152,640","해외구매_131,410|_병행수입_124,930|_비공식유통_152,640","해외구매_131,410|_병행수입_124,930|_비공식유통_152,640","해외구매_131,410|_병행수입_124,930|_비공식유통_152,640","해외구매_130,010|_병행수입_124,930|_비공식유통_152,640","해외구매_130,010|_병행수입_122,500|_비공식유통_152,640","해외구매_130,010|_병행수입_122,500|_비공식유통_152,640","해외구매_130,010|_병행수입_122,500|_비공식유통_152,640","해외구매_130,010|_병행수입_122,500|_비공식유통_152,640"
18202001,로지텍 G PRO X SUPERLIGHT (정품),"블랙_184,000|_레드_159,000|_핑크_194,370|화이트_159,000","블랙_184,000|_레드_159,000|_핑크_194,370|화이트_159,000",0,0,0,0,0,0,0,0
13417079,로지텍 G PRO X SUPERLIGHT (정품),0,0,"_블랙_184,000|레드_159,000|_핑크_194,370|화이트_159,000",0,0,0,0,0,0,0
16494077,로지텍 G PRO X SUPERLIGHT (정품),0,0,0,"블랙_184,000|레드_159,000|_핑크_194,370|_화이트_159,000","블랙_184,000|_레드_159,000|_핑크_194,370|화이트_159,000","블랙_184,000|_레드_159,000|_핑크_199,000|화이트_159,000","블랙_184,000|_레드_159,000|_핑크_199,000|화이트_159,000","블랙_184,000|_레드_159,000|_핑크_199,000|화이트_159,000","레드_159,000|블랙_184,000|_핑크_199,000|_화이트_172,610","레드_159,000|블랙_184,000|_핑크_199,000|_화이트_159,000"
17074241,로지텍 G PRO X SUPERLIGHT + POWERPLAY (정품),"358,000","358,000","358,000","358,000","358,000","358,000",0,0,0,0
28769189,로지텍 G PRO X SUPERLIGHT 2,"_병행수입_169,500|_해외구매_261,415","_병행수입_169,500|_해외구매_261,415","_병행수입_169,500|_해외구매_261,415","_병행수입_169,500|_해외구매_261,415",0,0,"_병행수입_152,000|_해외구매_261,415","_병행수입_152,000|_해외구매_261,415","_병행수입_152,000|_해외구매_261,415","_병행수입_152,000|_해외구매_261,415"
71161829,로지텍 G PRO X SUPERLIGHT 2,0,0,0,0,"_병행수입_169,500|_해외구매_261,415","_병행수입_169,500|_해외구매_261,415",0,0,0,0
28481684,로지텍 G PRO X SUPERLIGHT 2 (정품),"_블랙_191,810|_핑크_194,990|화이트_188,100","_블랙_191,810|_핑크_194,990|화이트_188,100","_블랙_188,000|_핑크_194,980|화이트_188,000","_블랙_188,000|_핑크_194,980|화이트_188,000","_블랙_188,000|핑크_194,980|_화이트_188,000","_블랙_191,810|_핑크_169,000|화이트_169,000","_블랙_191,810|핑크_152,100|_화이트_152,100","_블랙_169,000|_핑크_169,000|화이트_169,000","_블랙_169,000|핑크_169,000|_화이트_169,000","_블랙_169,000|_핑크_169,000|화이트_169,000"
29861807,로지텍 G PRO X SUPERLIGHT 2 + POWERPLAY,"364,990","364,990","364,990","364,990","364,990","364,990","364,990","364,990","364,990","364,990"
124224267,로지텍 G PRO X SUPERLIGHT 2 + POWERPLAY 2,"_블랙_368,000|_핑크_367,990|화이트_368,000","_블랙_368,000|_핑크_367,990|화이트_368,000","_블랙_368,000|핑크_367,990|_화이트_368,000","_블랙_368,000|핑크_367,990|_화이트_368,000","_블랙_368,000|핑크_367,990|_화이트_368,000","_블랙_368,000|핑크_367,990|_화이트_368,000","_블랙_368,000|핑크_367,990|_화이트_368,000","_블랙_345,920|핑크_345,920|_화이트_345,920","_블랙_342,230|핑크_342,230|_화이트_342,230","_블랙_342,230|_핑크_342,230|화이트_342,230"
100452563,로지텍 G PRO X SUPERLIGHT 2 + PRO X 2 무선 마우스 헤드셋 세트,"_블랙_499,470|_핑크_499,470|화이트_499,470","_블랙_499,470|_핑크_499,470|화이트_499,470","_블랙_499,470|_핑크_499,470|화이트_499,470","_블랙_499,470|_핑크_499,470|화이트_499,470","_블랙_499,470|_핑크_499,470|화이트_499,470","_블랙_499,470|_핑크_499,470|화이트_499,470","_블랙_499,470|_핑크_499,470|화이트_499,470","_블랙_499,470|_핑크_499,470|화이트_499,470","_블랙_499,470|_핑크_499,470|화이트_499,470","_블랙_499,470|_핑크_499,470|화이트_499,470"
29860898,로지텍 G PRO X SUPERLIGHT 2 + 호환 충전 독,"203,670","203,670","203,670","203,670","203,670","219,000","219,000","219,000","219,000","219,000"
122648215,로지텍 G PRO X SUPERLIGHT 2 CYAN,"219,000","219,000","219,000","219,000","219,000","219,000","219,000","219,000","219,000","219,000"
70006496,로지텍 G PRO X SUPERLIGHT 2 DEX,"_해외구매_211,140|_병행수입_228,730","_해외구매_211,140|_병행수입_239,000","_해외구매_211,140|_병행수입_239,000","_해외구매_211,140|_병행수입_239,000","_해외구매_211,140|_병행수입_228,730","_해외구매_211,140|_병행수입_228,730","_해외구매_211,140|_병행수입_239,000","_해외구매_211,140|_병행수입_239,000","_해외구매_211,140|_병행수입_239,000","_해외구매_211,140|_병행수입_239,000"
70531103,로지텍 G PRO X SUPERLIGHT 2 DEX (정품),"_블랙_201,470|_핑크_201,470|화이트_201,470","_블랙_197,090|_핑크_197,090|화이트_197,090","_블랙_195,000|_핑크_197,090|화이트_195,000","_블랙_195,000|_핑크_197,090|화이트_195,000","_블랙_195,000|핑크_197,090|_화이트_195,000","_블랙_187,380|핑크_187,380|_화이트_187,380",0,0,0,0
79791602,로지텍 G PRO X SUPERLIGHT 2 DEX (정품),0,0,0,0,0,0,"_블랙_197,090|핑크_197,090|_화이트_197,090","_블랙_197,090|핑크_197,090|_화이트_197,090","_블랙_195,000|핑크_197,090|_화이트_195,000","_블랙_195,000|핑크_197,090|_화이트_195,000"
106514750,로지텍 G PRO X SUPERLIGHT 2 DEX + POWERPLAY 2,"블랙_219,000","블랙_219,000","블랙_219,000","블랙_219,000","블랙_219,000","블랙_219,000","블랙_219,000","블랙_338,560","블랙_338,550","블랙_338,550"
100452509,로지텍 G PRO X SUPERLIGHT 2 DEX + PRO X 2 무선 마우스 헤드셋 세트,"블랙_499,470|_핑크_499,470|_화이트_499,470","블랙_499,470|_핑크_499,470|_화이트_499,470","블랙_499,470|_핑크_499,470|_화이트_499,470",0,0,0,0,0,0,0
100452494,로지텍 G PRO X SUPERLIGHT 2 DEX + PRO X 2 무선 마우스 헤드셋 세트,0,0,0,"_블랙_499,470|_핑크_499,470|화이트_499,470","_블랙_499,470|_핑크_499,470|화이트_499,470","_블랙_499,470|_핑크_499,470|화이트_499,470","_블랙_499,470|_핑크_499,470|화이트_499,470","_블랙_499,470|_핑크_499,470|화이트_499,470","_블랙_499,470|_핑크_499,470|화이트_499,470","_블랙_499,470|_핑크_499,470|화이트_499,470"
77859428,로지텍 G PRO X SUPERLIGHT 2 DEX + 호환 충전 독,"228,970","228,970","228,970","228,970","228,970","228,970","228,970","228,970","228,970","228,970"
146746,로지텍 G1,"병행수입_92,630","병행수입_92,630","병행수입_92,630","병행수입_92,630","병행수입_92,630","병행수입_92,630","병행수입_92,630","병행수입_92,630","병행수입_92,630","병행수입_92,630"
11317038,로지텍 G102 LIGHTSYNC,"_병행수입_19,710|_정품벌크_19,900|비공식유통_32,900","_병행수입_19,710|_정품벌크_19,900|비공식유통_32,900","_병행수입_19,710|_정품벌크_19,900|비공식유통_32,900","_병행수입_19,710|_정품벌크_19,900|비공식유통_32,900","_병행수입_19,710|_정품벌크_19,900|비공식유통_32,900","_병행수입_19,710|_정품벌크_19,900|비공식유통_32,900","_병행수입_20,100|_정품벌크_19,900|비공식유통_32,900","_병행수입_20,100|_정품벌크_19,900|비공식유통_32,900","_병행수입_20,100|_정품벌크_19,900|비공식유통_32,900","_병행수입_20,100|_정품벌크_19,900|비공식유통_32,900"
11211399,로지텍 G102 LIGHTSYNC (정품),"_라일락_25,250|_블랙_22,700|블루_25,290|화이트_24,000","라일락_25,250|_블랙_22,700|블루_25,290|_화이트_24,470","라일락_25,280|_블랙_22,700|블루_25,190|_화이트_24,000","라일락_25,280|_블랙_22,700|블루_25,190|_화이트_24,000","라일락_25,280|_블랙_22,700|블루_25,190|_화이트_24,000","라일락_25,290|_블랙_20,310|블루_25,290|_화이트_24,390","라일락_25,290|_블랙_20,310|블루_25,290|_화이트_24,350","라일락_25,290|_블랙_26,000|블루_25,290|_화이트_24,920","라일락_25,280|_블랙_23,700|블루_25,190|_화이트_24,920","라일락_25,280|_블랙_23,700|블루_25,190|_화이트_24,920"
4647433,로지텍 G102 PRODIGY,"_정품벌크_25,490|_해외구매_9,220","_정품벌크_25,490|_해외구매_9,220","_정품벌크_25,490|_해외구매_9,220","_정품벌크_25,490|_해외구매_9,220","_정품벌크_25,490|_해외구매_9,220","_정품벌크_25,490|_해외구매_9,220","_정품벌크_25,490|_해외구매_9,220","_정품벌크_25,490|_해외구매_9,220","_정품벌크_25,490|_해외구매_9,220",0
5399666,로지텍 G102 PRODIGY,0,0,0,0,0,0,0,0,0,"_정품벌크_25,490|_해외구매_9,220"
5002594,로지텍 G102 PRODIGY (정품),"_블랙_27,800|_화이트_27,800","_블랙_27,800|_화이트_27,800","_블랙_27,800|_화이트_27,800",0,0,0,0,0,0,0
4603628,로지텍 G102 PRODIGY (정품),0,0,0,"_블랙_27,800|_화이트_27,800","_블랙_27,800|_화이트_27,800","_블랙_27,800|_화이트_27,800","_블랙_27,800|_화이트_27,800","_블랙_27,800|_화이트_27,800","_블랙_27,800|_화이트_27,800","_블랙_27,800|_화이트_27,800"
4830967,로지텍 G302 DAEDALUS PRIME,"병행수입_125,400","병행수입_125,400","병행수입_125,400","병행수입_125,400","병행수입_125,400",0,0,0,0,"병행수입_126,720"
16272395,로지텍 G303 SHROUD 에디션,"_병행수입_159,000|_비공식유통_169,000","_병행수입_159,000|_비공식유통_169,000","_병행수입_159,000|_비공식유통_169,000","_병행수입_159,000|_비공식유통_169,000","_병행수입_159,000|_비공식유통_169,000","_병행수입_159,000|_비공식유통_169,000","_병행수입_159,000|_비공식유통_169,000","_병행수입_159,000|_비공식유통_169,000","_병행수입_159,000|_비공식유통_169,000","_병행수입_159,000|_비공식유통_169,000"
15906449,로지텍 G303 SHROUD 에디션 (정품),"152,640","152,640","152,640","152,640","152,640","152,640","152,640","152,640","152,640","152,640"
6442073,로지텍 G304 LIGHTSPEED WIRELESS,"_병행수입_36,810|_해외구매_38,540|비공식유통_39,800","_병행수입_36,810|_해외구매_38,540|비공식유통_39,800","_병행수입_36,800|_해외구매_38,540|비공식유통_39,800","_병행수입_36,800|_해외구매_38,540|비공식유통_39,800","_병행수입_36,800|_해외구매_38,540|비공식유통_39,800","_병행수입_36,800|_해외구매_38,540|비공식유통_39,800","_병행수입_36,890|해외구매_38,540|_비공식유통_39,800","_병행수입_36,890|해외구매_38,540|_비공식유통_39,800","_병행수입_36,890|해외구매_38,540|_비공식유통_39,800","_병행수입_36,870|해외구매_38,540|_비공식유통_39,800"
6143401,로지텍 G304 LIGHTSPEED WIRELESS (정품),"라일락_43,900|민트_43,900|_블랙_47,890|블루_43,900|_화이트_43,900","라일락_43,900|민트_43,900|_블랙_47,890|블루_43,900|_화이트_45,890","라일락_42,900|민트_42,900|_블랙_47,880|블루_42,900|_화이트_42,900","_라일락_42,900|민트_42,900|_블랙_47,880|블루_42,900|화이트_42,900","_라일락_42,900|민트_42,900|_블랙_47,880|블루_42,900|화이트_42,900","_라일락_42,900|민트_42,900|_블랙_47,890|블루_42,900|화이트_42,900","_라일락_42,900|민트_42,900|_블랙_47,890|블루_42,900|화이트_42,900","라일락_42,900|민트_42,900|_블랙_47,890|블루_42,900|_화이트_42,900",0,"라일락_42,900|민트_42,900|_블랙_45,000|블루_42,900|_화이트_42,900"
6155058,로지텍 G304 LIGHTSPEED WIRELESS (정품),0,0,0,0,0,0,0,0,"라일락_42,900|민트_42,900|_블랙_45,000|블루_42,900|_화이트_42,900",0
14919836,로지텍 G304 LIGHTSPEED WIRELESS K/DA,0,0,0,0,0,0,0,0,0,"비공식유통_153,600"
13793516,로지텍 G304 LIGHTSPEED WIRELESS K/DA (정품),"73,020","73,020","73,010","73,010","73,000","73,000","72,990","72,990","72,980","72,980"
106748669,로지텍 G304 X,"해외구매_45,900","해외구매_46,960","해외구매_46,960","해외구매_46,960","해외구매_46,960","해외구매_46,920","해외구매_46,920","해외구매_46,920","해외구매_46,920","해외구매_46,920"
122716879,로지텍 G304 X SUPERLIGHT,"라일락_109,000|_블랙_103,990|_화이트_103,990","라일락_109,000|_블랙_103,990|_화이트_103,990","라일락_109,000|_블랙_103,990|_화이트_103,990","라일락_109,000|_블랙_102,880|_화이트_102,880","라일락_109,000|_블랙_102,880|_화이트_102,880","_라일락_109,000|_블랙_103,990|","라일락_109,000|_블랙_103,990|_화이트_103,990","라일락_109,000|_블랙_103,990|_화이트_103,990","라일락_109,000|_블랙_103,990|_화이트_103,990","라일락_109,000|_블랙_103,990|_화이트_103,990"
59928740,로지텍 G309 (정품),"_블랙_64,900|_화이트_64,900","_블랙_64,900|_화이트_64,900","_블랙_64,900|_화이트_64,900","_블랙_64,800|_화이트_64,900","_블랙_64,800|_화이트_79,100","_블랙_64,800|_화이트_79,740","_블랙_77,390|_화이트_79,710","_블랙_77,390|_화이트_79,860","_블랙_68,900|_화이트_79,820","_블랙_68,900|_화이트_79,810"
60003491,로지텍 G309 + POWERPLAY,"238,940","247,990","247,990","247,990","247,990","247,990","247,990","247,990","247,990","247,990"
78609014,로지텍 G309 + POWERPLAY 2,"211,560","211,560","211,560","211,560","211,560","211,560","211,560","211,560","211,560","211,560"
4374584,로지텍 G402 Hyperion Fury,"병행수입_45,310","병행수입_45,310","병행수입_45,310","병행수입_45,310","병행수입_45,310","병행수입_47,300","병행수입_47,300","병행수입_47,300","병행수입_47,300","병행수입_47,300"
2786921,로지텍 G402 Hyperion Fury (정품),"47,470","47,470","46,900","46,900","46,900","46,900","46,900","46,900","46,900","46,900"
13094873,로지텍 G403 HERO,"병행수입_63,000",0,0,0,0,0,0,0,0,0
8332941,로지텍 G403 HERO (정품),"62,910","59,910","59,910","59,910","59,910","59,910","66,190","66,190","66,190","66,190"
4519546,로지텍 G403 PRODIGY (정품),"유선_89,000",0,"유선_89,000","유선_89,000","유선_89,000","유선_89,000","유선_89,000","유선_89,000","유선_89,000","유선_89,000"
7668142,로지텍 G502 HERO,"_병행수입_40,000|_해외구매_44,800","_병행수입_40,000|_해외구매_44,800","_병행수입_40,000|_해외구매_44,800","_병행수입_40,000|_해외구매_44,800","_병행수입_40,000|_해외구매_44,800","_병행수입_40,000|_해외구매_44,800","_병행수입_40,000|_해외구매_44,830","_병행수입_40,000|_해외구매_44,830","_병행수입_40,000|_해외구매_44,830","_병행수입_40,000|_해외구매_44,830"
14688413,로지텍 G502 HERO K/DA 게이밍 마우스,"해외구매_79,500","해외구매_79,500","해외구매_79,500","해외구매_79,500","해외구매_79,500","해외구매_79,500","해외구매_79,500","해외구매_79,500","해외구매_79,500","해외구매_79,500"
7913164,로지텍 G502 LIGHTSPEED WIRELESS,"_해외구매_219,500|_병행수입_177,831","_해외구매_219,500|_병행수입_177,831","_해외구매_219,500|_병행수입_177,831","_해외구매_219,500|_병행수입_177,831","_해외구매_219,500|_병행수입_180,151","_해외구매_219,500|_병행수입_180,151","_해외구매_219,500|_병행수입_180,151",0,0,"_해외구매_219,500|_병행수입_180,151"
11897416,로지텍 G502 LIGHTSPEED WIRELESS,0,0,0,0,0,0,0,"_해외구매_219,500|_병행수입_180,151","_해외구매_219,500|_병행수입_180,151",0
7956556,로지텍 G502 LIGHTSPEED WIRELESS (정품),"218,050","218,050","218,050","218,050","218,050","218,050","218,050","218,050","218,050","218,050"
8086405,로지텍 G502 LIGHTSPEED WIRELESS + POWERPLAY (정품),0,0,"332,940","332,940","332,940","358,000","358,000","358,000","358,000","358,000"
3785512,로지텍 G502 RGB PROTEUS SPECTRUM (정품),"125,440","125,440","126,800","126,800","126,800",0,0,0,0,"126,800"
13652015,로지텍 G502 SE HERO,"병행수입_68,400","병행수입_68,400","병행수입_68,400","병행수입_68,400","병행수입_68,400","병행수입_69,120","병행수입_69,120","병행수입_69,120","병행수입_69,120","병행수입_69,120"
17864504,로지텍 G502 X,"_해외구매_68,430|_병행수입_79,890","_해외구매_68,430|_병행수입_79,890",0,0,0,0,0,0,"_해외구매_71,510|_병행수입_78,310","_해외구매_71,510|_병행수입_78,310"
18752153,로지텍 G502 X,0,0,"_해외구매_68,430|_병행수입_79,890","_해외구매_68,430|_병행수입_79,890","_해외구매_68,430|_병행수입_79,890","_해외구매_71,510|_병행수입_79,890","_해외구매_71,510|_병행수입_79,890","_해외구매_71,510|_병행수입_79,890",0,0
17874794,로지텍 G502 X (정품),"_블랙_74,900|_화이트_84,870","_블랙_74,900|_화이트_84,870","_블랙_74,900|_화이트_84,870","_블랙_74,900|_화이트_84,870","_블랙_89,000|_화이트_84,870","_블랙_89,000|_화이트_84,870","_블랙_89,000|_화이트_84,870","_블랙_89,000|_화이트_84,870","_블랙_88,900|_화이트_84,870","_블랙_88,900|_화이트_84,870"
17864795,로지텍 G502 X LIGHTSPEED,"_병행수입_116,190|_해외구매_98,040","_병행수입_116,190|_해외구매_98,020","_병행수입_116,180|_해외구매_98,020","_병행수입_116,180|_해외구매_98,020","_병행수입_116,180|_해외구매_98,020","_병행수입_116,180|_해외구매_97,470","_병행수입_120,060|_해외구매_97,470","_병행수입_120,060|_해외구매_97,470","_병행수입_120,060|_해외구매_97,470","_병행수입_120,060|_해외구매_97,470"
13172862,로지텍 G502 X LIGHTSPEED (정품),"_블랙_184,340|_화이트_183,060","_블랙_184,340|_화이트_183,060","_블랙_183,000|_화이트_183,060","_블랙_183,000|_화이트_183,060","_블랙_183,000|_화이트_183,060","_블랙_180,930|_화이트_183,060","_블랙_180,930|_화이트_183,060","_블랙_180,930|_화이트_183,060","_블랙_174,940|_화이트_180,190","_블랙_174,940|_화이트_180,190"
27946670,로지텍 G502 X LIGHTSPEED + 호환 충전 독,"243,560","243,560","243,560","243,560","243,560","243,560","243,560","243,560","243,560","243,560"
90111992,로지텍 G502 X PLUS + POWERPLAY,"351,540","351,540","351,540","351,540","351,540","368,000","368,000","368,000","368,000","368,000"
90112010,로지텍 G502 X PLUS + POWERPLAY 2,"295,800","295,800","295,800","295,800","295,800","295,800","295,800","295,800","295,800","295,800"
27947183,로지텍 G502 X PLUS + 호환 충전 독 (정품),"231,470","231,470","231,480","231,470","231,470","231,470","231,470","231,470","231,470","231,470"
17864954,로지텍 G502 X Plus,"_병행수입_173,200|_해외구매_209,380","_병행수입_173,200|_해외구매_208,100","_병행수입_175,040|_해외구매_208,100","_병행수입_175,040|_해외구매_208,100","_병행수입_175,040|_해외구매_208,100","_병행수입_175,040|_해외구매_208,100","_병행수입_175,040|_해외구매_208,100",0,0,0
21570266,로지텍 G502 X Plus,0,0,0,0,0,0,0,"_병행수입_173,200|_해외구매_208,100","_병행수입_171,360|_해외구매_208,100","_병행수입_171,360|_해외구매_208,100"
17874998,로지텍 G502 X Plus (정품),"_블랙_179,000|_화이트_179,000","_블랙_179,000|_화이트_179,000","_블랙_179,000|_화이트_179,000","_블랙_179,000|_화이트_179,000","_블랙_179,000|_화이트_179,000","_블랙_179,000|_화이트_179,000","_블랙_179,000|_화이트_179,000",0,"_블랙_179,000|_화이트_179,000","_블랙_179,000|_화이트_179,000"
17874974,로지텍 G502 X Plus (정품),0,0,0,0,0,0,0,"_블랙_192,380|_화이트_179,000",0,0
124224840,로지텍 G502 X Plus 건담 에디션,"179,000","179,000","179,000","179,000","209,000","209,000",0,0,"209,000","209,000"
6203870,로지텍 G703 + POWERPLAY (정품),"277,140","277,140","277,140","277,140","277,140","298,000","298,000","298,000","298,000","298,000"
15166589,로지텍 G703 HERO WIRELESS,"_병행수입_87,690|_해외구매_66,300",0,0,0,"_병행수입_85,690|_해외구매_66,300","_병행수입_85,690|_해외구매_69,280",0,0,0,0
15166958,로지텍 G703 HERO WIRELESS,0,"_병행수입_85,690|_해외구매_66,300","_병행수입_85,690|_해외구매_66,300","_병행수입_85,690|_해외구매_66,300",0,0,"_병행수입_85,690|_해외구매_69,280","_병행수입_85,690|_해외구매_69,280","_병행수입_83,990|_해외구매_69,280","_병행수입_83,990|_해외구매_69,280"
8323521,로지텍 G703 HERO WIRELESS (정품),"94,410","94,410","94,410","94,410","94,410","108,900","108,900","108,900","108,900","108,900"
41123378,로지텍 G703 HERO WIRELESS + POWERPLAY,0,0,0,0,"298,000","298,000","298,000","298,000","298,000","298,000"
5450663,로지텍 G703 LIGHTSPEED WIRELESS (정품),"127,000","127,000","127,000","127,000","127,000","127,000","127,000","127,000","127,000","127,000"
19924970,로지텍 G705 오로라 컬렉션,"병행수입_89,000","병행수입_89,000","병행수입_89,000","병행수입_89,000","병행수입_89,000","병행수입_89,000","병행수입_89,000","병행수입_89,000","병행수입_89,000","병행수입_89,000"
17640446,로지텍 G705 오로라 컬렉션 (정품),"화이트_118,990","화이트_118,990","화이트_118,990","화이트_118,990","화이트_118,990","화이트_118,990","화이트_118,990","화이트_118,990","화이트_118,990","화이트_118,990"
13663016,로지텍 G903 HERO WIRELESS,"_병행수입_159,000|_해외구매_122,010","_병행수입_159,000|_해외구매_122,010","_병행수입_159,000|_해외구매_122,010","_병행수입_159,000|_해외구매_122,010","_병행수입_159,000|_해외구매_122,010","_병행수입_159,000|_해외구매_120,710","_병행수입_159,000|_해외구매_120,710","_병행수입_159,000|_해외구매_120,710","_병행수입_159,000|_해외구매_120,710","_병행수입_159,000|_해외구매_120,710"
8333343,로지텍 G903 HERO WIRELESS (정품),"122,116","121,923","122,139","122,139","122,139","122,139","122,221","120,793","120,424","120,424"
27947291,로지텍 G903 HERO WIRELESS + 호환 충전 독,"220,270","220,270","220,270","220,270","220,270","220,270","220,270","220,270","220,270","220,270"
5443569,로지텍 G903 LIGHTSPEED WIRELESS (정품),"159,000","159,000","159,000","159,000","159,000","159,000","159,000","159,000","159,000","159,000"
45311747,로지텍 LIFT LEFT (정품),"88,690","88,690","85,470","85,470","85,470","88,690","88,690","88,690","85,470","85,470"
17443070,로지텍 LIFT VERTICAL,"_병행수입_67,950|비공식유통_88,340|_해외구매_61,304","_병행수입_67,950|비공식유통_88,340|_해외구매_61,304","_병행수입_67,950|비공식유통_88,340|_해외구매_61,304","_병행수입_67,950|비공식유통_88,340|_해외구매_61,304","_병행수입_67,950|비공식유통_88,340|_해외구매_61,304","_병행수입_70,040|비공식유통_88,340|_해외구매_61,304","_병행수입_69,560|비공식유통_88,340|_해외구매_61,304","_병행수입_69,560|비공식유통_88,340|_해외구매_61,304","_병행수입_69,560|비공식유통_88,340|_해외구매_61,304","_병행수입_69,560|비공식유통_88,340|_해외구매_61,304"
16909604,로지텍 LIFT VERTICAL (정품),"_그라파이트_83,000|로즈핑크_85,400|_웜그레이_83,020|페일그레이_85,410","_그라파이트_83,000|로즈핑크_85,400|웜그레이_87,203|_페일그레이_85,410","_그라파이트_82,690|로즈핑크_85,400|_웜그레이_88,010|페일그레이_85,410","_그라파이트_82,690|로즈핑크_85,400|_웜그레이_88,010|페일그레이_85,410","_그라파이트_82,690|로즈핑크_85,400|_웜그레이_88,010|페일그레이_85,400","_그라파이트_83,000|로즈핑크_84,010|_웜그레이_89,900|페일그레이_84,010","_그라파이트_83,000|로즈핑크_84,010|_웜그레이_89,900|페일그레이_84,010","_그라파이트_83,000|로즈핑크_84,010|_웜그레이_76,860|페일그레이_84,010","_그라파이트_82,690|로즈핑크_83,610|_웜그레이_76,860|페일그레이_83,610","_그라파이트_82,690|로즈핑크_83,610|_웜그레이_80,890|페일그레이_83,610"
17951681,로지텍 LIFT VERTICAL For Mac (정품),"88,010","88,010","88,010","88,010","88,010","88,490","88,490","88,490","85,470","85,470"
1254546,로지텍 M100,"병행수입_10,980","병행수입_10,980","병행수입_10,980","병행수입_10,980","병행수입_10,980","병행수입_10,980","병행수입_10,980","병행수입_10,980","병행수입_10,980","병행수입_10,980"
1796628,로지텍 M100r (정품),"_블랙_9,090|_화이트_9,080","_블랙_9,090|_화이트_9,080","_블랙_9,090|_화이트_9,080","_블랙_9,090|_화이트_9,080","_블랙_9,090|_화이트_9,080","_블랙_9,090|_화이트_9,080","_블랙_9,090|_화이트_9,080","_블랙_9,090|_화이트_9,080","_블랙_9,090|_화이트_9,080","_블랙_9,220|_화이트_9,240"
2358035,로지텍 M110,"병행수입_15,360","병행수입_15,360","병행수입_15,360","병행수입_15,360","병행수입_15,360","병행수입_15,360","병행수입_15,360","병행수입_15,360","병행수입_15,360","병행수입_15,360"
6469138,로지텍 M110 (정품),"11,960","11,960","11,960","11,960","11,960","11,960","11,960","11,960","11,960","11,960"
5059586,로지텍 M170,"병행수입_11,100","병행수입_11,100","병행수입_11,100","병행수입_11,100","병행수입_11,100","병행수입_11,100","병행수입_11,100","병행수입_11,100","병행수입_11,100","병행수입_11,100"
3756673,로지텍 M170 (정품),"_블랙_12,100|레드_17,960|_핑크_12,300|화이트_12,080|블루_17,960","_블랙_12,100|레드_17,960|_핑크_12,300|화이트_12,080|블루_17,960","_블랙_12,100|레드_17,960|_핑크_12,300|화이트_12,080|블루_17,960","_블랙_12,100|레드_17,960|_핑크_12,300|화이트_12,080|블루_17,960",0,"_블랙_12,100|레드_18,150|핑크_12,222|_화이트_12,080|블루_18,150","_블랙_12,100|레드_18,150|핑크_12,220|_화이트_12,080|블루_18,150","_블랙_12,100|레드_18,150|핑크_12,220|_화이트_12,080|블루_18,150","_블랙_12,100|레드_18,150|핑크_12,220|_화이트_12,080|블루_18,150","_블랙_12,090|레드_18,150|핑크_12,210|_화이트_12,080|블루_18,150"
27474311,로지텍 M170 (정품),0,0,0,0,"_블랙_12,100|레드_17,960|_핑크_12,300|화이트_12,080|블루_17,960",0,0,0,0,0
17500865,로지텍 M171,"해외구매_18,770","해외구매_18,710","해외구매_18,660","해외구매_18,590","해외구매_18,530","해외구매_18,470","해외구매_16,900","해외구매_16,900","해외구매_16,900","해외구매_16,900"
4044650,로지텍 M171 (정품),"블루_21,180|_그레이_12,920|_레드_15,290","블루_21,180|_그레이_12,920|_레드_15,290","블루_21,180|_그레이_12,920|_레드_15,290","블루_21,180|_그레이_12,920|_레드_15,290","블루_21,180|_그레이_12,920|_레드_15,290","블루_21,180|_그레이_13,880|_레드_15,290","블루_21,180|_그레이_13,880|_레드_15,290","블루_21,180|_그레이_13,880|_레드_15,290","블루_20,770|_그레이_13,630|_레드_15,290","블루_20,770|_그레이_13,630|_레드_15,290"
4318965,로지텍 M185,"_병행수입_11,200|_해외구매_26,390","_병행수입_11,200|_해외구매_26,390","_병행수입_11,200|_해외구매_26,390","_병행수입_11,200|_해외구매_26,390","_병행수입_11,200|_해외구매_26,390","_병행수입_11,200|_해외구매_26,390","_병행수입_11,200|_해외구매_26,390","_병행수입_16,320|_해외구매_26,390","_병행수입_16,320|_해외구매_26,390","_병행수입_11,700|_해외구매_26,390"
1458995,로지텍 M185 (정품),"_그레이_15,390|레드_16,880|_블루_16,050","_그레이_15,390|레드_16,880|_블루_16,050",0,0,0,0,0,0,"_그레이_15,390|레드_16,880|_블루_16,050","_그레이_15,400|레드_16,880|_블루_16,260"
1459065,로지텍 M185 (정품),0,0,"_그레이_15,390|레드_16,880|_블루_16,050","_그레이_15,390|레드_16,880|_블루_16,050","_그레이_15,390|레드_16,880|_블루_16,050","_그레이_15,390|레드_16,880|_블루_16,050","_그레이_15,390|레드_16,880|_블루_16,050","_그레이_15,390|레드_16,880|_블루_16,050",0,0
19954388,로지텍 M186,"_병행수입_11,800|_해외구매_24,000","_병행수입_11,800|_해외구매_24,000","_병행수입_11,800|_해외구매_24,000","_병행수입_11,800|_해외구매_24,000","_병행수입_11,800|_해외구매_24,000","_병행수입_11,800|_해외구매_24,000","_병행수입_11,800|_해외구매_24,000","_병행수입_11,800|_해외구매_24,000","_병행수입_11,800|_해외구매_24,000","_병행수입_11,800|_해외구매_24,000"
3567472,로지텍 M186 (정품),"16,900","16,900","16,900","16,900","16,900","16,900","16,900","16,900","16,900","16,900"
17467277,로지텍 M190,"병행수입_21,880","병행수입_21,880","병행수입_21,880","병행수입_21,880","병행수입_21,880","병행수입_21,880","병행수입_14,500","병행수입_14,500","병행수입_14,500","병행수입_14,500"
12728225,로지텍 M190 (정품),"15,890","15,890","15,890","15,890","15,890","15,890","15,890","15,890","15,890","15,890"
70000226,로지텍 M196 무선,"정품_16,570","정품_16,570","정품_16,570","정품_16,570","정품_16,570","정품_16,570","정품_16,570","정품_16,570","정품_16,570","정품_16,570"
14533895,로지텍 M221 SILENT,"_병행수입_20,340|_비공식유통_21,020","_병행수입_20,340|_비공식유통_21,020","_병행수입_20,350|_비공식유통_21,020","_병행수입_20,350|_비공식유통_21,020","_병행수입_20,350|_비공식유통_21,020","_병행수입_20,350|_비공식유통_21,020","_병행수입_20,350|_비공식유통_21,020","_병행수입_20,350|_비공식유통_21,020","_병행수입_20,350|_비공식유통_21,020","_병행수입_20,350|_비공식유통_21,020"
4554311,로지텍 M221 SILENT (정품),"_블랙_21,590|블루_24,900|_레드_23,820|퓨어 화이트_25,400","_블랙_21,290|블루_24,900|_레드_23,820|퓨어 화이트_25,400","_블랙_21,360|블루_24,900|_레드_23,820|퓨어 화이트_25,400","_블랙_21,360|블루_24,900|_레드_23,820|퓨어 화이트_25,400","_블랙_21,360|블루_24,900|_레드_23,820|퓨어 화이트_25,400","_블랙_21,360|블루_24,900|_레드_23,820|퓨어 화이트_25,400","_블랙_21,120|블루_24,900|_레드_21,180|퓨어 화이트_25,400","_블랙_21,110|블루_24,900|_레드_21,180|퓨어 화이트_25,400","_블랙_21,110|블루_24,900|_레드_21,180|퓨어 화이트_25,400","_블랙_21,100|블루_24,900|_레드_21,180|퓨어 화이트_25,400"
8210548,로지텍 M235,0,0,0,0,0,0,0,0,"병행수입_17,900","병행수입_17,900"
1460453,로지텍 M235 (정품),"블랙_28,290","블랙_28,290","블랙_28,290","블랙_28,290","블랙_28,290","블랙_28,290","블랙_28,290","블랙_28,290","블랙_28,290","블랙_28,290"
1888918,로지텍 M235U (정품),"레드_23,790","레드_23,790","레드_23,790","레드_23,790","레드_23,790","레드_23,790","레드_23,790","레드_23,790","레드_23,790","레드_23,790"
18992723,로지텍 M235n 무선 (정품),"_블루_18,490|레드_18,490|_블랙_18,230","_블루_18,490|레드_18,490|_블랙_18,230",0,"블루_18,490|_레드_18,490|_블랙_18,230","_블루_18,490|레드_18,490|_블랙_18,230","_블루_18,432|레드_18,432|_블랙_18,230",0,0,0,"_블루_18,420|레드_18,430|_블랙_18,230"
18992717,로지텍 M235n 무선 (정품),0,0,"블루_18,490|_레드_18,490|_블랙_18,230",0,0,0,0,0,0,0
18992708,로지텍 M235n 무선 (정품),0,0,0,0,0,0,"_블루_18,430|_레드_18,432|블랙_18,230","_블루_18,430|_레드_18,432|블랙_18,230","_블루_18,430|_레드_18,432|블랙_18,230",0
27473327,로지텍 M240 Silent 블루투스,"병행수입_10,900","병행수입_10,900","병행수입_10,900","병행수입_10,900","병행수입_10,900","병행수입_10,900","병행수입_10,900","병행수입_10,900","병행수입_10,900","병행수입_10,900"
20312480,로지텍 M240 Silent 블루투스 (정품),"_그라파이트_16,460|_퓨어화이트_18,480|로즈핑크_18,480","_그라파이트_16,460|_퓨어화이트_18,480|로즈핑크_18,480","_그라파이트_16,450|_퓨어화이트_18,480|로즈핑크_18,480","_그라파이트_16,450|_퓨어화이트_18,480|로즈핑크_18,480","_그라파이트_16,440|_퓨어화이트_18,480|로즈핑크_18,480","_그라파이트_16,440|_퓨어화이트_18,480|로즈핑크_18,480","_그라파이트_16,430|_퓨어화이트_18,480|로즈핑크_18,480","_그라파이트_12,800|_퓨어화이트_18,480|로즈핑크_18,480","_그라파이트_12,800|퓨어화이트_18,480|_로즈핑크_18,480","_그라파이트_12,800|퓨어화이트_19,020|_로즈핑크_19,020"
6167874,로지텍 M280,"_해외구매_19,110|_병행수입_19,420|비공식유통_37,100","_해외구매_19,110|_병행수입_19,420|비공식유통_37,100","_해외구매_19,110|_병행수입_19,420|비공식유통_37,100","_해외구매_19,110|_병행수입_19,420|비공식유통_37,100","_해외구매_19,110|_병행수입_19,420|비공식유통_37,100","_해외구매_19,110|_병행수입_19,420|비공식유통_37,100","_해외구매_19,110|_병행수입_19,420|비공식유통_37,100","_해외구매_19,110|_병행수입_19,420|비공식유통_37,100","_해외구매_19,110|_병행수입_19,420|비공식유통_37,100","_해외구매_19,110|_병행수입_19,420|비공식유통_37,100"
2902192,로지텍 M280 (정품),"그레이_24,490|_레드_24,370|_블랙_22,880","그레이_24,490|_레드_24,370|_블랙_22,880","그레이_24,490|_레드_24,370|_블랙_22,880","그레이_24,490|_레드_24,370|_블랙_22,880","그레이_24,490|_레드_24,370|_블랙_22,880","그레이_24,490|_레드_24,370|_블랙_22,880","그레이_24,490|_레드_24,370|_블랙_22,880","그레이_24,490|_레드_24,370|_블랙_22,880","그레이_24,490|_레드_24,370|_블랙_22,880","그레이_24,490|_레드_24,370|_블랙_22,880"
7680853,로지텍 M310,"병행수입_32,760","병행수입_32,760","병행수입_32,760","병행수입_32,760","병행수입_32,760","병행수입_32,760","병행수입_22,000",0,0,0
2346044,로지텍 M310t (정품),"블루_34,900",0,0,0,0,0,0,0,0,0
18992411,로지텍 M325s 무선 (정품),0,0,0,0,0,0,0,"29,900","29,900","29,900"
13609553,로지텍 M331,"_병행수입_22,410|_비공식유통_26,890","_병행수입_22,410|_비공식유통_26,890","_병행수입_22,400|_비공식유통_26,890","_병행수입_22,400|_비공식유통_26,890","_병행수입_22,400|_비공식유통_26,890",0,0,"_병행수입_22,410|_비공식유통_26,890","_병행수입_22,300|_비공식유통_26,890","_병행수입_22,300|_비공식유통_26,890"
14772179,로지텍 M331,0,0,0,0,0,"_병행수입_22,400|_비공식유통_26,890","_병행수입_22,410|_비공식유통_26,890",0,0,0
4554259,로지텍 M331 (정품),"_그레이_25,190|레드_25,590|_블랙_25,190","_그레이_25,190|레드_25,590|_블랙_25,190","_그레이_25,190|레드_25,590|_블랙_25,190","_그레이_25,190|레드_25,590|_블랙_25,190","_그레이_25,190|레드_25,590|_블랙_25,190","_그레이_25,190|레드_25,590|_블랙_25,190","그레이_25,190|_레드_25,520|_블랙_25,190","그레이_25,190|_레드_25,510|_블랙_25,190","그레이_25,190|_레드_25,510|_블랙_25,190","그레이_25,190|_레드_25,500|_블랙_25,190"
8177038,로지텍 M350 PEBBLE,"_병행수입_22,340|_비공식유통_31,420","_병행수입_22,340|_비공식유통_31,420","_병행수입_22,750|_비공식유통_31,420","_병행수입_22,750|_비공식유통_31,420","_병행수입_22,750|_비공식유통_31,420","_병행수입_22,750|_비공식유통_31,420","_병행수입_22,750|_비공식유통_31,420","_병행수입_22,750|_비공식유통_31,420","_병행수입_22,750|_비공식유통_31,420","_병행수입_22,750|_비공식유통_31,420"
8112502,로지텍 M350 PEBBLE (정품),"_블랙_29,890|라벤더_23,940|블루_29,900|핑크_29,890|_화이트_29,900","_블랙_29,890|_라벤더_23,940|블루_29,900|핑크_29,890|화이트_29,900","_블랙_29,890|_라벤더_23,940|블루_29,900|핑크_29,890|화이트_29,900","_블랙_29,890|라벤더_23,940|블루_29,900|_핑크_29,890|화이트_29,900","_블랙_29,890|라벤더_23,940|블루_29,900|_핑크_29,890|화이트_29,900","_블랙_29,890|라벤더_23,940|블루_29,900|_핑크_29,890|화이트_29,900","_블랙_29,890|라벤더_23,940|_블루_29,900|핑크_29,890|화이트_29,900","_블랙_29,890|_라벤더_23,940|블루_29,900|핑크_29,890|화이트_29,900","_블랙_29,890|_라벤더_23,940|블루_29,900|핑크_29,890|화이트_29,900","_블랙_29,890|_라벤더_23,940|블루_29,900|핑크_29,890|화이트_29,900"
75541454,로지텍 M350S,"병행수입_27,160","병행수입_27,620","병행수입_27,620","병행수입_27,620","병행수입_27,620","병행수입_27,620","병행수입_27,620","병행수입_27,620","병행수입_27,620","병행수입_27,620"
79111226,로지텍 M350S (정품),"_블랙_29,120|로즈_28,220|_화이트_28,220","_블랙_29,120|로즈_28,220|_화이트_28,220","_블랙_29,110|로즈_28,220|_화이트_28,220","_블랙_29,100|로즈_28,220|_화이트_28,220","_블랙_29,100|로즈_28,220|_화이트_28,220","_블랙_29,100|로즈_28,220|_화이트_28,220",0,0,0,0
28555382,로지텍 M350S (정품),0,0,0,0,0,0,"_블랙_29,100|로즈_28,220|_화이트_28,220","_블랙_29,100|로즈_28,220|_화이트_28,220","_블랙_29,100|로즈_28,220|_화이트_28,220","_블랙_29,100|로즈_28,220|_화이트_28,220"
7702471,로지텍 M510,"병행수입_59,900","병행수입_59,900","병행수입_59,900","병행수입_59,900","병행수입_59,900","병행수입_59,900","병행수입_33,500","병행수입_33,500","병행수입_33,500","병행수입_33,500"
123436777,로지텍 M550 무선,"_그라파이트_44,900|_오프화이트_44,900","_그라파이트_44,900|_오프화이트_44,900","_그라파이트_44,900|_오프화이트_44,900","_그라파이트_44,900|_오프화이트_44,900","_그라파이트_44,900|_오프화이트_44,900","_그라파이트_44,900|_오프화이트_44,900","_그라파이트_44,900|_오프화이트_44,900","_그라파이트_44,900|_오프화이트_44,900","_그라파이트_44,900|_오프화이트_44,900","_그라파이트_44,900|_오프화이트_44,900"
123436778,로지텍 M550 무선,"_그라파이트_44,900|_오프화이트_44,900","_그라파이트_44,900|_오프화이트_44,900","_그라파이트_44,900|_오프화이트_44,900","_그라파이트_44,900|_오프화이트_44,900","_그라파이트_44,900|_오프화이트_44,900","_그라파이트_44,900|_오프화이트_44,900",0,0,0,0
3972174,로지텍 M557,0,0,0,"병행수입_42,150","병행수입_42,150","병행수입_42,150","병행수입_42,150","병행수입_42,150","병행수입_42,150","병행수입_42,150"
13794275,로지텍 M570,0,0,0,0,0,0,"병행수입_89,000","병행수입_89,000","병행수입_89,000",0
1089659,로지텍 M705,"_비공식유통_115,200|_해외구매_39,260","_비공식유통_115,200|_해외구매_39,260","_비공식유통_115,200|_해외구매_39,260","_비공식유통_115,200|_해외구매_39,260","_비공식유통_115,200|_해외구매_39,260","_비공식유통_115,200|_해외구매_40,820",0,0,"_병행수입_41,500|비공식유통_115,200|_해외구매_40,820",0
16511498,로지텍 M705,0,0,0,0,0,0,"병행수입_41,500|_비공식유통_115,200|_해외구매_40,820","병행수입_41,500|_비공식유통_115,200|_해외구매_40,820",0,0
5179194,로지텍 M705,0,0,0,0,0,0,0,0,0,"_병행수입_41,500|_비공식유통_115,200|해외구매_40,820"
4788169,로지텍 M720,"_벌크_44,210|_병행수입_38,970|중고_58,320|해외구매_43,590","_벌크_44,210|_병행수입_38,970|중고_58,320|해외구매_43,590","_벌크_44,200|_병행수입_38,970|중고_58,320|해외구매_43,590","_벌크_44,200|_병행수입_38,970|중고_58,320|해외구매_43,590","_벌크_44,190|_병행수입_38,970|중고_58,320|해외구매_43,590","_벌크_44,190|_병행수입_39,800|중고_58,320|해외구매_45,100","벌크_44,180|_병행수입_39,800|중고_58,320|_해외구매_45,090","벌크_44,180|_병행수입_39,800|중고_58,320|_해외구매_45,090","벌크_43,760|_병행수입_39,800|중고_58,320|_해외구매_45,090","벌크_43,750|_병행수입_39,800|중고_58,320|_해외구매_45,090"
4502153,로지텍 M720 (정품),"55,730","55,700","55,700","55,700","42,500","42,500","42,500","42,500","42,500","42,500"
123437554,로지텍 M750 무선,"54,900","54,900","54,900","54,900","54,900","54,900","54,900","54,900","54,900","54,900"
122696994,로지텍 M840L (정품),"59,900","59,900","59,900","59,900","59,900","59,900","59,900","59,900","59,900","59,900"
122696986,로지텍 M850L (정품),"69,900","69,900","69,900","69,900","69,900","69,900","69,900","69,900","69,900","69,900"
1840345,로지텍 M90 (정품),"6,390","6,500","6,390","6,390","6,390","6,500","6,500","6,500","6,390","6,390"
123651092,로지텍 MOBI FOLD,"해외구매_119,213","해외구매_119,213","해외구매_119,213","해외구매_119,213","해외구매_119,213","해외구매_119,213","해외구매_119,213","해외구매_119,213","해외구매_119,213","해외구매_119,213"
122699284,로지텍 MOBI FOLD (정품),"_그라파이트_139,000|라일락_139,000|_오프화이트_139,000","_그라파이트_139,000|라일락_139,000|_오프화이트_139,000","_그라파이트_139,000|라일락_139,000|_오프화이트_139,000","_그라파이트_139,000|라일락_139,000|_오프화이트_139,000","_그라파이트_139,000|라일락_139,000|_오프화이트_139,000","_그라파이트_139,000|라일락_139,000|_오프화이트_139,000","_그라파이트_139,000|라일락_139,000|_오프화이트_139,000","_그라파이트_139,000|라일락_139,000|_오프화이트_139,000","_그라파이트_139,000|_라일락_139,000|오프화이트_139,000","_그라파이트_139,000|라일락_139,000|_오프화이트_139,000"
7702486,로지텍 MX Anywhere 2S,0,0,0,"병행수입_115,520","병행수입_115,520","병행수입_121,590","병행수입_121,590","병행수입_121,590","병행수입_121,590","병행수입_121,590"
13746464,로지텍 MX Anywhere 3,"병행수입_85,990","병행수입_85,990","병행수입_85,990","병행수입_85,990","병행수입_85,990","병행수입_85,990","병행수입_85,990","병행수입_88,500","병행수입_88,500","병행수입_88,500"
12447830,로지텍 MX Anywhere 3 (정품),"115,000","115,000","115,000","115,000","115,000","115,000","115,000","115,000","115,000","115,000"
13649996,로지텍 MX Anywhere 3 for Mac,0,0,0,0,0,0,0,"병행수입_125,000","병행수입_125,000","병행수입_125,000"
12447866,로지텍 MX Anywhere 3 for Mac (정품),0,0,0,0,0,0,0,"109,000","109,000","109,000"
27473462,로지텍 MX Anywhere 3S,"_병행수입_92,610|비공식유통_104,640|_해외구매_73,990","_병행수입_92,600|비공식유통_104,640|_해외구매_73,990","_병행수입_92,600|비공식유통_104,640|_해외구매_73,990","_병행수입_92,600|비공식유통_104,640|_해외구매_73,990","_병행수입_92,600|비공식유통_104,640|_해외구매_73,990","_병행수입_92,600|비공식유통_104,640|_해외구매_73,990","_병행수입_92,490|비공식유통_104,640|_해외구매_73,990","_병행수입_91,810|비공식유통_104,640|_해외구매_73,990","_병행수입_90,840|비공식유통_104,640|_해외구매_73,990","_병행수입_90,840|비공식유통_104,640|_해외구매_73,990"
20437625,로지텍 MX Anywhere 3S (정품),"_그라파이트_101,360|_로즈핑크_107,990|페일그레이_103,770",0,"_그라파이트_101,360|_로즈핑크_107,990|페일그레이_103,770",0,0,"_그라파이트_101,360|_로즈핑크_107,990|페일그레이_103,770","_그라파이트_101,360|_로즈핑크_107,990|페일그레이_103,770","_그라파이트_101,360|_로즈핑크_107,990|페일그레이_103,770","_그라파이트_101,360|_로즈핑크_105,840|페일그레이_103,770","_그라파이트_101,360|_로즈핑크_105,840|페일그레이_103,770"
32885465,로지텍 MX Anywhere 3S (정품),0,"_그라파이트_101,360|_로즈핑크_107,990|페일그레이_103,770",0,"_그라파이트_101,360|_로즈핑크_107,990|페일그레이_103,770","_그라파이트_101,360|_로즈핑크_107,990|페일그레이_103,770",0,0,0,0,0
122688512,로지텍 MX Anywhere 3S for Mac,"병행수입_159,000","병행수입_159,000","병행수입_159,000","병행수입_159,000","병행수입_159,000","병행수입_159,000","병행수입_159,000","병행수입_159,000","병행수입_159,000",0
63482024,로지텍 MX Anywhere 3S for Mac (정품),"105,030","105,030","105,030","105,030","105,030","99,000","99,000","99,000","99,000","99,000"
7702489,로지텍 MX ERGO,"병행수입_98,690","병행수입_98,690","병행수입_98,690","병행수입_98,690","병행수입_98,690","병행수입_98,690","병행수입_98,690","병행수입_98,690","병행수입_96,730","병행수입_96,730"
66047333,로지텍 MX ERGO S 무선 (정품),"140,450","140,450","140,450","140,450","140,450","140,450","140,450","140,450","140,450","140,450"
8196979,로지텍 MX MASTER 2S,"정품벌크_143,450","정품벌크_143,450","정품벌크_143,450","정품벌크_143,450",0,"정품벌크_144,960","정품벌크_144,960","정품벌크_144,960","정품벌크_144,960","정품벌크_144,960"
11174739,로지텍 MX MASTER 3,"병행수입_159,000",0,"병행수입_159,000","병행수입_159,000","병행수입_159,000","병행수입_159,000","병행수입_159,000","병행수입_159,000","병행수입_159,000","병행수입_159,000"
12006329,로지텍 MX MASTER 3 for Mac (정품),"129,000","129,000",0,0,0,0,0,0,0,0
106703741,로지텍 MX MASTER 4,"_병행수입_228,990|_해외구매_138,460","_병행수입_228,990|_해외구매_138,460","_병행수입_228,990|_해외구매_138,460","_병행수입_228,990|_해외구매_138,460","_병행수입_228,990|_해외구매_138,460","_병행수입_228,990|_해외구매_138,460","_병행수입_228,990|_해외구매_138,460","_병행수입_228,990|_해외구매_138,460","_병행수입_228,990|_해외구매_138,460","_병행수입_228,990|_해외구매_138,450"
98766185,로지텍 MX MASTER 4 (정품),"_그래파이트_178,980|_페일그레이_178,980","_그래파이트_178,980|_페일그레이_178,980","_그래파이트_178,980|_페일그레이_178,980","_그래파이트_178,980|_페일그레이_178,980","_그래파이트_178,980|_페일그레이_178,980","_그래파이트_178,980|_페일그레이_178,980","_그래파이트_178,980|_페일그레이_178,980","_그래파이트_178,980|_페일그레이_178,980","_그래파이트_178,980|_페일그레이_178,980","_그래파이트_178,980|_페일그레이_178,980"
98766233,로지텍 MX MASTER 4 For Mac (정품),"_스페이스블랙_175,240|_화이트실버_175,240","_스페이스블랙_175,240|_화이트실버_175,240","_스페이스블랙_175,240|_화이트실버_175,240","_스페이스블랙_175,240|_화이트실버_175,240","_스페이스블랙_175,240|_화이트실버_175,240","_스페이스블랙_176,110|_화이트실버_178,990","_스페이스블랙_176,110|_화이트실버_178,210","_스페이스블랙_176,110|_화이트실버_178,210",0,0
98766227,로지텍 MX MASTER 4 For Mac (정품),0,0,0,0,0,0,0,0,"_스페이스블랙_169,690|_화이트실버_169,690","_스페이스블랙_169,690|_화이트실버_169,690"
17159984,로지텍 MX Master 3S,"_병행수입_114,110|_해외구매_102,660","_병행수입_114,110|_해외구매_102,660","_병행수입_114,110|_해외구매_102,660","_병행수입_114,110|_해외구매_102,660","_병행수입_114,110|_해외구매_102,660","_병행수입_117,100|_해외구매_102,660","_병행수입_117,090|_해외구매_102,660","_병행수입_117,090|_해외구매_102,660","_병행수입_117,080|_해외구매_102,193","_병행수입_117,080|_해외구매_102,193"
17171645,로지텍 MX Master 3S (정품),"_블랙_128,280|_화이트_129,270","_블랙_128,990|_화이트_129,270","_블랙_128,980|_화이트_129,270","_블랙_128,980|_화이트_131,510","_블랙_128,980|_화이트_131,510","_블랙_128,990|_화이트_131,510","_블랙_128,990|_화이트_131,510","_블랙_128,960|_화이트_131,510","_블랙_128,900|_화이트_131,510","_블랙_128,990|_화이트_131,510"
98766323,로지텍 MX Master 3S Bluetooth Edition (정품),"165,160","165,160","165,160","165,160","165,160","165,160","165,160","165,160","168,900","168,900"
31283144,로지텍 MX Master 3S For Mac,0,"병행수입_139,000","병행수입_139,000","병행수입_139,000","병행수입_139,000","병행수입_139,000","병행수입_139,000","병행수입_138,930","병행수입_138,850","병행수입_138,790"
17951690,로지텍 MX Master 3S For Mac (정품),"_스페이스 그레이_144,791|_페일 그레이_172,000","_스페이스 그레이_144,791|_페일 그레이_172,000","_스페이스 그레이_144,791|_페일 그레이_172,000","_스페이스 그레이_144,791|_페일 그레이_172,000","_스페이스 그레이_144,791|_페일 그레이_172,000","_스페이스 그레이_144,791|_페일 그레이_172,000","_스페이스 그레이_144,791|_페일 그레이_172,000","_스페이스 그레이_144,791|_페일 그레이_172,000","_스페이스 그레이_144,791|_페일 그레이_172,000","_스페이스 그레이_144,791|_페일 그레이_172,000"
11632373,로지텍 MX VERTICAL,"_병행수입_88,880|_해외구매_86,150|비공식유통_149,000","_병행수입_102,310|_해외구매_86,150|비공식유통_135,960",0,0,0,0,0,0,0,0
6517398,로지텍 MX VERTICAL,0,0,"_병행수입_102,300|_해외구매_86,150|비공식유통_135,960","_병행수입_102,300|_해외구매_86,150|비공식유통_135,960","_병행수입_102,290|_해외구매_86,150|비공식유통_135,960","_병행수입_102,290|_해외구매_86,150|비공식유통_135,960","_병행수입_102,280|_해외구매_86,460|비공식유통_135,960","_병행수입_102,280|_해외구매_86,460|비공식유통_135,960","_병행수입_102,270|_해외구매_86,460|비공식유통_135,960","_병행수입_102,270|_해외구매_86,460|비공식유통_135,960"
6517390,로지텍 MX VERTICAL (정품),"119,000","129,200","129,200","119,000","119,000","135,990","138,990","139,000","119,000","119,000"
71424167,로지텍 POP (정품),"_그라파이트_34,900|라일락_33,853|_오프화이트_34,900","_그라파이트_34,900|라일락_33,853|_오프화이트_34,900","_그라파이트_34,900|_라일락_33,853|오프화이트_34,900","_그라파이트_34,900|_라일락_33,853|오프화이트_34,900","_그라파이트_34,900|_라일락_33,853|오프화이트_34,900","_그라파이트_34,900|_라일락_33,853|오프화이트_34,900","_그라파이트_34,900|_라일락_33,853|오프화이트_34,900","_그라파이트_34,900|_라일락_33,853|오프화이트_34,900","_그라파이트_34,900|_라일락_33,853|오프화이트_34,900","_그라파이트_34,900|_라일락_33,853|오프화이트_34,900"
100452665,로지텍 PRO 2 LIGHTSPEED + PRO X 2 무선 마우스 헤드셋 세트,"_블랙_458,270|_화이트_458,260","_블랙_458,270|_화이트_458,260","_블랙_458,270|_화이트_458,260","_블랙_458,270|_화이트_458,260","_블랙_458,270|_화이트_458,260","_블랙_458,270|_화이트_458,260","_블랙_458,270|_화이트_458,260","_블랙_458,270|_화이트_458,260","_블랙_458,270|_화이트_458,260","_블랙_458,270|_화이트_458,260"
67848269,로지텍 PRO 2 LIGHTSPEED 무선 (정품),"_블랙_168,380|_핑크_173,630|화이트_164,840","_블랙_168,380|_핑크_173,630|화이트_164,840","_블랙_168,380|핑크_173,630|_화이트_164,840",0,0,0,"_블랙_168,380|핑크_107,100|_화이트_164,840","_블랙_168,380|핑크_119,000|_화이트_164,840","_블랙_168,380|핑크_119,000|_화이트_164,840","_블랙_168,380|핑크_119,000|_화이트_164,840"
99320558,로지텍 PRO 2 LIGHTSPEED 무선 (정품),0,0,0,"_블랙_168,380|핑크_173,630|_화이트_164,840","_블랙_168,380|핑크_173,630|_화이트_164,840","_블랙_168,380|핑크_119,000|_화이트_164,840",0,0,0,0
95520095,로지텍 PRO 2 LIGHTSPEED 무선 + 호환 충전 독,"정품_173,630","정품_173,630","정품_173,630","정품_173,630","정품_173,630","정품_183,000","정품_183,000","정품_183,000","정품_183,000","정품_183,000"
100697765,로지텍 PRO X SUPERLIGHT 2 SE (정품),"_레드_179,000|마젠타_179,000|_블랙_179,000|화이트_179,000","_레드_179,000|_마젠타_179,000|블랙_179,000|화이트_179,000","_레드_179,000|_마젠타_179,000|블랙_179,000|화이트_179,000","_레드_179,000|_마젠타_179,000|블랙_179,000|화이트_179,000","_레드_179,000|_마젠타_179,000|블랙_179,000|화이트_179,000","_레드_179,000|_마젠타_179,000|블랙_179,000|화이트_179,000","_레드_179,000|_마젠타_179,000|블랙_179,000|화이트_179,000","_레드_179,000|_마젠타_179,000|블랙_179,000|화이트_179,000","_레드_179,000|_마젠타_179,000|블랙_179,000|화이트_179,000","_레드_179,000|_마젠타_179,000|블랙_179,000|화이트_179,000"
99477566,로지텍 PRO X SUPERLIGHT 2 SE 해외구매,"122,850","122,850","122,850","122,850","122,850","124,200","124,200","124,200","124,200","124,200"
99477470,로지텍 PRO X SUPERLIGHT 2c,"_병행수입_184,390|_해외구매_144,280","_병행수입_185,890|_해외구매_139,698","_병행수입_185,870|_해외구매_139,565","_병행수입_185,870|_해외구매_144,280","_병행수입_185,860|_해외구매_144,280","_병행수입_185,860|_해외구매_141,220","_병행수입_185,850|_해외구매_141,220","_병행수입_184,430|_해외구매_141,220","_병행수입_182,470|_해외구매_141,220","_병행수입_182,470|_해외구매_141,220"
99711773,로지텍 PRO X SUPERLIGHT 2c (정품),"_블랙_179,000|핑크_179,000|_화이트_199,000","_블랙_199,000|핑크_205,000|_화이트_199,000","_블랙_179,000|_핑크_179,000|화이트_179,000","_블랙_179,000|_핑크_179,000|화이트_179,000","_블랙_199,000|_핑크_205,000|화이트_199,000","_블랙_199,000|_핑크_205,000|화이트_199,000","_블랙_199,000|_핑크_205,000|화이트_199,000","_블랙_204,910|_핑크_205,000|화이트_204,910","_블랙_204,910|_핑크_205,000|화이트_204,910","_블랙_204,910|_핑크_205,000|화이트_204,910"
100452419,로지텍 PRO X SUPERLIGHT 2c + PRO X 2 무선 마우스 헤드셋 세트,"_블랙_498,990|핑크_499,460|_화이트_498,990","_블랙_498,990|핑크_499,460|_화이트_498,990","_블랙_498,990|_핑크_499,460|화이트_498,990","_블랙_498,990|_핑크_499,460|화이트_498,990","_블랙_498,990|핑크_499,460|_화이트_498,990","_블랙_498,990|핑크_499,460|_화이트_498,990","_블랙_498,990|핑크_499,460|_화이트_498,990",0,0,0
100452428,로지텍 PRO X SUPERLIGHT 2c + PRO X 2 무선 마우스 헤드셋 세트,0,0,0,0,0,0,0,"_블랙_498,990|핑크_499,460|_화이트_498,990","_블랙_498,990|핑크_499,460|_화이트_498,990","_블랙_498,990|핑크_499,460|_화이트_498,990"
104988224,로지텍 PRO X SUPERLIGHT 2c + 호환 충전 독,"229,000","229,000","229,000","229,000","229,000","229,000","229,000","229,000","229,000","229,000"
107983454,로지텍 PRO X2 SUPERSTRIKE,"_병행수입_259,000|_해외구매_245,530","_병행수입_258,820|_해외구매_245,530","_병행수입_258,750|_해외구매_250,160","_병행수입_258,740|_해외구매_250,160","_병행수입_258,740|_해외구매_250,160","_병행수입_258,740|_해외구매_250,160","_병행수입_258,740|_해외구매_233,270","_병행수입_258,740|_해외구매_227,750","_병행수입_258,810|_해외구매_227,750","_병행수입_258,810|_해외구매_227,750"
104940059,로지텍 PRO X2 SUPERSTRIKE (정품),"259,000","259,000","239,000","239,000","239,000","239,000","259,000","259,000","239,000","239,000"
124411704,로지텍 PRO X3 SUPERSTRIKE,0,0,0,0,0,"해외구매_344,560","해외구매_333,870","_병행수입_431,030|_해외구매_333,860","_병행수입_431,030|_해외구매_314,860","_병행수입_430,980|_해외구매_322,300"
124434141,로지텍 PRO X3 SUPERSTRIKE,0,0,0,0,0,0,0,0,"_병행수입_431,030|_해외구매_314,860","_병행수입_430,980|_해외구매_322,300"
124363812,로지텍 PRO X3 SUPERSTRIKE (정품),"279,000","279,000",0,0,0,0,0,0,0,0
124363890,로지텍 PRO X3 SUPERSTRIKE + PRO X 3 LIGHTSPEED (정품),0,"589,000","589,000","589,000","589,000","589,000","589,000",0,"628,000","589,000"
62867666,로지텍 Pebble M340 (정품),"23,900","23,900","23,900","23,900","23,900","23,900","23,900","23,900","23,900","23,900"
111903385,로지텍 로지텍G G304 K/DA LIGHTSPEED WIRELESS (정품),"73,020","73,020","73,010","73,010","73,000","73,000",0,0,"72,980","72,980"
110869633,로지텍 로지텍G G304 LIGHTSPEED WIRELESS,"벌크_66,360","벌크_66,360","벌크_66,360","벌크_66,360","벌크_66,360","벌크_62,190","벌크_62,190","벌크_62,190","벌크_62,190","벌크_62,190"
121166977,로지텍 로지텍G G402 Hyperion Fury,"벌크_59,900","벌크_59,900","벌크_59,900","벌크_59,900","벌크_59,900","벌크_59,900","벌크_59,900","벌크_59,900","벌크_59,900","벌크_59,900"
29654993,로지텍 로지텍G G435 SE + G304 SE 무선 게이밍 콤보 (정품),"108,980","108,980","108,980","108,980","108,980","108,980","108,980","108,980","108,980","108,980"
113479193,로지텍 로지텍G G603 LIGHTSPEED WIRELESS,"병행수입_87,688","병행수입_87,688","병행수입_87,688","병행수입_87,688","병행수입_87,688","병행수입_87,688","병행수입_87,688","병행수입_87,688","병행수입_87,688","병행수입_87,688"
119592501,로지텍 로지텍G G703 HERO WIRELESS,"벌크_175,240","벌크_175,240","벌크_180,780","벌크_175,240","벌크_175,240","벌크_175,240","벌크_175,240","벌크_177,090","벌크_177,090","벌크_177,090"
16232084,로지텍 시그니처 M650,"_해외구매_52,410|_병행수입_33,590|비공식유통_49,900","해외구매_52,410|_병행수입_33,590|_비공식유통_49,900","해외구매_52,410|_병행수입_33,590|_비공식유통_49,900","해외구매_52,410|_병행수입_33,590|_비공식유통_49,900","해외구매_52,410|_병행수입_33,590|_비공식유통_49,900","해외구매_54,770|_병행수입_33,590|_비공식유통_49,900","해외구매_54,770|_병행수입_33,590|_비공식유통_49,900","해외구매_54,770|_병행수입_33,590|_비공식유통_49,900","해외구매_54,770|_병행수입_33,590|_비공식유통_49,900","해외구매_54,770|_병행수입_31,900|_비공식유통_49,900"
16221932,로지텍 시그니처 M650 (정품),"_그라파이트_46,280|_그라파이트L_46,410|로즈핑크_47,310|오프화이트_46,420","_그라파이트_46,280|_그라파이트L_46,400|로즈핑크_47,310|오프화이트_46,420","_그라파이트_46,280|_그라파이트L_46,400|로즈핑크_47,300|오프화이트_46,420","_그라파이트_46,280|_그라파이트L_46,400|로즈핑크_47,300|오프화이트_46,420","_그라파이트_46,280|_그라파이트L_46,400|로즈핑크_47,380|오프화이트_46,420","_그라파이트_46,280|그라파이트L_46,400|로즈핑크_47,380|_오프화이트_46,420","_그라파이트_46,280|_그라파이트L_46,400|로즈핑크_47,380|오프화이트_46,420","_그라파이트_46,280|_그라파이트L_46,400|로즈핑크_47,380|오프화이트_46,420","_그라파이트_46,280|_그라파이트L_46,400|로즈핑크_47,300|오프화이트_46,420","_그라파이트_46,280|_그라파이트L_46,390|로즈핑크_47,240|오프화이트_46,420"
117167051,로지텍 시그니처 M650 L,"_병행수입_33,890|_해외구매_86,718","_병행수입_33,890|_해외구매_86,718","_병행수입_33,890|_해외구매_86,718","_병행수입_33,890|_해외구매_86,718","_병행수입_33,850|_해외구매_86,718","_병행수입_33,850|_해외구매_86,718","_병행수입_33,890|_해외구매_86,718","_병행수입_33,890|_해외구매_86,718","_병행수입_33,890|_해외구매_86,718","_병행수입_31,190|_해외구매_86,718"
95422997,로프리 HYPACE 유무선,0,"해외구매_157,990","해외구매_159,170","해외구매_159,170","해외구매_159,170","해외구매_160,910","해외구매_160,910","해외구매_160,910","해외구매_160,910","해외구매_160,910"
36956648,로프리 OE909 유무선,"해외구매_55,250","해외구매_55,250","해외구매_55,250","해외구매_55,250","해외구매_55,260","해외구매_55,250","해외구매_52,811","해외구매_52,811","해외구매_52,811","해외구매_52,811"
95423348,로프리 Wavy Chips 무선,0,0,"해외구매_69,320","해외구매_69,320","해외구매_69,320","해외구매_69,320","해외구매_69,320","해외구매_69,320","해외구매_69,320",0
37279394,루앱 RA-SM01 무선,"16,800","16,800","16,800","16,800","16,800","16,800","16,800","16,800","16,800","16,800"
6874417,마이크로닉스 MANIC G20M RGB 게이밍 마우스,"16,900","16,900","16,900","16,900","16,900","16,900","16,900","16,900","16,900","16,900"
6150354,마이크로닉스 MANIC G40 RGB PMW3360 게이밍 마우스,"28,900","26,400","28,900","28,900","28,900","28,900","28,900","28,900","28,900","28,900"
6407541,마이크로닉스 MANIC G70 Revolution 3360 게이밍 마우스,"49,900","49,900","49,900","49,900","49,900","49,900","49,900","49,900","49,900","49,900"
12009674,마이크로닉스 MANIC MG501 RGB 게이밍 마우스,"22,900","22,900","22,900","22,900","22,900","22,900","22,900","22,900","22,900","22,900"
16911338,마이크로닉스 MANIC MG530 RGB 게이밍 마우스,"_블랙_14,720|_화이트_14,720","_블랙_14,720|_화이트_14,720","_블랙_14,720|_화이트_14,720","_블랙_14,720|_화이트_14,720","_블랙_14,720|_화이트_14,720","_블랙_14,720|_화이트_14,720",0,"_블랙_14,570|_화이트_14,570",0,0
16911320,마이크로닉스 MANIC MG530 RGB 게이밍 마우스,0,0,0,0,0,0,"_블랙_14,720|_화이트_14,720",0,"_블랙_14,410|_화이트_14,410","_블랙_14,410|_화이트_14,410"
14761673,마이크로닉스 MECHA ZM-1 RGB,"12,540","12,540","12,540","12,540","12,540","12,540","12,540","12,540","12,540","12,540"
19928030,마이크로닉스 WIZMAX M300 무선,"16,390","16,390","16,390","16,390","16,390","16,390","16,390","16,390","16,390","16,390"
21543692,마이크로닉스 WIZMAX W202TW 무선 블루투스,"_블랙_14,150|_화이트_12,800",0,0,0,0,0,0,0,0,0
21543725,마이크로닉스 WIZMAX W202TW 무선 블루투스,0,"_블랙_14,150|_화이트_12,800","_블랙_13,500|_화이트_12,800","_블랙_13,500|_화이트_12,800","_블랙_13,500|_화이트_12,800","_블랙_12,784|_화이트_12,784","_블랙_12,784|_화이트_12,784","_블랙_12,784|_화이트_12,784","_블랙_12,784|_화이트_12,784","_블랙_12,784|_화이트_12,784"
17816141,마이크로닉스 메카 ZM2 RGB 게이밍 마우스,"30,800","30,800","30,800","30,800","30,800","30,800","30,800","30,800","30,800","30,800"
16106951,마이크로닉스 모프 MM1 RGB 게이밍 마우스,"12,500","12,500","12,500","12,500","12,500","12,500","12,500","12,500","12,500","12,500"
16111250,마이크로닉스 워프 WM1 RGB 게이밍 마우스,"16,010","16,010","16,010","16,010","16,010","16,010","16,010","16,010","16,010","16,010"
17863268,마이크로닉스 워프 WM2 RGB 게이밍 마우스,"15,590","15,590","15,590","15,590","15,600","15,600","15,600","15,600","15,600","15,600"
14778641,머레이 BM-350 블루투스 마우스,"_다크그레이_21,900|_실버그레이_14,900","_다크그레이_21,900|_실버그레이_14,900","_다크그레이_21,900|_실버그레이_14,900","_다크그레이_21,900|_실버그레이_14,900","_다크그레이_21,900|_실버그레이_14,900","_다크그레이_21,900|_실버그레이_14,900","_다크그레이_21,900|_실버그레이_14,900","_다크그레이_21,900|_실버그레이_14,900","_다크그레이_21,470|_실버그레이_14,900","_다크그레이_21,470|_실버그레이_14,900"
15792308,머레이 BM-550 블루투스 버티컬 마우스,"39,890","39,890","39,890","39,890","39,890","39,890","39,890","39,890","39,890","39,890"
15515738,모가비 MOG-115 블루투스 마우스,"_블랙_12,940|_핑크_12,940|화이트_12,940","_블랙_12,940|_핑크_12,940|화이트_12,940",0,0,0,0,0,"_블랙_11,670|_핑크_11,670|화이트_11,670","_블랙_11,670|_핑크_11,670|화이트_11,670","블랙_11,670|_핑크_11,670|_화이트_11,670"
15514919,모가비 MOG-115 블루투스 마우스,0,0,"_블랙_12,940|_핑크_12,940|화이트_12,940","_블랙_12,940|_핑크_12,940|화이트_12,940","_블랙_12,940|_핑크_12,940|화이트_12,940","_블랙_12,940|_핑크_12,940|화이트_12,940","_블랙_12,940|_핑크_12,940|화이트_12,940",0,0,0
102126095,모가비 MOG-2115 무선,"12,350","12,350","12,350","12,350","12,350","12,350","11,670","11,670",0,0
104355959,몬스타 가츠 CREW GV 무선,"18,500","18,500","18,500","18,500","18,500","18,500","18,500","18,500","18,500","18,500"
80164619,몬스타 가츠 CREW SWIFT 무선,"_화이트_16,990|_오트밀_18,000|핑크_18,000","_화이트_16,990|_오트밀_17,980|핑크_18,000","_화이트_16,990|_오트밀_18,000|핑크_18,000","_화이트_16,990|_오트밀_18,000|핑크_18,000","_화이트_16,700|_오트밀_16,700|핑크_16,700","_화이트_16,700|_오트밀_16,700|핑크_16,700","_화이트_16,700|_오트밀_16,700|핑크_16,700","_화이트_16,700|_오트밀_16,700|핑크_16,700","_화이트_16,700|_오트밀_16,700|핑크_16,700","_화이트_16,700|_오트밀_16,700|핑크_16,700"
33988874,몬스타 가츠 익스트림엑스 M4K 8K 유무선,"65,170","65,170","65,170","65,170","65,170","65,170","65,170","65,170","65,170","65,170"
91496594,몬스타 가츠 크루 V프로 버티컬 유무선,"_화이트_33,900|_오트밀_33,900|핑크_33,900","_화이트_33,900|_오트밀_33,900|핑크_33,900","_화이트_33,900|_오트밀_33,900|핑크_33,900","_화이트_33,900|_오트밀_33,900|핑크_33,900","_화이트_33,900|_오트밀_33,900|핑크_33,900","_화이트_33,900|_오트밀_33,900|핑크_33,900","_화이트_33,900|_오트밀_33,900|핑크_33,900","_화이트_33,900|_오트밀_33,900|핑크_33,900","_화이트_33,900|_오트밀_33,900|핑크_33,900","_화이트_33,900|_오트밀_33,900|핑크_33,900"
72914813,몬스타 가츠 크루 엘리트,"_블랙_12,190|핑크_11,000|_화이트_10,000","_블랙_12,190|핑크_11,000|_화이트_10,000","_블랙_12,190|핑크_11,000|_화이트_10,000","_블랙_12,190|핑크_11,000|_화이트_10,000",0,0,0,0,0,0
72914798,몬스타 가츠 크루 엘리트,0,0,0,0,"_블랙_12,190|핑크_11,000|_화이트_10,000","_블랙_12,190|핑크_11,000|_화이트_9,765","_블랙_12,190|핑크_11,000|_화이트_9,765","_블랙_12,190|핑크_11,000|_화이트_9,765","_블랙_12,190|핑크_11,000|_화이트_9,765","_블랙_12,190|핑크_11,000|_화이트_9,765"
73883987,몬스타 가츠 크루 콰이어트 무선,"_블랙_14,390|_핑크_15,000|화이트_15,000","_블랙_14,390|핑크_15,000|_화이트_15,000","_블랙_14,390|_핑크_15,000|화이트_15,000","_블랙_14,390|_핑크_15,000|화이트_15,000","_블랙_14,390|핑크_15,000|_화이트_14,990","_블랙_14,390|핑크_14,436|_화이트_14,643","_블랙_14,390|핑크_14,643|_화이트_14,640","_블랙_14,390|핑크_14,643|_화이트_14,640","_블랙_14,390|핑크_14,643|_화이트_14,640","_블랙_14,390|핑크_14,643|_화이트_14,640"
80149355,몬스타 가츠 크루 허니비 무선,"_오트밀_18,090|_핑크_19,000|화이트_19,000","_오트밀_18,090|_핑크_19,000|화이트_19,000","_오트밀_18,090|_핑크_19,000|화이트_19,000","_오트밀_18,090|_핑크_19,000|화이트_19,000","_오트밀_18,090|_핑크_19,000|화이트_19,000","_오트밀_18,090|_핑크_19,000|화이트_19,000","_오트밀_18,090|_핑크_19,000|화이트_19,000","_오트밀_18,090|_핑크_19,000|화이트_19,000","_오트밀_18,090|_핑크_19,000|화이트_19,000","_오트밀_18,090|_핑크_19,000|화이트_19,000"
29490575,몬스타 몬스타기어 CREW GT,"_화이트_24,200|_레드_24,200|블랙_24,200|옐로우_24,200","_화이트_24,200|_레드_24,200|블랙_24,200|옐로우_24,200","_화이트_24,200|_레드_24,200|블랙_24,200|옐로우_24,200","_화이트_24,200|_레드_24,200|블랙_24,200|옐로우_24,200","_화이트_24,200|_레드_24,200|블랙_24,200|옐로우_24,200","_화이트_24,200|_레드_24,200|블랙_24,200|옐로우_24,200","_화이트_24,200|_레드_24,200|블랙_24,200|옐로우_24,200",0,0,0
29884913,몬스타 몬스타기어 CREW GT,0,0,0,0,0,0,0,"_화이트_24,200|레드_24,200|_블랙_24,200|옐로우_24,200","_화이트_24,200|레드_24,200|_블랙_24,200|옐로우_24,200","_화이트_24,200|레드_24,200|_블랙_24,200|옐로우_24,200"
34370072,몬스타 몬스타기어 CREW GT PRO 유무선,"_화이트_33,990|_옐로우_33,990","_화이트_33,990|_옐로우_33,990",0,0,0,0,0,0,0,0
34370069,몬스타 몬스타기어 CREW GT PRO 유무선,0,0,"_화이트_33,990|_옐로우_33,990","_화이트_33,990|_옐로우_33,990","_화이트_33,990|_옐로우_33,990","_화이트_33,990|_옐로우_33,990","_화이트_33,990|_옐로우_33,990","_화이트_33,990|_옐로우_33,990","_화이트_33,990|_옐로우_33,990","_화이트_33,990|_옐로우_33,990"
7629787,몬스타 몬스타기어 그로자 G3 커스텀 매크로 게이밍 마우스,"건메탈_24,200","건메탈_24,200","건메탈_24,200","건메탈_24,200",0,0,0,0,0,0
6157079,몬스타 몬스타기어 데빌스킬 M416 매크로 게이밍 마우스,"화이트_16,800","화이트_16,800","화이트_16,800","화이트_16,800","화이트_16,800","화이트_16,800",0,0,0,0
16704176,몬스타 몬스타기어 크루 Gpro,"13,200","13,200","13,200","13,200","13,200","13,200","13,200","13,200","13,200","13,200"
32489123,몬스타기어 CREW GVX 무선,"32,000","32,000","32,000","32,000","32,000","32,000","32,000","32,000","32,000","32,000"
29654504,몬스터파워 쿨,"12,830","12,830","12,830","12,830",0,0,0,0,0,0
2872351,미라클 K7 USB,"2,190","2,190","2,190","2,190","2,190","2,190","2,190","2,190","2,190","2,190"
97309250,발키리 VK M1 PRO 유무선,"해외구매_73,430","해외구매_73,430",0,0,0,0,0,0,0,0
97309355,발키리 VK M1 유무선,0,0,0,0,"해외구매_59,740","해외구매_59,740","해외구매_59,740","해외구매_59,740","해외구매_59,740","해외구매_59,740"
11021898,버바팀 Rechargeable Wireless Mouse,"_블루_20,000|_화이트_20,000","_블루_20,000|_화이트_20,000","_블루_20,000|_화이트_20,000","_블루_20,000|_화이트_20,000","_블루_20,000|_화이트_20,000","_블루_20,000|_화이트_20,000","_블루_20,000|_화이트_20,000","_블루_20,000|_화이트_20,000","_블루_20,000|_화이트_20,000","_블루_20,000|_화이트_20,000"
118557246,벤큐 ZOWIE S1-C 유선 마우스,"일반_107,000","일반_107,000","일반_107,000",0,0,0,0,0,0,0
5495330,비프렌드 G2 리자드 3360 게이밍 마우스,"_블랙_38,390|_PC방, 벌크_25,460","_블랙_38,390|_PC방, 벌크_25,460",0,0,0,0,0,0,0,0
5302971,비프렌드 G2 리자드 3360 게이밍 마우스,0,0,"_블랙_38,380|_PC방, 벌크_25,460","_블랙_38,380|_PC방, 벌크_25,460","_블랙_38,380|_PC방, 벌크_25,460","_블랙_38,380|_PC방, 벌크_25,460","_블랙_38,380|_PC방, 벌크_25,460","_블랙_38,380|_PC방, 벌크_25,190","_블랙_38,380|_PC방, 벌크_24,920","_블랙_38,380|_PC방, 벌크_24,920"
4581241,비프렌드 G2S PLUS 게이밍 마우스,"16,490","16,490","16,490","16,490","16,490","16,490","16,490","16,490","16,490","16,490"
27804833,비프렌드 MA003 무선,"_블랙_11,900|_화이트_11,900","_블랙_11,900|_화이트_11,900","_블랙_11,900|_화이트_11,900","_블랙_11,900|_화이트_11,900","_블랙_11,900|_화이트_11,900","_블랙_11,900|_화이트_11,900","_블랙_11,900|_화이트_11,900","_블랙_11,900|_화이트_11,900","_블랙_11,900|_화이트_11,900","_블랙_11,900|_화이트_11,900"
90272780,산리오 캐릭터 무선,"_폼폼푸린_20,680|_마이멜로디_22,000","_폼폼푸린_20,680|_마이멜로디_22,000","_폼폼푸린_20,680|_마이멜로디_22,000","_폼폼푸린_20,680|_마이멜로디_22,000","_폼폼푸린_20,680|_마이멜로디_22,000","_폼폼푸린_20,680|_마이멜로디_22,000","_폼폼푸린_20,680|_마이멜로디_20,680","_폼폼푸린_20,680|_마이멜로디_20,680","_폼폼푸린_20,680|_마이멜로디_20,680","_폼폼푸린_20,680|_마이멜로디_20,680"
26424569,삼성전자 AA-MW1D5WB,"벌크_6,990","벌크_6,990","벌크_6,990","벌크_6,990","벌크_6,990","벌크_6,990","벌크_6,990","벌크_6,990","벌크_6,990","벌크_6,990"
14031305,삼성전자 AA-SM7PCPB (중고),0,0,0,0,0,0,"14,510","14,510","14,510","14,510"
16747031,삼성전자 EJ-M3400 슬림 블루투스 마우스,"_블랙_36,130|_실버_35,550","_블랙_36,130|_실버_35,550","_블랙_36,020|_실버_35,550","_블랙_36,020|_실버_35,550","_블랙_36,020|_실버_35,550","_블랙_36,020|_실버_35,550","_블랙_36,170|_실버_35,550","_블랙_36,170|_실버_35,550",0,0
16747037,삼성전자 EJ-M3400 슬림 블루투스 마우스,0,0,0,0,0,0,0,0,"_블랙_36,170|_실버_35,550","_블랙_36,170|_실버_35,550"
39894929,삼성전자 SM-B1500QG 블루투스,"24,500","24,500","24,500","24,500","24,500","24,500","24,500","24,500","24,500","24,500"
19350686,삼성전자 SM-M1000Q 무선 블루투스,"_화이트_27,200|_블랙_23,900","_화이트_27,200|_블랙_23,900","_화이트_27,200|_블랙_23,900","_화이트_27,200|_블랙_23,900","_화이트_27,200|_블랙_23,900","_화이트_27,200|_블랙_23,900","_화이트_25,200|_블랙_23,900","_화이트_25,200|_블랙_23,900","_화이트_25,200|_블랙_23,900","_화이트_25,200|_블랙_23,900"
19882979,삼성전자 SM-M1300Q 무선 블루투스,"46,770","46,770","46,900","46,900","46,900","46,900","46,900","46,900","46,900","46,900"
28803110,삼성전자 SM-M1400QB 무선 블루투스,"37,900","37,900","37,900","37,900","37,900","37,900","37,900","37,900","37,900","37,900"
97304312,삼성전자 SM-M1800QG 무선,"29,900","29,900","29,900","29,900","29,900","29,900","29,900","29,900","29,900","29,900"
19105205,삼성전자 SM-MG100B 무선 블루투스,"29,900","29,900","29,900","29,900","29,900","29,900","29,900","29,900","29,900","29,900"
105813581,삼성전자 SM-R2000QB 무선,"23,900","23,900","23,900","23,900","23,900","23,900","23,900","23,900","23,900","23,900"
122715559,삼성전자 SM-R2200QB 무선,"45,900","45,900","45,900","45,900","45,900","45,900","45,900","45,900","45,900","45,900"
102124037,삼성전자 SM-U1300QG,"26,900","26,900","26,900","26,900","26,900","26,900","26,900","26,900","26,900","26,900"
3702478,삼성전자 SMO-3550B,"23,900","23,900","23,900","23,900","23,900","23,900","23,900","23,900","23,900","23,900"
5782824,삼성전자 SPA-JMA1PUB,"9,900","9,900","9,900","9,900","9,900","9,900","9,900","9,900","9,900","9,900"
6436192,삼성전자 SPA-JMA1PUW 유선 마우스,"9,890","9,890","9,890","9,890","9,890","9,890","9,890","9,890","9,890","9,890"
115258282,삼성전자 SPA-KMA2PRG,"18,700","18,700","18,700","18,700","18,700","18,700","18,700","18,700","18,700","18,700"
12691835,삼성전자 SPA-KMA4PRB 무소음 무선 마우스,"18,700","18,700","18,700","18,700","18,700","18,700","18,700","18,700","18,700","18,700"
92888948,삼성전자 SPA-KMA4PRG 무선,"18,700","18,700","18,700","18,700","18,700","18,700","18,700","18,700","18,700","18,700"
13164953,삼성전자 SPA-NMA1PMB,"28,900","28,900","28,900","28,900","28,900","28,900","28,900","28,900","28,900","28,900"
17706650,상도아이앤티 ANYZONE ANY-1 무소음 블루투스 마우스,"_블랙_21,000|_화이트_21,000","_블랙_21,000|_화이트_21,000","_블랙_21,000|_화이트_21,000","_블랙_21,000|_화이트_21,000","_블랙_21,000|_화이트_21,000","_블랙_21,000|_화이트_21,000","_블랙_21,000|_화이트_21,000","_블랙_21,000|_화이트_21,000","_블랙_21,000|_화이트_21,000","_블랙_21,000|_화이트_21,000"
17668625,상도아이앤티 ANYZONE ANY-2 무소음 버티컬 마우스,"21,000","21,000","21,000","21,000","19,650","19,650","19,650","21,000","21,000","21,000"
73325450,상도아이앤티 ANYZONE ANY-3 무선,"18,890","18,890","18,890","18,890","18,890","18,890","18,890","18,890","18,890","18,890"
95988485,상도아이앤티 ANYZONE ANY-4 무선,"_블랙_20,600|_퍼플_20,600|화이트_20,600","_블랙_20,600|_퍼플_20,600|화이트_20,600","_블랙_20,600|_퍼플_20,600|화이트_20,600","_블랙_20,600|_퍼플_20,600|화이트_20,600","_블랙_20,600|_퍼플_20,600|화이트_20,600","_블랙_20,600|_퍼플_20,600|화이트_20,600","_블랙_20,600|_퍼플_20,600|화이트_20,600","_블랙_20,600|_퍼플_20,600|화이트_20,600","_블랙_20,600|_퍼플_20,600|화이트_20,600","_블랙_20,600|_퍼플_20,600|화이트_20,600"
21538802,상도아이앤티 ANYZONE G-110 IPAS,"7,290","7,290","7,290","7,290","7,290","7,290","7,290","7,290","7,290","7,290"
8100667,상도아이앤티 ANYZONE G120 EFREET 게이밍 마우스,"10,130","10,130","10,140","10,130","10,130","10,130","10,130","10,130","10,130","10,130"
8100478,상도아이앤티 ANYZONE G150 BAPHOMET 게이밍 마우스,"12,900","12,900","12,900","12,900","12,900","12,900","12,900","12,900","12,900","12,900"
7313182,상도아이앤티 ANYZONE SMOC-2000WX COMBO,"4,000","4,000","4,000","4,000","4,000","4,000","4,000","4,000","4,000","4,000"
7313431,상도아이앤티 ANYZONE WM-310 무선 마우스,"_블랙_9,800|_화이트_11,580","_블랙_9,800|_화이트_11,580","_블랙_9,800|_화이트_11,580","_블랙_9,800|_화이트_11,580","_블랙_9,800|_화이트_11,580","_블랙_9,800|_화이트_11,580","_블랙_9,800|_화이트_11,580","_블랙_9,800|_화이트_11,580","_블랙_9,800|_화이트_11,580","_블랙_9,800|_화이트_11,580"
12597953,상도아이앤티 ANYZONE WM-BT100 블루투스 마우스,"_블랙_12,804|_화이트_11,360","_블랙_12,804|_화이트_11,360","_블랙_12,804|_화이트_11,900","_블랙_12,804|_화이트_11,900","_블랙_12,804|_화이트_11,900","_블랙_12,804|_화이트_11,900","_블랙_12,804|_화이트_11,900","_블랙_12,804|_화이트_11,900","_블랙_12,804|_화이트_11,900","_블랙_12,804|_화이트_11,900"
12296951,상도아이앤티 ANYZONE 저소음 무선 마우스 WM-500,"_블랙_8,900|_화이트_8,900","_블랙_8,900|_화이트_8,900","_블랙_8,900|_화이트_8,900","_블랙_8,900|_화이트_8,900","_블랙_8,900|_화이트_8,900","_블랙_8,900|_화이트_8,900","_블랙_8,900|_화이트_8,900","_블랙_8,900|_화이트_8,900","_블랙_8,900|_화이트_8,900","_블랙_8,900|_화이트_8,900"
16461275,상도아이앤티 T-SONIC M1,"2,700","2,700","2,700","2,700","2,700",0,0,0,0,0
78098051,샤오미 XMWXSB03YM 무선,"_블루_24,610|블랙_24,610|_화이트_24,610","_블루_24,610|블랙_24,610|_화이트_24,610","_블루_24,610|블랙_24,610|_화이트_24,610","_블루_24,610|블랙_24,610|_화이트_24,610","_블루_24,610|블랙_24,610|_화이트_24,610",0,0,0,0,0
78098042,샤오미 XMWXSB03YM 무선,0,0,0,0,0,"_블루_24,870|블랙_24,870|_화이트_24,870","_블루_24,870|블랙_24,870|_화이트_24,870","_블루_24,870|블랙_24,870|_화이트_24,870","_블루_24,870|블랙_24,870|_화이트_24,870","_블루_24,870|블랙_24,870|_화이트_24,870"
14259116,샤오미 듀얼 모드 무선마우스2,"_화이트_23,660|_블랙_23,660","_화이트_23,660|_블랙_23,660","_화이트_23,660|_블랙_23,660","_화이트_23,660|_블랙_23,660","_화이트_23,660|_블랙_23,660","_화이트_23,910|_블랙_23,910","_화이트_23,910|_블랙_23,910","_화이트_23,910|_블랙_23,910","_화이트_23,910|_블랙_23,910","_화이트_23,910|_블랙_23,910"
14612075,서원씨엔케이 니니즈 무선마우스,"_죠르디_13,960|_스카피_13,960","_죠르디_13,960|_스카피_13,960","_죠르디_13,950|_스카피_13,950","_죠르디_13,950|_스카피_13,950","_죠르디_13,940|_스카피_13,940","_죠르디_13,940|_스카피_13,940","_죠르디_13,930|_스카피_13,930","_죠르디_13,930|_스카피_13,930","_죠르디_13,920|_스카피_13,920","_죠르디_13,920|_스카피_13,920"
14612210,서원씨엔케이 카카오프렌즈 KF 무선 마우스,"_라이언_15,900|_어피치_14,870","_라이언_15,900|_어피치_14,870","_라이언_15,900|_어피치_14,870","_라이언_15,900|_어피치_14,870","_라이언_15,900|_어피치_14,870","_라이언_15,900|_어피치_14,870","_라이언_15,900|_어피치_14,870","_라이언_15,900|_어피치_14,870","_라이언_15,900|_어피치_14,870","_라이언_15,900|_어피치_14,870"
7107157,서진네트웍스 FX-300D 블루투스 무선 마우스,"_블랙_16,280|_화이트_16,280","_블랙_16,280|_화이트_16,280","_블랙_16,280|_화이트_16,280","_블랙_16,280|_화이트_16,280","_블랙_16,280|_화이트_16,280","_블랙_16,280|_화이트_16,280","_블랙_16,280|_화이트_16,280","_블랙_16,280|_화이트_16,280","_블랙_16,280|_화이트_16,280","_블랙_16,280|_화이트_16,280"
17666687,서진네트웍스 UNICORN FX-350D,"12,900","12,900","12,900","12,900","12,900","12,900","12,900","12,900","12,900","12,900"
61782752,서진네트웍스 UNICORN FX-400D 무선,"_블랙_8,900|_화이트_8,900","_블랙_8,900|_화이트_8,900","_블랙_8,900|_화이트_8,900","_블랙_8,900|_화이트_8,900","_블랙_8,900|_화이트_8,900","_블랙_8,900|_화이트_8,900","_블랙_8,900|_화이트_8,900","_블랙_8,900|_화이트_8,900","_블랙_8,900|_화이트_8,900","_블랙_8,900|_화이트_8,900"
95206457,서진네트웍스 UNICORN FX-450S 무선,"_소프트코랄_8,900|_파스텔블루_7,920","_소프트코랄_8,900|_파스텔블루_8,900","_소프트코랄_8,900|_파스텔블루_8,900","_소프트코랄_8,900|_파스텔블루_8,900","_소프트코랄_8,900|_파스텔블루_8,900","_소프트코랄_8,900|_파스텔블루_8,900","_소프트코랄_8,900|_파스텔블루_8,900","_소프트코랄_8,900|_파스텔블루_8,900","_소프트코랄_8,900|_파스텔블루_8,900","_소프트코랄_8,900|_파스텔블루_8,900"
12989954,서진네트웍스 UNICORN FX-500B,"_블랙_14,570|_화이트_16,920","_블랙_14,570|_화이트_16,920","_블랙_15,900|_화이트_16,920","_블랙_14,570|_화이트_16,920","_블랙_14,570|_화이트_16,920","_블랙_14,570|_화이트_16,920","_블랙_14,570|_화이트_16,920","_블랙_15,900|_화이트_16,920","_블랙_14,570|_화이트_16,590","_블랙_15,900|_화이트_16,590"
73886432,서진네트웍스 UNICORN FX-700B 무선 듀얼 버티컬,"_블랙_19,800|_화이트_19,800","_블랙_19,800|_화이트_19,800","_블랙_19,800|_화이트_19,800","_블랙_19,800|_화이트_19,800","_블랙_19,800|_화이트_19,800","_블랙_19,800|_화이트_19,800","_블랙_19,800|_화이트_19,800","_블랙_19,800|_화이트_19,800","_블랙_19,800|_화이트_19,800","_블랙_19,800|_화이트_19,800"
6950158,세컨드찬스 GEEKSTAR GM900 3325 RGB 게이밍 마우스,"화이트_15,900","화이트_15,900","화이트_15,900","화이트_15,900","화이트_15,900","화이트_15,900","화이트_15,900","화이트_15,900","화이트_15,900","화이트_15,900"
6534759,센스필 BBmouse SM35 햅틱 게이밍 마우스,0,0,"80,000","80,000","80,000","80,000","80,000","80,000","80,000","80,000"
20731622,스마트바이 INON IN-MO010,"14,050","14,050","13,990","13,990","14,050","13,990","13,990","13,840","13,690","13,690"
20731658,스마트바이 INON IN-MO010W 무선,"18,560","18,560","18,560","18,560","18,560","18,560","18,560","18,740","18,720","18,720"
17401745,스위프트포인트 프로포인트 마우스,"해외구매_210,180","해외구매_208,940","해외구매_208,940","해외구매_208,940","해외구매_208,940","해외구매_208,940","해외구매_208,940","해외구매_208,940","해외구매_208,940","해외구매_208,940"
12989120,스카이디지탈 NKEY J100 게이밍 마우스,"11,593","11,593","11,623","11,623","11,623","11,623","11,623","11,623","11,623","11,623"
14566586,스카이디지탈 NKEY J300 게이밍 마우스,"29,950","29,960","30,270","30,270","30,270","30,270","30,270","29,950","29,630","29,630"
12114062,스카이디지탈 NMOUSE 4K REMASTER 게이밍 마우스,"12,960","12,960","12,960","12,960","12,960","12,960","12,960","12,960","12,960","12,960"
9318816,스카이디지탈 WL3 무선 마우스,"9,390","9,390","9,390","9,390","9,390","9,390","9,390","9,390","9,390","9,390"
17159102,스틸시리즈 Aerox 3 ONYX,"99,000","99,000","99,000","99,000","99,000","99,000","99,000",0,"_ONYX_99,000|_Snow_65,000","_ONYX_99,000|_Snow_65,000"
97903844,스틸시리즈 Aerox 3 ONYX 해외구매,"117,790","117,790","117,790","117,790","117,790","117,790","117,790","117,790","117,790","117,790"
18651089,스틸시리즈 Aerox 3 Snow,"65,000","65,000","65,000","65,000","65,000","65,000","65,000","_ONYX_99,000|_Snow_65,000",0,0
122626949,스틸시리즈 Aerox 3 Wireless Gen 2,"_고스트_159,000|마젠타_147,870|_쉐도우_159,000","_고스트_159,000|_마젠타_147,870|쉐도우_159,000","_고스트_159,000|_마젠타_147,870|쉐도우_159,000","_고스트_159,000|_마젠타_147,870|쉐도우_159,000","_고스트_159,000|_마젠타_147,870|쉐도우_159,000","_고스트_159,000|_마젠타_151,050|쉐도우_159,000","_고스트_159,000|_마젠타_151,050|쉐도우_159,000","_고스트_159,000|_마젠타_151,050|쉐도우_159,000","_고스트_159,000|마젠타_151,050|_쉐도우_159,000","_고스트_159,000|_마젠타_151,050|쉐도우_159,000"
17158853,스틸시리즈 Aerox 3 Wireless ONYX,"149,000","149,000","149,000","149,000","149,000","149,000","149,000","Ghost_149,000|_ONYX_149,000|_Snow_141,550","Ghost_149,000|_ONYX_149,000|_Snow_141,550","Ghost_149,000|_ONYX_149,000|_Snow_141,550"
15706250,스틸시리즈 Aerox 3 Wireless Snow,"138,570","138,570","138,570","138,570","138,570","141,550","141,550",0,0,0
16918811,스틸시리즈 Aerox 5,"95,000","95,000","95,000","95,000","95,000","95,000","95,000","95,000","95,000","95,000"
17080967,스틸시리즈 Aerox 5 Wireless,"179,000","179,000","179,000","179,000","179,000","179,000","179,000","179,000","179,000","179,000"
97221533,스틸시리즈 CS2 Dragon Lore 유무선,"189,000","189,000",0,0,0,0,0,0,0,0
14467604,스틸시리즈 PRIME,"82,770","82,770","82,770","82,770","82,770","88,990","84,550","84,550","84,550","84,550"
15707876,스틸시리즈 PRIME Mini,"89,000","89,000","89,000","89,000","89,000","89,000","89,000","89,000","89,000","89,000"
15708593,스틸시리즈 PRIME Mini Wireless,"정품_145,350","정품_145,350","정품_145,350","정품_145,350","정품_145,350","정품_145,350","정품_145,350","정품_145,350","정품_145,350","정품_145,350"
14467802,스틸시리즈 PRIME+,"101,370","101,370","101,370","101,370",0,0,0,0,0,0
14380064,스틸시리즈 RIVAL 5,"89,000","89,000","89,000",0,"89,000","89,000","89,000","89,000","89,100","89,100"
91116185,스틸시리즈 Rival 3 Gen2,"_블랙_51,050|_화이트_51,050","_블랙_51,050|_화이트_51,050","_블랙_51,050|_화이트_51,050","_블랙_51,050|_화이트_51,050","_블랙_51,050|_화이트_51,050","_블랙_54,890|_화이트_54,890","_블랙_52,160|_화이트_52,160","_블랙_52,160|_화이트_52,160","_블랙_52,160|_화이트_52,160","_블랙_52,160|_화이트_52,160"
91116269,스틸시리즈 Rival 3 Gen2 무선,"라벤더_82,770|_블랙_82,770|_아쿠아_82,770|화이트_89,000","라벤더_82,770|_블랙_82,770|_아쿠아_82,770|화이트_89,000","라벤더_82,770|_블랙_82,770|_아쿠아_82,770|화이트_89,000","_라벤더_82,770|_블랙_82,770|아쿠아_82,770|화이트_89,000","_라벤더_82,770|_블랙_82,770|아쿠아_82,770|화이트_89,000","_라벤더_88,990|_블랙_88,990|아쿠아_88,990|화이트_89,000","_라벤더_84,550|_블랙_84,550|아쿠아_84,550|화이트_89,000","_라벤더_84,550|_블랙_84,550|아쿠아_84,550|화이트_89,000","_라벤더_84,550|_블랙_84,550|아쿠아_84,550|화이트_89,000","_라벤더_84,550|_블랙_84,550|아쿠아_84,550|화이트_89,000"
2110678,시드넷 Zizzy ZM7,"5,600","5,600","5,600","5,600","5,600","5,600","5,600","5,600","5,600","5,600"
56140010,아이OK 블루투스,"7,430","7,430","7,990","7,990","7,990","7,990","7,430","7,430","7,430","7,430"
121585098,아이락스 Gaming Mouse M09,"18,000","18,000","18,000","18,000","18,000","18,000","18,000","18,000","18,000","18,000"
100268684,아이리버 Air Lift 50 무선,"_그레이_49,000|_블랙_49,000|화이트_49,000","_그레이_49,000|_블랙_49,000|화이트_49,000","_그레이_49,000|_블랙_49,000|화이트_49,000","_그레이_49,000|_블랙_49,000|화이트_49,000","_그레이_49,000|_블랙_49,000|화이트_49,000","_그레이_49,000|_블랙_49,000|화이트_49,000","_그레이_49,000|_블랙_49,000|화이트_49,000","_그레이_49,000|_블랙_49,000|화이트_49,000","_그레이_49,000|_블랙_49,000|화이트_49,000","_그레이_49,000|_블랙_49,000|화이트_49,000"
100268729,아이리버 Air Light Fit 무선,"_블랙_29,500|_핑크_29,500|화이트_29,500","_블랙_29,500|_핑크_29,500|화이트_29,500","_블랙_29,500|_핑크_29,500|화이트_29,500","_블랙_29,500|_핑크_29,500|화이트_29,500","_블랙_29,500|_핑크_29,500|화이트_29,500","_블랙_29,500|_핑크_29,500|화이트_29,500","_블랙_29,500|_핑크_29,500|화이트_29,500","_블랙_29,500|_핑크_29,500|화이트_29,500","_블랙_29,500|_핑크_29,500|화이트_29,500","_블랙_29,500|_핑크_29,500|화이트_29,500"
14714642,아이리버 EQWEAR-MVM5 무선 블루투스 마우스,"_블랙_24,900|핑크_24,600|_화이트_24,900","_블랙_24,900|_핑크_24,600|화이트_24,900","_블랙_24,900|_핑크_24,600|화이트_24,900","_블랙_24,900|_핑크_24,600|화이트_24,900","_블랙_24,900|_핑크_24,600|화이트_24,900","_블랙_24,900|_핑크_24,600|화이트_24,900","_블랙_24,900|_핑크_24,600|화이트_24,900","_블랙_24,900|_핑크_24,600|화이트_24,900","_블랙_24,900|_핑크_24,600|화이트_24,900","_블랙_24,900|_핑크_24,600|화이트_24,900"
14031119,아이리버 EQWEAR-MVM7,"블랙_23,500|_핑크_23,500|_화이트_23,500","블랙_23,500|_핑크_23,500|_화이트_23,500","블랙_23,500|_핑크_23,500|_화이트_23,500","블랙_23,500|_핑크_23,500|_화이트_23,500","블랙_23,500|_핑크_23,500|_화이트_23,500","블랙_23,500|_핑크_23,500|_화이트_23,500","블랙_23,500|_핑크_23,500|_화이트_23,500","블랙_23,500|_핑크_23,500|_화이트_23,500","블랙_23,500|_핑크_23,500|_화이트_23,500","블랙_23,500|_핑크_23,500|_화이트_23,500"
27726119,아이리버 EQWEAR-Semi Vertical Lt1 무선 블루투스,"_블랙_45,600|_화이트_44,550","_블랙_45,600|_화이트_44,550","_블랙_45,600|_화이트_44,550","_블랙_45,600|_화이트_44,550","_블랙_45,600|_화이트_44,550","_블랙_45,600|_화이트_44,550","_블랙_45,600|_화이트_44,550",0,0,0
27733148,아이리버 EQWEAR-Semi Vertical Lt1 무선 블루투스,0,0,0,0,0,0,0,"_블랙_45,120|_화이트_44,550","_블랙_44,640|_화이트_44,550","_블랙_44,640|_화이트_44,550"
14713856,아이리버 EQWEAR-V150 무선 푸딩 마우스,"_블랙_16,900|_핑크_16,900|화이트_16,900","_블랙_16,900|_핑크_16,900|화이트_16,900","_블랙_16,900|_핑크_16,900|화이트_16,900","_블랙_16,900|_핑크_16,900|화이트_16,900","_블랙_16,900|_핑크_16,900|화이트_16,900","_블랙_16,900|_핑크_16,900|화이트_16,900","_블랙_16,900|_핑크_16,900|화이트_16,900","_블랙_16,900|_핑크_16,900|화이트_16,900","_블랙_16,900|_핑크_16,900|화이트_16,900","_블랙_16,900|_핑크_16,900|화이트_16,900"
6473822,아이리버 EQwear-B20 블루투스 무소음 무선 마우스,"블랙_21,000","블랙_21,000","블랙_21,000","블랙_21,000","블랙_21,000","블랙_21,000","블랙_21,000","블랙_21,000","블랙_21,000","블랙_21,000"
14234645,아이리버 EQwear-EV3 버티컬 무선 마우스,"_블랙_32,500|||_화이트_32,450","_블랙_32,500|||_화이트_32,450","_블랙_32,500|||_화이트_32,450","_블랙_32,500|||_화이트_32,450","_블랙_32,500|||_화이트_32,450",0,"블랙_32,500||_핑크_32,200|_화이트_32,450","_블랙_32,500|||_화이트_32,450","_블랙_32,500|||_화이트_32,450","_블랙_32,500|||_화이트_32,450"
14234639,아이리버 EQwear-EV3 버티컬 무선 마우스,0,0,0,0,0,"_블랙_32,500|||_화이트_32,450",0,0,0,0
28884170,아이리버 EQwear-Gentleman Vertical Grip EV19 무선,"_블랙_26,500|_화이트_26,400","_블랙_26,500|_화이트_26,400","_블랙_26,500|_화이트_26,400","_블랙_26,500|_화이트_26,400","_블랙_26,500|_화이트_26,400","_블랙_26,500|_화이트_26,400","_블랙_26,500|_화이트_26,400","_블랙_26,500|_화이트_26,400","_블랙_26,500|_화이트_26,400","_블랙_26,500|_화이트_26,400"
28866599,아이리버 EQwear-Lady Vertical Grip EV15 무선,"_블랙_24,900|핑크_24,900|_화이트_24,900","_블랙_24,900|핑크_24,900|_화이트_24,900","_블랙_24,900|핑크_24,900|_화이트_24,900","_블랙_24,900|핑크_24,900|_화이트_24,900","_블랙_24,900|핑크_24,900|_화이트_24,900","_블랙_24,900|핑크_24,900|_화이트_24,900","_블랙_24,900|핑크_24,900|_화이트_24,900","_블랙_24,900|핑크_24,900|_화이트_24,900","_블랙_24,900|핑크_24,900|_화이트_24,900","_블랙_24,900|핑크_24,900|_화이트_24,900"
12055553,아이리버 EQwear-MVM9,"_블랙_25,700|_화이트_25,700","_블랙_25,700|_화이트_25,700",0,0,0,0,0,0,0,0
12055544,아이리버 EQwear-MVM9,0,0,"_블랙_25,700|_화이트_25,700","_블랙_25,700|_화이트_25,700","_블랙_25,700|_화이트_25,700","_블랙_25,700|_화이트_25,700","_블랙_25,700|_화이트_25,700","_블랙_25,700|_화이트_25,700","_블랙_25,700|_화이트_25,700","_블랙_25,700|_화이트_25,700"
6539090,아이리버 EQwear-T1 옵티컬 유선 마우스,"_블랙_5,900|_화이트_5,900","_블랙_5,900|_화이트_5,900","_블랙_5,900|_화이트_5,900","_블랙_5,900|_화이트_5,900","_블랙_5,900|_화이트_5,900","_블랙_5,900|_화이트_5,900","_블랙_5,900|_화이트_5,900","_블랙_5,900|_화이트_5,900","_블랙_5,900|_화이트_5,900","_블랙_5,900|_화이트_5,900"
6477095,아이리버 EQwear-V10 무소음 무선 마우스,"_블랙_11,900|핑크_11,880|_화이트_11,900","_블랙_11,900|핑크_11,880|_화이트_11,900","_블랙_11,900|핑크_11,880|_화이트_11,900","_블랙_11,900|핑크_11,880|_화이트_11,900","_블랙_11,900|핑크_11,880|_화이트_11,900","_블랙_11,900|_핑크_11,880|화이트_11,900","_블랙_11,900|_핑크_11,880|화이트_11,900","_블랙_11,900|_핑크_11,880|화이트_11,900","_블랙_11,900|_핑크_11,880|화이트_11,900","_블랙_11,900|_핑크_11,880|화이트_11,900"
79384661,아이리버 EV100,"_블랙_19,790|_화이트_19,790","_블랙_19,790|_화이트_19,790","_블랙_19,790|_화이트_19,790","_블랙_19,790|_화이트_19,790","_블랙_19,790|_화이트_19,790","_블랙_19,790|_화이트_19,790","_블랙_19,790|_화이트_19,790","_블랙_19,790|_화이트_19,790","_블랙_19,790|_화이트_19,790","_블랙_19,790|_화이트_19,790"
124180838,아이리버 EV25 무선,"_라벤더_33,000|_블랙_33,000|핑크_33,000|화이트_33,000","_라벤더_33,000|_블랙_33,000|핑크_33,000|화이트_33,000","_라벤더_33,000|_블랙_33,000|핑크_33,000|화이트_33,000","_라벤더_33,000|_블랙_33,000|핑크_33,000|화이트_33,000","_라벤더_33,000|블랙_33,000|핑크_33,000|_화이트_33,000","_라벤더_33,000|블랙_33,000|핑크_33,000|_화이트_33,000","_라벤더_33,000|블랙_33,000|핑크_33,000|_화이트_33,000","_라벤더_33,000|블랙_33,000|핑크_33,000|_화이트_33,000","_라벤더_33,000|블랙_33,000|핑크_33,000|_화이트_33,000","_라벤더_33,000|블랙_33,000|핑크_33,000|_화이트_33,000"
124180840,아이리버 EV25 무선,0,0,0,0,0,0,"_라벤더_33,000|블랙_33,000|핑크_33,000|_화이트_33,000","_라벤더_33,000|블랙_33,000|핑크_33,000|_화이트_33,000","_라벤더_33,000|블랙_33,000|핑크_33,000|_화이트_33,000","_라벤더_33,000|블랙_33,000|핑크_33,000|_화이트_33,000"
93698261,아이리버 EV35C 무선,"_블랙_34,900|_그레이_34,900|화이트_34,900","_블랙_34,900|_그레이_34,900|화이트_34,900","_블랙_34,900|_그레이_34,900|화이트_34,900","_블랙_34,900|_그레이_34,900|화이트_34,900","_블랙_34,900|_그레이_34,900|화이트_34,900","_블랙_34,900|_그레이_34,900|화이트_34,900","_블랙_34,900|_그레이_34,900|화이트_34,900","_블랙_34,900|_그레이_34,900|화이트_34,900","_블랙_34,900|_그레이_34,900|화이트_34,900","_블랙_34,900|_그레이_34,900|화이트_34,900"
97775498,아이리버 GT100 무선,"_블랙_32,900|_화이트_32,900","_블랙_32,900|_화이트_32,900","_블랙_32,900|_화이트_32,900","_블랙_32,900|_화이트_32,900","_블랙_32,900|_화이트_32,900","_블랙_32,900|_화이트_32,900","_블랙_32,900|_화이트_32,900","_블랙_32,900|_화이트_32,900","_블랙_32,900|_화이트_32,900","_블랙_32,900|_화이트_32,900"
93698000,아이리버 GT300 무선,"_블랙_39,900|_화이트_39,900","_블랙_39,900|_화이트_39,900","_블랙_39,900|_화이트_39,900","_블랙_39,900|_화이트_39,900","_블랙_39,900|_화이트_39,900","_블랙_39,900|_화이트_39,900","_블랙_39,900|_화이트_39,900","_블랙_39,900|_화이트_39,900","_블랙_39,900|_화이트_39,900","_블랙_39,100|_화이트_39,100"
5517061,아이리버 IR-M1 Mute,"로즈골드_9,990|_블랙_15,200|_화이트_15,930","로즈골드_9,990|_블랙_15,200|_화이트_15,930","로즈골드_9,990|_블랙_15,200|_화이트_15,930","로즈골드_9,990|_블랙_15,200|_화이트_15,930","로즈골드_9,990|_블랙_15,200|_화이트_15,930","로즈골드_9,990|_블랙_15,200|_화이트_15,930","로즈골드_9,990|_블랙_15,200|_화이트_15,930","로즈골드_9,990|_블랙_15,040|_화이트_18,240","로즈골드_9,990|_블랙_14,880|_화이트_18,240",0
5517602,아이리버 IR-M1 Mute,0,0,0,0,0,0,0,0,0,"로즈골드_9,990|_블랙_14,880|_화이트_18,240"
4814074,아이리버 IR-WM1500,"로즈골드_17,820|_블랙_12,900|코발트블루_14,900|_화이트_22,940","로즈골드_17,820|_블랙_12,900|코발트블루_14,900|_화이트_22,940","로즈골드_17,820|_블랙_12,900|코발트블루_14,900|_화이트_22,940","로즈골드_17,820|_블랙_12,900|코발트블루_14,900|_화이트_22,940","로즈골드_17,820|_블랙_12,900|코발트블루_14,900|_화이트_22,940","로즈골드_16,038|_블랙_12,900|코발트블루_14,900|_화이트_22,940","로즈골드_16,038|_블랙_12,900|코발트블루_14,900|_화이트_22,940","로즈골드_16,038|_블랙_12,900|코발트블루_14,900|_화이트_22,940","로즈골드_16,038|_블랙_12,900|코발트블루_14,900|_화이트_22,940","로즈골드_16,038|_블랙_12,900|코발트블루_14,900|_화이트_22,940"
4820499,아이리버 IR-WM5500,"로즈골드_27,250|_블랙 골드엣지_12,090|코발트블루_25,830|_화이트 골드엣지_12,090","로즈골드_27,250|_블랙 골드엣지_12,090|코발트블루_25,830|_화이트 골드엣지_12,090","로즈골드_27,250|_블랙 골드엣지_12,090|코발트블루_25,830|_화이트 골드엣지_12,090","로즈골드_27,250|_블랙 골드엣지_12,090|코발트블루_25,830|_화이트 골드엣지_12,090","로즈골드_27,250|_블랙 골드엣지_12,090|코발트블루_25,830|_화이트 골드엣지_12,090","로즈골드_27,250|_블랙 골드엣지_12,090|코발트블루_25,830|_화이트 골드엣지_12,090","로즈골드_27,250|_블랙 골드엣지_12,090|코발트블루_25,830|_화이트 골드엣지_12,090","로즈골드_27,250|_블랙 골드엣지_12,090|코발트블루_25,830|_화이트 골드엣지_12,090","로즈골드_27,250|_블랙 골드엣지_12,750|코발트블루_25,830|_화이트 골드엣지_14,440","로즈골드_27,250|_블랙 골드엣지_12,750|코발트블루_25,830|_화이트 골드엣지_14,440"
17587367,아이리버 JL-WM50 아이리버 x 진로 무소음 무선 마우스,"_블루 두꺼비_32,260|_핑크 두꺼비_9,900","_블루 두꺼비_32,260|_핑크 두꺼비_9,900","_블루 두꺼비_32,260|_핑크 두꺼비_9,900","_블루 두꺼비_32,260|_핑크 두꺼비_9,900","_블루 두꺼비_32,260|_핑크 두꺼비_9,900","_블루 두꺼비_32,260|_핑크 두꺼비_9,900","_블루 두꺼비_32,260|_핑크 두꺼비_9,900","_블루 두꺼비_32,260|_핑크 두꺼비_9,900","_블루 두꺼비_32,260|_핑크 두꺼비_9,900","_블루 두꺼비_32,260|_핑크 두꺼비_9,900"
98613119,아이리버 M101,"_블랙_6,700|_화이트_6,480","_블랙_6,700|_화이트_6,480","_블랙_6,700|_화이트_6,480","_블랙_6,700|_화이트_6,480","_블랙_6,700|_화이트_6,480","_블랙_6,700|_화이트_6,480","_블랙_6,700|_화이트_6,480","_블랙_6,700|_화이트_6,480","_블랙_6,700|_화이트_6,480","_블랙_6,700|_화이트_6,480"
17410946,아이리버 MEDIC-MB1 항균 무선 블루투스 마우스,"_젯블랙_23,900|_스모키그린_23,900|트루라벤더_23,900|퓨어화이트_23,900","_젯블랙_23,900|_스모키그린_23,900|트루라벤더_23,900|퓨어화이트_23,900","_젯블랙_23,900|_스모키그린_23,900|트루라벤더_23,900|퓨어화이트_23,900","_젯블랙_23,900|_스모키그린_23,900|트루라벤더_23,900|퓨어화이트_23,900","_젯블랙_23,900|_스모키그린_23,900|트루라벤더_23,900|퓨어화이트_23,900","_젯블랙_23,900|스모키그린_23,900|_트루라벤더_23,900|퓨어화이트_23,900","_젯블랙_23,900|스모키그린_23,900|_트루라벤더_23,900|퓨어화이트_23,900","_젯블랙_23,900|스모키그린_23,900|_트루라벤더_23,900|퓨어화이트_23,900","_젯블랙_23,900|스모키그린_23,900|_트루라벤더_23,900|퓨어화이트_23,900","_젯블랙_23,900|스모키그린_23,900|_트루라벤더_23,900|퓨어화이트_23,900"
15277388,아이리버 MEDIC-WM1 항균 무선 마우스,"_블랙_14,900|_화이트_14,900","_블랙_14,900|_화이트_14,900","_블랙_14,900|_화이트_14,900","_블랙_14,900|_화이트_14,900","_블랙_14,900|_화이트_14,900","_블랙_14,900|_화이트_14,900","_블랙_14,900|_화이트_14,900","_블랙_14,900|_화이트_14,900","_블랙_14,900|_화이트_14,900","_블랙_14,900|_화이트_14,900"
15340532,아이리버 MEDIC-WM3 항균 무소음 무선 마우스,"_블랙_12,900|화이트_15,400|_핑크_12,760","_블랙_12,900|화이트_15,400|_핑크_12,760","_블랙_12,900|화이트_15,400|_핑크_12,760","_블랙_12,900|화이트_15,400|_핑크_12,760","_블랙_12,900|화이트_15,400|_핑크_12,760","_블랙_12,900|화이트_15,400|_핑크_12,760","_블랙_12,900|화이트_15,400|_핑크_12,760","_블랙_12,900|화이트_15,400|_핑크_12,760","_블랙_12,900|화이트_15,400|_핑크_12,760","_블랙_12,900|화이트_15,400|_핑크_12,760"
17292044,아이리버 MEDIC-WM5 항균 무소음 무선 마우스,"_젯 블랙_9,890|밀키 핑크_9,890|시에라 블루_9,890|_크림 레몬_9,890|트루 라벤더_9,890","_젯 블랙_9,890|밀키 핑크_9,890|시에라 블루_9,890|_크림 레몬_9,890|트루 라벤더_9,890","_젯 블랙_9,890|_밀키 핑크_9,890|시에라 블루_9,890|크림 레몬_9,890|트루 라벤더_9,890","_젯 블랙_9,890|_밀키 핑크_9,890|시에라 블루_9,890|크림 레몬_9,890|트루 라벤더_9,890","_젯 블랙_9,890|밀키 핑크_9,890|시에라 블루_9,890|크림 레몬_9,890|_트루 라벤더_9,890","_젯 블랙_9,890|밀키 핑크_9,890|시에라 블루_9,890|크림 레몬_9,890|_트루 라벤더_9,890","_젯 블랙_9,890|밀키 핑크_9,890|시에라 블루_9,890|크림 레몬_9,890|_트루 라벤더_9,890","_젯 블랙_9,890|밀키 핑크_9,890|시에라 블루_9,890|_크림 레몬_9,890|트루 라벤더_9,890","_젯 블랙_9,890|밀키 핑크_9,890|시에라 블루_9,890|_크림 레몬_9,890|트루 라벤더_9,890","_젯 블랙_9,890|밀키 핑크_9,890|시에라 블루_9,890|_크림 레몬_9,890|트루 라벤더_9,890"
98610977,아이리버 MVM1 무선,"_블랙_13,490|_핑크_13,490|화이트_13,490","_블랙_13,490|_핑크_13,490|화이트_13,490","_블랙_13,490|_핑크_13,490|화이트_13,490","_블랙_13,490|핑크_13,490|_화이트_13,490","_블랙_13,490|_핑크_13,490|화이트_13,490","_블랙_13,490|핑크_13,490|_화이트_13,490","_블랙_13,490|핑크_13,490|_화이트_13,490","_블랙_13,490|_핑크_13,490|화이트_13,490","_블랙_13,490|_핑크_13,490|화이트_13,490","_블랙_13,490|_핑크_13,490|화이트_13,490"
97475693,아이리버 MVM2 무선,"_블랙_15,500|_핑크_15,430|화이트_15,430","_블랙_15,500|_핑크_15,430|화이트_15,430","_블랙_15,500|_핑크_15,430|화이트_15,430","_블랙_15,500|_핑크_15,430|화이트_15,430","_블랙_15,500|_핑크_15,430|화이트_15,430","_블랙_15,500|_핑크_15,430|화이트_15,430",0,"_블랙_15,500|_핑크_15,430|화이트_15,430","_블랙_15,500|_핑크_15,430|화이트_15,430","_블랙_15,500|_핑크_15,430|화이트_15,430"
97475723,아이리버 MVM2 무선,0,0,0,0,0,0,"_블랙_15,500|_핑크_15,430|화이트_15,430",0,0,0
103319162,아이리버 MVM3 무선,"_라벤더_17,500|_블랙_17,500|화이트_17,500","_라벤더_17,500|_블랙_17,500|화이트_17,500","_라벤더_17,500|_블랙_17,500|화이트_17,500","_라벤더_17,500|_블랙_17,500|화이트_17,500","_라벤더_17,500|_블랙_17,500|화이트_17,500",0,0,0,0,0
103319168,아이리버 MVM3 무선,0,0,0,0,0,"_라벤더_17,500|_블랙_17,500|화이트_17,500","_라벤더_17,500|_블랙_17,500|화이트_17,500","_라벤더_17,500|_블랙_17,500|화이트_17,500","_라벤더_17,500|_블랙_17,500|화이트_17,500","_라벤더_17,500|_블랙_17,500|화이트_17,500"
17027654,아이리버 Medic-EM3 항균 무소음 버티컬 마우스,"_블랙_39,500|화이트_39,500|핑크_53,670|_민트 블루_39,500","_블랙_39,500|화이트_39,500|_민트 블루_39,500","블랙_39,500|_화이트_39,500|_민트 블루_39,500","_블랙_39,500|화이트_39,500|_민트 블루_39,500","_블랙_39,500|화이트_39,500|_민트 블루_39,500","_블랙_39,500|화이트_39,500|_민트 블루_39,500","_블랙_39,500|화이트_39,500|_민트 블루_39,500","_블랙_39,500|화이트_39,500|_민트 블루_39,500","_블랙_39,500|화이트_92,730|_민트 블루_39,500","_블랙_39,500|화이트_92,730|_민트 블루_39,500"
30349895,아이리버 POKET mini 무선,"39,600","39,600",0,0,0,0,"39,600","39,600","39,600","39,600"
3023325,아이온코리아 BERZIL BOSS-M8,"_블랙_4,950|_화이트_4,950","_블랙_4,950|_화이트_4,950","_블랙_4,950|_화이트_4,950","_블랙_4,950|_화이트_4,950","_블랙_4,950|_화이트_4,950","_블랙_4,950|_화이트_4,950","_블랙_4,950|_화이트_4,950","_블랙_4,950|_화이트_4,950","_블랙_4,950|_화이트_4,950","_블랙_4,950|_화이트_4,950"
3567009,아이온코리아 BOSSWIZ BM-326,"_Black_12,490|_White_12,900","_Black_12,500|_White_12,900","_Black_12,590|_White_12,900","_Black_12,590|_White_12,900","_Black_12,590|_White_12,900","_Black_12,590|_White_12,900","_Black_12,590|_White_12,900","_Black_12,590|_White_12,900","_Black_12,590|_White_12,900","_Black_12,590|_White_12,900"
14092793,아이온코리아 BOSSWIZ BOS-COMBO,"_블랙_23,980|_화이트_41,080","_블랙_23,980|_화이트_41,080","_블랙_23,980|_화이트_41,080","_블랙_23,980|_화이트_41,080","_블랙_23,980|_화이트_41,080","_블랙_23,980|_화이트_41,080","_블랙_23,980|_화이트_41,080","_블랙_23,980|_화이트_41,080","_블랙_23,980|_화이트_41,080",0
15475040,아이온코리아 BOSSWIZ BOS-COMBO,0,0,0,0,0,0,0,0,0,"_블랙_23,980|_화이트_41,080"
73560728,아이온코리아 BOSSWIZ BOS-WB24 유무선,"11,840","11,840","11,840","11,840","11,840","11,840","11,840","11,840","11,840","11,840"
14949053,아이온코리아 BOSSWIZ VT24G 무선 버티컬 마우스,"30,970","30,970","30,970","30,970","30,970","30,970","30,970","30,970","30,970","30,970"
12728633,아이온코리아 PLANTIUM M1 게이밍 마우스,"7,250","7,250","7,250","7,250","7,250","7,250","7,250","7,250","7,250","7,250"
8179762,아이온코리아 PLANTIUM MM-90,"19,500","19,500","19,500","19,500","19,500","19,500","19,500","19,500","19,500","19,500"
5880825,아이온코리아 PLANTIUM PLANTIUM BK-326,"5,410","5,410","5,410","5,410","5,410","5,410","5,410","5,410","5,410","5,410"
12743333,아이온코리아 PLANTIUM V25 저소음 USB,"3,400","3,400","3,400","3,400","3,400","3,400","3,400","3,400","3,400","3,400"
896141,아이온코리아 YAKIMA AN-5029 USB,"5,000","5,000","5,000","5,000","5,000","5,000","5,000","5,000","5,000","5,000"
15457460,아이존아이앤디 EZ WML4 LED 저소음 무선마우스,"_블랙_11,210|_화이트_12,600","_블랙_11,710|_화이트_12,600","_블랙_11,710|_화이트_12,800","_블랙_11,710|_화이트_12,600","_블랙_11,710|_화이트_12,600","_블랙_11,710|_화이트_12,600","_블랙_11,710|_화이트_12,600","_블랙_11,710|_화이트_12,730","_블랙_11,710|_화이트_12,730","_블랙_11,710|_화이트_12,730"
14681837,아이코다 NM-850,"2,020","2,020","2,020","2,020","2,020","2,020","2,020","2,020","2,020","2,020"
64269284,아이콘스 카카오프렌즈 CSWM-001 무선,"12,530","12,530","12,530","12,530","12,530","12,550","12,530","12,550","12,550","12,530"
54811937,아이콘스 카카오프렌즈 LF 얼굴 무선,"14,990","14,990","14,990","14,990","14,990","14,990","14,990","14,990","14,990","14,990"
49536251,아이콘스 카카오프렌즈 TWM-100 무선,0,0,0,0,0,0,"23,900","23,900","23,900","23,900"
49530893,아이콘스 카카오프렌즈 ic0-MML-001 무선,"18,900","18,900","18,900","18,900","18,900","19,890","19,890","19,890","19,890","19,890"
31429565,아이콘스 카카오프렌즈 식빵 춘식 무선,"23,920","23,920","23,920","23,920","23,920","23,920","23,920","23,920","23,920","23,920"
28618379,아이티플러스 스마트 옵티컬,"1,330","1,330","1,330","1,330","1,330","1,330","1,330","1,330","1,330","1,330"
15953273,아이피엑스 춘식이 무선마우스,"_미소_15,790|_열심_14,900","_미소_15,850|_열심_14,900","_미소_15,850|_열심_14,900","_미소_15,850|_열심_14,900","_미소_15,850|_열심_14,900","_미소_15,850|_열심_14,900","_미소_15,850|_열심_14,900","_미소_15,850|_열심_14,900","_미소_15,850|_열심_14,900","_미소_15,850|_열심_14,900"
20703353,알카트로즈 ASIC6 + SEEH-100,"_화이트 그레이_6,830|_화이트 블루_6,830","_화이트 그레이_6,830|_화이트 블루_6,830","_화이트 그레이_6,830|_화이트 블루_6,830","_화이트 그레이_6,830|_화이트 블루_6,830","_화이트 그레이_6,830|_화이트 블루_6,830","_화이트 그레이_6,830|_화이트 블루_6,830","_화이트 그레이_6,830|_화이트 블루_6,830","_화이트 그레이_6,830|_화이트 블루_6,830","_화이트 그레이_6,830|_화이트 블루_6,830","_화이트 그레이_6,830|_화이트 블루_6,830"
20702657,알카트로즈 SHARK + SEEH-100,"_블랙 블루_7,560|블랙 오렌지_7,560|_화이트 그레이_7,150|화이트 그린_7,560|화이트 레드_7,560||","_블랙 블루_7,560|블랙 오렌지_7,560|_화이트 그레이_7,150|화이트 그린_7,560|화이트 레드_7,560||","_블랙 블루_7,560|블랙 오렌지_7,560|_화이트 그레이_7,150|화이트 그린_7,560|화이트 레드_7,560||","_블랙 블루_7,560|블랙 오렌지_7,560|_화이트 그레이_7,150|화이트 그린_7,560|화이트 레드_7,560||","_블랙 블루_7,560|블랙 오렌지_7,560|_화이트 그레이_7,150|화이트 그린_7,560|화이트 레드_7,560||","_블랙 블루_7,560|블랙 오렌지_7,560|_화이트 그레이_7,150|화이트 그린_7,560|화이트 레드_7,560||","_블랙 블루_7,560|블랙 오렌지_7,560|_화이트 그레이_7,150|화이트 그린_7,560|화이트 레드_7,560||","_블랙 블루_7,560|블랙 오렌지_7,560|_화이트 그레이_7,150|화이트 그린_7,560|화이트 레드_7,560||","_블랙 블루_7,560|블랙 오렌지_7,560|_화이트 그레이_7,150|화이트 그린_7,560|화이트 레드_7,560||","_블랙 블루_7,560|블랙 오렌지_7,560|_화이트 그레이_7,150|화이트 그린_7,560|화이트 레드_7,560||"
20707091,알카트로즈 Stealth 5 + SEEH-100,"그레이_7,560","그레이_7,560","그레이_7,560","그레이_7,560","그레이_7,560","그레이_7,560","그레이_7,560","그레이_7,560","그레이_7,560","그레이_7,560"
20707250,알카트로즈 Stealth Air 3 + SEEH-100,"_그레이_9,840|_레드_9,840","_그레이_9,840|_레드_9,840","_그레이_9,840|_레드_9,840","_그레이_9,840|_레드_9,840","_그레이_9,840|_레드_9,840","_그레이_9,840|_레드_9,840","_그레이_9,840|_레드_9,840","_그레이_9,840|_레드_9,840","_그레이_9,840|_레드_9,840","_그레이_9,840|_레드_9,840"
15132998,알텍랜싱 ALBM7314 저소음 무선 마우스,"_민트_5,900|_핑크_5,900","_민트_5,900|_핑크_5,900","_민트_5,900|_핑크_5,900","_민트_5,900|_핑크_5,900","_민트_5,900|_핑크_5,900","_민트_5,900|_핑크_5,900","_민트_5,900|_핑크_5,900","_민트_5,900|_핑크_5,900","_민트_5,900|_핑크_5,900","_민트_5,900|_핑크_5,900"
15140261,알텍랜싱 ALBM7423 무선 마우스,"블랙_11,900","블랙_11,900","블랙_11,900","블랙_11,900","블랙_11,900","블랙_11,900","블랙_11,900","블랙_11,900","블랙_11,900","블랙_11,900"
15086186,알텍랜싱 ALBM7624 무선 버티컬 마우스,"9,900","9,900","9,900","9,900","9,900","9,900","9,900","9,900","9,900","9,900"
15779603,알텍랜싱 ALGM9413 유선 게이밍 마우스,"블랙_13,800","블랙_13,800","블랙_13,800","블랙_13,800",0,0,0,0,0,0
15378665,알텍랜싱 ALGM9414 유선 게이밍 마우스,"블랙_10,900","블랙_10,900","블랙_10,900","블랙_10,900","블랙_10,900","블랙_10,900","블랙_10,900","블랙_10,900","블랙_10,900","블랙_10,900"
17203655,알텍랜싱 ALGM9525 게이밍 마우스,"9,460","9,460","9,460","9,460","9,460","9,460","9,460","9,460","9,460","9,460"
10577991,알파스캔 AOC GM500 게이밍 RGB 마우스,"22,900","22,900","22,900","22,900","22,900","22,900","22,900","22,900","22,900","22,900"
74999120,애플 Magic Trackpad MXK93KH/A,"정품_158,950","정품_158,950","정품_158,940","정품_158,940","정품_158,940","정품_155,620","정품_155,620","정품_155,620","정품_155,620","정품_155,620"
13544165,앤커 2020 버티컬 무선마우스 A7852,"24,990","24,990","24,990","24,990","24,990","24,990","24,900","24,900","24,900","24,900"
98073149,앱코 A102 3모드 스탠다드 그립 게이밍 유무선,"_블랙_24,900|_퍼플_24,900|핑크_24,900|화이트_24,900","_블랙_24,900|_퍼플_24,900|핑크_24,900|화이트_24,900","_블랙_24,900|_퍼플_24,900|핑크_24,900|화이트_24,900","_블랙_24,900|_퍼플_24,900|핑크_24,900|화이트_24,900","_블랙_24,900|_퍼플_24,900|핑크_24,900|화이트_24,900","_블랙_24,900|_퍼플_24,900|핑크_24,900|화이트_24,900","_블랙_24,900|_퍼플_24,900|핑크_24,900|화이트_24,900","_블랙_24,900|_퍼플_24,900|핑크_24,900|화이트_24,900","_블랙_24,900|_퍼플_24,900|핑크_24,900|화이트_24,900",0
98073179,앱코 A102 3모드 스탠다드 그립 게이밍 유무선,0,0,0,0,0,0,0,0,0,"_블랙_24,900|_퍼플_24,900|핑크_24,900|화이트_24,900"
106686971,앱코 A102 PRO 8K 무선,"_블랙_39,900|_아이스_39,900|화이트_39,900","_블랙_39,900|아이스_39,900|_화이트_39,900",0,0,0,0,0,0,0,0
106686980,앱코 A102 PRO 8K 무선,0,0,"_블랙_39,900|아이스_39,900|_화이트_39,900","_블랙_39,900|아이스_39,900|_화이트_39,900","_블랙_39,900|아이스_39,900|_화이트_39,900","_블랙_39,900|아이스_39,900|_화이트_39,900","_블랙_39,900|아이스_39,900|_화이트_39,900","_블랙_39,900|아이스_39,900|_화이트_39,900","_블랙_39,900|아이스_39,900|_화이트_39,900","_블랙_39,900|아이스_39,900|_화이트_39,900"
15367712,앱코 ABKONCORE A660 3325 RGB 게이밍 마우스,0,0,0,0,0,"28,000","28,000",0,0,0
15338768,앱코 ABKONCORE AM6 RGB 스펙트럼 게이밍 마우스,"블랙_6,690","블랙_6,690","블랙_6,690","블랙_6,690","블랙_6,690","블랙_6,690","블랙_6,690","블랙_6,690","블랙_6,690","블랙_6,690"
15338684,앱코 ABKONCORE AM8 RGB 스펙트럼 게이밍 마우스,"6,410","6,350","6,300","6,230","6,170","6,490","6,450","6,400","6,310","6,250"
28890329,앱코 APM01 저소음 3MODE 무선,"18,530","18,530","18,530","18,530","18,530","18,530","18,530","18,530","18,530","18,530"
72675785,앱코 APM02 저소음 3MODE 무선,"블랙_13,900","블랙_13,900","블랙_13,900","블랙_13,900","블랙_13,900","블랙_13,900","블랙_13,900","블랙_13,900","블랙_13,900","블랙_13,900"
122683641,앱코 APM03 오피스에어 무선,"그린_16,900|블랙_16,900|_핑크_16,900|_화이트_16,900","그린_16,900|블랙_16,900|_핑크_16,900|_화이트_16,900","그린_16,900|블랙_16,900|_핑크_16,900|_화이트_16,900","그린_16,900|블랙_16,900|_핑크_16,900|_화이트_16,900","그린_16,900|블랙_16,900|_핑크_16,900|_화이트_16,900","_그린_16,900|블랙_16,900|_핑크_16,900|화이트_16,900","_그린_16,900|블랙_16,900|_핑크_16,900|화이트_16,900","그린_16,900|_블랙_16,900|_핑크_16,900|화이트_16,900","그린_16,900|_블랙_16,900|_핑크_16,900|화이트_16,900","그린_16,900|_블랙_16,900|_핑크_16,900|화이트_16,900"
13229927,앱코 H1 쉘체인저 게이밍 마우스,"13,870","13,870","13,870","13,870","13,870","13,870","13,870","13,870","13,870","13,870"
30030350,앱코 H140R 4K-R 미니 유무선 게이밍,"105,420","105,420","105,420","105,420","105,420","105,420","105,420","105,420","105,420","105,420"
18426380,앱코 H150A 유무선 게이밍 마우스,"_블랙_29,900|_화이트_29,900","_블랙_29,900|_화이트_29,900","_블랙_29,900|_화이트_29,900","_블랙_60,700|_화이트_29,900","_블랙_60,700|_화이트_29,900","_블랙_60,700|_화이트_29,900",0,0,0,0
18426410,앱코 H150A 유무선 게이밍 마우스,0,0,0,0,0,0,"_블랙_60,700|_화이트_39,900","_블랙_60,700|_화이트_39,900","_블랙_60,700|_화이트_62,000","_블랙_60,700|_화이트_62,000"
75993515,앱코 H250A 3모드 초경량 게이밍 유무선,"24,900","24,900","24,900","24,900","24,900","24,900","24,900","24,900","24,900","24,900"
5398153,앱코 HACKER A660 3325 프로페셔널 게이밍 마우스,"화이트_439,824,000","화이트_439,824,000","화이트_439,824,000","화이트_439,824,000","화이트_439,824,000","화이트_439,824,000","화이트_439,824,000","화이트_439,824,000","화이트_439,824,000","화이트_439,824,000"
10467870,앱코 HACKER A800 3389 초경량 RGB 게이밍 마우스,"블랙_94,260","블랙_94,260","블랙_94,260","블랙_94,260","블랙_94,260","블랙_94,260","블랙_94,260","블랙_94,260","블랙_94,260","블랙_94,260"
86903051,앱코 MG10A 3모드 마그네슘 합금 초경량 게이밍,"62,000","62,000","62,000","62,000","62,000","62,000","62,000","62,000","62,000","62,000"
68534237,앱코 WEM60 무선,"그린_26,900|퍼플_26,900|_핑크_23,950|_화이트_26,900","그린_26,900|퍼플_26,900|_핑크_23,950|_화이트_26,900","그린_26,900|퍼플_26,900|_핑크_23,950|_화이트_26,900","_그린_26,900|퍼플_26,900|핑크_23,950|_화이트_26,900","_그린_26,900|퍼플_26,900|핑크_23,950|_화이트_26,900","_그린_26,900|퍼플_26,900|핑크_23,950|_화이트_26,900",0,0,0,0
68534222,앱코 WEM60 무선,0,0,0,0,0,0,"그린_26,900|_퍼플_26,900|핑크_23,950|_화이트_26,900","그린_26,900|_퍼플_26,900|핑크_23,950|_화이트_26,900","그린_26,900|_퍼플_26,900|핑크_23,950|_화이트_26,900","_그린_26,900|_퍼플_26,900|핑크_23,950|화이트_26,900"
123436017,앱코 WEM60PRO 듀얼스크롤 무선,"_그린_42,900|퍼플_42,900|핑크_42,900|_화이트_42,900","_그린_42,900|퍼플_42,900|핑크_42,900|_화이트_42,900","_그린_42,900|퍼플_42,900|핑크_42,900|_화이트_42,900","_그린_42,900|퍼플_42,900|핑크_42,900|_화이트_42,900","_그린_42,900|퍼플_42,900|핑크_42,900|_화이트_42,900","_그린_42,900|퍼플_42,900|핑크_42,900|_화이트_42,900","_그린_42,900|퍼플_42,900|핑크_42,900|_화이트_42,900","_그린_42,900|퍼플_42,900|핑크_42,900|_화이트_42,900","_그린_42,900|퍼플_42,900|_핑크_42,900|화이트_42,900","_그린_42,900|퍼플_42,900|_핑크_42,900|화이트_42,900"
76405172,앱코 WEM65 인체공학 WIRELESS FREE 무선 버티컬,"_블랙_25,900|퍼플_25,900|핑크_25,900|_화이트_25,900","_블랙_25,900|_퍼플_25,900|핑크_25,900|화이트_25,900","_블랙_25,900|_퍼플_25,900|핑크_25,900|화이트_25,900","_블랙_25,900|_퍼플_25,900|핑크_25,900|화이트_25,900","_블랙_25,900|_퍼플_25,900|핑크_25,900|화이트_25,900","_블랙_25,900|_퍼플_25,900|핑크_25,900|화이트_25,900","_블랙_25,900|_퍼플_25,900|핑크_25,900|화이트_25,900","_블랙_25,900|_퍼플_25,900|핑크_25,900|화이트_25,900","_블랙_25,900|_퍼플_25,900|핑크_25,900|화이트_25,900","_블랙_25,900|_퍼플_25,900|핑크_25,900|화이트_25,900"
9257139,앱코 WM400 무선 마우스,"25,520","25,520","25,520","25,520","25,520","25,520","25,520","25,520","25,520","25,520"
9278595,앱코 WM410 무선 마우스,"5,500","5,500","5,500","5,500","5,500","5,500","5,500","5,500","5,500","5,500"
58912922,앱코 WM600 저소음 인피니트 휠 무선,"_블랙_28,000|_화이트_28,000","_블랙_28,000|_화이트_28,000","_블랙_28,000|_화이트_28,000","_블랙_28,000|_화이트_28,000","_블랙_28,000|_화이트_28,000","_블랙_28,000|_화이트_28,000","_블랙_28,000|_화이트_28,000","_블랙_28,000|_화이트_28,000","_블랙_28,000|_화이트_28,000","_블랙_28,000|_화이트_28,000"
124215869,앱코 WM700 무선,"_블랙_45,900|_화이트_43,700","_블랙_45,420|_화이트_43,700","_블랙_45,900|_화이트_43,700","_블랙_45,900|_화이트_43,700","_블랙_45,900|_화이트_43,700","_블랙_45,900|_화이트_43,700","_블랙_45,900|_화이트_43,700","_블랙_45,900|_화이트_43,700","_블랙_45,900|_화이트_43,700","_블랙_45,900|_화이트_43,700"
9504513,앱코 WM80 LED 무선 마우스,"41,610","41,610","41,610","41,610","41,610","41,610","41,610","41,610","41,610","41,610"
13973543,에이데이타코리아 DDZONE DM-1100BT,"_블랙_10,200|_화이트_8,310","_블랙_10,200|_화이트_8,280","_블랙_10,200|_화이트_8,280","_블랙_10,200|_화이트_8,280","_블랙_10,200|_화이트_8,280","_블랙_10,200|_화이트_8,280","_블랙_10,200|_화이트_8,280","_블랙_10,200|_화이트_8,280","_블랙_10,200|_화이트_8,280","_블랙_10,200|_화이트_8,280"
860823,에이데이타코리아 DDZONE DM-220U Plus,"_레드_3,490|_블랙_3,400","_레드_3,490|_블랙_3,400","_레드_3,490|_블랙_3,400","_레드_3,490|_블랙_3,400","_레드_3,490|_블랙_3,400","_레드_3,490|_블랙_3,400","_레드_3,490|_블랙_3,400","_레드_3,490|_블랙_3,400","_레드_3,490|_블랙_3,400","_레드_3,490|_블랙_3,400"
1359411,에이데이타코리아 DDZONE DM-330,"3,480","3,480","3,480","3,480","3,480","3,480","3,480","3,480","3,480","3,480"
11234451,에이데이타코리아 DDZONE DM-5000 유선 마우스,"3,240","3,240","3,240","3,240","3,240","3,240","3,240","3,240","3,240","3,240"
15038324,에이데이타코리아 DDZONE DM-610,"옐로우_3,590","옐로우_3,590","옐로우_3,590","옐로우_3,590","옐로우_3,590","옐로우_3,590","옐로우_3,590","옐로우_3,590","옐로우_3,590","옐로우_3,590"
2815285,에이데이타코리아 DDZONE DM-710,"2,370","2,370","2,370","2,370","2,370","2,370","2,370","2,370","2,370","2,370"
3126953,에이데이타코리아 DDZONE DM-720,"4,390","4,390","4,390","4,390","4,390","4,390","4,390","4,390","4,390","4,390"
4514197,에이데이타코리아 DDZONE DM-W100,"_레드_9,090|블랙_5,300|_화이트_4,900","_레드_9,090|블랙_5,300|_화이트_4,900","_레드_9,090|블랙_5,300|_화이트_4,900","_레드_9,090|블랙_5,300|_화이트_4,900","_레드_9,090|블랙_5,300|_화이트_4,900",0,0,0,0,0
3365579,에이데이타코리아 DDZONE DM-W100,0,0,0,0,0,"_레드_9,090|블랙_5,300|_화이트_4,900","_레드_9,090|블랙_5,300|_화이트_4,900","_레드_9,090|블랙_5,300|_화이트_4,900","_레드_9,090|_블랙_5,300|화이트_4,900","_레드_9,090|_블랙_5,300|화이트_4,900"
14965880,에이데이타코리아 DDZONE DM-W200 무선 마우스,"_블랙_5,200|_화이트_5,200","_블랙_5,200|_화이트_5,200",0,0,0,0,0,0,0,0
14965862,에이데이타코리아 DDZONE DM-W200 무선 마우스,0,0,"_블랙_5,200|_화이트_5,200","_블랙_5,200|_화이트_5,200","_블랙_5,200|_화이트_5,200","_블랙_5,200|_화이트_5,200","_블랙_5,200|_화이트_5,200","_블랙_5,200|_화이트_5,200","_블랙_5,200|_화이트_5,200","_블랙_5,200|_화이트_5,200"
3948328,에이데이타코리아 DDZONE DM-W2000,"7,180","7,180","7,180","7,180","7,180","7,180","7,180","7,180","7,180","7,180"
79564754,에이서 EMR210 유무선,"_블랙_24,900|_화이트_24,900","_블랙_24,900|_화이트_24,900","_블랙_24,900|_화이트_24,900","_블랙_24,900|_화이트_24,900","_블랙_24,900|_화이트_24,900","_블랙_24,900|_화이트_24,900","_블랙_24,900|_화이트_24,900","_블랙_24,900|_화이트_24,900","_블랙_24,900|_화이트_24,900","_블랙_24,900|_화이트_24,900"
79576610,에이서 EMR213 무선,"19,800","19,800","19,800","19,800","19,800","19,800","19,800","19,800","19,800","19,800"
79561295,에이서 EMW130,"12,900","12,900","12,900","12,900","12,900","12,900","12,900","12,900","12,900","12,900"
90505844,에이서 EMW211 무선,"_블랙_15,800|_스카이블루_15,800|화이트_15,800","_블랙_15,800|_스카이블루_15,800|화이트_15,800","_블랙_15,800|_스카이블루_15,800|화이트_15,800","_블랙_15,800|_스카이블루_15,800|화이트_15,800","_블랙_15,800|_스카이블루_15,800|화이트_15,800","_블랙_15,800|_스카이블루_15,800|화이트_15,800","_블랙_15,800|_스카이블루_15,800|화이트_15,800","_블랙_15,800|_스카이블루_15,800|화이트_15,800","_블랙_15,800|_스카이블루_15,800|화이트_15,800","_블랙_15,800|_스카이블루_15,800|화이트_15,800"
103124858,에이서 NITRO OMW321 게이밍,"_블랙_15,800|_화이트_15,800","_블랙_15,800|_화이트_15,800","_블랙_15,800|_화이트_15,800","_블랙_15,800|_화이트_15,800","_블랙_15,800|_화이트_15,800","_블랙_15,800|_화이트_15,800",0,0,0,0
103124861,에이서 NITRO OMW321 게이밍,0,0,0,0,0,0,"_블랙_15,800|_화이트_15,800","_블랙_15,800|_화이트_15,800","_블랙_15,800|_화이트_15,800","_블랙_15,800|_화이트_15,800"
72979238,에이서 OMR231 무선,0,0,0,0,"해외구매_20,640","해외구매_19,350","해외구매_19,350","해외구매_19,350","해외구매_19,350","해외구매_19,350"
102355343,에이서 OMR322 유무선,"_블랙_32,900|_화이트_32,900","_블랙_32,900|_화이트_32,900","_블랙_32,900|_화이트_32,900","_블랙_32,900|_화이트_32,900","_블랙_32,900|_화이트_32,900","_블랙_32,900|_화이트_32,900","_블랙_32,900|_화이트_32,900","_블랙_32,900|_화이트_32,900","_블랙_32,900|_화이트_32,900","_블랙_32,900|_화이트_32,900"
60171260,에이치앤오 버티컬,"11,680","11,680","11,690","11,690","11,690","11,690","11,690","11,690","11,690","11,690"
14537939,에이투 AG0101,"24,900",0,0,0,0,0,0,0,0,0
18324629,에이투 AG0103,"29,900","29,900","29,900","29,900","29,900","29,900","29,900","29,900","29,900","29,900"
124034716,에이투 GM 3 PRO TE1 유무선 고려청자 에디션,"71,910","71,910","71,910","71,910","71,910","71,910","71,910","71,910","71,910","71,910"
90111905,에이투 GM 3 PRO 유무선,"59,900","59,900","59,900","59,900","59,900","59,900","59,900","59,900","59,260","59,260"
124166848,에이투 GM1,"18,930","18,930","18,930","18,930","18,930","18,930","18,930","18,930","18,930","18,930"
124034854,에이투 GM2 유무선,"39,900","39,900","39,900","39,900","39,900","39,900","39,900","39,900","39,900","39,900"
124034810,에이투 GM7 CARBON 유무선,"99,900","99,900","99,900","99,900","99,900","99,900","99,900","99,900","99,900","99,900"
58834373,에이투 MV 3 무선,"39,900","39,900","39,900","39,900","39,900","39,900","39,900","39,900","39,900","39,900"
57504326,에이투 POINT 5 유무선,"59,900","59,900","59,900","59,900","59,900","59,900","59,900","59,900","59,900","59,900"
13165769,에이픽스게이밍 VM001,"21,530","21,530","21,530","21,530","21,530","21,530",0,0,0,"21,520"
18252203,엑스트리파이 M4 Wireless,"_블랙_83,610|_화이트_109,660","_블랙_83,610|_화이트_42,100","_블랙_83,610|_화이트_42,100","_블랙_83,610|_화이트_42,100","_블랙_83,610|_화이트_42,100",0,0,0,"_블랙_83,610|_화이트_48,990","_블랙_83,610|_화이트_48,990"
18252206,엑스트리파이 M4 Wireless,0,0,0,0,0,"_블랙_83,610|_화이트_48,990","_블랙_83,610|_화이트_48,990","_블랙_83,610|_화이트_48,990",0,0
14788340,엑스트리파이 M4 마우스,"_레드_84,550|화이트_79,000|블루_71,100|_핑크_54,900","_레드_84,550|화이트_79,000|블루_71,100|_핑크_40,300","_레드_84,550|화이트_79,000|블루_71,100|_핑크_40,300","_레드_84,550|화이트_79,000|블루_71,100|_핑크_40,300","_레드_84,550|화이트_79,000|블루_71,100|_핑크_40,300","_레드_84,550|화이트_75,840|블루_71,100|_핑크_78,990","_레드_84,550|화이트_75,840|블루_71,100|_핑크_78,990","_레드_83,660|화이트_78,990|블루_71,100|_핑크_78,990","_레드_82,770|화이트_78,990|블루_71,100|_핑크_78,990","_레드_82,770|화이트_78,990|블루_71,100|_핑크_78,990"
14788832,엑스트리파이 M42 마우스,"블랙_71,100|_레트로_79,000|_핑크_79,000","블랙_71,100|_레트로_79,000|_핑크_79,000","_블랙_71,100|레트로_79,000|_핑크_79,000",0,0,0,0,0,0,0
14788682,엑스트리파이 M42 마우스,0,0,0,"_블랙_71,100|레트로_79,000|_핑크_79,000","_블랙_71,100|레트로_79,000|_핑크_79,000","_블랙_71,100|레트로_79,000|_핑크_79,000","_블랙_71,100|레트로_79,000|_핑크_79,000","_블랙_71,100|레트로_79,000|_핑크_79,000","_블랙_71,100|레트로_79,000|_핑크_79,000","_블랙_71,100|_레트로_78,990|핑크_78,990"
18518183,엑스트리파이 M8,"_블랙_134,100|_레트로_134,100|프로스티 민트_149,000|프로스티 퍼플_134,100|화이트_141,550","_블랙_134,100|_레트로_134,100|프로스티 민트_149,000|프로스티 퍼플_134,100|화이트_141,550","_블랙_134,100|레트로_134,100|프로스티 민트_149,000|_프로스티 퍼플_134,100|화이트_141,550","_블랙_134,100|레트로_134,100|프로스티 민트_149,000|_프로스티 퍼플_134,100|화이트_141,550","_블랙_134,100|_레트로_134,100|프로스티 민트_149,000|프로스티 퍼플_134,100|화이트_141,550","_블랙_134,100|_레트로_134,100|프로스티 민트_143,040|프로스티 퍼플_134,100|화이트_141,550","_블랙_134,100|_레트로_134,100|프로스티 민트_143,040|프로스티 퍼플_134,100|화이트_141,550","_블랙_134,100|_레트로_134,100|프로스티 민트_148,990|프로스티 퍼플_134,100|화이트_140,060","_블랙_134,100|_레트로_134,100|프로스티 민트_148,990|프로스티 퍼플_134,100|화이트_138,570","_블랙_134,100|_레트로_134,100|프로스티 민트_148,990|프로스티 퍼플_134,100|화이트_138,570"
98758625,엔보우 NG05 무선,"14,900","14,900","14,900","14,900","14,900","14,900","14,900","14,900","14,900","14,900"
29375753,엔보우 NG09 무선,"_블랙_19,900|_화이트_19,900","_블랙_19,900|_화이트_19,900","_블랙_19,900|_화이트_19,900","_블랙_19,900|_화이트_19,900","_블랙_19,900|_화이트_19,900","_블랙_19,900|_화이트_19,900","_블랙_19,900|_화이트_19,900","_블랙_19,900|_화이트_19,900","_블랙_19,900|_화이트_19,900","_블랙_19,900|_화이트_19,900"
14270198,엘레컴 DEFT Pro 트랙볼 마우스 (해외구매),"90,990","90,990","90,990","90,990","90,990","90,990","90,990","90,990","90,990","90,990"
37927343,엘레컴 M-CAD01UBBK,"23,910","23,910",0,0,0,0,"23,910","23,910","23,910",0
14313428,엘레컴 M-CCP1BB 캡클립 PRO,"_블랙_48,500|_화이트_48,500","_블랙_48,500|_화이트_48,500","_블랙_48,500|_화이트_48,500","_블랙_48,500|_화이트_48,500","_블랙_48,500|_화이트_48,500","_블랙_48,500|_화이트_48,500","_블랙_48,500|_화이트_48,500","_블랙_48,500|_화이트_48,500","_블랙_48,500|_화이트_48,500","_블랙_48,500|_화이트_48,500"
17504678,엘레컴 M-HT1DRBK,"해외구매_66,000","해외구매_66,000","해외구매_66,000","해외구매_66,000","해외구매_66,000","해외구매_66,000","해외구매_66,000","해외구매_66,000","해외구매_66,000","해외구매_66,000"
49996475,엘레컴 M-HT1URBK 해외구매,"63,930","63,930","63,930","63,930","63,930","63,930","63,930","63,930","63,930","63,930"
67622261,엘레컴 M-XT4DRBK 무선,0,0,0,0,0,"해외구매_81,890","해외구매_81,890","해외구매_81,890",0,0
67622513,엘레컴 M-XT4DRBK 왼손전용 무선,"해외구매_52,450","해외구매_52,450","해외구매_52,450","해외구매_52,450","해외구매_52,450","해외구매_52,450","해외구매_52,450","해외구매_52,450","해외구매_52,440","해외구매_52,380"
18301826,엘레컴 M-XT4DRBK-G 왼손전용,"해외구매_59,500","해외구매_59,500","해외구매_59,500","해외구매_59,500","해외구매_59,500","해외구매_59,500",0,0,0,"해외구매_59,500"
18949574,엘투리버스 For LG LGA-MARK7,"_블랙_44,630|_화이트_23,660","_블랙_44,630|_화이트_23,660","_블랙_44,630|_화이트_23,660","_블랙_44,630|_화이트_23,660","_블랙_44,630|_화이트_23,660","_블랙_44,630|_화이트_23,660","_블랙_44,630|_화이트_23,660","_블랙_44,630|_화이트_23,410","_블랙_44,630|_화이트_23,160","_블랙_44,630|_화이트_23,160"
18154118,엠엠아이테크놀로지 MNNM GM100,"10,890","10,880","10,880","10,880","11,530","11,530","11,530","11,530","11,530","11,530"
92965967,오브룸 크리스탈 OV-WM01,"_투명_32,900|_핑크_32,900","_투명_32,900|_핑크_32,900","_투명_32,900|_핑크_32,900","_투명_32,900|_핑크_32,900","_투명_32,900|_핑크_32,900","_투명_32,900|_핑크_32,900",0,0,0,0
92965973,오브룸 크리스탈 OV-WM01,0,0,0,0,0,0,"_투명_32,900|_핑크_32,900","_투명_32,900|_핑크_32,900","_투명_32,900|_핑크_32,900","_투명_32,900|_핑크_32,900"
20764808,와이즈아울 OGM PRO 무선 게이밍,0,0,"95,000","95,000","95,000","95,000","95,000","95,000","95,000",0
114951525,와콤 인튜어스 프로 PTH-660,"해외구매_503,520",0,0,0,0,0,0,"해외구매_493,440","해외구매_493,440","해외구매_492,480"
13807079,웨이코스 씽크웨이 CROAD BOB M1 마우스,"16,500","16,500","16,500","16,500","16,500","16,500","16,500","16,500","16,500","16,500"
13805681,웨이코스 씽크웨이 CROAD M1 PRO 유무선마우스,"19,900","19,900","19,900","19,900","19,900","19,900","19,900","19,900","19,900","19,900"
123033363,웨이코스 씽크웨이 포타 제로그래비티 유무선,"_블랙_26,910|_화이트_29,900","_블랙_26,910|_화이트_29,900","_블랙_26,910|_화이트_29,900","_블랙_26,910|_화이트_29,900","_블랙_26,910|_화이트_29,900","_블랙_26,320|_화이트_29,900","_블랙_26,310|_화이트_29,900","_블랙_26,310|_화이트_29,900","_블랙_19,030|_화이트_29,900","_블랙_19,900|_화이트_29,900"
123033377,웨이코스 씽크웨이 포타 제로그래비티 유무선,0,0,0,0,0,0,0,0,0,"_블랙_19,900|_화이트_29,900"
6958480,위아이엠 Vgear M1,"20,900","20,900","20,900","20,900","20,900","20,900","20,900","20,900",0,0
6958594,위아이엠 Vgear M1 Pro,"13,990","13,990","13,990","13,990","13,990","13,990","13,990","15,880","15,880","15,880"
30025715,유비코퍼레이션 UBACC UB-BM3 무선,"15,900","15,900","15,900","15,900","15,900","15,900","15,900","15,900","15,900","15,900"
1052148,이메이션 PCM-520P,"34,600","34,600","34,600","34,600","34,600","34,600","34,600","34,600","34,600","34,600"
20188658,이메이크 MC1,"5,900","5,900",0,0,0,0,0,0,0,0
11370948,이썬테크 Goods 오피스 WM610 저소음 무선 마우스,"_블랙_11,160|_화이트_11,160","_블랙_11,990|_화이트_11,160","_블랙_11,990|_화이트_11,160","_블랙_11,990|_화이트_11,160","_블랙_11,990|_화이트_11,160","_블랙_11,990|_화이트_11,160",0,0,0,0
11174349,이썬테크 Goods 오피스 WM610 저소음 무선 마우스,0,0,0,0,0,0,"_블랙_11,990|_화이트_11,160","_블랙_11,990|_화이트_11,160","_블랙_11,990|_화이트_11,160","_블랙_11,990|_화이트_11,160"
69058730,이음전산 TECHRIVER EMT-01 무선,"8,450","8,450","8,450","8,450","8,450","8,450","8,450","8,450","8,450","8,450"
3289950,이음전산 스마텍 STM-100,"6,510","6,510","6,510","6,510","6,510","6,510","6,510","6,510","6,510","6,510"
15710330,이음전산 스마텍 STM-2000,"화이트_6,370","화이트_6,370","화이트_6,370","화이트_6,370","화이트_6,370","화이트_6,370","화이트_6,370","화이트_6,370","화이트_6,370","화이트_6,370"
97564265,이음전산 스마텍 STM-2100 무선,0,0,0,0,0,0,0,0,"10,280","10,280"
15551195,이음전산 스마텍 STM-BT102 블루투스 마우스,"_블랙_15,590|_화이트_15,900","_블랙_15,590|_화이트_15,900","_블랙_15,590|_화이트_15,900","_블랙_15,590|_화이트_15,900","_블랙_15,590|_화이트_15,900","_블랙_15,590|_화이트_15,900","_블랙_15,590|_화이트_15,900","_블랙_15,590|_화이트_15,900","_블랙_15,590|_화이트_15,900","_블랙_15,590|_화이트_15,900"
68916467,이음전산 스마텍 STM-BT1200 무선,"화이트_7,250","화이트_7,250","화이트_7,250","화이트_7,200","화이트_7,200","화이트_7,200","화이트_7,200","화이트_7,200","화이트_7,200","화이트_7,200"
18320936,이음전산 스마텍 STM-BT2000,"블랙_22,420","블랙_22,420","블랙_22,420","블랙_22,420","블랙_22,420","블랙_22,420","블랙_22,420","블랙_22,420","블랙_22,420","블랙_22,420"
26421578,이음전산 스마텍 STM-BT3000 무선 블루투스,"_블랙_15,730|_화이트_17,990","_블랙_15,730|_화이트_17,990","_블랙_15,730|_화이트_17,990","_블랙_15,730|_화이트_17,990","_블랙_16,870|_화이트_17,950","_블랙_16,890|_화이트_17,990","_블랙_17,990|_화이트_17,990","_블랙_17,990|_화이트_17,990","_블랙_17,990|_화이트_17,990","_블랙_17,990|_화이트_17,990"
45312821,이음전산 스마텍 STM-BT4000 무선,"블랙_9,810","블랙_9,810","블랙_9,810","블랙_9,810","블랙_9,810","블랙_10,900","블랙_10,900","블랙_10,900","블랙_10,900","블랙_10,900"
60165605,이음전산 스마텍 STM-IV100 무선,0,0,0,0,0,0,0,"17,230","17,230","17,230"
15550928,이음전산 스마텍 STM-V1000 무선 버티컬마우스,"9,900","9,900","9,900","9,900","9,900","9,900","9,900","9,900","9,900","9,900"
15647864,이큐웨어 이큐메딕 Sanitize-BM1 항균 듀얼 블루투스 무선 마우스,"_블랙_9,900|_화이트_9,900|핑크_9,900","_블랙_9,900|_화이트_9,900|핑크_9,900","_블랙_9,900|_화이트_9,900|핑크_9,900","_블랙_9,900|_화이트_9,900|핑크_9,900","_블랙_9,900|_화이트_9,900|핑크_9,900","_블랙_9,900|_화이트_9,900|핑크_9,900","_블랙_9,900|_화이트_9,900|핑크_9,900","_블랙_9,900|_화이트_9,900|핑크_9,900","_블랙_9,900|_화이트_9,900|핑크_9,900","_블랙_9,900|_화이트_9,900|핑크_9,900"
15645734,이큐웨어 이큐메딕 Sanitize-M1 항균 무소음 마우스,"_블랙_12,580|_화이트_13,400","_블랙_12,320|_화이트_13,400","_블랙_12,320|_화이트_13,400","_블랙_12,320|_화이트_13,400","_블랙_12,320|_화이트_13,400","_블랙_12,320|_화이트_13,400",0,"_블랙_13,400|_화이트_13,400","_블랙_13,400|_화이트_13,400","_블랙_13,400|_화이트_13,400"
15645749,이큐웨어 이큐메딕 Sanitize-M1 항균 무소음 마우스,0,0,0,0,0,0,"_블랙_13,400|_화이트_13,400",0,0,0
15646220,이큐웨어 이큐메딕 Sanitize-WM1 항균 무소음 무선 마우스,"_블랙_9,400|_화이트_9,900","_블랙_9,400|_화이트_9,900","_블랙_9,400|_화이트_9,900","_블랙_9,400|_화이트_9,900","_블랙_9,400|_화이트_9,900","_블랙_9,900|_화이트_9,900","_블랙_9,900|_화이트_9,900","_블랙_9,900|_화이트_9,900","_블랙_9,900|_화이트_9,900","_블랙_9,900|_화이트_9,900"
15651416,이큐웨어 이큐메딕 Sanitize-WM3 항균 무소음 무선 마우스,"블랙_5,900|_화이트_5,900|_핑크_5,900","블랙_5,900|_화이트_5,900|_핑크_5,900","블랙_5,900|_화이트_5,900|_핑크_5,900","블랙_5,900|_화이트_5,900|_핑크_5,900","블랙_5,900|_화이트_5,900|_핑크_5,900","블랙_5,900|_화이트_5,900|_핑크_5,900","블랙_5,900|_화이트_5,900|_핑크_5,900","블랙_5,900|_화이트_5,900|_핑크_5,900","블랙_5,900|_화이트_5,900|_핑크_5,900","블랙_5,900|_화이트_5,900|_핑크_5,900"
15647822,이큐웨어 이큐메딕 Sanitize-WM7 항균 무소음 무선 마우스,"_블랙_5,500|민트_5,500|오렌지_5,500|퍼플_5,500|핑크_5,500|_화이트_5,500","_블랙_5,500|민트_5,500|오렌지_5,500|퍼플_5,500|핑크_5,500|_화이트_5,500","_블랙_5,500|민트_5,500|오렌지_5,500|퍼플_5,500|핑크_5,500|_화이트_5,500","_블랙_5,500|민트_5,500|오렌지_5,500|퍼플_5,500|핑크_5,500|_화이트_5,500","_블랙_5,500|민트_5,500|오렌지_5,500|퍼플_5,500|핑크_5,500|_화이트_5,500","_블랙_5,500|민트_5,500|오렌지_5,500|퍼플_5,500|핑크_5,500|_화이트_5,500","_블랙_5,500|민트_5,500|오렌지_5,500|퍼플_5,500|핑크_5,500|_화이트_5,500","_블랙_5,500|민트_5,500|오렌지_5,500|퍼플_5,500|핑크_5,500|_화이트_5,500",0,0
15647831,이큐웨어 이큐메딕 Sanitize-WM7 항균 무소음 무선 마우스,0,0,0,0,0,0,0,0,"_블랙_5,500|민트_5,500|오렌지_5,500|퍼플_5,500|핑크_5,500|_화이트_5,500","_블랙_5,500|민트_5,500|오렌지_5,500|퍼플_5,500|핑크_5,500|_화이트_5,500"
18592124,이큐웨어 이큐메딕 유미의세포들 항균,"_블루_22,500|_핑크_17,300","_블루_22,500|_핑크_17,300","_블루_22,500|_핑크_17,300","_블루_22,500|_핑크_17,300","_블루_22,500|_핑크_17,300","_블루_22,500|_핑크_17,300","_블루_22,500|_핑크_17,300","_블루_22,500|_핑크_17,300","_블루_22,500|_핑크_17,300","_블루_22,500|_핑크_17,300"
15417806,인데나 IND-M618GB 무소음 무선 블루투스 버티컬마우스,0,"73,600","73,600","73,600","73,600","73,600",0,"73,600",0,0
17646578,자이온 ZY-BTM900,"_블랙_9,000|_화이트_9,000","_블랙_9,000|_화이트_9,000","_블랙_9,000|_화이트_9,000","_블랙_9,000|_화이트_9,000","_블랙_9,000|_화이트_9,000","_블랙_9,000|_화이트_9,000","_블랙_9,000|_화이트_9,000",0,0,0
17626499,자이온 ZY-BTM900,0,0,0,0,0,0,0,"_블랙_9,000|_화이트_9,000","_블랙_9,000|_화이트_9,000","_블랙_9,000|_화이트_9,000"
3141976,잘만 V3 Alarm Mouse Plus,"2,610","2,600","2,580","2,600","2,580","2,580","2,600","2,580","2,580","2,610"
7126867,잘컴 ZeMouse 무선 마우스,0,0,"4,800","4,800","4,800","4,800","4,800","4,800","4,800","4,800"
2167195,제닉스 STORMX M1,"_박스_14,250|_벌크_13,150","_박스_14,250|_벌크_13,150","_박스_14,250|_벌크_13,150","_박스_14,250|_벌크_13,150","_박스_14,250|_벌크_13,150","_박스_14,250|_벌크_13,150",0,0,0,0
2065811,제닉스 STORMX M1,0,0,0,0,0,0,"_박스_14,250|_벌크_13,150","_박스_14,250|_벌크_13,150","_박스_14,250|_벌크_13,150","_박스_14,250|_벌크_13,150"
122684117,제닉스 STORMX VM AIR 유무선,"21,890","21,890","21,890","21,890","21,890","21,890","21,890","21,890","21,890","21,890"
36201005,제닉스 STORMX VM1 BT 무선,"29,900","29,900","29,900","29,900","29,900","29,900","29,900","29,900","29,900","29,900"
20125631,제닉스 STORMX VM1 무선,"_블랙_23,900|_핑크_23,900|화이트_23,854","_블랙_23,900|_핑크_23,900|화이트_23,854","_블랙_23,900|_핑크_23,900|화이트_23,854","_블랙_23,900|_핑크_23,900|화이트_23,854","_블랙_23,900|_핑크_23,900|화이트_23,854","_블랙_23,900|_핑크_23,900|화이트_23,854","_블랙_23,900|_핑크_23,900|화이트_23,854","_블랙_23,900|_핑크_23,900|화이트_23,854","_블랙_23,900|_핑크_23,900|화이트_23,854","_블랙_23,900|_핑크_23,900|화이트_23,854"
13590434,제닉스 STORMX VM2 BT 무선 저소음 버티컬 마우스,"30,930","30,930","30,930","30,930","30,930","30,930","30,920","30,920","30,920","30,920"
11517104,제닉스 STORMX VM2 무선 무소음 버티컬 마우스,"_블랙_23,310|_화이트_25,800","_블랙_23,310|_화이트_25,800","_블랙_23,310|_화이트_25,800","_블랙_23,310|_화이트_25,800","_블랙_23,310|_화이트_25,800","_블랙_24,610|_화이트_25,800","_블랙_24,610|_화이트_25,800","_블랙_24,600|_화이트_25,800","_블랙_24,600|_화이트_25,800",0
14020484,제닉스 STORMX VM2 무선 무소음 버티컬 마우스,0,0,0,0,0,0,0,0,0,"_블랙_23,500|_화이트_25,800"
7191580,제닉스 STORMX VM3 무선 블루투스 버티컬 마우스,"_블랙_32,900|_화이트_34,740","_블랙_32,900|_화이트_34,740","_블랙_34,880|_화이트_34,740","_블랙_34,880|_화이트_34,740","_블랙_34,880|_화이트_34,740","_블랙_34,880|_화이트_35,900","_블랙_34,880|_화이트_35,900","_블랙_34,880|_화이트_35,900","_블랙_34,890|_화이트_35,900","_블랙_32,900|_화이트_35,900"
17795597,제닉스 STORMX VM3 왼손 무선 버티컬 마우스,"53,360","53,360","53,360","53,360","53,360","53,360","53,360","53,360","53,360","53,360"
70003313,제닉스 STORMX VM4 BT 무선,"38,500","38,500","38,500","38,500","38,500","38,500","38,500","38,500","38,500","38,500"
18221657,제닉스 STORMX WM1 무선 마우스,"_화이트_9,580|_블랙_9,580","_화이트_9,770|_블랙_9,770","_화이트_9,770|_블랙_9,770","_화이트_9,770|_블랙_9,770","_화이트_9,770|_블랙_9,770",0,0,0,"_화이트_9,410|_블랙_9,410","_화이트_9,410|_블랙_9,410"
18236948,제닉스 STORMX WM1 무선 마우스,0,0,0,0,0,"_화이트_9,770|_블랙_9,770","_화이트_9,410|_블랙_9,410","_화이트_9,410|_블랙_9,410",0,0
121623004,제닉스 STORMX WM1 무선 무소음 마우스,0,0,0,0,0,0,0,"블랙_9,400","블랙_9,400","블랙_9,400"
11517275,제닉스 STORMX WM2 무소음 무선마우스,"9,100","9,100","9,110","9,100","9,100","9,100","9,100","9,100","9,100","9,100"
45547358,제닉스 TITAN G ZERO,"19,510","19,510","19,510","19,510","19,510","19,510","19,510",0,0,0
16031138,제닉스 TITAN GA AIR WIRED,"40,000","40,000","40,000","40,000","40,000","40,000","40,000","40,000","40,000","40,000"
21574769,제닉스 TITAN GC WIRELESS 유무선,0,0,0,0,0,0,0,0,"140,060","140,060"
14074832,제닉스 TITAN GM AIR WIRELESS 타공 게이밍 마우스,"_블랙_172,590|_화이트_191,040","_블랙_172,590|_화이트_191,040","_블랙_174,390|_화이트_191,040","_블랙_181,770|_화이트_191,040","_블랙_181,710|_화이트_191,040","_블랙_181,690|_화이트_191,040","_블랙_181,660|_화이트_191,040","_블랙_181,650|_화이트_191,040","_블랙_181,590|_화이트_191,040","_블랙_181,530|_화이트_191,040"
76333208,제닉스 TITAN GT 8K 유무선,"_블랙_39,000|_화이트_39,000","_블랙_39,000|_화이트_39,000","_블랙_39,000|_화이트_39,000","_블랙_39,000|_화이트_39,000","_블랙_39,000|_화이트_39,000","_블랙_39,000|_화이트_39,000","_블랙_39,000|_화이트_39,000","_블랙_39,000|_화이트_39,000","_블랙_39,000|_화이트_39,000","_블랙_39,000|_화이트_39,000"
12438107,제닉스 TITAN GX AIR,"블랙_82,030",0,0,0,"블랙_82,030","블랙_82,030","블랙_82,030","블랙_82,030","블랙_82,030","블랙_82,030"
56502062,제라드 GRD-AP604b,"29,327","29,327","29,327","29,327","29,327","29,327","29,327","29,327","29,327","29,327"
1539601,제스코 무선 무소음 마우스 JNL-202K Plus 화이트,"15,950","15,950","15,950","15,950","15,950","15,950","15,950",0,0,0
2345635,제스코 무소음 마우스 JNL-101K,"해외구매_60,800","해외구매_60,800","해외구매_60,800","해외구매_60,800",0,0,"해외구매_60,800","해외구매_60,800","해외구매_60,800","해외구매_60,800"
28780451,젬스트 Canleen 스크롤 에르고 트랙볼,"39,900","39,900","39,900","39,900","39,900","39,900","39,900","39,900","39,900","39,900"
103602344,좀비베리어 무빙크 패드 프로 14 DTHA140 액정보호필름,"올레포빅_12,400|_저반사_13,550|_종이질감_12,400|퓨어 저반사_13,400","올레포빅_12,400|_저반사_13,550|_종이질감_12,400|퓨어 저반사_13,400","올레포빅_12,400|_저반사_13,550|_종이질감_12,400|퓨어 저반사_13,400","올레포빅_12,400|_저반사_13,550|_종이질감_12,400|퓨어 저반사_13,400","올레포빅_12,400|_저반사_13,550|_종이질감_12,400|퓨어 저반사_13,400","올레포빅_12,400|_저반사_13,550|_종이질감_12,400|퓨어 저반사_13,400","올레포빅_12,400|_저반사_13,550|_종이질감_12,400|퓨어 저반사_13,400","올레포빅_12,400|_저반사_13,550|_종이질감_12,400|퓨어 저반사_13,400","올레포빅_12,400|_저반사_13,550|_종이질감_12,400|퓨어 저반사_13,400","올레포빅_12,400|_저반사_13,550|_종이질감_12,400|퓨어 저반사_13,400"
13154160,주연테크 긱스타 VF150 무선 버티컬 마우스,"_핑크_19,900|_블루_19,900","_핑크_19,900|_블루_19,900","_핑크_19,900|_블루_19,900","_핑크_19,900|_블루_19,900","_핑크_19,900|_블루_19,900","_핑크_19,900|_블루_19,900","_핑크_19,900|_블루_19,900","_핑크_19,900|_블루_19,900","_핑크_19,900|_블루_19,900","_핑크_19,900|_블루_19,900"
18194810,지군코리아 GLW-N120 무선 마우스,"_블랙_15,370|_화이트_11,780|핑크_14,770|민트_14,770","_블랙_15,370|_화이트_12,170|핑크_14,770|민트_14,770",0,0,0,"_블랙_15,370|_화이트_12,170|핑크_14,770|민트_14,770",0,0,0,0
18195392,지군코리아 GLW-N120 무선 마우스,0,0,"_블랙_15,370|_화이트_12,170|핑크_14,770|민트_14,770","_블랙_15,370|_화이트_12,170|핑크_14,770|민트_14,770","_블랙_15,370|_화이트_12,170|핑크_14,770|민트_14,770",0,"_블랙_15,370|_화이트_12,170|핑크_14,770|민트_14,770","_블랙_15,370|_화이트_12,170|핑크_14,770|민트_14,770","_블랙_15,370|_화이트_12,170|핑크_14,770|민트_14,770","_블랙_15,370|_화이트_12,170|핑크_14,770|민트_14,770"
17982740,지군코리아 GM-4000 USB 마우스,"3,800","3,800","3,800","3,800","3,800","3,800","3,800","3,800","3,800","3,800"
25787483,지클릭커 CT190 슈퍼히어로 에어 초경량 게이밍,"_블랙_10,110|_핑크_9,900|화이트_12,900","_블랙_10,110|_핑크_9,900|화이트_12,900",0,0,0,0,0,0,0,0
25790936,지클릭커 CT190 슈퍼히어로 에어 초경량 게이밍,0,0,"_블랙_10,110|_핑크_9,900|화이트_12,900","_블랙_10,110|_핑크_9,900|화이트_12,900","_블랙_10,110|_핑크_9,900|화이트_12,900","_블랙_10,110|_핑크_9,900|화이트_12,900","_블랙_10,110|_핑크_9,900|화이트_12,900","_블랙_10,010|_핑크_9,900|화이트_12,900","_블랙_9,900|_핑크_9,900|화이트_12,900","_블랙_9,900|_핑크_9,900|화이트_12,900"
4213347,지클릭커 Clicker T10 슬림 무선 마우스,"_블랙_4,230|_화이트_4,230","_블랙_4,230|_화이트_4,230","_블랙_4,230|_화이트_4,230","_블랙_4,230|_화이트_4,230","_블랙_4,230|_화이트_4,230","_블랙_4,230|_화이트_4,230","_블랙_4,230|_화이트_4,230","_블랙_4,230|_화이트_4,230","_블랙_4,230|_화이트_4,230","_블랙_4,230|_화이트_4,230"
5485895,지클릭커 G-Clicker GM-M170 LED 게이밍 마우스,"_레드_4,640|블랙_4,750|_화이트_4,560",0,0,0,0,"_레드_4,640|블랙_4,750|_화이트_4,560","_레드_4,640|블랙_4,750|_화이트_4,560","_레드_4,640|블랙_4,750|_화이트_4,560","_레드_4,640|블랙_4,750|_화이트_4,560","_레드_4,640|블랙_4,750|_화이트_4,560"
5485899,지클릭커 G-Clicker GM-M170 LED 게이밍 마우스,0,"_레드_4,640|블랙_4,750|_화이트_4,560","_레드_4,640|블랙_4,750|_화이트_4,560","_레드_4,640|블랙_4,750|_화이트_4,560","_레드_4,640|블랙_4,750|_화이트_4,560",0,0,0,0,0
6188464,지클릭커 G-Clicker GM-W6000 무선 마우스,"_메탈그레이_9,510|_화이트_9,510","_메탈그레이_9,510|_화이트_9,510","_메탈그레이_9,510|_화이트_9,510","_메탈그레이_9,510|_화이트_9,510",0,0,0,0,0,0
6188450,지클릭커 G-Clicker GM-W6000 무선 마우스,0,0,0,0,"_메탈그레이_9,510|_화이트_9,510","_메탈그레이_9,510|_화이트_9,510","_메탈그레이_9,510|_화이트_9,510","_메탈그레이_9,510|_화이트_9,510","_메탈그레이_9,510|_화이트_9,510","_메탈그레이_9,510|_화이트_9,510"
4998340,지클릭커 G-Clicker GM-W810 무소음 인체공학 버티컬 무선 마우스,"_블랙_905,010|_화이트_936,880","_블랙_905,010|_화이트_936,880","_블랙_905,010|_화이트_936,880","_블랙_905,010|_화이트_936,880","_블랙_905,010|_화이트_936,880",0,0,0,"_블랙_905,010|_화이트_936,880",0
4998366,지클릭커 G-Clicker GM-W810 무소음 인체공학 버티컬 무선 마우스,0,0,0,0,0,"_블랙_905,010|_화이트_936,880","_블랙_905,010|_화이트_936,880","_블랙_905,010|_화이트_936,880",0,"_블랙_905,010|_화이트_936,880"
5881471,지클릭커 G-Clicker T20 무소음 무선 마우스,"_블랙_3,850|_화이트_3,850","_블랙_3,850|_화이트_3,850","_블랙_3,850|_화이트_3,850","_블랙_3,850|_화이트_3,850","_블랙_3,850|_화이트_3,850","_블랙_3,850|_화이트_3,850","_블랙_3,850|_화이트_3,850","_블랙_3,850|_화이트_3,850","_블랙_3,850|_화이트_3,850","_블랙_3,850|_화이트_3,850"
7128151,지클릭커 GM-M250 LED 게이밍 마우스,"블랙_8,400","블랙_8,400","블랙_8,400","블랙_8,400",0,0,0,0,0,0
8221627,지클릭커 GM-M250 LED 무소음 게이밍 마우스,"_블랙_7,980|_화이트_13,080","_블랙_7,980|_화이트_13,080","_블랙_7,980|_화이트_13,080","_블랙_7,980|_화이트_13,080","_블랙_7,980|_화이트_13,080","_블랙_8,400|_화이트_13,080","_블랙_8,400|_화이트_13,080",0,0,0
8221624,지클릭커 GM-M250 LED 무소음 게이밍 마우스,0,0,0,0,0,0,0,"_블랙_8,400|_화이트_13,080","_블랙_8,400|_화이트_13,080","_블랙_8,400|_화이트_13,080"
10529586,지클릭커 GM-M270 유선 LED 마우스,"_일반_4,400|_무소음_13,870","_일반_4,400|_무소음_13,870","_일반_4,400|_무소음_13,870","_일반_4,400|_무소음_13,870","_일반_4,400|_무소음_13,870","_일반_4,400|_무소음_13,870","_일반_4,400|_무소음_13,870","_일반_4,400|_무소음_13,870","_일반_4,400|_무소음_13,870","_일반_4,400|_무소음_13,870"
10749531,지클릭커 GM-W3000 무소음 무선 마우스,"5,900","5,900","5,900","5,900","5,900","5,900","5,900","5,900","5,900","5,900"
71901725,지클릭커 OFFICEPRO ERGO 버티컬 무소음 인체공학 블루투스 무선 OP70,"그린_18,900|_블랙_18,900|퍼플_18,900|_핑크_18,900|화이트_18,900","그린_18,900|_블랙_18,900|퍼플_18,900|_핑크_18,900|화이트_18,900","그린_18,900|_블랙_18,900|퍼플_18,900|_핑크_18,900|화이트_18,900","그린_18,900|_블랙_18,900|퍼플_18,900|_핑크_18,900|화이트_18,900","그린_18,900|_블랙_18,900|퍼플_18,900|_핑크_18,890|화이트_18,900","그린_18,900|_블랙_18,900|퍼플_18,900|_핑크_18,890|화이트_18,900","그린_18,900|_블랙_18,900|퍼플_18,900|_핑크_18,890|화이트_18,900","그린_18,900|_블랙_18,900|퍼플_18,900|_핑크_18,890|화이트_18,900","그린_18,900|_블랙_18,900|퍼플_18,900|_핑크_18,890|화이트_18,900","그린_18,900|_블랙_18,900|퍼플_18,900|_핑크_18,890|화이트_18,900"
32863085,지클릭커 OFFICEPRO OP04-3WAY 무소음 슬림 블루투스 무선,"_블랙_8,400|그린_8,400|핑크_8,400|_화이트_8,400","블랙_8,400|_그린_8,400|핑크_8,400|_화이트_8,400","_블랙_8,400|그린_8,400|핑크_8,400|_화이트_8,400","_블랙_8,400|그린_8,400|핑크_8,400|_화이트_8,400","_블랙_8,400|그린_8,400|핑크_8,400|_화이트_8,400","_블랙_8,400|그린_8,400|핑크_8,400|_화이트_8,400","_블랙_8,400|그린_8,400|핑크_8,400|_화이트_8,400","블랙_8,400|그린_8,400|_핑크_8,400|_화이트_8,400","블랙_8,400|그린_8,400|_핑크_8,400|_화이트_8,400",0
32863052,지클릭커 OFFICEPRO OP04-3WAY 무소음 슬림 블루투스 무선,0,0,0,0,0,0,0,0,0,"블랙_8,400|_그린_8,400|_핑크_8,400|화이트_8,400"
74415971,지클릭커 OFFICEPRO OP05 무선,"_오프화이트_36,800|_쿨그레이_36,800","_오프화이트_36,800|_쿨그레이_36,800","_오프화이트_36,800|_쿨그레이_36,800","_오프화이트_36,800|_쿨그레이_36,800",0,0,0,0,0,0
74254799,지클릭커 OFFICEPRO OP05 무선,0,0,0,0,"_오프화이트_36,800|_쿨그레이_36,800","_오프화이트_36,800|_쿨그레이_36,800","_오프화이트_36,800|_쿨그레이_36,800","_오프화이트_36,800|_쿨그레이_36,800","_오프화이트_36,800|_쿨그레이_36,800","_오프화이트_36,800|_쿨그레이_36,800"
90156680,지클릭커 OFFICEPRO OP10 슬라임 미니 블루투스 무선,"_화이트_29,800|블랙_29,800|_블루_29,800","화이트_29,800|_블랙_29,800|_블루_29,800","화이트_29,800|_블랙_29,800|_블루_29,800","화이트_29,800|_블랙_29,800|_블루_29,800","화이트_29,800|_블랙_29,800|_블루_29,800","화이트_29,800|_블랙_29,800|_블루_29,800","화이트_29,800|_블랙_39,340|_블루_29,800",0,"화이트_29,800|_블랙_39,340|_블루_29,800","화이트_29,800|_블랙_39,340|_블루_29,800"
90156671,지클릭커 OFFICEPRO OP10 슬라임 미니 블루투스 무선,0,0,0,0,0,0,0,"화이트_29,800|_블랙_39,340|_블루_29,800",0,0
28773809,지클릭커 OFFICEPRO OP11 마스터 3WAY 무선 블루투스,"_블랙_10,400|그린_10,400|_핑크_10,400|화이트_10,400","_블랙_10,400|그린_10,400|_핑크_10,400|화이트_10,400","_블랙_10,400|그린_10,400|_핑크_10,400|화이트_10,400","_블랙_10,400|그린_10,400|_핑크_10,400|화이트_10,400","_블랙_10,400|그린_10,400|_핑크_10,400|화이트_10,400","_블랙_10,400|그린_10,400|_핑크_10,400|화이트_10,400","_블랙_10,400|그린_10,400|_핑크_10,400|화이트_10,400","_블랙_10,400|그린_10,400|_핑크_10,400|화이트_10,400","_블랙_10,400|그린_10,400|_핑크_10,400|화이트_10,400","_블랙_10,400|그린_10,400|_핑크_10,400|화이트_10,400"
101075021,지클릭커 OFFICEPRO OP29 쏙들어오는 다쿠아즈M 무선,"더스티 핑크_12,900|라벤더 퍼플_12,900|_모크 블랙_12,900|바닐라 옐로우_12,900|샌드 베이지_12,900||_크레용 블루_12,900|","더스티 핑크_12,900|라벤더 퍼플_12,900|_모크 블랙_12,900|바닐라 옐로우_12,900|샌드 베이지_12,900||_크레용 블루_12,900|","더스티 핑크_12,900|라벤더 퍼플_12,900|_모크 블랙_12,900|바닐라 옐로우_12,900|샌드 베이지_12,900||_크레용 블루_12,900|","더스티 핑크_12,900|라벤더 퍼플_12,900|_모크 블랙_12,900|바닐라 옐로우_12,900|샌드 베이지_12,900||_크레용 블루_12,900|","더스티 핑크_12,900|라벤더 퍼플_12,900|_모크 블랙_12,750|바닐라 옐로우_12,900|샌드 베이지_12,900||_크레용 블루_12,900|",0,"더스티 핑크_12,900|라벤더 퍼플_12,900|모크 블랙_12,750|바닐라 옐로우_12,900|_샌드 베이지_12,900||_크레용 블루_12,900|","더스티 핑크_12,900|라벤더 퍼플_12,900|모크 블랙_12,750|바닐라 옐로우_12,900|_샌드 베이지_12,900||_크레용 블루_12,900|",0,0
101075033,지클릭커 OFFICEPRO OP29 쏙들어오는 다쿠아즈M 무선,0,0,0,0,0,"더스티 핑크_12,900|라벤더 퍼플_12,900|모크 블랙_12,750|바닐라 옐로우_12,900|샌드 베이지_12,900|_올리브 그린_12,900|_크레용 블루_12,900|",0,0,0,0
101074985,지클릭커 OFFICEPRO OP29 쏙들어오는 다쿠아즈M 무선,0,0,0,0,0,0,0,0,"더스티 핑크_12,900|라벤더 퍼플_12,900|_모크 블랙_12,750|바닐라 옐로우_12,900|샌드 베이지_12,900|||_크림 화이트_12,750","더스티 핑크_12,900|라벤더 퍼플_12,900|_모크 블랙_12,750|바닐라 옐로우_12,900|샌드 베이지_12,900|||_크림 화이트_12,750"
100620065,지클릭커 OFFICEPRO OP55 두툼머핀 무선,"_그린_24,730|_블랙_24,730|퍼플_24,730|핑크_24,730|화이트_24,790","_그린_24,730|_블랙_24,730|퍼플_24,730|핑크_24,730|화이트_24,800","_그린_24,730|_블랙_24,730|퍼플_24,730|핑크_24,730|화이트_24,800","_그린_24,730|_블랙_24,730|퍼플_24,730|핑크_24,730|화이트_24,800","_그린_24,730|_블랙_24,730|퍼플_24,730|핑크_24,730|화이트_24,800","_그린_24,730|_블랙_24,730|퍼플_24,730|핑크_24,730|화이트_24,800","_그린_24,730|_블랙_24,730|퍼플_24,730|핑크_24,730|화이트_24,800","_그린_24,730|_블랙_24,730|퍼플_24,730|핑크_24,730|화이트_24,800","_그린_24,730|_블랙_24,730|퍼플_24,730|핑크_24,730|화이트_24,800","_그린_24,730|_블랙_24,600|퍼플_24,730|핑크_24,730|화이트_24,800"
98184896,지클릭커 OFFICEPRO OP60 무선,"_블랙_19,800|_그린_19,800|퍼플_19,800|핑크_19,800|화이트_19,800|","_블랙_19,800|_그린_19,800|퍼플_19,800|핑크_19,800|화이트_19,800|","_블랙_19,800|그린_19,800|퍼플_19,800|_핑크_19,800|화이트_19,800|","_블랙_19,800|그린_19,800|퍼플_19,800|_핑크_19,800|화이트_19,800|","_블랙_19,800|_그린_19,800|퍼플_19,800|핑크_19,800|화이트_19,800|","_블랙_19,800|_그린_19,800|퍼플_19,800|핑크_19,800|화이트_19,800|","_블랙_19,800|_그린_19,800|퍼플_19,800|핑크_19,800|화이트_19,800|","_블랙_19,800|_그린_19,800|퍼플_19,800|핑크_19,800|화이트_19,800|","_블랙_19,800|_그린_19,800|퍼플_19,800|핑크_19,800|화이트_19,800|","_블랙_19,800|_그린_19,800|퍼플_19,800|핑크_19,800|화이트_19,800|"
99479930,지클릭커 OFFICEPRO OP75 무선,"그린_32,400|_레트로_32,400|_블랙_32,400|핑크_32,400|화이트_32,400","그린_32,400|_레트로_32,400|_블랙_32,400|핑크_32,400|화이트_32,400","그린_32,400|_레트로_32,400|_블랙_32,400|핑크_32,400|화이트_32,400","_그린_32,400|_레트로_32,400|블랙_32,400|핑크_32,400|화이트_32,400","_그린_32,400|_레트로_32,400|블랙_32,400|핑크_32,400|화이트_32,400","_그린_32,400|_레트로_32,400|블랙_32,400|핑크_32,400|화이트_32,400",0,0,0,0
99479945,지클릭커 OFFICEPRO OP75 무선,0,0,0,0,0,0,"_그린_32,400|_레트로_32,400|블랙_32,400|핑크_32,400|화이트_32,400","_그린_32,400|_레트로_32,400|블랙_32,400|핑크_32,400|화이트_32,400","_그린_32,400|_레트로_32,400|블랙_32,400|핑크_32,400|화이트_32,400","_그린_32,400|_레트로_32,400|블랙_32,400|핑크_32,400|화이트_32,400"
90112295,지클릭커 OFFICEPRO OP80 무소음 블루투스 무선,"_블랙_25,900|그린_25,900|퍼플_25,900|_핑크_25,900|화이트_25,900","_블랙_25,900|그린_25,900|퍼플_25,900|_핑크_25,900|화이트_25,900","_블랙_25,900|그린_25,900|퍼플_25,900|_핑크_25,900|화이트_25,900","_블랙_25,900|그린_25,900|퍼플_25,900|_핑크_25,900|화이트_25,900","_블랙_25,900|그린_25,900|퍼플_25,900|_핑크_25,900|화이트_25,900","블랙_25,900|_그린_25,900|퍼플_25,900|_핑크_25,900|화이트_25,900","_블랙_25,900|그린_25,900|퍼플_25,900|_핑크_25,900|화이트_25,900","_블랙_25,900|그린_25,900|퍼플_25,900|_핑크_25,900|화이트_25,900",0,0
90112304,지클릭커 OFFICEPRO OP80 무소음 블루투스 무선,0,0,0,0,0,0,0,0,"블랙_25,900|_그린_25,900|_퍼플_25,900|핑크_25,900|화이트_25,900","블랙_25,900|_그린_25,900|_퍼플_25,900|핑크_25,900|화이트_25,900"
95850107,지클릭커 OFFICEPRO OP80 무소음 블루투스 무선 with PAD,"_그린_44,990|_블랙_44,990|퍼플_44,990|핑크_44,990|화이트_44,990","_그린_44,990|_블랙_44,990|퍼플_44,990|핑크_44,990|화이트_44,990","_그린_44,990|_블랙_44,990|퍼플_44,990|핑크_44,990|화이트_44,990","_그린_44,990|_블랙_44,990|퍼플_44,990|핑크_44,990|화이트_44,990","_그린_44,990|_블랙_44,990|퍼플_44,990|핑크_44,990|화이트_44,990","_그린_44,990|_블랙_44,990|퍼플_44,990|핑크_44,990|화이트_44,990","_그린_44,990|_블랙_44,990|퍼플_44,990|핑크_44,990|화이트_44,990","_그린_44,990|_블랙_44,990|퍼플_44,990|핑크_44,990|화이트_44,990","_그린_44,990|_블랙_44,990|퍼플_44,990|핑크_44,990|화이트_44,990","_그린_44,990|_블랙_44,990|퍼플_44,990|핑크_44,990|화이트_44,990"
94444985,지클릭커 OFFICEPRO OP85 무선,"그린_26,900|_블랙_26,900|퍼플_26,900|핑크_26,900|_화이트_26,900",0,0,0,0,0,0,0,0,0
94444898,지클릭커 OFFICEPRO OP85 무선,0,"그린_26,900|_블랙_26,900|퍼플_26,900|핑크_26,900|_화이트_26,900","그린_26,900|_블랙_26,900|퍼플_26,900|핑크_26,900|_화이트_26,900","그린_26,900|_블랙_26,900|퍼플_26,900|핑크_26,900|_화이트_26,900","그린_26,900|_블랙_26,900|퍼플_26,900|핑크_26,900|_화이트_26,900","_그린_26,900|_블랙_26,900|퍼플_26,900|핑크_26,900|화이트_26,900","그린_26,900|_블랙_26,900|퍼플_26,900|핑크_26,900|_화이트_26,900","_그린_26,900|_블랙_26,900|퍼플_26,900|핑크_26,900|화이트_26,900",0,0
94444973,지클릭커 OFFICEPRO OP85 무선,0,0,0,0,0,0,0,0,"_그린_26,900|블랙_26,900|퍼플_26,900|핑크_26,900|_화이트_26,900","_그린_26,900|블랙_26,900|_퍼플_26,900|핑크_26,900|화이트_26,900"
101072189,지클릭커 OFFICEPRO OPW07,"_그린_15,900|_블랙_15,890|퍼플_15,900|핑크_15,900|화이트_15,900","_그린_15,900|_블랙_15,890|퍼플_15,900|핑크_15,900|화이트_15,900","_그린_15,900|_블랙_15,900|퍼플_15,900|핑크_15,900|화이트_15,900","_그린_15,900|_블랙_15,900|퍼플_15,900|핑크_15,900|화이트_15,900","_그린_15,900|블랙_15,900|퍼플_15,900|핑크_15,900|_화이트_15,900","_그린_15,900|블랙_15,900|퍼플_15,900|핑크_15,900|_화이트_15,900","_그린_15,900|블랙_15,900|퍼플_15,900|핑크_15,900|_화이트_15,900","_그린_15,900|블랙_15,900|퍼플_15,900|핑크_15,900|_화이트_15,900","_그린_15,900|블랙_15,900|퍼플_15,900|핑크_15,900|_화이트_15,900",0
101072204,지클릭커 OFFICEPRO OPW07,0,0,0,0,0,0,0,0,0,"_그린_15,900|블랙_15,900|퍼플_15,900|핑크_15,900|_화이트_15,900"
37351715,지클릭커 OFFICEPRO 버티컬 무소음 인체공학 블루투스 무선 OP50,"_딥그레이_22,800|_그린_22,800|오프화이트_22,800|퍼플_22,800|핑크_22,800",0,0,0,0,0,0,0,0,0
37351730,지클릭커 OFFICEPRO 버티컬 무소음 인체공학 블루투스 무선 OP50,0,"_딥그레이_22,800|_그린_22,800|오프화이트_22,800|퍼플_22,800|핑크_22,800","_딥그레이_22,800|_그린_22,800|오프화이트_22,800|퍼플_22,800|핑크_22,800","_딥그레이_22,800|_그린_22,800|오프화이트_22,800|퍼플_22,800|핑크_22,800","_딥그레이_22,800|_그린_22,800|오프화이트_22,800|퍼플_22,800|핑크_22,800","_딥그레이_22,800|_그린_22,800|오프화이트_22,800|퍼플_22,800|핑크_22,800","_딥그레이_22,800|_그린_22,800|오프화이트_22,800|퍼플_22,800|핑크_22,800","딥그레이_22,800|_그린_22,800|오프화이트_22,800|퍼플_22,800|_핑크_22,800","딥그레이_22,800|_그린_22,800|오프화이트_22,800|퍼플_22,800|_핑크_22,800","딥그레이_22,800|_그린_22,800|오프화이트_22,800|퍼플_22,800|_핑크_22,800"
28806038,지클릭커 OFFICEPRO 쓸떼많은 다쿠아즈 무선 블루투스,"_블랙_13,400|그레이_13,400|_그린_13,400|레트로_13,400|스카이 블루_13,400||||","_블랙_13,400|그레이_13,400|_그린_13,400|레트로_13,400|스카이 블루_13,400||||","_블랙_13,400|그레이_13,400|_그린_13,400|레트로_13,400|스카이 블루_13,400||||","_블랙_13,400|그레이_13,400|_그린_13,400|레트로_13,400|스카이 블루_13,400||||","_블랙_13,400|그레이_13,400|_그린_13,400|레트로_13,400|스카이 블루_13,400||||","_블랙_13,400|그레이_13,400|_그린_13,400|레트로_13,400|스카이 블루_13,400||||","_블랙_13,400|그레이_13,400|_그린_13,400|레트로_13,400|스카이 블루_13,400||||","_블랙_13,400|그레이_13,400|_그린_13,400|레트로_13,400|스카이 블루_13,400||||","_블랙_13,400|그레이_13,400|_그린_13,400|레트로_13,400|스카이 블루_13,400||||","_블랙_13,400|그레이_13,400|_그린_13,400|레트로_13,400|스카이 블루_13,400||||"
52261580,지클릭커 OFFICEPRO 아이스푸딩 투명 블루투스 무선,"핑크_7,900|_그린_7,900|_블랙_7,900|화이트_10,400","핑크_7,900|_그린_7,900|_블랙_7,900|화이트_10,400",0,0,0,0,0,0,0,0
52261592,지클릭커 OFFICEPRO 아이스푸딩 투명 블루투스 무선,0,0,"핑크_7,900|_그린_7,900|_블랙_7,900|화이트_10,400","핑크_7,900|_그린_7,900|_블랙_7,900|화이트_10,400","핑크_7,900|_그린_7,900|_블랙_7,900|화이트_10,400","핑크_7,900|_그린_7,900|블랙_7,900|_화이트_10,400","핑크_7,900|_그린_7,900|블랙_7,900|_화이트_10,400","핑크_7,900|_그린_7,900|블랙_7,900|_화이트_10,400","_핑크_7,900|_그린_7,900|블랙_7,900|화이트_10,400","_핑크_7,900|_그린_7,900|블랙_7,900|화이트_10,400"
28532105,지클릭커 OFFICEPRO 움직이는 마카롱 무선 블루투스,"_블랙_11,760|그린_11,900|옐로우_11,660|_퍼플_11,660|핑크_11,900|",0,0,0,"_블랙_11,760|_그린_11,900|옐로우_11,760|퍼플_11,660|핑크_11,900|","_블랙_11,760|_그린_11,900|옐로우_11,760|퍼플_11,660|핑크_11,900|","_블랙_11,760|_그린_11,900|옐로우_11,760|퍼플_11,760|핑크_11,900|","_블랙_11,760|그린_11,900|옐로우_11,660|퍼플_11,660|핑크_11,900|_화이트_11,900","_블랙_11,760|그린_11,900|옐로우_11,660|퍼플_11,660|핑크_11,900|_화이트_11,900","_블랙_11,760|그린_11,900|옐로우_11,660|퍼플_11,660|핑크_11,900|_화이트_11,900"
28806293,지클릭커 OFFICEPRO 움직이는 마카롱 무선 블루투스,0,"_블랙_11,760|_그린_11,900|옐로우_11,780|퍼플_11,780|핑크_11,900|","_블랙_11,760|_그린_11,900|옐로우_11,780|퍼플_11,660|핑크_11,900|","_블랙_11,760|_그린_11,900|옐로우_11,780|퍼플_11,660|핑크_11,900|",0,0,0,0,0,0
28579829,지클릭커 OFFICEPRO 휠마스터 유무선,"_딥그레이_34,800|그린_34,800|퍼플_34,800|_화이트_34,800","_딥그레이_34,800|그린_34,800|퍼플_34,800|_화이트_34,800","_딥그레이_34,800|그린_34,800|퍼플_34,800|_화이트_34,800","_딥그레이_34,800|그린_34,800|퍼플_34,800|_화이트_34,800","_딥그레이_34,800|그린_34,800|퍼플_34,800|_화이트_34,800","_딥그레이_34,800|그린_34,800|퍼플_34,800|_화이트_34,800","_딥그레이_34,800|그린_34,800|퍼플_34,800|_화이트_34,800","_딥그레이_34,800|_그린_34,800|퍼플_34,800|화이트_34,800","_딥그레이_34,800|_그린_34,800|퍼플_34,800|화이트_34,800","_딥그레이_34,800|_그린_34,800|퍼플_34,800|화이트_34,800"
91345820,지클릭커 OP25 무선,"_화이트_3,900|그린_3,900|레트로_3,900|블랙_3,900|스카이블루_3,900|||_핑크_3,900","_화이트_3,900|그린_3,900|레트로_3,900|블랙_3,900|스카이블루_3,900|||_핑크_3,900",0,0,0,0,0,0,0,0
91345787,지클릭커 OP25 무선,0,0,"_화이트_3,900|그린_3,900|레트로_3,900|_블랙_3,900|스카이블루_3,900|||","_화이트_3,900|그린_3,900|레트로_3,900|_블랙_3,900|스카이블루_3,900|||","_화이트_3,900|그린_3,900|레트로_3,900|_블랙_3,900|스카이블루_3,900|||","_화이트_3,900|그린_3,900|레트로_3,900|_블랙_3,900|스카이블루_3,900|||","_화이트_3,900|그린_3,900|레트로_3,900|_블랙_3,900|스카이블루_3,900|||","_화이트_3,900|그린_3,900|레트로_3,900|_블랙_3,900|스카이블루_3,900|||","_화이트_3,900|그린_3,900|레트로_3,900|블랙_3,900|스카이블루_3,900|||_핑크_3,900","_화이트_3,900|그린_3,900|레트로_3,900|블랙_3,900|스카이블루_3,900|||_핑크_3,900"
6907834,지클릭커 T10 Plus 무선 마우스,"_블랙_4,090|_화이트_3,900","_블랙_4,090|_화이트_3,900","_블랙_4,090|_화이트_3,900","_블랙_4,090|_화이트_3,900","_블랙_4,090|_화이트_3,900","_블랙_4,090|_화이트_4,090","_블랙_4,090|_화이트_4,090","_블랙_4,090|_화이트_4,090","_블랙_4,090|_화이트_4,090","_블랙_4,090|_화이트_4,090"
6907975,지클릭커 T20 Plus 무소음 무선 마우스,"_블랙_3,920|_화이트_3,920","_블랙_3,920|_화이트_3,920","_블랙_3,920|_화이트_3,920","_블랙_3,920|_화이트_3,920","_블랙_3,920|_화이트_3,920","_블랙_3,920|_화이트_3,920","_블랙_3,920|_화이트_3,920","_블랙_3,920|_화이트_3,920","_블랙_3,920|_화이트_3,920","_블랙_3,920|_화이트_3,920"
59231561,지클릭커 슈퍼히어로 CT170 게이밍 LED,"블랙_1,980","블랙_1,980","블랙_1,980","블랙_1,980","블랙_1,980","블랙_1,980","블랙_1,980","블랙_1,980","블랙_1,980","블랙_1,980"
56143571,지클릭커 슈퍼히어로 OP100 르캄프 4K 게이밍,"_블랙_25,800|_화이트_25,800","_블랙_25,800|_화이트_25,800","_블랙_25,800|_화이트_25,800","_블랙_25,800|_화이트_25,800","_블랙_25,800|_화이트_25,800","_블랙_25,800|_화이트_25,800","_블랙_25,800|_화이트_25,800","_블랙_25,800|_화이트_25,800",0,"_블랙_25,800|_화이트_25,800"
56143574,지클릭커 슈퍼히어로 OP100 르캄프 4K 게이밍,0,0,0,0,0,0,0,0,"_블랙_25,800|_화이트_25,800",0
89534891,지클릭커 슈퍼히어로 OP200 르캄프 MASTER 8K 무선,"_블랙_54,800|_핫핑크_54,800|화이트_54,800","_블랙_54,800|_핫핑크_54,800|화이트_54,800","_블랙_54,800|_핫핑크_54,800|화이트_54,800","_블랙_54,800|_핫핑크_54,800|화이트_54,800","_블랙_54,800|_핫핑크_54,800|화이트_54,800","_블랙_54,800|_핫핑크_54,800|화이트_54,800","_블랙_54,800|_핫핑크_54,800|화이트_54,800","_블랙_54,800|_핫핑크_54,800|화이트_54,800","_블랙_54,800|_핫핑크_54,800|화이트_54,800","_블랙_54,800|_핫핑크_54,800|화이트_54,800"
77282810,지클릭커 슈퍼히어로 OP200 르캄프2 8K 게이밍,"_블랙_39,800|_핫핑크_39,800|화이트_39,800","_블랙_39,800|_핫핑크_39,800|화이트_39,800","_블랙_39,800|_핫핑크_39,800|화이트_39,800","_블랙_39,800|_핫핑크_39,800|화이트_39,800","_블랙_39,800|_핫핑크_39,800|화이트_39,800","_블랙_39,800|_핫핑크_39,800|화이트_39,800","_블랙_39,800|_핫핑크_39,800|화이트_39,800","_블랙_39,800|_핫핑크_39,800|화이트_39,800","_블랙_39,800|_핫핑크_39,800|화이트_39,800","_블랙_39,800|_핫핑크_39,800|화이트_39,800"
41826701,지클릭커 슈퍼히어로 OP90 벤투스 게이밍 커스텀,"_블랙_44,400|_화이트_43,810","_블랙_44,400|_화이트_43,810","_블랙_44,400|_화이트_43,810","_블랙_44,400|_화이트_43,810","_블랙_44,400|_화이트_43,810","_블랙_44,400|_화이트_43,810","_블랙_44,400|_화이트_43,810","_블랙_44,400|_화이트_43,810","_블랙_44,400|_화이트_43,810","_블랙_44,400|_화이트_43,810"
41419214,지클릭커 슈퍼히어로 OP95 벤투스 무선 블루투스 커스텀,"_블랙_19,800|_화이트_19,800","_블랙_19,800|_화이트_19,800","_블랙_19,800|_화이트_19,800","_블랙_19,800|_화이트_19,800","_블랙_19,800|_화이트_19,800","_블랙_19,800|_화이트_19,800","_블랙_19,800|_화이트_19,800","_블랙_19,800|_화이트_19,800","_블랙_19,800|_화이트_19,800","_블랙_19,800|_화이트_19,800"
99912983,지클릭커 슈퍼히어로 OP99 MASTER 르캄프 유무선,"_블랙_25,900|_옐로우 퍼포만테_25,900|오렌지 아미_25,900|핫핑크_25,900|화이트_25,900","_블랙_25,900|옐로우 퍼포만테_25,900|_오렌지 아미_25,900|핫핑크_25,900|화이트_25,900","_블랙_25,900|_옐로우 퍼포만테_25,900|오렌지 아미_25,900|핫핑크_25,900|화이트_25,900","_블랙_25,900|_옐로우 퍼포만테_25,900|오렌지 아미_25,900|핫핑크_25,900|화이트_25,900","_블랙_25,900|_옐로우 퍼포만테_25,900|오렌지 아미_25,900|핫핑크_25,900|화이트_25,900","_블랙_25,900|_옐로우 퍼포만테_25,900|오렌지 아미_25,900|핫핑크_25,900|화이트_25,900","_블랙_25,900|_옐로우 퍼포만테_25,900|오렌지 아미_25,900|핫핑크_25,900|화이트_25,900","_블랙_25,900|_옐로우 퍼포만테_25,900|오렌지 아미_25,900|핫핑크_25,900|화이트_25,900","_블랙_25,900|_옐로우 퍼포만테_25,900|오렌지 아미_25,900|핫핑크_25,900|화이트_25,900","_블랙_25,900|_옐로우 퍼포만테_25,900|오렌지 아미_25,900|핫핑크_25,900|화이트_25,900"
98613443,지클릭커 슈퍼히어로 OP99 르캄프 유무선,"_블랙_19,800|_옐로우 퍼포만테_19,800|오렌지 아미_19,800|핫핑크_19,800|화이트_19,800","_블랙_19,800|_옐로우 퍼포만테_19,800|오렌지 아미_19,800|핫핑크_19,800|화이트_19,800","_블랙_19,800|_옐로우 퍼포만테_19,800|오렌지 아미_19,800|핫핑크_19,800|화이트_19,800",0,0,0,0,"_블랙_19,800|_옐로우 퍼포만테_19,800|오렌지 아미_19,800|핫핑크_19,800|화이트_19,800","_블랙_19,800|_옐로우 퍼포만테_19,800|오렌지 아미_19,800|핫핑크_19,800|화이트_19,800","_블랙_19,800|_옐로우 퍼포만테_19,800|오렌지 아미_19,800|핫핑크_19,800|화이트_19,800"
98613455,지클릭커 슈퍼히어로 OP99 르캄프 유무선,0,0,0,"_블랙_19,800|_옐로우 퍼포만테_19,800|오렌지 아미_19,800|핫핑크_19,800|화이트_19,800","_블랙_19,800|_옐로우 퍼포만테_19,800|오렌지 아미_19,800|핫핑크_19,800|화이트_19,800","_블랙_19,800|_옐로우 퍼포만테_19,800|오렌지 아미_19,800|핫핑크_19,800|화이트_19,800","_블랙_19,800|_옐로우 퍼포만테_19,800|오렌지 아미_19,800|핫핑크_19,800|화이트_19,800",0,0,0
108412442,지클릭커 슈퍼히어로 SP109 무선,"_블랙_29,800|오렌지 아미_29,800|핫핑크_29,800|_화이트_29,800","_블랙_29,800|오렌지 아미_29,800|핫핑크_29,800|_화이트_29,800","_블랙_29,800|오렌지 아미_29,800|핫핑크_29,800|_화이트_29,800","_블랙_29,800|오렌지 아미_29,800|핫핑크_29,800|_화이트_29,800","_블랙_29,800|오렌지 아미_29,800|핫핑크_29,800|_화이트_29,800","_블랙_29,800|_오렌지 아미_29,800|핫핑크_29,800|화이트_29,800","_블랙_29,800|_오렌지 아미_29,800|핫핑크_29,800|화이트_29,800","_블랙_29,800|오렌지 아미_29,800|핫핑크_29,800|_화이트_29,800",0,0
108412454,지클릭커 슈퍼히어로 SP109 무선,0,0,0,0,0,0,0,0,"_블랙_29,800|오렌지 아미_29,800|핫핑크_29,800|_화이트_29,800","_블랙_29,800|오렌지 아미_29,800|핫핑크_29,800|_화이트_29,800"
108412355,지클릭커 슈퍼히어로 SP199 MASTER 무선,"_블랙_36,400|오렌지 아미_36,400|핫핑크_36,400|_화이트_36,400",0,0,0,0,0,0,0,0,0
108412403,지클릭커 슈퍼히어로 SP199 MASTER 무선,0,"_블랙_36,400|오렌지 아미_36,400|핫핑크_36,400|_화이트_36,400","_블랙_36,400|오렌지 아미_36,400|핫핑크_36,400|_화이트_36,400","_블랙_36,400|오렌지 아미_36,400|핫핑크_36,400|_화이트_36,400","_블랙_36,400|오렌지 아미_36,400|핫핑크_36,400|_화이트_36,400","블랙_36,400|_오렌지 아미_36,400|핫핑크_36,400|_화이트_36,400","블랙_36,400|_오렌지 아미_36,400|핫핑크_36,400|_화이트_36,400","블랙_36,400|_오렌지 아미_36,400|핫핑크_36,400|_화이트_36,400","블랙_36,400|오렌지 아미_36,400|_핫핑크_36,400|_화이트_36,400","블랙_36,400|오렌지 아미_36,400|_핫핑크_36,400|_화이트_36,400"
123844846,지클릭커 슈퍼히어로 SP88 MASTER 유무선,"_블랙_27,850|오렌지아미_27,850|핫핑크_27,850|_화이트_21,800","_블랙_27,850|오렌지아미_27,850|핫핑크_27,850|_화이트_21,800","_블랙_27,850|오렌지아미_27,850|핫핑크_27,850|_화이트_21,800","_블랙_27,850|오렌지아미_27,850|핫핑크_27,850|_화이트_21,800","_블랙_27,850|오렌지아미_27,850|핫핑크_27,850|_화이트_21,800","_블랙_27,850|오렌지아미_27,850|핫핑크_27,850|_화이트_21,800","_블랙_27,850|오렌지아미_27,850|_핫핑크_27,850|화이트_21,800","_블랙_27,850|오렌지아미_27,850|_핫핑크_27,850|화이트_21,800","_블랙_27,850|오렌지아미_27,850|_핫핑크_27,850|화이트_21,800","_블랙_27,850|오렌지아미_27,850|_핫핑크_27,850|화이트_21,800"
123844850,지클릭커 슈퍼히어로 SP88 유무선,"_블랙_20,510|오렌지아미_20,510|핫핑크_20,510|_화이트_20,510","_블랙_20,510|오렌지아미_20,510|핫핑크_20,510|_화이트_20,510","_블랙_20,510|오렌지아미_20,510|핫핑크_20,510|_화이트_20,510","_블랙_20,510|오렌지아미_20,510|핫핑크_20,510|_화이트_20,510","_블랙_20,510|오렌지아미_20,510|핫핑크_20,510|_화이트_20,510","_블랙_20,510|오렌지아미_20,510|핫핑크_20,510|_화이트_20,510","_블랙_20,510|오렌지아미_20,510|핫핑크_20,510|_화이트_20,510","_블랙_20,510|오렌지아미_20,510|핫핑크_20,510|_화이트_20,510","_블랙_20,510|오렌지아미_20,510|핫핑크_20,510|_화이트_20,510","_블랙_20,510|오렌지아미_20,510|핫핑크_20,510|_화이트_20,510"
123695073,지클릭커 슈퍼히어로 SP88 유무선,"_블랙_20,510|오렌지아미_20,510|핫핑크_20,510|_화이트_20,510","_블랙_20,510|오렌지아미_20,510|핫핑크_20,510|_화이트_20,510",0,0,0,0,0,0,0,0
62793089,지클릭커 슈퍼히어로 SPG10 아쿠아푸딩 투명 블루투스 무선,"블랙_9,900","블랙_9,900","블랙_9,900","블랙_9,900","블랙_9,900","블랙_9,900","블랙_9,900","블랙_9,900","블랙_9,900","블랙_9,900"
106720073,지클릭커 오피스프로 OPV10 크루아상 무선,"_그린_18,900|_블랙_18,900|퍼플_18,900|핑크_18,900|화이트_18,900","_그린_18,900|_블랙_18,900|퍼플_18,900|핑크_18,900|화이트_18,900",0,0,0,0,0,"그린_18,900|_블랙_18,900|퍼플_18,900|핑크_18,900|_화이트_18,900","그린_18,900|_블랙_18,900|퍼플_18,900|핑크_18,900|_화이트_18,900","그린_18,900|_블랙_18,900|퍼플_18,900|핑크_18,900|_화이트_18,900"
106720082,지클릭커 오피스프로 OPV10 크루아상 무선,0,0,"_그린_18,900|_블랙_18,900|퍼플_18,900|핑크_18,900|화이트_18,900","_그린_18,900|_블랙_18,900|퍼플_18,900|핑크_18,900|화이트_18,900","_그린_18,900|_블랙_18,900|퍼플_18,900|핑크_18,900|화이트_18,900","_그린_18,900|_블랙_18,900|퍼플_18,900|핑크_18,900|화이트_18,900","_그린_18,900|_블랙_18,900|퍼플_18,900|핑크_18,900|화이트_18,900",0,0,0
106734047,지클릭커 오피스프로 OPV20 버블휠 무선,"_화이트_16,900|_그린_16,900|블랙_16,900|퍼플_16,900|핑크_16,900","_화이트_16,900|_그린_16,900|블랙_16,900|퍼플_16,900|핑크_16,900","_화이트_16,900|_그린_16,900|블랙_16,900|퍼플_16,900|핑크_16,900","_화이트_16,900|_그린_16,900|블랙_16,900|퍼플_16,900|핑크_16,900","_화이트_16,900|_그린_16,900|블랙_16,900|퍼플_16,900|핑크_16,900","_화이트_16,900|_그린_16,900|블랙_16,900|퍼플_16,900|핑크_16,900","_화이트_16,900|_그린_16,900|블랙_16,900|퍼플_16,900|핑크_16,900","_화이트_16,900|_그린_16,900|블랙_16,900|퍼플_16,900|핑크_16,900","_화이트_16,900|_그린_16,900|블랙_16,900|퍼플_16,900|핑크_16,900",0
106734032,지클릭커 오피스프로 OPV20 버블휠 무선,0,0,0,0,0,0,0,0,0,"_화이트_16,900|_그린_16,900|블랙_16,900|퍼플_16,900|핑크_16,900"
102914591,지클릭커 오피스프로 수플레 OP65 무선,"_그린_18,900|_블랙_18,900|퍼플_18,900|핑크_18,900|화이트_18,900","_그린_18,900|_블랙_18,900|퍼플_18,900|핑크_18,900|화이트_18,900","_그린_18,900|_블랙_18,900|퍼플_18,900|핑크_18,900|화이트_18,900","_그린_18,900|_블랙_18,900|퍼플_18,900|핑크_18,900|화이트_18,900","_그린_18,900|_블랙_18,900|퍼플_18,900|핑크_18,900|화이트_18,900","_그린_18,900|_블랙_18,900|퍼플_18,900|핑크_18,900|화이트_18,900","_그린_18,900|블랙_18,900|퍼플_18,900|_핑크_18,900|화이트_18,900","_그린_18,900|블랙_18,900|퍼플_18,900|_핑크_18,900|화이트_18,900","_그린_18,900|블랙_18,900|퍼플_18,900|_핑크_18,900|화이트_18,900","_그린_18,900|블랙_18,900|퍼플_18,900|_핑크_18,900|화이트_18,900"
103599281,지클릭커 오피스프로 슈크림 OP15 무선,"그레이_8,800|그린_8,800|블랙_8,800|블루_8,800|_옐로우_8,800||_화이트_8,800",0,0,"_그레이_8,800|그린_8,800|블랙_8,800|블루_8,800|옐로우_8,800||_화이트_8,800","_그레이_8,800|그린_8,800|블랙_8,800|블루_8,800|옐로우_8,800||_화이트_8,800","_그레이_8,800|그린_8,800|블랙_8,800|블루_8,800|옐로우_8,800||_화이트_8,800","_그레이_8,800|그린_8,800|블랙_8,800|블루_8,800|옐로우_8,800||_화이트_8,800",0,0,0
103599269,지클릭커 오피스프로 슈크림 OP15 무선,0,"그레이_8,800|그린_8,800|블랙_8,800|블루_8,800|_옐로우_8,800||_화이트_8,800","그레이_8,800|그린_8,800|블랙_8,800|블루_8,800|_옐로우_8,800||_화이트_8,800",0,0,0,0,"그레이_8,800|그린_8,800|블랙_8,800|블루_8,800|_옐로우_8,800||_화이트_8,800","그레이_8,800|그린_8,800|블랙_8,800|블루_8,800|_옐로우_8,800||_화이트_8,800","_그레이_8,800|그린_8,800|블랙_8,800|블루_8,800|_옐로우_8,800||"
102881051,지클릭커 오피스프로 트리플 휠마스터 OP06 무선,"_블랙_28,840|_화이트_28,850","_블랙_28,840|_화이트_28,850","_블랙_28,840|_화이트_28,850","_블랙_28,840|_화이트_28,850","_블랙_28,840|_화이트_28,850","_블랙_28,840|_화이트_28,850","_블랙_28,840|_화이트_28,850","_블랙_28,840|_화이트_28,850","_블랙_28,840|_화이트_28,850","_블랙_28,840|_화이트_28,850"
102881078,지클릭커 오피스프로 휠마스터 OP12 무선,"_블랙_39,800|_화이트_39,800","_블랙_39,800|_화이트_39,800","_블랙_39,800|_화이트_39,800","_블랙_39,800|_화이트_39,800","_블랙_39,800|_화이트_39,800","_블랙_39,800|_화이트_39,800","_블랙_39,800|_화이트_39,800","_블랙_39,800|_화이트_39,800","_블랙_39,800|_화이트_39,800","_블랙_39,800|_화이트_39,800"
108416441,지클릭커 휠마스터 매크로 OP175 LCD 무선,"_그린_44,100|레트로_44,100|_블랙_44,900|핑크_44,100|화이트_44,100","_그린_44,100|레트로_44,100|_블랙_44,900|핑크_44,100|화이트_44,100","_그린_44,100|레트로_44,100|_블랙_44,900|핑크_44,100|화이트_44,100","_그린_44,100|레트로_44,100|_블랙_44,900|핑크_44,100|화이트_44,100","_그린_44,100|레트로_44,100|_블랙_44,900|핑크_44,100|화이트_44,100","_그린_44,100|레트로_44,100|_블랙_44,900|핑크_44,100|화이트_44,100","_그린_44,100|레트로_44,100|_블랙_44,900|핑크_44,100|화이트_44,100","_그린_44,100|레트로_44,100|_블랙_44,900|핑크_44,100|화이트_44,100","_그린_44,100|레트로_44,100|_블랙_44,900|핑크_44,100|화이트_44,100","_그린_44,100|레트로_44,100|_블랙_44,900|핑크_44,100|화이트_44,100"
4550574,청맥전자 For LG CM-1000,"10,500","10,500","10,500","10,500","10,500","10,500","10,500","10,500","10,500","10,500"
5012099,청맥전자 For LG CM-5000,"블랙_11,360","블랙_11,360","블랙_11,360","블랙_11,360","블랙_11,360","블랙_11,360","블랙_11,360","블랙_11,360","블랙_11,360","블랙_11,360"
4977740,청맥전자 For LG CM-6000,"_블랙_13,500|_화이트_17,770","_블랙_13,500|_화이트_17,770","_블랙_13,500|_화이트_17,770","_블랙_13,500|_화이트_17,770","_블랙_13,500|_화이트_17,770","_블랙_13,500|_화이트_17,770","_블랙_13,500|_화이트_17,770","_블랙_13,500|_화이트_17,770","_블랙_13,500|_화이트_17,770","_블랙_13,500|_화이트_17,770"
7233538,청맥전자 For LG LGC-CM8000 무선 마우스,"_블랙_13,500|_화이트_13,000","_블랙_13,500|_화이트_13,000","_블랙_13,500|_화이트_13,000","_블랙_13,500|_화이트_13,000","_블랙_13,500|_화이트_13,000","_블랙_13,500|_화이트_13,000","_블랙_13,500|_화이트_13,000","_블랙_13,500|_화이트_13,000","_블랙_13,500|_화이트_13,000","_블랙_13,500|_화이트_13,000"
3755734,청맥전자 For LG Optical M-1000,"6,490","6,490","6,490","6,490","6,490","6,490","6,490","6,490","6,490","6,490"
3755583,청맥전자 For LG 무선 Nano 2.4GHz CM-2200,"_블랙_13,500|_레드_13,420","_블랙_13,500|_레드_13,420","_블랙_13,500|_레드_13,420","_블랙_13,500|_레드_13,420","_블랙_13,500|_레드_13,420","_블랙_13,500|_레드_13,420","_블랙_13,500|_레드_13,420","_블랙_13,500|_레드_13,420","_블랙_13,500|_레드_13,420","_블랙_13,500|_레드_13,420"
30621578,청맥전자 지큐 ZMB-1000 무선,"19,500","19,500","19,500","19,500","19,500","19,500","19,500","19,500","19,500","19,500"
12666263,청연MnS NV72-VMS10G 버티컬 무선마우스,"24,660","24,670","23,970","24,080","23,960","23,960","23,960","23,960","23,960","24,360"
18763700,청연MnS naVee NV26-MS10U,"3,500","3,500","3,500","3,500","3,500","3,500","3,500","3,500","3,500","3,500"
6412204,카라스 KWM-6001 무선 마우스,"15,620","16,080","16,060",0,0,0,0,0,0,0
18079229,켄싱턴 Ergo Vertical K75326WW,"정품_172,970","정품_172,970","정품_173,570","정품_173,570","정품_173,570","정품_173,570","정품_173,570","정품_173,570","정품_173,560","정품_173,500"
417946,켄싱턴 Expert 트랙볼 마우스,"_정품_149,600|_해외구매_111,220","_정품_150,530|_해외구매_111,220","_정품_151,230|_해외구매_120,520","_정품_150,530|_해외구매_120,520","_정품_150,900|_해외구매_120,520","_정품_152,690|_해외구매_120,520","_정품_152,690|_해외구매_120,520","_정품_152,690|_해외구매_120,520","_정품_150,530|_해외구매_120,520","_정품_150,530|_해외구매_120,520"
62638358,켄싱턴 K70993WW 무선,"84,200","84,200","84,200","84,200","84,200","84,200","84,200","84,200","84,200","84,200"
62868605,켄싱턴 K72080WW 유무선,"188,000","188,000","188,000","188,000","188,000","205,390","254,880","254,880","254,880","254,880"
65366531,켄싱턴 K72080WW 유무선 해외구매,"166,200","166,200","166,200","166,200","166,200","166,200","166,200","166,200","166,200","166,200"
82473914,켄싱턴 K72359 무선,"해외구매_111,900","해외구매_111,900","해외구매_111,900","해외구매_111,900","해외구매_111,900","해외구매_111,900","해외구매_111,900","해외구매_111,900","해외구매_111,900","해외구매_111,900"
13990154,켄싱턴 Orbit Fusion Wireless Trackball,"90,000","90,000","90,000","90,000","90,000","90,000","90,000","90,000","90,000","90,000"
14029259,켄싱턴 Orbit Fusion Wireless Trackball (해외구매),"111,000","111,000","111,000","111,000","111,000","111,000","111,000",0,0,0
2362208,켄싱턴 Orbit Optical Trackball Mouse,"해외구매_50,490","해외구매_50,490","해외구매_50,490","해외구매_50,490","해외구매_50,490","해외구매_50,490","해외구매_50,490","해외구매_50,490","해외구매_50,490","해외구매_50,490"
60238352,켄싱턴 Orbit Trackball Mouse(K72337),"정품_64,190","정품_64,190","정품_64,190","정품_64,190","정품_64,190","정품_64,190","정품_64,190","정품_64,190","정품_64,190","정품_64,190"
2923018,켄싱턴 Orbit Wireless Mobile Trackball,"해외구매_88,890","해외구매_88,890","해외구매_88,890","해외구매_88,890","해외구매_88,890","해외구매_88,890","해외구매_88,890",0,0,0
62868386,켄싱턴 SlimBlade Trackball Mouse,"_정품_158,700|_해외구매_117,000","_정품_158,700|_해외구매_117,000","_정품_158,700|_해외구매_117,000","_정품_158,700|_해외구매_117,000","_정품_158,700|_해외구매_117,000","_정품_158,700|_해외구매_117,000","_정품_158,700|_해외구매_117,000","_정품_158,700|_해외구매_117,000","_정품_158,700|_해외구매_117,000","_정품_158,700|_해외구매_117,000"
65921378,켄싱턴 TB450 무선,"해외구매_70,490","해외구매_70,490","해외구매_70,490","해외구매_70,490","해외구매_70,490","해외구매_70,490","해외구매_70,490","해외구매_70,490","해외구매_70,490","해외구매_70,490"
76509185,켄싱턴 TB550 무선,"89,000","89,000","89,000","89,000","89,000","89,000","89,000","89,000","89,000","89,000"
14819588,코시 JM3118 슬랜더,"8,900","8,900","8,900","8,900","8,900","8,900","8,900","8,900","8,900","8,900"
2353350,코시 M1221,"3,305","3,305","3,305","3,305","3,305","3,305","3,305","3,305","3,305","3,305"
10003683,코시 M2017WL 에르코 버티컬 무선 마우스,"17,960","17,960","17,840","17,840","17,324","16,947","17,630","16,490","16,490","16,490"
10533912,코시 M2018WL 저소음 버티컬 무선 마우스,"19,500","19,500","19,500","19,500","19,500","19,500","19,500","19,500","19,500","19,500"
14812712,코시 M2046WL 자이드 무선 버티컬 마우스,"16,600","16,600","16,600","17,890","16,600","16,600","16,600","16,600","16,600","16,600"
14607761,코시 M2068WL 세미 버티컬 무선 마우스,"13,140","13,140","13,140","13,140","13,140","13,140","13,140","13,140","13,140","13,140"
14861276,코시 M2075WLBT 듀얼 버티컬 마우스,"27,490","27,490","27,490","27,490","27,490","27,490","27,490","27,490","27,490","27,490"
14812259,코시 M2076WL 코엘 무선 마우스,"13,390","13,390","13,780","13,780","14,390","14,390","14,390","14,390","14,390","14,390"
14811593,코시 M2077WL 카미 무선 마우스,"12,970","12,970","12,970","12,970","12,970","12,970","12,970","12,970","12,970","12,970"
14836571,코시 M2103G LED 타공 게이밍 마우스,"38,980","38,980",0,0,0,0,0,0,0,0
14865545,코시 M2125WL 아델 무소음 무선 마우스,"9,900","9,900","9,900","9,900","9,900","9,900","9,900","9,900","9,900","9,900"
15552185,코시 M2136WL 충전식 무소음 무선 버티컬마우스,"56,260","56,260","56,260","57,910","57,910","57,910","57,910","57,910","57,910","57,910"
15953963,코시 M2144WL 세미 버티컬 무선 마우스,"19,490","19,490","19,490","19,490","19,490","19,490","19,490","19,490","19,490","19,490"
16355567,코시 M2146WLMP 아기기린 무선마우스 패드 세트,"10,890","10,890","10,890","10,890","10,890","10,890","10,890","10,890","10,890","10,890"
17309027,코시 M2154WL 세미버티컬 무선 마우스,"13,520","13,520","13,520","13,520","13,520","13,520","13,520","13,520","13,520","13,520"
18674030,코시 M2175WL 무선,0,0,0,0,0,0,"14,400","14,400","14,400","14,400"
18674096,코시 M2176BTMP 블루투스,"20,300","20,300","20,300","20,300","20,300","20,300","20,300","20,300","20,300","20,300"
62175734,코시 M2194,"8,820","8,820","8,820","8,820","8,820","8,820","8,810","8,810","8,810","8,810"
30188276,코시 M2204WL 무선,"10,320","10,600","10,600","10,610","10,600","10,260","10,250","10,250","10,250","10,250"
30142712,코시 M2205WL 무선,"16,020","16,020","16,020","16,020","16,020","16,020","16,020","16,020","16,020","16,020"
35808338,코시 M2228WL 무선,"16,500","16,500","16,500","16,500","16,500","16,500","16,500","16,500","16,500","16,500"
35842613,코시 M2237WL 무선,0,0,0,0,"9,630","9,630","9,630","9,630","9,680","9,680"
41486555,코시 M2239BT 블루투스,"16,800","16,800",0,0,0,0,"16,800","16,800","16,800","16,800"
50128109,코시 M2243WL 무선,"21,700","21,700","21,700","21,700","21,700","21,700","21,700","21,700","21,700","21,700"
62175662,코시 M2249BT 무선,"9,490","9,490","9,490","9,490","9,490","9,180","9,180","9,180","9,180","9,180"
74248964,코시 M2259BT 무선,"10,540","10,540","10,780","10,780","10,780","10,780","10,780","10,780","10,780","10,780"
74053073,코시 M2262WL 무선,"14,630","14,630","14,780","14,780","14,780","14,780","14,780","14,780","14,780","14,780"
90158981,코시 M2274WLBT 무선,"11,260","11,260","11,260","11,260","11,260","10,890","10,890","10,890","10,890","10,890"
79060427,코시 M2277WL 무선,"25,540","25,660","25,670","25,670","25,660","26,680","26,580","26,540","26,480","26,360"
5392776,코시 M3015WL 버티컬 케어 무선 마우스,"42,620","42,620","42,620","42,620","42,620","42,620","42,620","42,620","42,620","42,620"
4788146,코시 M3052,"화이트_8,080","화이트_8,080","화이트_8,080","화이트_8,080","화이트_8,080","화이트_8,160","화이트_8,160","화이트_8,160","화이트_8,160","화이트_8,160"
4802915,코시 M3054G,"13,010","13,010","13,010","13,010","13,010","13,010","13,010","13,010","13,010","13,010"
4907301,코시 M3110WL,"블랙_12,580","블랙_12,580","블랙_12,580","블랙_12,580","블랙_12,580","블랙_12,580","블랙_12,580","블랙_12,580","블랙_12,580","블랙_12,580"
5048195,코시 M3119WL,"11,490","11,490","11,710","11,710","11,710","11,710","11,710","11,710","11,710","11,710"
5369816,코시 M3124,"18,890","18,890","18,890","18,890","18,890","18,890","18,890","18,890","18,890","18,890"
5611018,코시 M3163WL 버티컬 컴피 무선 마우스,"16,470","16,470","16,470","16,470","16,470","16,470","16,470","16,470","16,470","16,470"
5664023,코시 M3185,"16,500","16,500","16,500","16,500","16,500","16,500","16,500","17,500","17,500","17,500"
19472663,코시 M3226WL 무선,"16,670","16,450","16,390","16,330","16,070","16,000","15,970","15,910","15,830","15,770"
6393203,코시 M3251WL 무소음 무선 마우스,"_화이트_11,500|_그레이_143,390","_화이트_11,500|_그레이_143,390","_화이트_11,500|_그레이_143,390","_화이트_11,500|_그레이_143,390","_화이트_11,500|_그레이_143,390","_화이트_11,500|_그레이_143,390","_화이트_11,500|_그레이_143,390","_화이트_11,500|_그레이_143,390","_화이트_11,500|_그레이_143,390","_화이트_11,500|_그레이_143,390"
8866286,코시 M3363WL,0,"8,890","8,890","8,890","8,890","8,890","8,890","8,890","8,890","8,890"
14815511,코시 M3380WLMP 모스 무선 마우스,"9,970","9,970","9,970","9,970","9,970","10,490","10,490","10,490","10,490","10,490"
14837288,코시 M3381BT 벨리 블루투스 마우스,0,0,"16,400","16,400","16,400","16,400","16,400","16,400",0,0
15145433,코시 M3394WL 볼트 무선 마우스,"11,440","11,440","11,440","11,440","11,440","11,070","11,070","11,070","11,070","11,070"
9907098,코시 M3428WL-F 토파즈 무선 마우스,"7,980","7,980","7,980","7,980","7,980","7,980","7,980","7,980","7,980","7,980"
13361570,코시 M3452WL 왼손 버티컬마우스,"24,000","24,000","24,000","24,000","24,000","24,000","24,000","24,000","24,000","24,000"
10661763,코시 M3469WL 세미 버티컬 오피스 무선 마우스,"12,800","12,800","14,310","14,310","14,310","14,310","14,310","14,100","14,100","14,100"
13164182,코시 M3473 피코 무선마우스,"9,400","9,400","9,400","9,400","9,400","9,400","9,400","9,400","9,400","9,400"
14809733,코시 M4006WL 디엘 무선 마우스,"15,400","15,400","15,400","15,400","15,400","15,400","15,400",0,0,0
18612140,코시 M4059WL,"14,900","14,900","14,900","14,900","14,900","14,900","14,900",0,0,0
18725009,코시 M4077,"18,500","18,500","18,500","18,500","18,500","18,500",0,0,0,0
27943130,코시 M4082,0,0,0,0,0,0,"8,500","8,700","8,700","8,700"
28268519,코시 M4091WL 무선,"9,500","9,500","9,500","9,500","9,500","9,500","9,500","9,500","9,500","9,500"
59828804,코시 M4119BT 무선,"10,200","10,200","10,200","10,200","10,200","10,200","10,200","10,200","10,200","10,200"
74249015,코시 M4130BT 무선,"9,900","9,900","9,900","9,900","9,900","9,900","9,900","9,900","9,900","9,900"
81749603,코시 M4141WLBT 무선,"9,900","9,900","9,900","9,900","9,900","9,900",0,0,0,0
76510460,코시 M4142WL 무선,"24,900","24,900",0,0,0,0,0,0,0,0
14987309,코시 MPM2078WL 무선 충전 패드 마우스 세트,"44,180","44,180","44,180","44,180","44,180","42,750","42,750","42,750","42,750","42,750"
14986070,코시 MPM4007WL 무선 충전 패드 마우스 세트,"50,010","50,010","50,010","50,010","50,010","50,010","51,610","51,610","51,610","51,610"
15309908,코시 딕트 무선 마우스 패드 세트,"11,480","11,480","11,480","11,480","11,480","11,480","11,480","11,480","11,480","11,480"
15308507,코시 버티컬 무선 마우스 패드 세트,"15,240","15,240","15,240","15,240","15,240","15,240","15,240","15,240","15,240","15,240"
6484161,코시 아머 무선 마우스,"10,330","10,780","10,720","10,660","10,600","10,580","10,550","10,540","10,520","10,820"
28209698,쿠팡 홈플래닛 AJ52,"22,850",0,"24,020","22,850","22,850","22,850","22,850","22,850",0,"22,840"
54811577,쿠팡 홈플래닛 CP-VM01 무선,0,"15,700","15,700","15,700","15,700","15,700","15,700","15,700","15,700","15,700"
37345898,쿠팡 홈플래닛 HP-01 저소음 무선 마우스,"_블랙_20,390|_핑크_20,390","_블랙_20,390|_핑크_20,390","_블랙_20,390|_핑크_20,390","_블랙_20,390|_핑크_20,390","_블랙_20,390|_핑크_20,390","_블랙_20,390|_핑크_20,390","_블랙_14,110|_핑크_14,370","_블랙_14,110|_핑크_14,370",0,0
20676134,쿠팡 홈플래닛 HP-01 저소음 무선 마우스,0,0,0,0,0,0,0,0,"_블랙_14,110|베이지_13,850|_핑크_13,680","_블랙_14,110|베이지_13,850|_핑크_13,680"
37345877,쿠팡 홈플래닛 저소음 슬림 무선마우스,0,0,0,0,0,0,"_핑크_14,450|_화이트_14,450","_핑크_14,450|_화이트_14,450","_핑크_14,450|_화이트_14,450","_핑크_14,450|_화이트_14,450"
28062188,쿨러마스터 MM310 Street Fighter 6 Chun-Li,"51,900","51,900","51,900","51,900","51,900","51,900","51,900","51,900","51,900","51,900"
13151805,쿨러마스터 MM711,0,0,"해외구매_98,800","해외구매_98,800","해외구매_98,800","해외구매_98,800",0,0,0,0
14750021,쿨러마스터 MM730 Wired Mouse,"_블랙_53,380|_화이트_44,690","_블랙_53,380|_화이트_44,690","_블랙_48,040|_화이트_44,690","_블랙_48,040|_화이트_44,690","_블랙_48,040|_화이트_44,690","_블랙_57,400|_화이트_45,500","_블랙_53,380|_화이트_45,500","_블랙_53,380|_화이트_45,500","_블랙_46,490|_화이트_45,100","_블랙_46,490|_화이트_45,100"
15399782,쿨러마스터 MM731 GAMING MOUSE,"_블랙_60,410|_화이트_60,781","_블랙_60,410|_화이트_60,781","_블랙_60,410|_화이트_60,781","_블랙_60,410|_화이트_61,578","_블랙_60,410|_화이트_61,578","_블랙_61,578|_화이트_61,578","_블랙_61,578|_화이트_61,578","_블랙_61,578|_화이트_61,578","_블랙_60,960|_화이트_60,960","_블랙_60,960|_화이트_60,960"
15450944,타거스 AMB580,0,0,"14,900","14,900","14,900","14,900","14,900","14,900","14,900","14,900"
54317741,터틀비치 Burst II Air 유무선,"_블랙_119,000|_화이트_93,810","_블랙_119,000|_화이트_93,740","_블랙_119,000|_화이트_93,740","_블랙_119,000|_화이트_93,740",0,0,0,0,0,0
54317735,터틀비치 Burst II Air 유무선,0,0,0,0,"_블랙_119,000|_화이트_93,740","_블랙_119,000|_화이트_98,000","_블랙_119,000|_화이트_98,000","_블랙_119,000|_화이트_98,000","_블랙_119,000|_화이트_98,000","_블랙_119,000|_화이트_98,000"
68686763,터틀비치 KONE II,"_블랙_103,550|_화이트_109,000","_블랙_103,550|_화이트_109,000","_블랙_109,000|_화이트_109,000","_블랙_109,000|_화이트_109,000","_블랙_109,000|_화이트_109,000","_블랙_103,550|_화이트_109,000","_블랙_103,550|_화이트_109,000",0,0,0
68686772,터틀비치 KONE II,0,0,0,0,0,0,0,"_블랙_102,460|_화이트_109,000","_블랙_102,460|_화이트_109,000","_블랙_102,460|_화이트_109,000"
68686817,터틀비치 KONE II Air 무선,"_블랙_99,000|_화이트_99,000","_블랙_99,000|_화이트_99,000","_블랙_99,000|_화이트_99,000","_블랙_99,000|_화이트_99,000","_블랙_99,000|_화이트_99,000","_블랙_99,000|_화이트_99,000","_블랙_99,000|_화이트_99,000","_블랙_99,000|_화이트_99,000","_블랙_99,000|_화이트_99,000","_블랙_99,000|_화이트_99,000"
124412152,터틀비치 MC7 유무선,0,0,0,0,0,해외구매_가격비교예정,"해외구매_325,620","해외구매_325,620","해외구매_325,620","해외구매_325,620"
78609356,텐코 FG-WM5000 무선,"6,100","6,100",0,0,0,0,0,0,0,0
15976793,티앤에스인터내셔널 NOX NX-M1 유선 LED 게이밍 마우스,"32,800","32,800","32,800","32,800","32,800","32,800","32,800","32,800","32,150","32,150"
15305819,팬웨스트 BT3050 블루투스 마우스,"_블랙_15,900|화이트_15,900|_핑크_15,900|그린_15,900|블루_15,900","_블랙_15,900|화이트_15,900|_핑크_15,900|그린_15,900|블루_15,900","_블랙_15,900|화이트_15,900|_핑크_15,900|그린_15,900|블루_15,900","_블랙_15,900|화이트_15,900|_핑크_15,900|그린_15,900|블루_15,900","_블랙_15,900|_화이트_15,900|핑크_15,900|그린_15,900|블루_15,900","_블랙_15,900|_화이트_15,900|핑크_15,900|그린_15,900|블루_15,900","_블랙_15,900|_화이트_15,900|핑크_15,900|그린_15,900|블루_15,900","_블랙_15,900|화이트_15,900|_핑크_15,900|그린_15,900|블루_15,900","_블랙_15,900|화이트_15,900|_핑크_15,900|그린_15,900|블루_15,900","_블랙_15,900|화이트_15,900|_핑크_15,900|그린_15,900|블루_15,900"
17507723,팬웨스트 PM-989 버티컬 마우스,"29,500","29,500","29,500","29,500","29,490","29,490","29,490","29,490","29,490","29,490"
18678314,팬웨스트 PW-999 무선,"29,500","29,500","29,500","29,500","29,490","29,490","29,490","29,490","29,490","29,490"
12663692,팬웨스트 PW815 무소음 무선마우스,"블랙_10,500|라이트 블루_14,970|_라이트 핑크_12,490|_화이트_10,500","블랙_10,500|라이트 블루_14,970|_라이트 핑크_12,490|_화이트_10,500","블랙_10,500|라이트 블루_14,970|_라이트 핑크_12,490|_화이트_10,500","블랙_10,500|라이트 블루_14,970|_라이트 핑크_12,490|_화이트_10,500","블랙_10,500|라이트 블루_14,970|_라이트 핑크_12,410|_화이트_10,500","블랙_10,500|라이트 블루_14,970|_라이트 핑크_12,350|_화이트_10,500","블랙_10,500|라이트 블루_14,970|_라이트 핑크_12,300|_화이트_10,500","블랙_10,500|라이트 블루_14,970|_라이트 핑크_12,260|_화이트_10,500","블랙_10,500|라이트 블루_14,970|_라이트 핑크_12,250|_화이트_10,500","블랙_10,500|라이트 블루_14,970|_라이트 핑크_12,190|_화이트_10,500"
18150386,팬톤 PAWM-01 무선 마우스,0,"9,800","9,800","9,800","9,800","9,800","9,800","9,800",0,0
32103287,팬톤 PTWM-02 무선,"오션 브리즈_33,880","오션 브리즈_33,880","오션 브리즈_33,880","오션 브리즈_33,880",0,0,0,0,0,0
18309506,펜톤 COMPACT 무선,"핑크_20,200","핑크_20,200","핑크_20,200","핑크_20,200",0,0,0,"핑크_20,200","핑크_20,200","핑크_20,200"
37345931,펜톤 M990TRIPLE 무선,"15,400","15,750","15,070","14,730","15,750","15,450","14,730","15,450","14,770","15,450"
16226879,포유디지탈 iMUZ M1 나노리시버 무선 마우스,"_블랙_9,800|_그레이_9,900|화이트_9,810","_블랙_9,800|_그레이_9,900|화이트_9,810","_블랙_9,800|_그레이_9,900|화이트_9,810","_블랙_9,800|_그레이_9,900|화이트_9,810","_블랙_9,800|_그레이_9,900|화이트_9,810","_블랙_9,900|_그레이_9,900|화이트_9,900","_블랙_9,900|_그레이_9,900|화이트_9,900","_블랙_9,900|_그레이_9,900|화이트_9,900","_블랙_9,900|_그레이_9,900|화이트_9,900","_블랙_9,900|_그레이_9,900|화이트_9,900"
19680758,포트리스 플레이기어 PM121 무소음,"_블랙_8,130|블루_8,130|_옐로우_8,130|핑크_8,130|화이트_8,130","_블랙_8,130|블루_8,130|옐로우_8,130|_핑크_8,130|화이트_8,130","_블랙_8,890|블루_8,140|옐로우_8,890|_핑크_8,890|화이트_8,800","_블랙_8,890|블루_8,140|옐로우_8,890|_핑크_8,890|화이트_8,800","_블랙_8,130|블루_8,130|옐로우_8,130|_핑크_8,130|화이트_8,130",0,0,0,0,0
79399883,포트리스 플레이기어 PM121 무소음,0,0,0,0,0,"블랙_8,130|블루_8,130|_옐로우_8,130|_핑크_8,130|화이트_8,130","블랙_8,890|블루_8,140|_옐로우_8,890|_핑크_8,890|화이트_8,800","블랙_8,890|블루_8,140|_옐로우_8,890|_핑크_8,890|화이트_8,800",0,0
79399862,포트리스 플레이기어 PM121 무소음,0,0,0,0,0,0,0,0,"_블랙_8,130|블루_8,130|_옐로우_8,130|핑크_8,130|화이트_8,130","_블랙_8,890|블루_8,140|_옐로우_8,890|핑크_8,890|화이트_8,800"
29881880,포트리스 플레이기어 PM321 무선,"_블랙_25,800|_옐로우_21,800|핑크_21,800|화이트_25,800",0,0,0,0,0,0,0,0,0
29881775,포트리스 플레이기어 PM321 무선,0,"_블랙_25,800|_옐로우_21,800|핑크_21,800|화이트_25,800","_블랙_25,800|_옐로우_21,800|핑크_21,800|화이트_25,800","_블랙_25,800|_옐로우_21,800|핑크_21,800|화이트_25,800","_블랙_25,800|_옐로우_21,800|핑크_21,800|화이트_25,800","_블랙_25,800|_옐로우_21,800|핑크_21,800|화이트_25,800","_블랙_25,800|_옐로우_21,800|핑크_21,800|화이트_25,800","_블랙_25,800|_옐로우_21,800|핑크_21,800|화이트_25,800","_블랙_25,800|_옐로우_21,800|핑크_21,800|화이트_25,800","_블랙_25,800|_옐로우_21,800|핑크_21,800|화이트_25,800"
10971576,폭스레이 Rapidbee SM-52 RGB 게이밍 마우스,0,0,0,0,0,0,0,"26,900","26,900","26,900"
5881028,폰트리 힐링쉴드 H640P 저반사 지문방지 액정보호필름,"25,020","25,020","25,020","25,020","25,020","25,020","25,020","25,020","25,020","25,020"
6759721,퓨전에프앤씨 INOTE FS-330M 무소음 무선 마우스,"_블랙_9,900|_화이트_28,990","_블랙_9,900|_화이트_28,990","_블랙_9,900|_화이트_28,990","_블랙_9,900|_화이트_28,990","_블랙_9,900|_화이트_28,990","_블랙_9,900|_화이트_28,990","_블랙_9,900|_화이트_28,990","_블랙_9,900|_화이트_28,990","_블랙_9,900|_화이트_28,990","_블랙_9,900|_화이트_28,990"
14046239,퓨전에프앤씨 INOTE FS-508RB 무선 마우스,"블랙_19,800|_블루_15,900|_화이트_15,900","블랙_19,800|_블루_15,900|_화이트_15,900","블랙_19,800|_블루_15,900|_화이트_15,900","블랙_19,800|_블루_15,900|_화이트_15,900","블랙_19,800|_블루_15,900|_화이트_15,900",0,0,0,0,0
9710550,퓨전에프앤씨 INOTE FS-508RB 무선 마우스,0,0,0,0,0,"블랙_19,800|_블루_15,900|_화이트_15,900","블랙_19,800|_블루_15,900|_화이트_15,900","블랙_19,800|_블루_15,900|_화이트_15,900","블랙_19,800|_블루_15,900|_화이트_15,900","블랙_19,800|_블루_15,900|_화이트_15,900"
15650339,퓨전에프앤씨 INOTE M33RB 충전식 무선 마우스,0,0,0,0,0,0,0,0,"블랙_19,900","블랙_19,900"
14599283,퓨전에프앤씨 INOTE M55RB 무선 마우스,"_블랙_15,400|_화이트_36,270","_블랙_15,400|_화이트_36,270","_블랙_15,400|_화이트_36,650","_블랙_15,400|_화이트_36,650","_블랙_15,400|_화이트_36,650","_블랙_15,400|_화이트_36,650","_블랙_15,400|_화이트_36,650","_블랙_15,400|_화이트_38,990","_블랙_15,400|_화이트_38,990","_블랙_15,400|_화이트_38,990"
20348936,퓨전에프앤씨 INOTE M60RB 무선 블루투스,"9,900","9,900","9,900","9,900","9,900","9,900","9,900","9,900","9,900","9,900"
63034439,퓨전에프앤씨 INOTE M809RB 무선,"블랙_14,700","블랙_14,700","블랙_14,700","블랙_14,700","블랙_14,700","블랙_14,700","블랙_14,700","블랙_14,700","블랙_14,700","블랙_14,700"
18726281,퓨전에프앤씨 INOTE MC340RB 무선 블루투스,"_화이트_18,900|_그린_18,900|핑크_18,900","_화이트_18,900|_그린_18,900|핑크_18,900","_화이트_18,900|_그린_18,900|핑크_18,900","_화이트_18,900|_그린_18,900|핑크_18,900","_화이트_18,900|_그린_18,900|핑크_18,900","_화이트_18,900|_그린_18,900|핑크_18,900","_화이트_18,900|_그린_18,900|핑크_18,900","_화이트_18,900|_그린_18,900|핑크_18,900","_화이트_18,900|_그린_18,900|핑크_18,900","_화이트_18,900|_그린_18,900|핑크_18,900"
15890027,퓨전에프앤씨 INOTE MC360R RGB,0,0,0,0,0,0,0,0,"민트_16,560","민트_16,560"
79398161,퓨전에프앤씨 INOTE VM530RB 무선,"_블랙_24,800|_화이트_24,800","_블랙_24,800|_화이트_24,800","_블랙_24,800|_화이트_24,800","_블랙_24,800|_화이트_24,800","_블랙_24,800|_화이트_24,800","_블랙_24,800|_화이트_24,800","_블랙_24,800|_화이트_24,800","_블랙_24,800|_화이트_24,800","_블랙_24,800|_화이트_24,800","_블랙_24,800|_화이트_24,800"
96478211,퓨전에프앤씨 INOTE VM560RB 무선 오른손,"24,800","24,800","24,800","24,800","24,800","24,800","24,800","24,800","24,800","24,800"
96478226,퓨전에프앤씨 INOTE VM560RB 무선 왼손,"24,800","24,800","24,800","24,800","24,800","24,800","24,800","24,800","24,800","24,800"
101078732,퓨전에프앤씨 INOTE VM600RB 무선,"_블랙_23,800|_화이트_23,800","_블랙_23,800|_화이트_23,800",0,0,0,0,"_블랙_23,800|_화이트_23,800","_블랙_23,800|_화이트_23,800","_블랙_23,800|_화이트_23,800","_블랙_23,800|_화이트_23,800"
101078735,퓨전에프앤씨 INOTE VM600RB 무선,0,0,"_블랙_23,800|_화이트_23,800","_블랙_23,800|_화이트_23,800","_블랙_23,800|_화이트_23,800","_블랙_23,800|_화이트_23,800",0,0,0,0
28470188,퓨전에프앤씨 KFM100J 무선,"34,800","34,800","34,800","34,800","34,800","34,800","34,800","34,800","34,800","34,800"
20723447,퓨전에프앤씨 위베어베어스 DV-WM12 무선,"12,890","12,890","12,890","12,890","12,890","12,890","12,890","12,890","12,890","12,890"
13544315,퓨전에프앤씨 위베어베어스 저소음 무선 마우스,"그리즐리_17,800","그리즐리_17,800","그리즐리_17,800","그리즐리_17,800","그리즐리_17,800","그리즐리_17,800","그리즐리_17,800","그리즐리_17,800","그리즐리_17,800","그리즐리_17,800"
17897807,퓨전에프앤씨 카카오프렌즈 KFM100C 춘식이 무선 마우스,"34,800","34,800","34,800","34,800","34,800","34,800","34,800","34,800","34,800","34,800"
17897819,퓨전에프앤씨 카카오프렌즈 KFM100R 라이언 무선 마우스,"34,800","34,800","34,800","34,800","34,800","34,800","34,800","34,800","34,800","34,800"
17283500,퓨전에프앤씨 펭수 BPM20 멀티페어링 무선 마우스,"_핑크_17,950|_블루_21,800","_핑크_17,950|_블루_21,800","_핑크_17,950|_블루_21,800","_핑크_17,950|_블루_21,800","_핑크_17,950|_블루_21,800","_핑크_17,950|_블루_21,800","_핑크_17,950|_블루_21,800","_핑크_17,950|_블루_21,800","_핑크_17,950|_블루_21,800","_핑크_17,950|_블루_21,800"
122647032,퓨처리스텍 링마우스,"57,900","57,900","57,900","57,900","57,900","57,900","57,900","57,900","57,900","57,900"
9948336,프나틱 기어 CLUTCH 2 Anomaly Signature Edition,0,0,0,"49,900","49,900","49,900","49,900","49,900","49,900","49,900"
9695688,프나틱 기어 CLUTCH 2 Fnatic15 Edition,0,0,0,"49,900","49,900","49,900","49,900","49,900","49,900","49,900"
65943602,프나틱 기어 LAMZU MAYA 8K 유무선,"162,000","162,000","162,000","162,000","162,000","162,000","162,000","162,000","162,000","162,000"
17430059,프나틱 기어 볼트 무선 게이밍 마우스,"_블랙_41,650|_화이트_41,650","_블랙_41,650|_화이트_41,650","_블랙_41,650|_화이트_41,650","_블랙_41,650|_화이트_41,650","_블랙_41,650|_화이트_41,650","_블랙_43,120|_화이트_43,120","_블랙_43,120|_화이트_43,120","_블랙_43,120|_화이트_43,120","_블랙_43,120|_화이트_43,120","_블랙_43,120|_화이트_43,120"
6364718,프나틱 기어 플릭2 RGB 게이밍 마우스,0,0,0,"101,770","101,770","101,770","101,770","101,770","101,770","101,770"
73563203,프리플로우 Scyrox V6 유무선,"블랙_146,340","블랙_146,340","블랙_146,340","블랙_146,340","블랙_146,340","블랙_146,340","블랙_146,340","블랙_146,340","블랙_146,340","블랙_157,000"
124086793,프리플로우 Scyrox V6s 유무선,"블랙_89,900|_블루_89,900|핑크_89,900|_화이트_89,900","블랙_89,900|_블루_89,900|핑크_89,900|_화이트_89,900","블랙_89,900|_블루_89,900|핑크_89,900|_화이트_89,900","블랙_89,900|_블루_89,900|핑크_89,900|_화이트_89,900","블랙_89,900|_블루_89,900|핑크_89,900|_화이트_89,900","블랙_89,900|_블루_89,900|핑크_89,900|_화이트_89,900","블랙_89,900|_블루_89,900|핑크_89,900|_화이트_89,900","_블랙_89,900|_블루_89,900|핑크_89,900|화이트_89,900","블랙_89,900|_블루_89,900|_핑크_89,900|화이트_89,900","블랙_89,900|_블루_89,900|_핑크_89,900|화이트_89,900"
124086798,프리플로우 Scyrox V6s 유무선,"블랙_89,900|_블루_89,900|핑크_89,900|_화이트_89,900","블랙_89,900|_블루_89,900|핑크_89,900|_화이트_89,900","블랙_89,900|_블루_89,900|핑크_89,900|_화이트_89,900",0,0,0,"블랙_89,900|_블루_89,900|핑크_89,900|_화이트_89,900","_블랙_89,900|_블루_89,900|핑크_89,900|화이트_89,900","블랙_89,900|_블루_89,900|_핑크_89,900|화이트_89,900","블랙_89,900|_블루_89,900|_핑크_89,900|화이트_89,900"
124086796,프리플로우 Scyrox V6s 유무선,0,0,0,"블랙_89,900|_블루_89,900|핑크_89,900|_화이트_89,900","블랙_89,900|_블루_89,900|핑크_89,900|_화이트_89,900","블랙_89,900|_블루_89,900|핑크_89,900|_화이트_89,900",0,0,0,0
67372340,프리플로우 Scyrox V8 8K 유무선,"블랙_102,020","블랙_102,020","블랙_102,020","블랙_102,020","블랙_102,020","블랙_102,020","블랙_102,020","블랙_102,020","블랙_104,100","블랙_104,100"
122721729,프리플로우 archon AM24B 무선,"_딸기라떼_23,900|라이트 그레이_23,900|_말차라떼_23,900|블랙_23,900|소다_23,900","_딸기라떼_23,900|라이트 그레이_23,900|_말차라떼_23,900|블랙_23,900|소다_23,900","_딸기라떼_23,900|라이트 그레이_23,900|_말차라떼_23,900|블랙_23,900|소다_23,900","_딸기라떼_23,900|라이트 그레이_23,900|_말차라떼_23,900|블랙_23,900|소다_23,900","_딸기라떼_23,900|라이트 그레이_23,900|_말차라떼_23,900|블랙_23,900|소다_23,900","_딸기라떼_23,900|라이트 그레이_23,900|_말차라떼_23,900|블랙_23,900|소다_23,900",0,0,"딸기라떼_23,900|라이트 그레이_23,900|_말차라떼_23,900|블랙_23,900|_소다_23,900","_딸기라떼_23,900|라이트 그레이_23,900|_말차라떼_23,900|블랙_23,900|소다_23,900"
122721725,프리플로우 archon AM24B 무선,0,0,"_딸기라떼_23,900|라이트 그레이_23,900|_말차라떼_23,900|블랙_23,900|소다_23,900","_딸기라떼_23,900|라이트 그레이_23,900|_말차라떼_23,900|블랙_23,900|소다_23,900",0,0,0,0,0,0
122721736,프리플로우 archon AM24B 무선,0,0,0,0,0,0,"딸기라떼_23,900|라이트 그레이_23,900|_말차라떼_23,900|블랙_23,900|_소다_23,900","딸기라떼_23,900|라이트 그레이_23,900|_말차라떼_23,900|블랙_23,900|_소다_23,900",0,0
61844591,프리플로우 archon V1 PRO MINI 유무선,"32,900","32,900","32,900","32,900","32,900","32,900","32,900","32,900","32,900","32,900"
10168419,플레오맥스 AVEC-G05 게이밍 마우스,"5,400","5,790","5,790","5,790","5,790","5,790","5,790","5,790","5,790","5,790"
5849176,플레오맥스 AVEC-G10,"7,580","7,580","7,580","7,580","7,580","7,580","7,580","7,580","7,580","7,580"
5849204,플레오맥스 AVEC-G20,"9,500","9,500","9,500","9,500","9,500","9,500","9,500","9,500","9,500","9,500"
6514057,플레오맥스 AVEC-G50 RGB 게이밍 마우스,"12,820","12,820","12,820","12,820","12,820","13,500","13,500","13,500","13,500","13,500"
6451225,플레오맥스 AVEC-M3 유선마우스,"4,600","4,600","4,600","4,600","4,600","4,600","4,600","4,600","4,600","4,600"
6469663,플레오맥스 AVEC-M5 유선 광 마우스,"_블루_6,640|_화이트_6,440","_블루_6,640|_화이트_6,440","_블루_6,640|_화이트_6,440","_블루_6,640|_화이트_6,440",0,0,0,0,0,0
6469671,플레오맥스 AVEC-M5 유선 광 마우스,0,0,0,0,"_블루_6,640|_화이트_6,440","_블루_6,640|_화이트_6,440","_블루_6,640|_화이트_6,440","_블루_6,640|_화이트_6,440","_블루_6,640|_화이트_6,440","_블루_6,640|_화이트_6,440"
965652,플레오맥스 MO-200,"화이트_3,230","화이트_3,230","화이트_3,230",0,0,0,0,0,0,0
100691672,플레오맥스 MO-750U,"4,560","4,560","4,560","4,560","4,560","4,800","4,800","4,800","4,800","4,800"
5113703,플레오맥스 MO-ER100,"12,820","12,820","12,820","12,820","12,820","13,480","13,480","13,480","13,480","13,480"
5954881,플레오맥스 MO-ER300 버티컬마우스,"16,050","16,050","16,050","16,050","16,050","16,050","16,050","16,050","16,050","16,050"
5631622,플레오맥스 MO-ER50 인체공학 마우스,"10,350","10,350","10,350","10,350","10,350","10,125","10,125","10,125","10,125","10,125"
11009331,플레오맥스 MO-ER600 RGB 버티컬 인체공학 마우스,"29,920","29,920","29,920","29,920","29,920","30,990","31,000","31,000","31,000","30,990"
13287512,플레오맥스 MO-ER700 인체공학 버티컬 마우스,"16,150","16,150","16,150","16,150","16,150","17,000","17,000","17,000","17,000","17,000"
6368676,플레오맥스 MO-K100,"4,240","4,240","4,240","4,240","4,240","4,240","4,240","4,240","4,240","4,240"
99736166,플레오맥스 MOB-201 무선,"9,500","9,500","9,500","9,500","9,500","9,500","9,500","9,000","9,000","9,000"
20523833,플레오맥스 MOB-501 무선 블루투스,"_블랙_7,130|_화이트_7,130","_블랙_7,130|_화이트_7,130","_블랙_7,130|_화이트_7,130","_블랙_7,130|_화이트_7,130","_블랙_7,130|_화이트_7,130","_블랙_7,300|_화이트_7,300","_블랙_7,300|_화이트_7,300","_블랙_7,300|_화이트_7,300","_블랙_7,300|_화이트_7,300","_블랙_7,300|_화이트_7,300"
30248570,플레오맥스 MOB-M3 무선 미니,"11,920","12,590","12,480","12,410","12,350","12,270","12,170","12,130","12,100","12,090"
20424692,플레오맥스 MOC-BER920 무선 블루투스,"22,500","22,500","22,500","22,500","24,190","24,190","23,210","23,210","23,210","23,210"
20424842,플레오맥스 MOC-BER960 무선 블루투스,"34,010","33,950","33,900","33,830","33,770","33,710","33,670","33,610","33,530","33,280"
4835977,플레오맥스 MOC-ER200,"15,200","15,200","15,200","15,200","15,200","16,000","15,990","15,990","15,990","15,990"
5954864,플레오맥스 MOC-ER350 무선 버티컬마우스,"26,600","26,600","26,600","26,600","26,600","27,990","27,990","27,990","27,990","27,990"
7841365,플레오맥스 MOC-ER500 무선 버티컬마우스,"33,040","33,040","33,040","33,040","33,040","33,040","33,040","33,040","33,040","33,040"
11009208,플레오맥스 MOC-ER650 버티컬 인체공학 무선마우스,"29,900","29,900","29,900","29,900","29,900","29,900","29,900","29,900","29,900","29,900"
13287641,플레오맥스 MOC-ER750 인체공학 무선 버티컬 마우스,"26,130","26,130","26,130","26,130","26,130","27,500","27,500","27,500","27,500","27,500"
13287809,플레오맥스 MOC-ER850 무소음 무선 인체공학 버티컬 마우스,"34,080","34,080","34,070","34,070","34,060","34,060","34,050","34,050","34,040","34,040"
18424934,플레오맥스 MOC-ER900 무선 블루투스 버티컬 마우스,"18,490","18,500","18,500","18,500","18,500","18,500","18,500","18,500","18,500","18,500"
4882553,플레오맥스 MOC-ER950,"15,590","15,590","15,590","15,590","15,590","15,590","15,590","15,590","15,590","15,590"
17343158,플레오맥스 MOC-VM100 무선 버티컬 마우스,"22,814","22,814","22,814","22,814","22,814","22,814","20,076","20,076","24,450","24,450"
55388537,플레오맥스 MOC-VM300 무선,"_블랙_16,820|_화이트_19,340","_블랙_16,820|_화이트_19,340","_블랙_16,820|_화이트_19,340","_블랙_16,820|_화이트_19,340","_블랙_16,820|_화이트_19,340","_블랙_16,820|_화이트_19,480","_블랙_16,820|_화이트_19,480","_블랙_16,820|_화이트_19,480","_블랙_16,820|_화이트_19,480",0
95347583,플레오맥스 MOC-VM300 무선,0,0,0,0,0,0,0,0,0,"_블랙_16,820|_화이트_19,480"
63757436,플레오맥스 MOC-VM500 무선,"35,150","35,150","35,150","35,150","35,150","37,000","37,000","38,990","38,990","38,990"
5858050,플레오맥스 MOC-WM10,"5,490","5,500","5,500","5,450","5,490","5,490","5,490","5,490","5,490","5,490"
14974199,플레오맥스 MOC-WM20,"_블랙_8,590|_화이트_9,680","_블랙_8,590|_화이트_9,680","_블랙_8,590|_화이트_9,680","_블랙_8,590|_화이트_9,680","_블랙_8,590|_화이트_9,680","_블랙_8,590|_화이트_9,680","_블랙_8,590|_화이트_9,670","_블랙_8,590|_화이트_9,560","_블랙_8,590|_화이트_9,470","_블랙_8,590|_화이트_9,470"
6451248,플레오맥스 MOC-WM40 무선 마우스,"_블랙_5,030|_레드_6,790","_블랙_5,030|_레드_6,780","_블랙_5,030|_레드_6,780","_블랙_5,030|_레드_6,780","_블랙_5,030|_레드_6,790","_블랙_5,030|_레드_6,790","_블랙_5,030|_레드_6,790","_블랙_5,030|_레드_6,790","_블랙_5,030|_레드_6,790","_블랙_5,030|_레드_6,790"
7175866,플레오맥스 MOC-WM50,0,0,"12,090","12,090","12,090","12,090","12,090","12,090","12,090","12,090"
10168245,플레오맥스 MOC-WM60 저소음 무선 마우스,"5,680","5,680","5,680","5,680","5,680","5,680","5,680","5,680","5,680","5,680"
19009124,플레오맥스 MOC-WM80 무선 무소음,"_블랙_6,500|_화이트_6,330","_블랙_6,500|_화이트_6,320","_블랙_6,500|_화이트_6,320","_블랙_6,500|_화이트_6,320","_블랙_6,990|_화이트_6,790","_블랙_6,990|_화이트_6,790","_블랙_6,990|_화이트_6,790","_블랙_6,990|_화이트_6,790","_블랙_6,990|_화이트_6,790","_블랙_6,990|_화이트_6,790"
19840802,플레오맥스 MOC-WM90 무선,"_블랙_8,000|_화이트_7,600","_블랙_8,000|_화이트_8,760","_블랙_8,000|_화이트_8,710","_블랙_8,000|_화이트_8,640","_블랙_8,000|_화이트_8,640","_블랙_8,000|_화이트_9,190","_블랙_8,000|_화이트_9,190","_블랙_8,000|_화이트_9,190","_블랙_8,000|_화이트_9,190","_블랙_8,000|_화이트_9,190"
12010043,플레오맥스 PBE-M1000,"_화이트_4,820|_블랙_5,300","_화이트_4,820|_블랙_5,300","_화이트_4,820|_블랙_5,300","_화이트_4,820|_블랙_5,300","_화이트_4,820|_블랙_5,300","_화이트_4,820|_블랙_5,300","_화이트_4,820|_블랙_5,300","_화이트_4,820|_블랙_5,300","_화이트_4,820|_블랙_5,300","_화이트_4,820|_블랙_5,300"
99736175,플레오맥스 PBM-10 무선,"4,560","4,560","4,560","4,560","4,560","4,800","4,800","4,800","4,800","4,800"
62172968,플레오맥스 PBM-20 무선,"9,390","9,390","9,390","9,390","9,350","9,330","9,240","9,150","9,110","9,050"
29821433,플레오맥스 PBM-40 무선,"_블랙_10,040|_화이트_10,030","_블랙_10,040|_화이트_10,030","_블랙_10,040|_화이트_10,030","_블랙_10,040|_화이트_10,030","_블랙_10,040|_화이트_10,030","_블랙_10,560|_화이트_10,560","_블랙_10,560|_화이트_10,560","_블랙_10,660|_화이트_11,000","_블랙_10,660|_화이트_11,000","_블랙_10,660|_화이트_11,000"
19022381,플레오맥스 PM-2000 무선,"8,390","8,390","8,390","8,390","8,390","8,390","8,390","8,390","8,390","8,390"
18509279,플레오맥스 PM-BM1000,"8,260","8,260","8,260","8,260","8,260","8,260","8,260","8,260","8,260","8,260"
29083592,플레오맥스 PM-BM2000 무선 블루투스,"12,380","13,250","13,200","13,190","13,190","13,180","13,170","13,170","13,160","13,150"
98410601,플레이고 M20 무선,"6,650","6,650","6,650","6,650","6,650","6,650","6,650","6,650","6,650","6,650"
102126068,플레이고 M30 무선,"5,080","5,080","5,080","5,080","5,080","5,080","5,080","5,080","5,080","5,080"
119369304,필립스 G304 게이밍 유선 마우스,0,0,0,0,0,0,0,"17,000","17,000","17,000"
8617424,필립스 G313 게이밍 마우스,"13,400","20,690","20,690","20,690","20,690","20,690","20,690","20,690","20,690","20,690"
9538515,필립스 M404 무선 마우스,"8,070",0,0,0,0,0,0,0,0,0
98413364,필립스 SPK7238,"_블랙_7,900|_화이트_4,830","_블랙_7,900|_화이트_4,830","_블랙_7,900|_화이트_4,830",0,"_블랙_7,900|_화이트_4,830","_블랙_7,900|_화이트_4,830",0,0,0,0
98413376,필립스 SPK7238,0,0,0,"_블랙_7,900|_화이트_4,830",0,0,"_블랙_7,900|_화이트_4,830","_블랙_7,900|_화이트_4,830","_블랙_7,900|_화이트_4,830","_블랙_7,900|_화이트_4,830"
16867919,필립스 SPK7354 멀티페어링 무선 마우스,"11,990","11,990","11,990","11,990","11,990","12,890","12,890","12,890","12,890","12,890"
70003709,필립스 SPK7368 무선,"_그레이_12,900|_화이트_12,900","_그레이_12,900|_화이트_12,900","_그레이_12,900|_화이트_12,900","_그레이_12,900|_화이트_12,900","_그레이_12,900|_화이트_12,900","_그레이_12,900|_화이트_12,900",0,0,0,0
62635745,필립스 SPK7368 무선,0,0,0,0,0,0,"_그레이_12,900|_화이트_12,900","_그레이_12,900|_화이트_12,900","_그레이_12,900|_화이트_12,900","_그레이_12,900|_화이트_12,900"
59921057,필립스 SPK7378 저소음 무선,"그레이_13,900|_블랙_13,100|핑크_13,900|_화이트_13,660","그레이_13,900|_블랙_13,100|핑크_13,900|_화이트_13,660","그레이_13,900|_블랙_13,100|핑크_13,900|_화이트_13,840","그레이_13,900|_블랙_13,100|핑크_13,900|_화이트_13,890","그레이_13,900|_블랙_13,100|핑크_13,900|_화이트_13,890",0,"_그레이_13,900|_블랙_13,100|핑크_13,900|화이트_13,900","_그레이_13,900|_블랙_13,100|핑크_13,900|화이트_13,900","_그레이_13,900|_블랙_13,100|핑크_13,900|화이트_13,900","_그레이_13,900|_블랙_13,100|핑크_13,900|화이트_13,900"
70001927,필립스 SPK7378 저소음 무선,0,0,0,0,0,"그레이_13,900|_블랙_13,100|_핑크_13,900|화이트_13,890",0,0,0,0
59921003,필립스 SPK7528 저소음 무선,"_그레이_18,500|_화이트_18,500","_그레이_18,500|_화이트_18,500","_그레이_18,500|_화이트_18,500","_그레이_18,500|_화이트_18,500","_그레이_18,500|_화이트_18,500","_그레이_17,700|_화이트_17,570","_그레이_17,540|_화이트_17,540","_그레이_17,530|_화이트_17,530","_그레이_17,530|_화이트_17,530","_그레이_17,520|_화이트_17,520"
12224705,필립스 SPK7604 멀티페어링 무선 마우스,"화이트_19,800","화이트_19,800","화이트_19,800","화이트_19,800",0,0,0,0,0,0
62638796,필립스 SPK7607 무선,"_블랙_19,900|_화이트_19,900","_블랙_19,900|_화이트_19,900","_블랙_19,900|_화이트_19,900","_블랙_19,900|_화이트_19,900","_블랙_19,900|_화이트_19,900","_블랙_19,900|_화이트_19,900","_블랙_19,900|_화이트_19,900","_블랙_19,900|_화이트_19,900","_블랙_19,900|_화이트_19,900","_블랙_19,900|_화이트_19,900"
123845685,필립스 SPK7858 무선,"_그레이_32,800|_블랙_32,800|화이트_32,800","_그레이_32,800|_블랙_32,800|화이트_32,800","_그레이_32,800|_블랙_32,800|화이트_32,800","_그레이_32,800|_블랙_32,800|화이트_32,800","_그레이_32,800|_블랙_32,800|화이트_32,800","_그레이_32,800|_블랙_32,800|화이트_32,800","_그레이_32,800|블랙_32,800|_화이트_32,800","_그레이_32,800|_블랙_32,800|화이트_32,800","_그레이_32,800|_블랙_32,800|화이트_32,800","_그레이_32,800|블랙_32,800|_화이트_32,800"
104625536,필립스 SPK9418 유무선,"38,900","38,900","38,900","38,900","38,900","38,900","38,900","38,900","38,900","38,900"
17309228,하드라인 햄찌마우스,"17,640","17,640","17,640","17,640","17,640","17,640","17,640","17,640","17,640","17,640"
12850730,한성컴퓨터 BM100 듀얼 무선 무소음마우스,"_블랙_12,900|민트_12,900|퍼플_12,880|핑크_12,880|_화이트_12,900",0,0,0,0,0,0,0,0,0
12850793,한성컴퓨터 BM100 듀얼 무선 무소음마우스,0,"_블랙_12,900|민트_12,900|퍼플_12,900|핑크_12,900|_화이트_12,900","_블랙_12,900|민트_12,900|퍼플_12,900|핑크_12,900|_화이트_12,900","_블랙_12,900|민트_12,900|퍼플_12,900|핑크_12,900|_화이트_12,900","_블랙_12,900|민트_12,900|퍼플_12,900|핑크_12,900|_화이트_12,900","_블랙_12,900|민트_12,900|퍼플_12,900|핑크_12,900|_화이트_12,900","_블랙_12,900|민트_12,900|퍼플_12,900|핑크_12,900|_화이트_12,900","블랙_12,900|민트_12,900|_퍼플_12,900|핑크_12,900|_화이트_12,900","블랙_12,900|민트_12,900|퍼플_12,900|_핑크_12,900|_화이트_12,900","블랙_12,900|민트_12,900|퍼플_12,900|_핑크_12,900|_화이트_12,900"
124217145,한성컴퓨터 BM150 OfficeMaster 무선,"_말차크림_15,900|_블랙_15,900|퍼플하트_15,900|화이트_15,900","_말차크림_15,900|_블랙_15,900|퍼플하트_15,900|화이트_15,900","_말차크림_15,900|_블랙_15,900|퍼플하트_15,900|화이트_15,900","_말차크림_15,900|_블랙_15,900|퍼플하트_15,900|화이트_15,900","_말차크림_15,900|_블랙_15,900|퍼플하트_15,900|화이트_15,900","_말차크림_15,900|_블랙_15,900|퍼플하트_15,900|화이트_15,900","_말차크림_15,900|_블랙_15,900|퍼플하트_15,900|화이트_15,900","_말차크림_15,900|_블랙_15,900|퍼플하트_15,900|화이트_15,900","_말차크림_15,900|_블랙_15,900|퍼플하트_15,900|화이트_15,900","_말차크림_15,900|_블랙_15,900|퍼플하트_15,900|화이트_15,900"
124217136,한성컴퓨터 BM150 OfficeMaster 무선,0,0,0,0,0,0,0,0,0,"_말차크림_15,900|_블랙_15,900|퍼플하트_15,900|화이트_15,900"
28425230,한성컴퓨터 BM200 무선,"_팬텀 블랙_22,900|_베이비 핑크_17,900|스노우 화이트_22,902|토이 블럭_22,902|퍼플 하트_22,900","_팬텀 블랙_22,900|_베이비 핑크_17,900|스노우 화이트_22,900|토이 블럭_22,900|퍼플 하트_22,900","_팬텀 블랙_22,900|_베이비 핑크_17,900|스노우 화이트_22,900|토이 블럭_22,900|퍼플 하트_22,900","팬텀 블랙_22,900|_베이비 핑크_17,900|스노우 화이트_22,900|토이 블럭_22,900|_퍼플 하트_22,900","팬텀 블랙_22,900|_베이비 핑크_17,900|스노우 화이트_22,900|토이 블럭_22,900|_퍼플 하트_22,900","팬텀 블랙_22,900|_베이비 핑크_17,900|스노우 화이트_22,900|토이 블럭_22,900|_퍼플 하트_22,900","팬텀 블랙_22,900|_베이비 핑크_17,900|스노우 화이트_22,900|토이 블럭_22,900|_퍼플 하트_22,900","_팬텀 블랙_22,900|_베이비 핑크_17,890|스노우 화이트_22,900|토이 블럭_22,900|퍼플 하트_22,900","_팬텀 블랙_22,900|_베이비 핑크_17,890|스노우 화이트_22,900|토이 블럭_22,900|퍼플 하트_22,900","_팬텀 블랙_22,900|_베이비 핑크_17,890|스노우 화이트_22,900|토이 블럭_22,900|퍼플 하트_22,900"
5786180,한성컴퓨터 BOSSMONSTER MLv.67 80G 게이밍 마우스,"화이트_19,900","화이트_19,900","화이트_19,900","화이트_19,900","화이트_19,900","화이트_19,900","화이트_19,900","화이트_19,090","화이트_19,090","화이트_19,090"
3268762,한성컴퓨터 GTune ML100 무소음 무선 마우스,"25,840","25,840","25,840","25,840","25,840","25,840",0,0,0,0
9265989,한성컴퓨터 HM170 무소음 무선 마우스,"_옐로우아리_15,900|_브라운고미_15,900|핑크큐리_15,900","_옐로우아리_15,900|_브라운고미_15,900|핑크큐리_15,900","_옐로우아리_15,900|_브라운고미_15,900|핑크큐리_15,900","_옐로우아리_15,900|_브라운고미_15,900|핑크큐리_15,900","_옐로우아리_15,900|_브라운고미_15,900|핑크큐리_15,900","_옐로우아리_15,900|_브라운고미_15,900|핑크큐리_15,900","_옐로우아리_9,900|_브라운고미_15,900|핑크큐리_15,900","_옐로우아리_9,900|_브라운고미_15,900|핑크큐리_15,900","_옐로우아리_9,900|_브라운고미_15,900|핑크큐리_15,900","_옐로우아리_9,900|_브라운고미_15,900|핑크큐리_15,900"
122708273,한성컴퓨터 M5 Nano OfficeMaster 유무선,"블랙, 유소음_29,860|블랙, 저소음_32,900|_코튼캔디, 저소음_32,840|퍼플하트, 저소음_32,840|화이트, 유소음_29,860|_화이트, 저소음_32,900","블랙, 유소음_26,900|블랙, 저소음_32,900|_코튼캔디, 저소음_32,900|퍼플하트, 저소음_32,900|화이트, 유소음_26,900|_화이트, 저소음_32,900","블랙, 유소음_26,900|_블랙, 저소음_32,900|코튼캔디, 저소음_32,900|퍼플하트, 저소음_32,900|화이트, 유소음_26,900|_화이트, 저소음_32,900","블랙, 유소음_26,900|_블랙, 저소음_32,900|코튼캔디, 저소음_32,900|퍼플하트, 저소음_32,900|화이트, 유소음_26,900|_화이트, 저소음_32,900","블랙, 유소음_26,900|_블랙, 저소음_32,900|코튼캔디, 저소음_32,900|퍼플하트, 저소음_32,900|화이트, 유소음_26,900|_화이트, 저소음_32,900",0,0,0,0,0
122708261,한성컴퓨터 M5 Nano OfficeMaster 유무선,0,0,0,0,0,"블랙, 유소음_26,900|_블랙, 저소음_32,900|코튼캔디, 저소음_32,900|퍼플하트, 저소음_32,900|화이트, 유소음_26,900|_화이트, 저소음_32,900","블랙, 유소음_29,900|_블랙, 저소음_32,900|코튼캔디, 저소음_32,900|퍼플하트, 저소음_32,900|화이트, 유소음_29,900|_화이트, 저소음_32,900","블랙, 유소음_29,900|_블랙, 저소음_32,900|코튼캔디, 저소음_32,900|퍼플하트, 저소음_32,900|화이트, 유소음_29,900|_화이트, 저소음_32,900","블랙, 유소음_29,900|_블랙, 저소음_32,900|코튼캔디, 저소음_32,900|퍼플하트, 저소음_32,900|화이트, 유소음_29,900|_화이트, 저소음_32,900","블랙, 유소음_29,900|_블랙, 저소음_32,900|코튼캔디, 저소음_32,900|퍼플하트, 저소음_32,900|화이트, 유소음_29,900|_화이트, 저소음_32,900"
63422192,한성컴퓨터 TFG G260 Ultra Light 8K 유무선,"_레블_39,900|_머랭_39,900|비너스네이비_39,900","_레블_39,900|_머랭_39,900|비너스네이비_39,900",0,0,"_레블_39,900|_머랭_39,900|비너스네이비_39,900","_레블_39,900|_머랭_39,900|비너스네이비_39,900","_레블_39,900|_머랭_39,900|비너스네이비_39,900",0,0,0
77017247,한성컴퓨터 TFG G260 Ultra Light 8K 유무선,0,0,"_레블_39,900|_머랭_39,900|비너스네이비_39,900","_레블_39,900|_머랭_39,900|비너스네이비_39,900",0,0,0,"_레블_39,900|_머랭_39,900|비너스네이비_39,900","_레블_39,900|_머랭_39,900|비너스네이비_39,900","_레블_39,900|_머랭_39,900|비너스네이비_39,900"
6559819,한성컴퓨터 TFG M4 3389 게이밍 마우스,"_화이트_19,900|_블랙_27,900","_화이트_19,900|_블랙_27,900","_화이트_19,900|_블랙_27,900","_화이트_19,900|_블랙_27,900","_화이트_19,900|_블랙_27,900","_화이트_20,950|_블랙_27,900","_화이트_20,320|_블랙_27,900","_화이트_20,320|_블랙_27,900","_화이트_20,320|_블랙_27,900","_화이트_20,320|_블랙_27,900"
17935019,한성컴퓨터 VM100 V2 OfficeMaster 무선 버티컬마우스,"블랙_19,900|_퍼플_19,870|_핑크_19,900|화이트_19,900","블랙_19,900|_퍼플_19,900|_핑크_19,900|화이트_19,900","_블랙_19,900|퍼플_19,900|_핑크_19,900|화이트_19,900",0,0,0,0,0,0,"블랙_19,900|_퍼플_19,900|_핑크_19,890|화이트_19,900"
17934764,한성컴퓨터 VM100 V2 OfficeMaster 무선 버티컬마우스,0,0,0,"_블랙_19,900|퍼플_19,900|_핑크_19,900|화이트_19,900","_블랙_19,900|퍼플_19,900|_핑크_19,900|화이트_19,900","_블랙_19,900|퍼플_19,900|_핑크_19,900|화이트_19,900","_블랙_19,900|퍼플_19,900|_핑크_19,900|화이트_19,900","_블랙_19,900|퍼플_19,900|_핑크_19,900|화이트_19,900","_블랙_19,900|퍼플_19,900|_핑크_19,900|화이트_19,900",0
19663481,한성컴퓨터 VM300 OfficeMaster 무선 블루투스,"_블랙_31,900|_화이트_32,900","_블랙_31,900|_화이트_32,900","_블랙_31,900|_화이트_32,900","_블랙_31,900|_화이트_32,900","_블랙_31,900|_화이트_32,900","_블랙_31,900|_화이트_32,900","_블랙_26,900|_화이트_32,900","_블랙_26,900|_화이트_32,900","_블랙_26,900|_화이트_32,900","_블랙_26,900|_화이트_32,900"
19663817,한성컴퓨터 VM330 OfficeMaster OLED 유무선,"블랙_72,150","블랙_72,150","블랙_72,150","블랙_72,150","블랙_72,150","블랙_72,150","블랙_72,150","블랙_72,150","블랙_72,150","블랙_72,150"
124075072,한성컴퓨터 VM350 OfficeMaster 유무선,"_말차크림_25,370|_블랙_25,900|퍼플하트_25,370|화이트_25,900","_말차크림_25,370|블랙_25,900|_퍼플하트_25,370|화이트_25,900","_말차크림_25,370|블랙_25,900|_퍼플하트_25,370|화이트_25,900","_말차크림_25,370|블랙_25,900|_퍼플하트_25,370|화이트_25,900","_말차크림_25,370|_블랙_25,900|퍼플하트_25,370|화이트_25,900","말차크림_25,370|_블랙_25,900|_퍼플하트_25,370|화이트_25,900","_말차크림_25,370|블랙_25,900|퍼플하트_25,370|_화이트_25,900","_말차크림_25,900|블랙_25,900|퍼플하트_25,900|_화이트_25,900","말차크림_25,900|_블랙_25,900|퍼플하트_25,900|_화이트_25,900","말차크림_25,900|_블랙_25,900|퍼플하트_25,900|_화이트_25,900"
124075071,한성컴퓨터 VM350 OfficeMaster 유무선,0,0,0,0,0,"말차크림_25,370|_블랙_25,900|_퍼플하트_25,370|화이트_25,900",0,0,0,0
124075070,한성컴퓨터 VM350 OfficeMaster 유무선,0,0,0,0,0,0,"_말차크림_25,370|블랙_25,900|퍼플하트_25,370|_화이트_25,900","_말차크림_25,900|블랙_25,900|퍼플하트_25,900|_화이트_25,900","말차크림_25,900|_블랙_25,900|퍼플하트_25,900|_화이트_25,900","말차크림_25,900|_블랙_25,900|퍼플하트_25,900|_화이트_25,900"
1004041,한세종합전산 COMFOR HS-880M,"6,910","6,910","6,910","6,910","6,910","6,910","6,910","6,910","6,910","6,910"
17022548,한일디아이 피카츄 무선 마우스,0,0,0,0,0,0,0,0,0,"26,100"
7284298,현대 INOGRAB HD-WM770 무소음 무선 마우스,"4,020","4,020","4,020","4,020","4,020","4,020","4,020","4,020","4,020","4,020"
5322662,현대 INOGRAB HM-300,"9,850","9,850","9,850","9,850","9,850","9,850","9,850","9,850","9,850","9,850"
2925708,현대제이테크 Tuscani HD-M501 Plus,"5,890","5,940","5,940","5,940","5,940","5,940","5,940","5,940","5,940","5,940"
12282809,현대제이테크 Tuscani HD-WM1200s,"6,600","6,600","6,600","6,600","6,600","6,600","6,600","6,600","6,600","6,600"
7689781,현대제이테크 Tuscani HD-WM1500s,"블랙_8,550","블랙_8,550",0,0,0,0,0,0,0,0
18007325,현대컴퓨터 HDC-WM200 무선 마우스,0,0,0,0,0,0,0,"화이트_6,500","화이트_6,500","화이트_6,500"
93862967,힐링쉴드 와콤 신티크 16 DTK168 액정보호필름,"종이질감 라이트_15,120|_블루라이트차단_40,320|슈페리어 저반사_38,520|_올레포빅_31,320|저반사 지문방지_31,320|","종이질감 라이트_15,120|_블루라이트차단_40,320|슈페리어 저반사_38,520|_올레포빅_31,320|저반사 지문방지_31,320|","_종이질감 라이트_15,120|_블루라이트차단_40,320|슈페리어 저반사_38,520|올레포빅_31,320|저반사 지문방지_31,320|","_종이질감 라이트_15,120|_블루라이트차단_40,320|슈페리어 저반사_38,520|올레포빅_31,320|저반사 지문방지_31,320|","_종이질감 라이트_15,120|_블루라이트차단_40,320|슈페리어 저반사_38,520|올레포빅_31,320|저반사 지문방지_31,320|","_종이질감 라이트_15,120|_블루라이트차단_40,320|슈페리어 저반사_38,520|올레포빅_31,320|저반사 지문방지_31,320|","_종이질감 라이트_15,120|_블루라이트차단_40,320|슈페리어 저반사_38,520|올레포빅_31,320|저반사 지문방지_31,320|","_종이질감 라이트_15,120|_블루라이트차단_40,320|슈페리어 저반사_38,520|올레포빅_31,320|저반사 지문방지_31,320|","_종이질감 라이트_15,120|_블루라이트차단_40,320|슈페리어 저반사_38,520|올레포빅_31,320|저반사 지문방지_31,320|","_종이질감 라이트_15,120|_블루라이트차단_40,320|슈페리어 저반사_38,520|올레포빅_31,320|저반사 지문방지_31,320|"
93863108,힐링쉴드 와콤 신티크 24 DTK246 액정보호필름,"_종이질감 라이트_27,720|블루라이트차단_60,120|슈페리어 저반사_58,320|_올레포빅_55,620|저반사 지문방지_55,620|",0,0,0,0,0,0,0,0,0
93863072,힐링쉴드 와콤 신티크 24 DTK246 액정보호필름,0,"_종이질감 라이트_27,720|_블루라이트차단_60,120|슈페리어 저반사_58,320|올레포빅_55,620|저반사 지문방지_55,620|","_종이질감 라이트_27,720|_블루라이트차단_60,120|슈페리어 저반사_58,320|올레포빅_55,620|저반사 지문방지_55,620|","_종이질감 라이트_27,720|_블루라이트차단_60,120|슈페리어 저반사_58,320|올레포빅_55,620|저반사 지문방지_55,620|","_종이질감 라이트_27,720|_블루라이트차단_60,120|슈페리어 저반사_58,320|올레포빅_55,620|저반사 지문방지_55,620|","_종이질감 라이트_27,720|_블루라이트차단_60,120|슈페리어 저반사_58,320|올레포빅_55,620|저반사 지문방지_55,620|","_종이질감 라이트_27,720|_블루라이트차단_60,120|슈페리어 저반사_58,320|올레포빅_55,620|저반사 지문방지_55,620|","_종이질감 라이트_27,720|_블루라이트차단_60,120|슈페리어 저반사_58,320|올레포빅_55,620|저반사 지문방지_55,620|","_종이질감 라이트_27,720|_블루라이트차단_60,120|슈페리어 저반사_58,320|올레포빅_55,620|저반사 지문방지_55,620|","_종이질감 라이트_27,720|_블루라이트차단_60,120|슈페리어 저반사_58,320|올레포빅_55,620|저반사 지문방지_55,620|"
93863264,힐링쉴드 와콤 신티크 24 터치 DTH246 액정보호필름,"_종이질감 라이트_27,720|_블루라이트차단_60,120|슈페리어 저반사_58,320|올레포빅_55,620|저반사 지문방지_55,620|","_종이질감 라이트_27,720|_블루라이트차단_60,120|슈페리어 저반사_58,320|올레포빅_55,620|저반사 지문방지_55,620|","_종이질감 라이트_27,720|_블루라이트차단_60,120|슈페리어 저반사_58,320|올레포빅_55,620|저반사 지문방지_55,620|","_종이질감 라이트_27,720|_블루라이트차단_60,120|슈페리어 저반사_58,320|올레포빅_55,620|저반사 지문방지_55,620|","_종이질감 라이트_27,720|_블루라이트차단_60,120|슈페리어 저반사_58,320|올레포빅_55,620|저반사 지문방지_55,620|","_종이질감 라이트_27,720|_블루라이트차단_60,120|슈페리어 저반사_58,320|올레포빅_55,620|저반사 지문방지_55,620|","_종이질감 라이트_27,720|_블루라이트차단_60,120|슈페리어 저반사_58,320|올레포빅_55,620|저반사 지문방지_55,620|","_종이질감 라이트_27,720|_블루라이트차단_60,120|슈페리어 저반사_58,320|올레포빅_55,620|저반사 지문방지_55,620|","_종이질감 라이트_27,720|_블루라이트차단_60,120|슈페리어 저반사_58,320|올레포빅_55,620|저반사 지문방지_55,620|","_종이질감 라이트_27,720|_블루라이트차단_60,120|슈페리어 저반사_58,320|올레포빅_55,620|저반사 지문방지_55,620|"
93863900,힐링쉴드 와콤 인튜어스 프로 PTK470 액정보호필름,"_종이질감 라이트_11,510|_저반사 지문방지_18,710|항균 종이질감_27,720","_종이질감 라이트_11,510|_저반사 지문방지_18,710|항균 종이질감_27,720","_종이질감 라이트_11,510|_저반사 지문방지_18,710|항균 종이질감_27,720","_종이질감 라이트_11,510|_저반사 지문방지_18,710|항균 종이질감_27,720","_종이질감 라이트_11,510|_저반사 지문방지_18,710|항균 종이질감_27,720","_종이질감 라이트_11,510|_저반사 지문방지_18,710|항균 종이질감_27,720","_종이질감 라이트_11,510|_저반사 지문방지_18,710|항균 종이질감_27,720","_종이질감 라이트_11,510|_저반사 지문방지_18,710|항균 종이질감_27,720","_종이질감 라이트_11,510|_저반사 지문방지_18,710|항균 종이질감_27,720","_종이질감 라이트_11,510|_저반사 지문방지_18,710|항균 종이질감_27,720"
93863729,힐링쉴드 와콤 인튜어스 프로 PTK870 액정보호필름,"종이질감 라이트_15,120|_저반사 지문방지_31,320|_항균 종이질감_40,320","종이질감 라이트_15,120|_저반사 지문방지_31,320|_항균 종이질감_40,320","종이질감 라이트_15,120|_저반사 지문방지_31,320|_항균 종이질감_40,320","종이질감 라이트_15,120|_저반사 지문방지_31,320|_항균 종이질감_40,320","종이질감 라이트_15,120|_저반사 지문방지_31,320|_항균 종이질감_40,320","종이질감 라이트_15,120|_저반사 지문방지_31,320|_항균 종이질감_40,320","종이질감 라이트_15,120|_저반사 지문방지_31,320|_항균 종이질감_40,320","종이질감 라이트_15,120|_저반사 지문방지_31,320|_항균 종이질감_40,320","종이질감 라이트_15,120|_저반사 지문방지_31,320|_항균 종이질감_40,320","종이질감 라이트_15,120|_저반사 지문방지_31,320|_항균 종이질감_40,320"
