Id,Name,2026-10-01 14:10:59,2026-10-02 14:00:38,2026-10-03 13:43:28,2026-10-04 14:15:10,2026-10-05 13:59:15,2026-10-06 14:46:56,2026-10-07 14:17:59
15323429,+0asis Cool 600SB6P V2.3 벌크,0,"17,490","17,490","17,490","17,490","17,490","17,490"
71161970,3RSYS AK 1000W 80PLUS브론즈 모듈러 ATX3.1,"99,500","99,500","99,500","99,500","99,500","99,500","99,500"
12690218,3RSYS AK 500S 80PLUS스탠다드 230V EU,"45,000","45,000","45,000","45,000","45,000","45,000","45,000"
12690239,3RSYS AK 600S 80PLUS스탠다드 230V EU,"52,000","52,000","52,000","52,000","52,000","52,000","52,000"
12690251,3RSYS AK 700S 80PLUS스탠다드 230V EU,"59,000","59,000","59,000","59,000","59,000","59,000","59,000"
71162267,3RSYS AK 750W 80PLUS브론즈 모듈러 ATX3.1,"75,000","75,000","75,000","75,000","75,000","75,000","75,000"
12838997,3RSYS AK 800S 80PLUS스탠다드 230V EU,"67,000","67,000","67,000","67,000","67,000","67,000","67,000"
71162030,3RSYS AK 850W 80PLUS브론즈 모듈러 ATX3.1,"85,000","85,000","85,000","85,000","85,000","85,000","85,000"
18698168,3RSYS FORCE 600W,"43,500","43,500","43,500","43,500","43,500","43,500","43,500"
2459011,AONE 500P KC,"23,490","23,490","23,490","23,490","23,490","23,490","23,490"
120345073,AONE 500P KC 벌크,"22,000",0,0,0,0,0,0
14759639,AONE 500S KC (벌크),"14,890","15,900","15,900","15,900","15,900","15,900","15,900"
2932261,AONE 600T KC,"32,260","32,260","32,260","32,260","32,260","32,260","32,260"
2935745,AONE MICRO 500P KC,"23,990","23,990","23,990","23,990","23,990","23,990","23,990"
32037200,AONE MICRO 600P,"31,940","31,940","31,940","31,940","31,940","31,940","31,940"
66051566,AONE Micro 450P,"21,270","21,270","21,270","21,270","21,270","21,270","21,270"
66051584,AONE Micro 450P 벌크,"18,960","18,960","18,960","18,960","18,960","18,960","18,960"
2615457,AONE Micro 450P-KC,"21,500","21,500","21,500","21,500","21,500","21,500","21,500"
2950192,AONE Micro 450P-KC 벌크,"19,000","19,000","19,000","19,000","19,000","19,000","19,000"
75071093,AONE NEW STORM 500LF 더블포워드 벌크,"31,000","31,000","31,000","31,000","31,000","31,000","31,000"
18213719,AONE STORM 1000W 80PLUS브론즈,"75,990","75,990","75,990","75,990","75,990","75,990","75,990"
17764373,AONE STORM 1000W 80PLUS브론즈 벌크,"74,680","74,680","74,680","74,680","74,680","74,680","74,680"
10373682,AONE STORM 500LF,"33,000","33,000","33,000","33,000","33,000","33,000","33,000"
4801762,AONE STORM 500LF 더블포워드 V2.3,"30,990","30,990","30,990","30,990","30,990","30,990","30,990"
4879239,AONE STORM 500LF 더블포워드 V2.3 벌크,"30,490","30,490","30,490","30,490","30,490","30,490","30,490"
9978645,AONE STORM 500LF 벌크,"30,990","30,990","30,990","30,990","30,990","30,990","30,990"
9431322,AONE STORM 500W 80PLUS브론즈,"47,490","47,490","47,490","47,490","47,490","47,490","47,490"
9431340,AONE STORM 500W 80PLUS브론즈 벌크,"41,000","41,000","41,000","41,000","41,000","41,000","41,000"
107989337,AONE STORM 500W 80PLUS스탠다드,"38,110","38,110","38,110","38,110","38,110","38,110","38,110"
107989670,AONE STORM 500W 80PLUS스탠다드 벌크,"37,090","37,090","37,090","37,090","37,090","37,090","37,090"
10373727,AONE STORM 600LF,"37,000","37,000","37,000","37,000","37,000","37,000","37,000"
5213968,AONE STORM 600LF A-PFC,"37,500","37,500","37,500","37,500","37,500","37,500","37,500"
5213975,AONE STORM 600LF A-PFC 벌크,"35,000","35,000","35,000","35,000","35,000","35,000","35,000"
9789456,AONE STORM 600LF 벌크,"34,990","34,990","34,990","34,990","34,990","34,990","34,990"
9431433,AONE STORM 600W 80PLUS브론즈,"48,000","48,000","48,000","48,000","48,000","48,000","48,000"
11412288,AONE STORM 600W 80PLUS브론즈 벌크,"45,990","45,990","45,990","45,990","45,990","45,990","45,990"
72476015,AONE STORM 600W 80PLUS브론즈 화이트,"52,210","52,210","52,210","52,210","52,210","52,210","52,210"
107990141,AONE STORM 600W 80PLUS스탠다드,"42,860","42,860","42,860","42,860","42,860","42,860","42,860"
107990642,AONE STORM 600W 80PLUS스탠다드 벌크,"39,990","39,990","39,990","39,990","39,990","39,990","39,990"
9431586,AONE STORM 700K 80PLUS브론즈 벌크,"53,990","53,990","53,990","53,990","53,990","53,990","53,990"
20635220,AONE STORM 700LF,"47,470","47,470","47,470","47,470","47,470","47,470","47,470"
73121675,AONE STORM 700LF 벌크,"41,700","41,700","41,700","41,700","41,700","41,700","41,700"
9431529,AONE STORM 700W 80PLUS브론즈,"55,490","55,490","55,490","55,490","55,490","55,490","55,490"
12583295,AONE STORM 700W 80PLUS브론즈 벌크,"50,980","50,980","50,980","50,980","50,980","50,980","50,980"
72476114,AONE STORM 700W 80PLUS브론즈 화이트,"61,390","61,390","61,390","61,390","61,390","61,390","61,390"
107990732,AONE STORM 700W 80PLUS스탠다드,"45,990","45,990","45,990","45,990","45,990","45,990","45,990"
107990744,AONE STORM 700W 80PLUS스탠다드 벌크,"44,690","44,690","44,690","44,690","44,690","44,690","44,690"
54959051,AONE STORM 750W 80PLUS브론즈 플랫,"77,420","77,420","77,420","77,420","77,420","77,420","77,420"
12723485,AONE STORM 800K 80PLUS브론즈 벌크,"67,000","67,000","67,000","67,000","67,000","67,000","67,000"
9431634,AONE STORM 800W 80PLUS브론즈,"63,490","63,490","63,490","63,490","63,490","63,490","63,490"
15207521,AONE STORM 800W 80PLUS브론즈 벌크,"62,000","62,000","62,000","62,000","62,000","62,000","62,000"
107990771,AONE STORM 800W 80PLUS스탠다드,"49,000","49,000","49,000","49,000","53,390","49,000","49,000"
107990783,AONE STORM 800W 80PLUS스탠다드 벌크,"49,520","49,520","49,520","49,520","49,520","49,520","49,520"
32036993,AONE STORM SFX 300LF,"32,170","32,170","32,170","32,170","32,170","32,170","32,170"
2310854,AONE TFX 450P,"23,680","23,680","23,680","23,680","23,680","23,680","23,680"
3099460,AONE TFX-450P KC,"23,630","23,630","23,630","23,630","23,630","23,630","23,630"
2944698,AONE TFX-500P KC,"29,750","29,750","29,750","29,750","29,750","29,750","29,750"
103750571,AONE 시그니처 1000W 80PLUS골드 풀모듈러 ATX3.1 블랙,"100,260","100,260","100,260","100,260","100,260","100,260","100,260"
103750586,AONE 시그니처 1000W 80PLUS골드 풀모듈러 ATX3.1 화이트,"106,300","106,300","106,300","106,300","106,300","106,300","106,300"
39912800,AONE 시그니처 1000W 80PLUS브론즈 풀모듈러 ATX3.1,"90,540","90,540","90,540","90,540","90,540","90,540","95,000"
39912806,AONE 시그니처 1000W 80PLUS브론즈 풀모듈러 베이직 ATX3.1,"88,970","88,970","88,970","88,970","88,970","88,970","88,970"
103750694,AONE 시그니처 1300W 80PLUS골드 풀모듈러 ATX3.1 블랙,"126,470","126,470","126,470","126,460","126,460","126,460","126,460"
103750733,AONE 시그니처 1300W 80PLUS골드 풀모듈러 ATX3.1 화이트,"132,040","132,040","132,040","132,040","132,040","132,040","132,040"
103750379,AONE 시그니처 750W 80PLUS골드 풀모듈러 ATX3.1 블랙,"81,380","81,380","81,380","81,380","81,380","81,380","81,380"
103750445,AONE 시그니처 750W 80PLUS골드 풀모듈러 ATX3.1 화이트,"86,480","86,480","86,480","86,480","86,480","86,480","86,480"
39912728,AONE 시그니처 750W 80PLUS브론즈 풀모듈러 ATX3.1,"84,500","84,500","84,500","84,500","84,500","84,500","84,500"
39912734,AONE 시그니처 750W 80PLUS브론즈 풀모듈러 베이직 ATX3.1,"65,090","65,090","65,090","65,090","65,090","65,090","65,090"
72475946,AONE 시그니처 750W 80PLUS브론즈 풀모듈러 베이직 ATX3.1 화이트,"69,320","69,320","69,320","69,320","69,320","69,320","69,320"
103750481,AONE 시그니처 850W 80PLUS골드 풀모듈러 ATX3.1 블랙,"88,340","88,340","88,340","88,330","88,330","88,330","88,330"
103750493,AONE 시그니처 850W 80PLUS골드 풀모듈러 ATX3.1 화이트,"93,920","93,920","93,920","93,920","93,920","93,920","93,920"
39912761,AONE 시그니처 850W 80PLUS브론즈 풀모듈러 ATX3.1,"85,000","85,000","85,000","85,000","85,000","85,000","85,000"
39912767,AONE 시그니처 850W 80PLUS브론즈 풀모듈러 베이직 ATX3.1,"78,000","78,000","78,000","78,000","78,000","78,000","78,000"
2435106,AONE 태왕 EP500 KC,"22,500","22,500","22,500","22,500","22,500","22,500","22,500"
2509283,AONE 태왕 EP600 KC,"26,490","26,490","26,490","26,490","26,490","26,490","26,490"
2451400,AONE 태왕 EP600L KC,"22,050","22,050","22,050","22,050","22,050","22,050","22,050"
2511691,AONE 태왕 TFX-450T KC,"21,500","21,500","21,500","21,500","21,500","21,500","21,490"
73075,APC BACK-UPS CS 500(BK500EI),0,0,0,0,"190,000","190,000","190,000"
16772696,APC BX1200MI-GR,"229,000","229,000","229,000","229,000",0,0,0
16772720,APC BX1600MI-GR,"342,000","342,000","342,000","342,000","342,000","345,000","345,000"
16772675,APC BX950MI-GR,"175,750","175,750","175,750","175,750","175,750","185,000","185,000"
110268353,APC RBC17 UPS 정품 배터리,"77,000","77,000","77,000","77,000","77,000",0,0
2722817,APC SMC 1000i (Smart-UPS C 1000i),0,0,0,0,0,"399,000","399,000"
3270288,APC SMC 2000i-2U (Smart-UPS C 2000i-2U),"1,370,000","1,370,000","1,370,000","1,370,000","1,370,000","1,400,000","1,387,900"
44415422,APC SMC1000IC,"399,000","399,000","399,000","399,000","399,000","399,000","399,000"
17210957,APC SMC1500IC,0,"527,000","527,000","527,000","527,000","527,000","527,000"
48023720,APC SMT1000IC,"527,000","527,000",0,0,0,"527,000",0
3888244,APC SMT1500I,"739,990","739,990",0,"739,990","739,990","739,990","739,990"
3838023,APC SMT2200I,"1,090,000","1,090,000","1,090,000","1,090,000","1,090,000","1,090,000","1,090,000"
3838104,APC SMT2200RMI 2U,"1,770,000","1,770,000","1,770,000","1,770,000","1,770,000","1,770,000","1,760,130"
3838175,APC SMT3000RMI 2U,"2,104,590","2,104,590","2,104,590","2,104,590","2,104,590","2,104,590","2,104,590"
3838359,APC SMT750I,"450,000","450,000",0,"450,000","450,000","450,000","450,000"
5700015,APC SRT2200XLI,"2,345,000","2,345,000","2,345,000","2,345,000","2,345,000",0,0
4237952,APC SRT8KXLI,"6,568,000",0,0,0,0,0,0
122654357,APC SRTG192XLBP2,"5,000,000","5,000,000","5,000,000","5,000,000","5,000,000","5,000,000","5,000,000"
122654313,APC SRTG20KXLI,"19,000,000","19,000,000","19,000,000","19,000,000","19,000,000","19,000,000","19,000,000"
91870880,APC SRV1KI-E,"442,000","442,000","442,000","442,000","442,000","442,000","442,000"
91910900,APC SRV2KI-E,"875,000","875,000","875,000","875,000","875,000",0,0
48000449,APC SRV3KRI,"1,122,000","1,122,000",0,0,0,0,0
73084,APC SUA 5000RMI 5U,"3,375,530","3,375,530","3,375,530",0,0,0,0
106780994,ASRock TAICHI TC-1650T 80PLUS티타늄 풀모듈러 ATX3.1,"641,010","641,010","641,010","641,010","641,010","641,000","641,000"
106780475,ASRock 스틸레전드 SL-1000G 80PLUS골드 풀모듈러 ATX3.1,"189,050","189,050","189,050","189,050","189,050","189,050","189,050"
106780781,ASRock 스틸레전드 SL-1000GW 80PLUS골드 풀모듈러 ATX3.1 화이트,"212,700","212,700","212,700","212,700","212,700","212,700","212,700"
106780541,ASRock 스틸레전드 SL-1200G 80PLUS골드 풀모듈러 ATX3.1,"229,000","229,000","229,000","229,000","229,000","229,000","229,000"
106780784,ASRock 스틸레전드 SL-1200GW 80PLUS골드 풀모듈러 ATX3.1 화이트,"248,730","248,730","248,730","248,730","248,730","248,730","248,730"
106780103,ASRock 스틸레전드 SL-850G 80PLUS골드 풀모듈러 ATX3.1,"166,460","166,460","166,460","166,460","166,460","166,460","166,460"
106780760,ASRock 스틸레전드 SL-850GW 80PLUS골드 풀모듈러 ATX3.1 화이트,"175,760","175,760","175,760","175,760","175,760","175,760","175,760"
77380859,ASUS PRIME 750W Bronze,"85,210","86,790","80,210","82,700","85,210","84,290","80,210"
27662210,ASUS PRIME 750W GOLD 대원씨티에스,"173,600","173,600","173,600","173,600","173,600","173,600","173,600"
27661976,ASUS PRIME 850W GOLD 대원씨티에스,"121,100","121,100","125,000","125,000","125,000","125,000","125,000"
19953725,ASUS ROG LOKI SFX-L 1000W PLATINUM,"508,000","508,000",0,0,"508,000",0,0
77381093,ASUS ROG STRIX 1000W Platinum,"328,000","328,000","328,000","328,000","328,000","328,000","328,000"
77381150,ASUS ROG STRIX 1200W Platinum,"339,990","339,990","346,300","346,300","346,300","336,300","336,290"
124225109,ASUS ROG STRIX 1200W Platinum Equalizer 인텍앤컴퍼니,가격비교예정,가격비교예정,가격비교예정,가격비교예정,가격비교예정,가격비교예정,가격비교예정
106748498,ASUS ROG STRIX 1200W Platinum 인텍앤컴퍼니,"320,000","320,000","320,000","320,000","320,000","320,000","320,000"
20049668,ASUS ROG STRIX 750W GOLD Aura Edition,"186,910","186,910","186,910","186,910","186,910","186,910","186,910"
11674280,ASUS ROG STRIX 850G 80PLUS골드,"217,000","217,000","217,000","217,000","217,000","217,000","217,000"
20049734,ASUS ROG STRIX 850W GOLD Aura Edition,"328,000","328,000","328,000","328,000","328,000","328,000","328,000"
106748699,ASUS ROG STRIX 850W Platinum 인텍앤컴퍼니,"320,870","320,870","320,870","320,870","320,870","320,870","320,870"
16014875,ASUS ROG THOR 1000P2,"468,030","468,030","468,030","468,030","468,030","468,030","468,030"
108418214,ASUS ROG THOR 1200W Platinum III,"638,580","638,580","638,580","638,580","638,580","638,580","638,580"
106778225,ASUS ROG THOR3 1000W Platinum 인텍앤컴퍼니,"599,000","599,000","599,000","599,000","599,000","599,000","599,000"
18936689,ASUS TUF Gaming 1000W GOLD,"265,380","265,380","265,380","265,380","265,380","265,380","265,380"
77460794,ASUS TUF Gaming 1200W GOLD,"332,050","332,050","332,050","332,050","332,050","332,050","332,030"
122711919,ASUS TUF Gaming 1200W Gold EVO,"332,050","332,050","332,050","332,050","332,050","332,030","332,030"
13466708,ASUS TUF Gaming 750W 80PLUS브론즈,"108,310","108,310","108,310","108,310","108,310","108,310","108,310"
106727048,ASUS TUF Gaming 850W GOLD EVO 풀모듈러 ATX3.1,"142,290","139,790","146,140","138,980","142,290","146,140","146,140"
1658133,AcBEL CE2 450,0,0,0,0,0,0,"40,570"
104988710,AcBEL CRPS 2000W 1U 80PLUS플래티넘,"641,070","641,070","641,070","641,070","641,050","641,050","641,030"
122705126,AcBEL CRPS 2000W 2U 80PLUS플래티넘 리던던트,"1,465,000","1,465,000","1,465,000","1,465,000","1,465,000","1,524,210","1,496,510"
122705133,AcBEL CRPS 3000W 2U 80PLUS티타늄 리던던트,"2,621,480","2,621,480","2,621,480","2,621,480","2,621,480","2,621,480","2,621,480"
104989034,AcBEL CRPS 3200W 1U 80PLUS티타늄,"1,215,790","1,215,790","1,215,790","1,215,790","1,232,440","1,232,440","1,232,440"
104988737,AcBEL CRPS 800W 1U 80PLUS플래티넘,"281,430","281,430","281,430","281,430","281,430","281,420","281,410"
122705115,AcBEL CRPS 800W 2U 80PLUS플래티넘 리던던트,"768,030","768,030","768,030","768,030","768,030","784,550","784,550"
31459229,AcBEL R1CA2801A 800W 80PLUS플래티넘,"273,420","273,420","273,420","273,420","273,420","279,290","279,290"
92623463,Antec CSK 550W DC 80PLUS브론즈,"59,900","59,900","59,900","59,900","59,900","59,900","59,900"
14901677,Antec CSK 650W 80PLUS브론즈,"73,000","73,000","73,000","73,000","73,000","73,000","73,000"
92623559,Antec CSK 650W DC 80PLUS브론즈,"68,900","68,900","68,900","68,900","68,900","68,900","68,500"
16079105,Antec CSK 750H 80PLUS브론즈 모듈러,"128,100","128,100","128,100","128,100","128,100","128,100","128,100"
92623646,Antec CSK 750W DC 80PLUS브론즈 PCIE5.1,"79,490","79,490","79,490","79,490","79,490","79,490","79,490"
92623691,Antec CSK 750W DC 80PLUS브론즈 PCIE5.1 화이트,"83,900","83,900","83,900","83,900","83,900","83,900","83,900"
72975059,Antec CSK PRO 1000W 80PLUS브론즈 230V EU 모듈러 ATX3.1,"118,990","118,990","118,990","118,990","118,990","118,990","118,990"
72975086,Antec CSK PRO 850W 80PLUS브론즈 230V EU 모듈러 ATX3.1,"103,890","103,890","103,890","103,890","103,890","103,890","103,890"
106726658,Antec GSK 1000W 80PLUS골드 풀모듈러 ATX3.1,"174,800","174,800","174,800","174,800","174,800","174,800","174,800"
106726721,Antec GSK 1200W 80PLUS골드 풀모듈러 ATX3.1,"194,000","194,000","194,000","194,000","194,000","194,000","194,000"
71066699,Antec GSK 750W 80PLUS골드 풀모듈러 ATX3.1,"135,390","135,390","135,390","135,390","135,390","135,390","135,390"
97361954,Antec GSK 750W V2 80PLUS골드 풀모듈러 ATX3.1,"120,970","120,970","120,970","120,970","120,970","120,970","120,970"
71066594,Antec GSK 850W 80PLUS골드 풀모듈러 ATX3.1,"191,040","191,040","191,040","191,040","191,040","191,040","191,040"
97310339,Antec GSK 850W V2 80PLUS골드 풀모듈러 ATX3.1,"135,490","135,490","135,490","135,490","135,490","135,490","135,490"
99641303,Antec GSK 850W V2 화이트 80PLUS골드 풀모듈러 ATX3.1,"140,000","140,000","140,000","140,000","140,000","140,000","140,000"
71066633,Antec GSK 850W 화이트 80PLUS골드 풀모듈러 ATX3.1,"151,620","151,620","151,620","151,620","151,620","151,620","151,620"
60424865,Antec HCG PRO 1000W 80PLUS플래티넘 풀모듈러 ATX3.1,"291,880","291,880","291,880","291,880","291,880","291,880","291,880"
60424910,Antec HCG PRO 1200W 80PLUS플래티넘 풀모듈러 ATX3.1,"339,000","339,000","339,000","339,000","339,000","339,000","339,000"
60424808,Antec HCG PRO 850W 80PLUS플래티넘 풀모듈러 ATX3.1,"249,000","249,000","249,000","249,000","249,000","249,000","249,000"
21587054,Antec NeoECO 1000W 80PLUS골드 풀모듈러 ATX3.1,"237,000","237,000","237,000","237,000","237,000","237,000","237,000"
123537826,Antec NeoECO 1000W 80PLUS플래티넘 풀모듈러 ATX 3.1,"203,690","203,690","203,690","203,690","203,690","203,690","203,690"
27527396,Antec NeoECO 1000W 화이트 80PLUS골드 풀모듈러 ATX3.1,"241,500","241,500","241,500","241,500","241,500","241,500","241,500"
123537842,Antec NeoECO 1200W 80PLUS플래티넘 풀모듈러 ATX 3.1,"232,680","232,680","232,680","232,680","232,680","232,680","232,680"
21587153,Antec NeoECO 1300W 80PLUS골드 풀모듈러 ATX3.0,"289,000","289,000","289,000","289,000","289,000","289,000","289,000"
14048135,Antec NeoECO 850W 80PLUS플래티넘 풀모듈러,"209,000","209,000","209,000","209,000","209,000","209,000","209,000"
123537805,Antec NeoECO 850W 80PLUS플래티넘 풀모듈러 ATX 3.1,"174,600","174,600","174,600","174,600","174,600","174,600","174,600"
15429287,Antec NeoECO 850W 화이트 80PLUS골드 풀모듈러,"217,000","217,000","217,000","217,000","217,000","217,000","217,000"
62635214,Antec SF850X 80PLUS골드 SFX 풀모듈러 ATX3.1,"227,900","227,900","227,900","227,900","227,900","227,900","227,900"
10920675,Antec SIGNATURE 1000W TITANIUM,"455,000","455,000","455,000","455,000","455,000","455,000","455,000"
10920798,Antec SIGNATURE 1300W PLATINUM,"455,000","455,000","455,000","455,000","455,000","455,000","455,000"
6763879,BABEL BM-600VP Double Forward V2.31 Silverbel Series,"54,720","54,720","54,720","54,720","54,720","54,720","54,720"
15444635,BABEL BM-600VP PFC Double Forward Silverbel Series,"50,830","50,830","50,830","50,830","50,830","50,830","50,830"
3550147,Bestone SK-II 500SA V2,0,0,0,0,"23,310","23,310","23,310"
3565822,Bestone SK-II M500DM V2,"28,610","28,610","28,610","28,610","28,610",0,0
3565832,Bestone SK-II M500DM V2 벌크,"26,570","26,570","26,570","26,570","26,570","26,570","26,570"
3550066,Bestone SK-II M500S,"23,310","23,310","23,310","23,310","23,310","23,310","23,310"
3430715,Bestone SK-II M500S 벌크,"21,250","21,250","21,250","21,250","21,250",0,0
30121373,CORSAIR CX Series CX650,"66,850","66,850","66,850","66,850","66,850","66,850","66,850"
30121301,CORSAIR CX Series CX750,"75,220","75,220","75,220","75,220","75,220","75,220","75,220"
19883954,CORSAIR HX1000i ATX3.0,"361,570","361,570","361,570","361,570","361,570","361,570","361,570"
98923187,CORSAIR HX1000i SHIFT,"388,730","388,730","388,730","388,730","388,730","388,730","388,730"
86079881,CORSAIR HX1200i 80PLUS플래티넘 ATX3.1,"370,960","370,960","370,960","379,430","379,430","379,430","379,430"
36835277,CORSAIR HX1200i ATX3.0,"392,060","392,330","370,970","370,970","370,970","392,350","392,350"
98923208,CORSAIR HX1200i SHIFT,"455,000","455,000","455,000","455,000","455,000","455,000","455,000"
17455022,CORSAIR HX1500i 2022 80PLUS플래티넘,"686,000","686,000","686,000","686,000","686,000","686,000","686,000"
86092226,CORSAIR HX1500i 80PLUS플래티넘 ATX3.1,"491,120","491,120","491,120","528,980","528,980","528,980","528,980"
19884146,CORSAIR HX1500i ATX3.0,"737,800","737,800","737,800","737,800","737,800","737,800","737,800"
74813765,CORSAIR RM1000e ATX3.1,"217,330","217,330","217,330","217,330","217,330","217,330","217,330"
90576938,CORSAIR RM1000e ETA플래티넘 ATX3.1 화이트,"223,900","223,900","223,900","226,720","226,720","226,720","226,720"
42390800,CORSAIR RM1000x SHIFT 80PLUS골드 ATX3.0 화이트,"277,460","277,460","277,460","277,460","277,460","277,460","277,460"
19743569,CORSAIR RM1000x SHIFT 80PLUS골드 ATX3.1,"249,690","249,690","249,690","249,690","249,690","249,690","249,690"
89605583,CORSAIR RM1200e ATX3.1,"247,690","247,690","247,690","249,690","249,690","249,690","249,690"
19043699,CORSAIR RM1200x SHIFT 80PLUS골드 ATX3.0,"361,570","361,570","361,570","361,570","361,570","361,570","361,570"
42390740,CORSAIR RM1200x SHIFT 80PLUS골드 ATX3.0 화이트,"370,960","370,960","370,960","370,960","370,960","370,960","370,960"
74813801,CORSAIR RM750e ATX3.1,"134,740","134,740","134,740","134,740","134,740","134,740","134,740"
90576764,CORSAIR RM750e ETA플래티넘 ATX3.1 화이트,"138,930","138,930","138,930","138,930","138,930","138,930","138,930"
19727942,CORSAIR RM850e ATX3.0,"230,130","230,130","230,130","230,130","230,130","230,130","230,130"
74813786,CORSAIR RM850e ATX3.1,"137,900","137,900","137,900","137,900","137,900","137,900","146,690"
90576899,CORSAIR RM850e ETA골드 ATX3.1 화이트,"145,930","143,130","143,120","143,110","143,110","143,110","143,110"
19529672,CORSAIR RM850x SHIFT 80PLUS골드 ATX3.0,"194,360","194,360","194,360","194,360","194,360","194,360","194,360"
42390914,CORSAIR RM850x SHIFT 80PLUS골드 ATX3.0 화이트,"229,000","229,000","229,000","229,000","229,000","229,000","229,000"
124377135,CORSAIR RM850x SHIFT 80PLUS골드 ATX3.1,0,0,가격비교예정,가격비교예정,가격비교예정,가격비교예정,가격비교예정
5524355,CORSAIR RM850x 화이트 80PLUS골드,"197,000","197,000","197,000","197,000","197,000","197,000","197,000"
62649707,CORSAIR RMx Series RM1000x ATX3.1,"223,100","225,130","212,130","212,130","212,130","223,100","223,100"
62649599,CORSAIR RMx Series RM850x ATX3.1,"172,620","172,620","172,620","175,570","175,570","175,570","175,570"
59929925,CORSAIR SF1000 ATX3.1,"318,960","318,960","318,960","323,890","323,890","323,890","323,890"
19974908,CORSAIR SF1000L ATX3.0,"349,000","349,000","349,000","349,000","349,000","349,000","349,000"
7110289,CORSAIR SF750 80PLUS플래티넘,"239,000","239,000","239,000","239,000","239,000","239,000","239,000"
59929793,CORSAIR SF750 ATX3.1,"221,510","221,510","221,510","226,630","226,630","226,630","226,630"
59930681,CORSAIR SF850 ATX3.1,"261,890","261,890","261,890","261,890","261,890","261,890","261,890"
97121099,CORSAIR WS3000 ATX3.1,"817,180","817,180","817,180","817,180","817,180","817,180","817,180"
17526269,COX SECURE SC-500N,"40,600","40,600","40,600","40,600","40,600","40,600","40,600"
17499473,COX SECURE SC-600N,"35,970","35,970","35,970","35,970","35,970","35,970","35,970"
17499527,COX SECURE SC-700N,"51,800","51,800","51,800","51,800","51,800","51,800","51,800"
124376806,CWT NOVA-D 750W 80PLUS골드 ATX3.1,0,0,가격비교예정,가격비교예정,가격비교예정,가격비교예정,"87,900"
124376785,CWT NOVA-D 850W 80PLUS골드 ATX3.1,0,0,가격비교예정,가격비교예정,가격비교예정,가격비교예정,"97,430"
122691781,DEEPCOOL GAMER STORM PQ1000G 80PLUS골드 풀모듈러 ATX3.1,"143,930","143,930","143,930","143,930","143,930","143,930","143,930"
122691742,DEEPCOOL GAMER STORM PQ850G 80PLUS골드 풀모듈러 ATX3.1,"115,530","115,530","115,530","115,530","115,530","115,530","115,530"
68247491,DEEPCOOL PL650D 80PLUS브론즈 ATX3.1,"61,440","61,440","61,440","61,440","61,440","61,440","61,440"
68247452,DEEPCOOL PL750D 80PLUS브론즈 ATX3.1,"76,100","76,100","76,100","76,100","76,100","76,100","76,100"
68247431,DEEPCOOL PL800D 80PLUS브론즈 ATX3.1,"81,960","81,960","81,960","81,960","81,960","81,960","81,960"
63035603,DEEPCOOL PN750M 80PLUS골드 풀모듈러 ATX3.1,"130,760","130,760","130,760","130,760","130,760","130,760","130,760"
63030596,DEEPCOOL PN850M 80PLUS골드 풀모듈러 ATX3.1,"143,500","143,500","143,500","143,500","143,500","143,500","143,500"
16273730,DEEPCOOL PQ1000M 80Plus골드 풀모듈러,"209,000","209,000","209,000","209,000","209,000","209,000","209,000"
20569130,DEEPCOOL PX1000G 80PLUS골드 풀모듈러 ATX3.0,"277,840","277,840","277,840","277,840","277,840","283,820","283,820"
20569127,DEEPCOOL PX1200G 80PLUS골드 풀모듈러 ATX3.0,"318,760","318,760","318,760","318,760","318,760","318,760","318,760"
122623667,EVGA 1000 GQ SE 80PLUS골드,"102,000","102,000","102,000","102,000","102,000","102,000","102,000"
5973034,EVGA 750 GQ 80PLUS골드,"102,000","102,000","102,000","102,000","102,000","102,000","102,000"
14757272,EVGA SUPERNOVA 2000G+ 80PLUS골드,"564,720","564,720","564,720","564,720","564,720","564,720","564,720"
98227034,FSP 2000W 80PLUS골드 풀모듈러 ATX3.0 벌크,"630,000","630,000","630,000","630,000","630,000","630,000",0
98409965,FSP DAGGER PRO 850W 80PLUS골드 ATX3.1 화이트,"209,690","209,690","209,690","209,690","209,690","209,690","209,690"
16529360,FSP FSP1200-50ADB 80PLUS골드,"315,990","303,360","303,360","303,360","303,360","303,360","303,360"
17004419,FSP FSP300-50FFB,"76,310","75,820","75,820","75,820","75,820","75,820","75,320"
17004332,FSP FSP350-50FFB,"93,990","90,240","76,820","76,820","90,240","90,240","93,990"
16822223,FSP FSP450-50SAC,"100,990","98,400","98,400",0,"98,400","98,400","98,400"
13950359,FSP FSP500-50FDB,"186,000","153,120","153,120","153,120","153,120","153,120","153,120"
14621936,FSP FSP500-70AGB,"87,990","82,560","82,560","82,560","82,560","82,560","82,560"
98226821,FSP FSP700-50WEB,0,0,0,0,0,"290,000","290,000"
98227031,FSP FSP700-50WEB 벌크,0,0,0,0,"277,600","277,600","277,600"
16965977,FSP FSP750-50ABA,"150,990","144,000","144,000","144,000","144,000","144,000","144,000"
17293193,FSP FSP850-50FGPH3,"226,780","219,840","219,830","219,830","219,840","219,830","219,840"
10812084,FSP FlexGURU 250W,"91,000","91,000","91,000","90,500","91,000","91,000","91,000"
5840944,FSP HEXA 550W 80PLUS브론즈 프리볼트,"79,980","79,980","79,980","79,980","79,980","79,980","79,980"
5840964,FSP HEXA 650W 80PLUS브론즈 프리볼트,"92,490","92,490","92,490","92,490","92,490","92,490","92,490"
98410109,FSP HYDRO G PRO 1000W 80PLUS골드 풀모듈러 ATX3.1,"227,000","227,000","227,000","227,000","227,000","227,000","227,000"
18477077,FSP HYDRO G PRO 850W 80PLUS골드 풀모듈러 ATX3.0,"186,560","186,560","186,560","186,560","186,560",0,0
98410055,FSP HYDRO G PRO 850W 80PLUS골드 풀모듈러 ATX3.1,"187,000","187,000","187,000","187,000","187,000","187,000","187,000"
28829330,FSP HYDRO PTM X PRO 1000W PLATINUM 화이트 ATX3.0,"259,000","259,000","259,000","259,000","259,000","259,000","259,000"
98246330,FSP HYDRO Ti PRO 1000W 80PLUS티타늄 ATX3.1,"387,600","387,600","387,600","387,600","387,600","387,600","387,600"
19240301,FSP HYDRO Ti PRO 1000W TITANIUM ATX3.0,0,0,0,0,0,0,"399,000"
108353792,FSP HYPER 500W 80PLUS스탠다드 230V EU ATX3.1,"49,990","49,990","49,990","49,990","49,990","50,000","50,000"
108353909,FSP HYPER 500W 80PLUS스탠다드 230V EU ATX3.1 벌크,"48,850","48,850","48,850","48,850","48,850","48,850","48,850"
108353834,FSP HYPER 600W 80PLUS스탠다드 230V EU ATX3.1,"54,990","54,990","54,990","54,990","54,990","54,990","55,000"
108353921,FSP HYPER 600W 80PLUS스탠다드 230V EU ATX3.1 벌크,"53,980","53,980","53,980","53,980","53,980","53,980",0
108353849,FSP HYPER 700W 80PLUS스탠다드 230V EU ATX3.1,"69,000","69,000","69,000","69,000","69,000","69,000","69,000"
108353924,FSP HYPER 700W 80PLUS스탠다드 230V EU ATX3.1 벌크,0,0,0,0,0,"67,980","67,980"
15925922,FSP HYPER K 500W 80PLUS스탠다드 230V EU (중고),"19,000","19,000","19,000","19,000","19,000",0,0
98229758,FSP HYPER K PRO 500W 브론즈 ATX3.1,"55,000","55,000","55,000","55,000","55,000","55,000","55,000"
98229773,FSP HYPER K PRO 600W 브론즈 ATX3.1,"67,000","67,000","67,000","67,000","67,000","67,000","67,000"
98229821,FSP HYPER K PRO 700W 브론즈 ATX3.1,"84,990","84,990","84,990","84,990","84,990","84,990","84,990"
102357575,FSP MEGA GM 1000W 80PLUS골드 풀모듈러 ATX 3.1,"220,820","220,820","220,820","220,820","220,820","220,820","220,820"
102357713,FSP MEGA GM 1200W 80PLUS골드 풀모듈러 ATX 3.1,"280,990","280,990","280,990","280,990","280,990","280,990","280,990"
102357467,FSP MEGA GM 850W 80PLUS골드 풀모듈러 ATX 3.1,"186,990","186,990","186,990","186,990","186,990","186,990","186,990"
103130582,FSP MEGA TI 1350W 80PLUS티타늄 풀모듈러 ATX 3.1,"499,000","499,000","499,000","499,000","499,000","499,000","499,000"
102357194,FSP MEGA TI 1650W 80PLUS티타늄 풀모듈러 ATX 3.1,"599,000","599,000","599,000","599,000","599,000","599,000","599,000"
18770219,FSP Twins PRO 500W ATX Redundant,0,0,0,0,0,"553,000","553,000"
28803917,FSP Twins PRO 700W ATX Redundant,"685,000","685,000","685,000","685,000","685,000","685,000","685,000"
108354047,FSP VIC GM 750W 80PLUS골드 풀모듈러 ATX 3.1,"114,990","114,990","114,990","114,990","114,990","114,990","114,990"
108354074,FSP VIC GM 850W 80PLUS골드 풀모듈러 ATX 3.1,"134,990","134,990","134,990","134,990","134,990","134,990","134,990"
98244365,FSP VITA GD 750W 80PLUS골드 ATX3.1,"91,480","91,480","91,480","91,480","91,400","91,480","91,480"
98244416,FSP VITA GD 850W 80PLUS골드 ATX3.1,"109,990","109,990","109,990","109,990","109,990","109,990","109,990"
124362977,FSP VITA PM 1000W 80PLUS플래티넘 ATX3.1,가격비교예정,가격비교예정,가격비교예정,가격비교예정,가격비교예정,가격비교예정,"187,450"
124362953,FSP VITA PM 750W 80PLUS플래티넘 ATX3.1,가격비교예정,가격비교예정,가격비교예정,가격비교예정,가격비교예정,가격비교예정,"130,260"
124362958,FSP VITA PM 850W 80PLUS플래티넘 ATX3.1,가격비교예정,가격비교예정,가격비교예정,가격비교예정,가격비교예정,가격비교예정,"157,800"
101185070,Fractal Design Ion 3 1000W 80PLUS골드 블랙,"295,990","295,990","286,390","286,390","295,990","295,990","286,710"
101185088,Fractal Design Ion 3 1000W 80PLUS골드 화이트,"286,380","286,380","286,380","284,050","284,050","286,380","286,380"
101184998,Fractal Design Ion 3 850W 80PLUS골드,"224,600","224,600","224,600","224,600","224,600","224,600","224,600"
99741659,GIGABYTE P650G 80PLUS골드 ATX3.1 피씨디렉트,0,0,"64,320","66,990","66,990","66,990","66,990"
33059297,GIGABYTE P650G 80PLUS골드 피씨디렉트,"57,770","57,770","57,770","57,770","57,770","57,770","57,770"
88209140,GIGABYTE P650SS 80PLUS실버 FDB ATX3.0 피씨디렉트,"49,840","49,840","49,840","49,840","49,840","49,840","55,000"
88211402,GIGABYTE P650SS ICE 80PLUS실버 FDB ATX3.0 피씨디렉트,"53,990","53,990","53,990","53,990","53,990","53,990","53,990"
18939278,GIGABYTE UD1000GM PG5 80PLUS골드 풀모듈러 ATX3.0 피씨디렉트,"126,450","126,450","126,450","126,450","126,450","128,140","128,140"
105554264,GIGABYTE UD1000GM PG5 V2 80PLUS골드 풀모듈러 ATX 3.1 제이씨현,"149,760","149,760","149,760","149,760","149,760","149,760","149,760"
96651776,GIGABYTE UD1000GM PG5 V2 80PLUS골드 풀모듈러 ATX3.1 피씨디렉트,"142,890","142,890","142,890","142,890","142,890","142,880","142,870"
94085393,GIGABYTE UD1000GM PG5 V2 ICE 80PLUS골드 풀모듈러 ATX3.1 피씨디렉트,"142,880","142,880","142,880","142,880","142,880","142,880","142,860"
21688382,GIGABYTE UD1300GM PG5 80PLUS골드 풀모듈러 ATX3.0 피씨디렉트,"257,050","257,050","257,050","257,050","257,050","262,580","262,580"
92687294,GIGABYTE UD750GM PG5 80PLUS골드 풀모듈러 ATX3.0 피씨디렉트,"87,000","87,000","87,000","87,000","87,000","87,000",0
122624395,GIGABYTE UD750GM PG5 V2 80PLUS골드 풀모듈러 ATX3.1 피씨디렉트,"85,740","87,000","92,000","92,000","92,000","92,000","87,000"
124225035,GIGABYTE UD750GM PG5 V2 ICE 80PLUS골드 풀모듈러 ATX3.1 피씨디렉트,"84,630","84,630","84,630","84,630","84,630","84,630","84,630"
16369028,GIGABYTE UD850GM 80PLUS골드 풀모듈러 제이씨현,"104,990","104,990","104,990","104,990","104,990","104,990","104,990"
19749611,GIGABYTE UD850GM PG5 80PLUS골드 풀모듈러 ATX3.0 제이씨현,"135,000","135,000","135,000","135,000","135,000","135,000","135,000"
19539929,GIGABYTE UD850GM PG5 80PLUS골드 풀모듈러 ATX3.0 피씨디렉트,"104,850","104,850","104,850","104,850","104,850","104,850","104,850"
98760665,GIGABYTE UD850GM PG5 V2 80PLUS골드 풀모듈러 ATX3.1 제이씨현,"110,990","110,990","110,990","110,990","110,990","110,990","110,990"
99894578,GIGABYTE UD850GM PG5 V2 80PLUS골드 풀모듈러 ATX3.1 피씨디렉트,"106,940","106,940","106,940","106,940","106,950","106,950","106,950"
94085267,GIGABYTE UD850GM PG5 V2 ICE 80PLUS골드 풀모듈러 ATX3.1 피씨디렉트,"109,710","109,710","109,710","109,710","109,710","109,710","109,710"
92621645,GREENLEAF VOLTRON 800W 80PLUS브론즈 ATX3.1,"59,310","59,310","59,310",0,0,0,0
92621657,GREENLEAF VOLTRON 800W 80PLUS브론즈 ATX3.1 화이트,"64,000","64,000",0,0,0,0,0
122705936,GreatWall CRPS 1300N2 80PLUS플래티넘,"420,000","420,000","420,000","420,000","420,000","420,000","420,000"
122705978,GreatWall CRPS 2700T 80PLUS티타늄,"1,050,000","1,050,000","1,050,000","1,050,000","1,050,000","1,050,000","1,050,000"
122706001,GreatWall CRPS 3200T 80PLUS티타늄,"1,230,000","1,230,000","1,230,000","1,230,000","1,230,000","1,230,000","1,230,000"
122647781,GreatWall CRPS PDB CAGE 3KW 2U 이엠텍,"339,930","339,930","339,930","339,930","339,910","339,890","339,890"
123436358,GreatWall CRPS 백플레인 GW-BKPV2CBM,"256,000","256,000","256,000","256,000","256,000","256,000","256,000"
123436679,GreatWall CRPS 백플레인 GW-BKPV2DM,"349,000","349,000","349,000","349,000","349,000","349,000","349,000"
4545079,HOPELY 500RW V2.3 벌크,"29,240","29,240","29,240",0,0,0,0
4897140,HOPELY 600A 벌크,"15,670","15,660","15,670","15,630","15,670","15,650","15,630"
33483470,HOPELY 600JB LIGHT 벌크,"17,080","16,620","17,080","17,080","17,080","17,060","17,060"
77465807,HOPELY 600MB PR,"25,990","25,990","25,990","25,990","25,990","25,990","25,990"
98760545,MONTECH CENTURY II 1050 80PLUS골드 풀모듈러 ATX3.1,"153,900","153,900","153,900","153,900","153,900","153,900","153,900"
104594006,MONTECH CENTURY II 1200 80PLUS골드 풀모듈러 ATX3.1,"210,210","210,210","210,210","210,210","210,210","205,105","210,210"
98760509,MONTECH CENTURY II 850 80PLUS골드 풀모듈러 ATX3.1,"120,270","120,270","120,270","120,270","120,270","119,166","119,160"
91493066,MONTECH TITAN PLA 1000W 플래티넘 ATX3.1 화이트,"229,410","229,410","229,410","229,410","229,410","224,748","229,410"
91493102,MONTECH TITAN PLA 1200W 플래티넘 ATX3.1 화이트,"267,760","267,760","267,760","267,760","267,760","264,035","267,760"
58938845,MSI MAG A1000GL 80PLUS골드 풀모듈러 ATX3.1,"186,520","186,520","186,520","186,520","186,520","186,520","186,520"
96059492,MSI MAG A1000GLS 80PLUS골드 풀모듈러 ATX3.1,"173,490","173,490","173,480","173,480","173,480","173,480","173,490"
122719184,MSI MAG A1200PLS 80PLUS플래티넘 풀모듈러 ATX 3.1,"203,990","216,690","216,680","216,680","216,680","216,680","216,690"
58938893,MSI MAG A1250GL 80PLUS골드 풀모듈러 ATX3.1,"227,900","228,800","227,900","227,900","227,900","228,490","228,800"
30612056,MSI MAG A500DN 80PLUS스탠다드,"43,500","43,500","43,470","43,450","43,390","43,370","43,350"
68574608,MSI MAG A500N-H,"35,030","36,070","36,060","36,060","36,060","36,070","36,070"
30611999,MSI MAG A600DN 80PLUS스탠다드,"45,980","49,000","47,900","47,900","47,900","47,900","49,000"
15283025,MSI MAG A650BN 80PLUS브론즈,"75,600","75,600","75,600","75,600","75,600","75,600","75,600"
99916766,MSI MAG A650BN III 80PLUS브론즈 ATX3.1,"63,920","64,800","64,500","64,390","64,380","64,400","64,800"
42861437,MSI MAG A650BNL 80PLUS브론즈,"59,800","59,900","59,380","59,380","59,380","59,400","59,370"
70533359,MSI MAG A650BNL 80PLUS브론즈 화이트,"61,070","63,000","62,100","62,100","62,100","62,500","62,100"
96059372,MSI MAG A650GLS 80PLUS골드 풀모듈러 ATX3.1,"84,300","88,000","86,000","86,000","84,690","84,170","83,650"
42861392,MSI MAG A750BN 80PLUS브론즈 PCIE5,"79,200","79,200","79,200","79,200","79,200","79,200","79,200"
99916703,MSI MAG A750BN III 80PLUS브론즈 ATX3.1,"83,000","84,000","82,480","82,480","82,480","83,500","82,480"
21206882,MSI MAG A750GL 80PLUS골드 풀모듈러 ATX3.1,"119,000","119,000","119,000","119,000","119,000","119,000","119,000"
96059435,MSI MAG A750GLS 80PLUS골드 풀모듈러 ATX3.1,"124,490","128,800","126,000","126,000","126,000","128,790","128,800"
93913646,MSI MAG A750GN 80PLUS골드 ATX3.1,"82,720","84,510","83,900","83,900","83,900","84,000","84,000"
21206702,MSI MAG A850GL 80PLUS골드 풀모듈러 ATX3.1,"186,200","186,200","186,200","186,200","186,200","186,200","186,200"
28607840,MSI MAG A850GL 화이트 80PLUS골드 풀모듈러 ATX3.1,"146,000","146,000","145,990","145,990","145,990","146,000","146,000"
96059471,MSI MAG A850GLS 80PLUS골드 풀모듈러 ATX3.1,"144,490","144,500","144,480","144,480","144,480","144,480","144,500"
93913679,MSI MAG A850GN 80PLUS골드 ATX3.1,"95,160","98,000","97,210","97,210","97,210","97,210","97,220"
18146243,MSI MEG Ai1300P 80PLUS플래티넘 풀모듈러 ATX3.0,"369,000","369,000","369,000","369,000","369,000","369,000","369,000"
75071786,MSI MEG Ai1300P 80PLUS플래티넘 풀모듈러 ATX3.1,"369,000","369,000","369,000","369,000","369,000","369,000","369,000"
93630830,MSI MEG Ai1600T 80PLUS티타늄 풀모듈러 ATX3.1,"1,119,710","1,119,710","1,119,710","1,119,710","1,119,710","1,119,710","1,119,710"
13168653,MSI MPG A1000G 80PLUS골드 풀모듈러 ATX3.1,"199,000","199,000","199,000","199,000","199,000","199,000","199,000"
96059045,MSI MPG A1000GS II 80PLUS골드 풀모듈러 ATX3.1,"185,250","199,000","185,250","185,250","185,250","195,320","182,820"
96059108,MSI MPG A1250GS II 80PLUS골드 풀모듈러 ATX3.1,"231,380","248,790","246,000","246,000","246,000","248,790","248,800"
18442058,MSI MPG A850G 80PLUS골드 풀모듈러 ATX3.1,"149,000","149,000","149,000","149,000","149,000","149,000","149,000"
92041931,MSI MPG A850GS 80PLUS골드 풀모듈러 ATX3.1,"164,360","166,000","165,990","165,990","165,990","166,000","166,000"
122712536,MSI MPG Ai1300TS 80PLUS티타늄 풀모듈러 ATX 3.1,"361,170","361,180","361,170","361,170","361,170","361,170","361,180"
122712502,MSI MPG Ai1600TS 80PLUS티타늄 풀모듈러 ATX 3.1,"649,000","639,600","636,880","636,880","636,880","639,600","639,600"
122712608,MSI PRO A1000PL 80PLUS플래티넘 풀모듈러 ATX 3.1,"187,850","187,860","186,980","186,980","186,980","186,990","187,860"
122712597,MSI PRO A850PL 80PLUS플래티넘 풀모듈러 ATX 3.1,"156,160","156,190","153,940","153,940","153,940","153,940","156,190"
20507534,NEWZEN SKULL 1000XM ATX3.0 80PLUS골드,"188,990","188,990","188,990","188,990","188,990","188,990","188,990"
76551290,NEWZEN SKULL 650EM 80PLUS브론즈 ATX3.1,"57,230","57,230","57,230","57,230","57,230","57,230","57,230"
76551317,NEWZEN SKULL 650EM 80PLUS브론즈 ATX3.1 화이트,"61,420","61,420","61,420","61,420","61,420","56,994","60,000"
76551389,NEWZEN SKULL 750EM 80PLUS브론즈 ATX3.1,"71,770","71,770","71,770","71,770","71,770","69,375","69,375"
76551404,NEWZEN SKULL 750EM 80PLUS브론즈 ATX3.1 화이트,"75,830","75,830","75,830","75,830","75,830","69,841","74,062"
24714023,NEWZEN SKULL 750SM 모듈러 ATX3.0 80PLUS골드,"148,120","148,120","148,120","148,120","148,120","148,120","148,120"
24714137,NEWZEN SKULL 750SM 모듈러 ATX3.0 80PLUS골드 화이트,"157,080","157,080","157,080","157,080","157,080","157,080","157,080"
59465297,NEWZEN SKULL 750SM 모듈러 ATX3.1 80PLUS골드,"94,990","94,990","94,990","94,990","94,990","93,125","93,125"
59466356,NEWZEN SKULL 750SM 모듈러 ATX3.1 80PLUS골드 화이트,"105,720","105,720","105,720","105,720","105,720","103,541","103,541"
74052779,NEWZEN SKULL 750XM 풀모듈러 ATX3.1 80PLUS골드 블랙,"123,820","123,820","123,820","123,820","123,820","116,705","123,820"
67406777,NEWZEN SKULL 750XM 풀모듈러 ATX3.1 80PLUS골드 화이트,"123,828","123,828","123,828","125,120","125,120","124,375","124,375"
76551458,NEWZEN SKULL 850EM 80PLUS브론즈 ATX3.1,"80,630","80,630","80,630","80,630","80,630","74,259","78,750"
76551476,NEWZEN SKULL 850EM 80PLUS브론즈 ATX3.1 화이트,"85,420","85,420","85,420","85,420","85,420","78,677","83,438"
24713456,NEWZEN SKULL 850SM 모듈러 ATX3.0 80PLUS골드,"105,720","105,720","105,720","105,720","105,720","105,720","105,720"
24713753,NEWZEN SKULL 850SM 모듈러 ATX3.0 80PLUS골드 화이트,"115,420","115,420","115,420","115,420","115,420","115,420","115,420"
67403255,NEWZEN SKULL 850SM 모듈러 ATX3.1 80PLUS골드,"105,720","105,720","105,720","105,720","105,720","103,541","103,541"
72816704,NEWZEN SKULL 850SM 모듈러 ATX3.1 80PLUS골드 화이트,"114,220","114,220","114,220","114,220","114,220","113,958","113,958"
74052926,NEWZEN SKULL 850XM 풀모듈러 ATX3.1 80PLUS골드 블랙,"138,220","138,220","138,220","138,220","138,220","131,440","138,220"
108448535,NEXIUM NEXIUM WARRIOR 700W 80PLUS브론즈 벌크,"43,930",0,0,0,0,0,0
108448586,NEXIUM WARRIOR 700W 80PLUS브론즈 ATX3.1,"46,560",0,0,0,0,0,0
108448589,NEXIUM WARRIOR 700W 80PLUS브론즈 ATX3.1 화이트,"48,620",0,0,0,0,0,0
108448718,NEXIUM WARRIOR 800W 80PLUS브론즈 ATX3.1,"56,580",0,0,0,0,0,0
108448733,NEXIUM WARRIOR 800W 80PLUS브론즈 ATX3.1 화이트,"58,700","58,700",0,0,0,0,0
95057144,NOCTUA PRIME TX-1600 Noctua Edition,"950,840","950,840","996,770","962,550","962,550","962,550","962,550"
77086049,NZXT C1000 80PLUS골드 풀모듈러 ATX3.1 블랙,"266,720","266,720","266,720","266,720","266,720","266,720","266,720"
77086067,NZXT C1000 80PLUS골드 풀모듈러 ATX3.1 화이트,"282,000","282,000","282,000","282,000","282,000","282,000","282,000"
77314157,NZXT C1200 80PLUS골드 풀모듈러 ATX3.1 블랙,"292,250","292,250","292,250","292,250","292,250","292,250","292,250"
77314178,NZXT C1200 80PLUS골드 풀모듈러 ATX3.1 화이트,"297,980","297,980","297,980","297,980","297,980","297,980","297,980"
79558487,NZXT C1500 80PLUS플래티넘 풀모듈러 ATX3.1 블랙,"517,080","517,080","517,080","517,080","517,080","517,080","517,080"
100758398,NZXT C650 80PLUS골드 벌크,"51,000","56,000","53,500","53,500","56,000","56,000","56,000"
77085227,NZXT C850 80PLUS골드 풀모듈러 ATX3.1 블랙,"231,000","231,000","231,000","230,500","230,500","231,000","231,000"
77085878,NZXT C850 80PLUS골드 풀모듈러 ATX3.1 화이트,"188,810","188,810","188,810","188,810","188,810","188,810","188,810"
18826778,PNC PARTNER EVEREST 1600AP VER.S 벌크,"88,790","88,790","88,790","88,790","88,790","88,790","88,790"
12342704,PNC PARTNER EVEREST 1600AP 벌크,"110,000","110,000","110,000","110,000",0,"110,000","108,050"
93864431,Segotep BN750W KR 80PLUS브론즈 ATX3.1 블랙,"70,810","70,810","70,800","70,800","70,800","70,810","70,810"
93864464,Segotep BN850W KR 80PLUS브론즈 ATX3.1 블랙,"80,510","80,510","80,500","80,500","80,500","80,510","80,510"
47843912,Segotep GM1000W 80PLUS골드 풀모듈러 ATX3.1 블랙,"155,000","155,000","155,000","155,000","155,000","155,000","155,000"
47843963,Segotep GM1000W 80PLUS골드 풀모듈러 ATX3.1 화이트,"169,810","169,810","166,390","166,390","166,390","170,000","170,000"
47844002,Segotep GM1250W 80PLUS골드 풀모듈러 ATX3.1 블랙,"154,230","154,230","154,200","154,200","154,200","154,230","154,230"
47844026,Segotep GM1250W 80PLUS골드 풀모듈러 ATX3.1 화이트,"168,780","168,780","168,700","168,700","168,700","168,780","168,780"
103599545,Segotep GM2000W 80PLUS골드 풀모듈러 ATX3.1 블랙,"378,300","378,300","374,700","374,700","374,700","378,300","378,300"
47843792,Segotep GM750W 80PLUS골드 풀모듈러 ATX3.1 블랙,"101,850","101,850","101,850","101,850","101,850","101,850","101,850"
47843813,Segotep GM750W 80PLUS골드 풀모듈러 ATX3.1 화이트,"116,400","116,400","116,400","116,400","116,400","116,400","116,400"
47843861,Segotep GM850W 80PLUS골드 풀모듈러 ATX3.1 블랙,"111,550","111,550","111,550","111,550","111,550","111,550","111,550"
47843882,Segotep GM850W 80PLUS골드 풀모듈러 ATX3.1 화이트,"126,100","126,100","126,000","126,000","126,000","126,100","126,100"
44906423,SilverStone HELA 2050R Platinum ATX3.1 마이크로닉스,"773,240","773,240","755,980","755,980","755,980","803,190","800,150"
4229699,SilverStone SST-SX700-LPT 아이보라,0,0,0,0,0,"192,730","192,730"
122617074,SuperFlower SF-1000C12DG COMBAT DG ETA골드 ATX3.1,"133,430","133,430","132,940","132,940","132,940","132,930","132,930"
69468725,SuperFlower SF-1000F14GE LEADEX III GOLD UP ATX3.1,"186,000","186,000","186,000","186,000","186,000","186,000","186,000"
94445258,SuperFlower SF-1000F14GE LEADEX III GOLD UP ATX3.1 화이트,"194,140","194,140","194,140","194,140","194,140","194,140","194,140"
19921292,SuperFlower SF-1000F14PE LEADEX VI PRO PLATINUM 화이트 PCIE5,"248,400","248,400","248,400","248,400","248,400","248,400","248,400"
20057756,SuperFlower SF-1000F14XG LEADEX VII GOLD ATX3.1,"219,150","219,150","219,150","219,150","219,150","219,150","219,150"
20237495,SuperFlower SF-1000F14XG LEADEX VII GOLD 화이트 ATX3.1,"228,780","228,780","228,780","228,780","228,780","228,780","228,780"
124376626,SuperFlower SF-1000F14XG LEADEX VII V2 ETA플래티넘 ATX3.1,0,0,가격비교예정,가격비교예정,가격비교예정,0,"243,890"
124376715,SuperFlower SF-1000F14XG LEADEX VII V2 ETA플래티넘 ATX3.1 화이트,0,0,가격비교예정,가격비교예정,가격비교예정,0,"252,360"
32037950,SuperFlower SF-1000F14XP LEADEX VII PRO PLATINUM 블랙 ATX3.1,"253,190","253,190","253,190","253,190","253,190","253,190","253,190"
49081385,SuperFlower SF-1000F14XP LEADEX VII PRO PLATINUM 화이트 ATX3.1,"262,240","262,240","262,240","262,240","262,240","262,240","262,240"
32038043,SuperFlower SF-1200F14XP LEADEX VII PRO PLATINUM 블랙 ATX3.1,"283,060","283,060","283,060","283,060","283,060","283,060","283,060"
49091162,SuperFlower SF-1200F14XP LEADEX VII PRO PLATINUM 화이트 ATX3.1,"294,000","294,000","294,000","294,000","294,000","294,000","294,000"
97227107,SuperFlower SF-1300F14GE LEADEX III GOLD UP ATX3.1,"224,600","224,600","224,600","224,600","224,600","224,600","224,480"
97227119,SuperFlower SF-1300F14GE LEADEX III GOLD UP ATX3.1 화이트,"234,050","234,050","234,050","234,050","234,050","234,050","234,050"
20275859,SuperFlower SF-1300F14XG LEADEX VII GOLD ATX3.1,"255,490","255,490","255,490","255,490","255,490","255,490","255,490"
20615300,SuperFlower SF-1300F14XG LEADEX VII GOLD 화이트 ATX3.1,"263,000","263,000","263,000","263,000","263,000","263,000","263,000"
101544143,SuperFlower SF-1700F14HT LEADEX ETA티타늄 ATX3.1,"714,640","714,640","714,640","714,640","714,640","714,640","714,640"
3353742,SuperFlower SF-2000F14HP LEADEX PLATINUM,"665,000","665,000","665,000","665,000","665,000","665,000","665,000"
122616922,SuperFlower SF-2200F14HP LEADEX TITANIUM ATX3.1,"724,000","724,000","724,000","724,000","724,000","724,000","724,000"
91562072,SuperFlower SF-2800F14HP LEADEX TITANIUM ATX3.1,"984,000","984,000","984,000","984,000","984,000","984,000","984,000"
96707108,SuperFlower SF-650Z12DB Zillion DB ETA실버 ATX3.1,"64,790","64,790","64,790","64,790","64,790","64,790","64,790"
60148454,SuperFlower SF-750C12FG COMBAT FG 80PLUS골드 ATX3.1,"132,390","132,390","132,390","132,390","132,390","132,390","132,390"
69468659,SuperFlower SF-750F14GE LEADEX III GOLD UP ATX3.1,"146,290","146,290","146,290","146,290","146,290","146,290","146,290"
9343239,SuperFlower SF-750F14HT LEADEX TITANIUM,"328,150","328,150","328,150","328,150","328,150","328,150","328,150"
90156104,SuperFlower SF-750Z12DB Zillion DB ETA실버 ATX3.1,"80,680","80,680","80,680","80,680","80,680","80,680","80,680"
60148511,SuperFlower SF-850C12FG COMBAT FG 80PLUS골드 ATX3.1,"139,000","139,000","139,000","139,000","139,000","139,000","139,000"
69468698,SuperFlower SF-850F14GE LEADEX III GOLD UP ATX3.1,"160,800","160,800","160,800","160,800","160,800","160,800","160,800"
94445237,SuperFlower SF-850F14GE LEADEX III GOLD UP ATX3.1 화이트,"166,460","166,460","166,460","166,460","166,460","166,460","166,460"
20315651,SuperFlower SF-850F14HG LEADEX III GOLD 블랙 PCIE5,"199,780","199,780","199,780","199,780","199,780","199,780","199,780"
9343278,SuperFlower SF-850F14HT LEADEX TITANIUM,"376,010","376,010","376,010","376,010","376,010","376,010","376,010"
19227146,SuperFlower SF-850F14PE LEADEX VI PRO PLATINUM PCIE5,"182,490","182,490","182,490","182,490","182,490","182,490","182,480"
15298862,SuperFlower SF-850F14TP LEADEX V PRO PLATINUM 블랙,"240,800","240,800","240,800","240,800","240,800","240,800","240,800"
16054550,SuperFlower SF-850F14TP LEADEX V PRO PLATINUM 화이트,"269,500","269,500","269,500","269,500","269,500","269,500","269,500"
20057990,SuperFlower SF-850F14XG LEADEX VII GOLD ATX3.1,"192,000","192,000","192,000","192,000","192,000","192,000","192,000"
20237516,SuperFlower SF-850F14XG LEADEX VII GOLD 화이트 ATX3.1,"201,370","201,370","193,440","193,440","193,440","201,370","201,370"
124376457,SuperFlower SF-850F14XG LEADEX VII V2 ETA플래티넘 ATX3.1,0,가격비교예정,가격비교예정,가격비교예정,가격비교예정,0,"209,690"
124376473,SuperFlower SF-850F14XG LEADEX VII V2 ETA플래티넘 ATX3.1 화이트,0,가격비교예정,가격비교예정,가격비교예정,가격비교예정,"236,900","218,160"
32037836,SuperFlower SF-850F14XP LEADEX VII PRO PLATINUM 블랙 ATX3.1,"213,890","213,890","213,890","213,890","213,890","213,890","213,890"
55795079,SuperFlower SF-850F14XP LEADEX VII PRO PLATINUM 화이트 ATX3.1,"223,900","223,900","223,900","223,900","223,900","223,900","223,900"
90156149,SuperFlower SF-850Z12DB Zillion DB ETA실버 ATX3.1,"89,560","89,560","89,560","89,560","89,560","89,560","89,560"
1253359,WEED W450-MW 벌크,"19,390","19,390","19,390","19,390","19,390",0,0
1565135,WEED W600-ORIGIN,0,0,0,0,0,"24,400","24,400"
16265594,be quiet DARK POWER PRO 12 1500W 80PLUS티타늄,"912,240","912,240","912,240","912,240","912,240","912,240","912,240"
28802945,be quiet DARK POWER PRO 13 1300W 80PLUS티타늄,"750,000","711,310","702,310","699,310","699,310","693,310","714,320"
28803080,be quiet DARK POWER PRO 13 1600W 80PLUS티타늄,"837,000","800,000","797,200","797,200","800,000","794,000","788,000"
28803386,be quiet STRAIGHT POWER 12 1000W 80PLUS플래티넘,"356,000","356,000","356,000","356,000","356,000","356,000","356,000"
28803701,be quiet STRAIGHT POWER 12 1500W 80PLUS플래티넘,"599,000","599,000","599,000","599,000","599,000","599,000","599,000"
21651302,darkFlash SAVEMOST 500W 블랙,"37,300","37,300","37,300","37,300","37,300","37,300","37,300"
27941540,darkFlash SAVEMOST 600W 80PLUS스탠다드,"50,850","50,850","50,850","50,850","50,850","50,850","50,850"
60170783,darkFlash SAVEMOST 600W 80PLUS스탠다드 벌크,"49,810","49,810","49,810","49,810","49,810","49,810","49,810"
21651443,darkFlash SAVEMOST 600W 블랙,"42,040","42,040","42,040","42,040","42,040","42,040","42,040"
27941621,darkFlash SAVEMOST 700W 80PLUS스탠다드,"64,000","64,000","64,000","64,000","64,000","64,000","64,000"
60170801,darkFlash SAVEMOST 700W 80PLUS스탠다드 벌크,"61,080","61,080","61,080","61,080","61,080","61,080","61,080"
21651530,darkFlash SAVEMOST 700W 블랙,"46,200","46,200","46,200","46,200","46,200","46,200","46,200"
21547862,darkFlash UPMOST 1050W 80PLUS골드 풀모듈러 ATX3.0 블랙,"185,000","185,000","185,000","185,000","185,000","185,000","185,000"
21547892,darkFlash UPMOST 1050W 80PLUS골드 풀모듈러 ATX3.0 화이트,"179,080","179,080","179,080","179,080","179,080","179,080","179,080"
29340080,darkFlash UPMOST 1250W 80PLUS골드 풀모듈러 ATX3.0 블랙,"199,000","199,000","199,000","199,000","199,000","199,000","199,000"
29340092,darkFlash UPMOST 1250W 80PLUS골드 풀모듈러 ATX3.0 화이트,"204,780","204,900","204,900","204,900","204,900","204,900","204,900"
19813763,darkFlash UPMOST 750W 80PLUS골드 풀모듈러 블랙,"119,000","119,000","119,000","119,000","119,000","119,000","119,000"
19813847,darkFlash UPMOST 750W 80PLUS골드 풀모듈러 화이트,"125,000","125,000","125,000","125,000","125,000","125,000","125,000"
20709257,darkFlash UPMOST 850W 80PLUS골드 풀모듈러 ATX3.0 블랙,"165,000","165,000","165,000","165,000","165,000","165,000","165,000"
20709380,darkFlash UPMOST 850W 80PLUS골드 풀모듈러 ATX3.0 화이트,"149,000","149,000","149,000","149,000","149,000","149,000","149,000"
19814000,darkFlash UPMOST 850W 80PLUS골드 풀모듈러 블랙,"145,000","145,000","145,000","145,000","145,000","145,000","145,000"
19814027,darkFlash UPMOST 850W 80PLUS골드 풀모듈러 화이트,"146,400","146,400","146,400","146,400","146,400","146,400","146,400"
97356671,darkFlash 퍼펙트모스트 700W 80PLUS브론즈 ATX3.1 블랙,"65,320","65,320","65,320","65,320","65,320","65,320","65,320"
97356686,darkFlash 퍼펙트모스트 700W 80PLUS브론즈 ATX3.1 화이트,"71,110","71,110","71,110","71,110","71,110","71,110","71,110"
75938597,darkFlash 퍼펙트모스트 750W 80PLUS골드 풀모듈러 ATX3.1 블랙,"102,450","102,450","102,450","102,450","102,450","102,450","102,450"
75938603,darkFlash 퍼펙트모스트 750W 80PLUS골드 풀모듈러 ATX3.1 화이트,"107,970","107,970","107,970","107,970","107,970","107,970","107,970"
97356731,darkFlash 퍼펙트모스트 800W 80PLUS브론즈 ATX3.1 블랙,"73,620","73,620","73,620","73,620","73,620","73,620","73,620"
97356740,darkFlash 퍼펙트모스트 800W 80PLUS브론즈 ATX3.1 화이트,"77,300","77,300","77,300","77,300","77,300","77,300","77,300"
75938642,darkFlash 퍼펙트모스트 850W 80PLUS골드 풀모듈러 ATX3.1 블랙,"114,260","114,260","114,260","114,260","114,260","114,260","117,000"
75938654,darkFlash 퍼펙트모스트 850W 80PLUS골드 풀모듈러 ATX3.1 화이트,"118,120","118,120","118,120","118,120","118,120","118,120","118,120"
10550613,topower Guardian TOP-600DG Single Rail 80PLUS브론즈,"57,130","57,130","57,130","57,130","57,130","57,130","57,130"
12288974,topower Guardian TOP-600DG Single Rail 80PLUS브론즈화이트,0,0,0,0,"61,780","61,780","61,780"
70678745,topower Guardian TOP-700DG 80PLUS브론즈 PCIE5.1 블랙,"69,570","69,570","69,570","69,570","69,570","69,570","69,570"
70678778,topower Guardian TOP-700DG 80PLUS브론즈 PCIE5.1 화이트,"74,760","74,760","74,760","74,760","74,760","74,760","74,760"
70679495,topower Guardian TOP-900DG 80PLUS스탠다드 PCIE5.1 블랙,"91,700","91,700","91,700","91,700","91,700","91,710","91,710"
70679501,topower Guardian TOP-900DG 80PLUS스탠다드 PCIE5.1 화이트,"96,570","96,570","96,570","96,570","96,570","96,570","96,570"
13150403,topower Guardian TOP-900DG 80PLUS스탠다드 화이트,"91,900","91,900","91,900","91,900","91,900","91,900","91,900"
19554956,topower TOP-500S 12VSD 벌크,"31,150","31,150","31,150","31,150","31,150","31,150","31,150"
12125519,topower TOP-600S 12VSD V2 벌크,0,0,0,0,"35,240","35,240","35,240"
31169711,델타 GPS-1300DB 1300W PLATINUM 풀모듈러 ATX3.0,0,0,0,0,0,"477,400",0
5870432,델타 UPS Agilon VX-600VA,"130,000","130,000","130,000","130,000",0,0,0
5724916,라이트컴 COMS 릴레이형 듀얼파워 커넥터 IE869,"5,800","5,800","5,800","5,800","5,800","5,800","5,800"
5697447,라이트컴 COMS 릴레이형 듀얼파워 커넥터 IE870,"5,480","5,480","5,480","5,480","5,480","5,480","5,480"
62176049,리안리 EDGE 1000 80PLUS플래티넘 화이트,"320,290","291,880","244,210","244,200","232,190","256,230","256,240"
62175968,리안리 EDGE 850 80PLUS플래티넘 블랙,"198,780","189,600","189,590","183,290","189,600","182,820","189,600"
62175980,리안리 EDGE 850 80PLUS플래티넘 화이트,"209,000","209,000","209,000","209,000","209,000","209,000","209,000"
76550288,리안리 EDGE GOLD 1000 블랙,"268,990","268,990","218,150","218,150","268,990","268,990","268,990"
76550333,리안리 EDGE GOLD 1000 화이트,"279,000","279,000","279,000","279,000","279,000","279,000","279,000"
76550438,리안리 EDGE GOLD 1200 블랙,"259,000","259,000","234,690","234,680","222,670","226,450","246,720"
76550468,리안리 EDGE GOLD 1200 화이트,"256,720","256,240","256,230","256,230","256,240","256,230","256,240"
76550060,리안리 EDGE GOLD 750 블랙,"149,000","141,920","141,910","141,840","141,850","141,840","141,820"
76550129,리안리 EDGE GOLD 850 블랙,"189,000","189,000","189,000","189,000","189,000","189,000","189,000"
76550153,리안리 EDGE GOLD 850 화이트,"199,000","199,000","199,000","199,000","199,000","199,000","199,000"
103449938,리안리 RS1000 80PLUS골드 with hub 블랙,"188,690","188,690","188,690","188,690","188,690","188,690","188,690"
103449986,리안리 RS1000 80PLUS골드 with hub 화이트,"192,990","192,990","192,990","192,990","192,990","192,990","192,990"
103449605,리안리 RS1000 80PLUS골드 블랙,"192,790","192,790","192,610","192,610","192,610","192,890","192,790"
103449815,리안리 RS1000 80PLUS골드 화이트,"192,790","192,790","192,610","192,610","192,610","192,900","192,790"
103450049,리안리 RS1200 80PLUS골드 with hub 블랙,"228,760","228,760","228,570","228,570","228,570","228,890","228,760"
103450091,리안리 RS1200 80PLUS골드 with hub 화이트,"228,760","228,760","228,570","228,570","228,570","228,570","228,760"
101628842,리안리 SP1000 80PLUS플래티넘 블랙,"338,640","322,880","322,870","322,870","322,880","322,880","322,880"
101628857,리안리 SP1000 80PLUS플래티넘 화이트,"338,640","322,880","322,870","322,870","322,880","322,880","322,880"
16490357,리안리 SP750 80PLUS골드 블랙,"231,980","231,980","231,980","231,980","231,980","231,980","231,980"
100695689,리안리 SP750 V2 80PLUS골드 블랙,"198,990","198,990","198,990","198,990","198,990","198,990","198,990"
100695704,리안리 SP750 V2 80PLUS골드 화이트,"204,810","199,120","199,110","199,110","199,120","199,110","199,120"
101628794,리안리 SP850 80PLUS플래티넘 블랙,"278,700","265,760","265,750","265,750","265,760","265,760","265,760"
101628830,리안리 SP850 80PLUS플래티넘 화이트,"278,700","278,700","265,750","263,730","263,690","263,670","262,160"
100695725,리안리 SP850 V2 80PLUS골드 블랙,"231,990","227,680","227,670","227,670","227,680","227,680","227,680"
100695731,리안리 SP850 V2 80PLUS골드 화이트,"227,680","227,680","227,670","227,170","227,680","227,680","227,570"
102550139,리안리 SX1000 80PLUS플래티넘 블랙,"249,000","237,200","237,190","237,190","237,200","237,190","237,200"
102550202,리안리 SX1000 80PLUS플래티넘 화이트,"245,350","237,680","237,190","237,130","237,090","237,070","237,190"
102550214,리안리 SX1200 80PLUS플래티넘 블랙,"281,580","275,280","275,270","248,240","275,280","248,240","275,280"
102550220,리안리 SX1200 80PLUS플래티넘 화이트,"281,580","281,580","275,270","251,260","275,280","269,280","275,280"
102492254,리안리 SX850 80PLUS플래티넘 블랙,"182,150","182,150","182,150","182,150","182,150","182,150","182,150"
102492269,리안리 SX850 80PLUS플래티넘 화이트,"184,150","180,000","179,990","179,990","180,000","180,000","180,000"
16000562,마이크로닉스 ASTRO GD 650W 80PLUS골드 풀모듈러 FDB 화이트,"114,430","114,430","114,430","114,430","114,430","114,430","114,430"
11844925,마이크로닉스 ASTRO GD 750W 80PLUS골드 풀모듈러 FDB 화이트,"172,900","172,900","172,900","172,900","172,900","172,900","172,900"
18005060,마이크로닉스 ASTRO II GD 1650W 80PLUS골드 풀모듈러 ATX3.0,"623,000","623,000","623,000","623,000","623,000","623,000","623,000"
27942170,마이크로닉스 ASTRO II PT 1000W 80PLUS플래티넘 풀모듈러 ATX3.0,"208,050","208,050","208,050","208,050","208,050","208,050","208,050"
122634894,마이크로닉스 ASTRO II PT 1000W 80PLUS플래티넘 풀모듈러 ATX3.1,"213,040","213,040","213,030","213,030","213,030","213,040","213,040"
33386042,마이크로닉스 ASTRO II PT 1300W 80PLUS플래티넘 풀모듈러 ATX3.1,"293,550","293,550","293,550","293,550","293,550","293,550","293,550"
27942059,마이크로닉스 ASTRO II PT 850W 80PLUS플래티넘 풀모듈러 ATX3.0,"189,000","189,000","189,000","189,000","189,000","189,000","189,000"
122634611,마이크로닉스 ASTRO II PT 850W 80PLUS플래티넘 풀모듈러 ATX3.1,"180,030","180,030","180,020","180,020","180,020","180,030","180,030"
6461871,마이크로닉스 ASTRO PLATINUM 1050W 풀모듈러,"232,860","232,860","231,830","231,830","231,830","232,860","232,860"
6461849,마이크로닉스 ASTRO PLATINUM 850W 풀모듈러,"165,000","165,000","160,040","160,040","160,040","165,000","165,000"
29082194,마이크로닉스 CASLON M 750W 80PLUS실버 모듈러 ATX3.0,"99,000","99,000","99,000","99,000","99,000","99,000","99,000"
29084696,마이크로닉스 CASLON M 850W 80PLUS실버 모듈러 ATX3.0,"116,900","116,900","116,900","116,900","116,900","116,900","116,900"
77082566,마이크로닉스 COOLMAX BASIC 500W,"42,900","42,900","42,900","42,900","42,900","42,900","42,900"
98760803,마이크로닉스 COOLMAX ELITE II 500W,"38,900","38,900","38,890","38,880","38,880","38,890","38,890"
98760842,마이크로닉스 COOLMAX ELITE II 600W,"44,890","44,890","44,880","44,880","44,880","44,890","44,890"
103480535,마이크로닉스 COOLMAX ELITE II 700W,"53,380","53,380","53,370","53,370","53,370","53,380","53,380"
28549583,마이크로닉스 COOLMAX FOCUS II 500W ETA BRONZE,"47,220","47,220","47,210","47,210","47,210","47,220","47,220"
51817283,마이크로닉스 COOLMAX FOCUS II 600W ETA BRONZE,"53,840","53,840","53,830","53,830","53,830","53,840","53,840"
17052830,마이크로닉스 COOLMAX FOCUS II 700W ETA BRONZE,"72,500","72,500","72,500","72,500","72,500","72,500","72,500"
20010086,마이크로닉스 COOLMAX FOCUS II 700W ETA BRONZE PCIE5.1,"68,000","68,000","68,000","68,000","68,000","68,000","68,000"
99732404,마이크로닉스 COOLMAX FOCUS II 700W ETA브론즈 ATX3.1,"71,820","71,820","71,810","70,130","70,130","71,820","71,820"
17052878,마이크로닉스 COOLMAX FOCUS II 800W ETA BRONZE,"82,700","82,700","82,700","82,700","82,700","82,700","82,700"
20010002,마이크로닉스 COOLMAX FOCUS II 800W ETA BRONZE PCIE5.1,"82,700","82,700","82,700","82,700","82,700","82,700","82,700"
99732446,마이크로닉스 COOLMAX FOCUS II 800W ETA실버 ATX3.1,"80,950","80,950","80,940","79,740","79,740","80,950","80,950"
20009693,마이크로닉스 COOLMAX FOCUS II 900W ETA SILVER PCIE5,"92,900","87,900","92,900","92,900","87,900","90,400","87,900"
99732509,마이크로닉스 COOLMAX FOCUS II 900W ETA실버 ATX3.1,"91,210","91,210","91,200","89,370","89,370","89,370","91,210"
19961321,마이크로닉스 COOLMAX P-1050W 80PLUS플래티넘 ATX3.0,"192,640","192,640","192,640","192,640","192,640","196,790","189,000"
101188547,마이크로닉스 COOLMAX P-1050W 80PLUS플래티넘 ATX3.1,"183,490","183,490","183,490","183,490","183,490","183,490","183,490"
19961018,마이크로닉스 COOLMAX P-850W 80PLUS플래티넘 ATX3.0,"175,770","175,770","175,760","172,100","172,100","175,770","175,770"
12076481,마이크로닉스 COOLMAX VISION 600W HDB,"105,000","105,000","105,000","105,000","105,000","105,000","105,000"
12076526,마이크로닉스 COOLMAX VISION 700W HDB,"125,000","125,000","125,000","125,000","125,000","125,000","125,000"
16566995,마이크로닉스 COOLMAX VISION II 500W,"39,590","39,590","39,580","39,570","39,570","39,590","39,590"
16567067,마이크로닉스 COOLMAX VISION II 600W,"49,900","49,900","49,890","48,820","48,820","49,900","49,900"
16567166,마이크로닉스 COOLMAX VISION II 700W,"60,000","60,000","59,990","59,990","59,990","60,000","60,000"
16567229,마이크로닉스 COOLMAX VISION II 800W,"56,640","58,990","58,990","58,990","58,990","58,990","58,990"
75939377,마이크로닉스 Classic II 1000W 80PLUS플래티넘 ATX3.1,"243,530","243,530","241,500","241,500","241,500","243,360","246,390"
15266783,마이크로닉스 Classic II 1050W 80PLUS골드 230V EU 풀모듈러 화이트,"199,000","199,000","199,000","199,000","199,000","199,000","199,000"
63029591,마이크로닉스 Classic II 1050W 80PLUS골드 풀모듈러 ATX3.1,"181,090","181,090","181,080","181,080","181,080","183,840","182,790"
69468953,마이크로닉스 Classic II 1050W 80PLUS골드 풀모듈러 ATX3.1 화이트,"194,820","194,820","193,020","193,020","193,010","197,570","197,570"
96772910,마이크로닉스 Classic II 1200W 80PLUS골드 풀모듈러 ATX3.1,"204,390","203,780","202,720","202,720","202,720","203,780","205,700"
97954838,마이크로닉스 Classic II 1200W 80PLUS골드 풀모듈러 화이트 ATX3.1,"214,410","213,560","212,420","212,420","212,410","212,410","216,690"
78174245,마이크로닉스 Classic II 1300W 80PLUS플래티넘 ATX3.1,"292,450","292,450","290,020","290,020","290,010","297,710","297,710"
123743244,마이크로닉스 Classic II 500W +12V Single Rail (중고),"15,900","15,900","15,900","15,900","15,900","15,900","15,900"
1928673,마이크로닉스 Classic II 500W 80PLUS 230V EU,"59,000","59,000","59,000","59,000","59,000","59,000","59,000"
16155944,마이크로닉스 Classic II 500W 80PLUS 230V EU (중고),0,0,"18,900","18,900","18,900","18,900","18,900"
1928750,마이크로닉스 Classic II 600W 80PLUS 230V EU,"61,840","66,500","66,500","66,500","66,500","66,500","66,500"
14380013,마이크로닉스 Classic II 600W 80PLUS 230V EU (중고),"26,000","26,000",0,0,0,"26,000",0
11226927,마이크로닉스 Classic II 600W 80PLUS 230V EU 화이트,"99,000","99,000","99,000","99,000","99,000","99,000","99,000"
10901664,마이크로닉스 Classic II 650W 80PLUS브론즈 230V EU HDB 핑크,"79,570","79,570","79,570","79,570","79,570","79,570","79,570"
1966330,마이크로닉스 Classic II 700W 80PLUS 230V EU,"81,750","81,750","81,750","81,750","81,750","86,900","84,400"
11227005,마이크로닉스 Classic II 700W 80PLUS 230V EU 화이트,"91,900","91,900","91,900","91,900","91,900","91,900","91,900"
15046910,마이크로닉스 Classic II 750W 80PLUS골드 230V EU,"129,000","129,000","129,000","129,000","129,000","129,000","129,000"
58913891,마이크로닉스 Classic II 750W 80PLUS골드 풀모듈러 ATX3.1,"126,110","126,090","125,100","125,100","125,100","126,090","126,490"
54314609,마이크로닉스 Classic II 750W 80PLUS골드 풀모듈러 ATX3.1 화이트,"135,900","135,900","131,300","131,290","131,290","138,600","138,990"
9326622,마이크로닉스 Classic II 750W 80PLUS브론즈 230V EU HDB,"101,970","94,470","94,470","94,470","94,470","96,970","99,470"
10901742,마이크로닉스 Classic II 750W 80PLUS브론즈 230V EU HDB 핑크,"77,000","77,000","76,980","76,980","76,980","77,000","77,000"
88232360,마이크로닉스 Classic II 750W 80PLUS실버 모듈러 ATX3.1,"123,500","123,500","123,500","123,500","123,500","123,500","123,500"
8431077,마이크로닉스 Classic II 800W 80PLUS 230V EU,"59,000","59,000","59,000","59,000","59,000","59,000","59,000"
51815078,마이크로닉스 Classic II 850W 80PLUS골드 풀모듈러 ATX3.1,"145,160","145,160","144,520","144,500","144,500","148,350","145,160"
47487848,마이크로닉스 Classic II 850W 80PLUS골드 풀모듈러 ATX3.1 화이트,"154,830","154,830","154,200","154,200","154,200","156,190","156,190"
88232459,마이크로닉스 Classic II 850W 80PLUS실버 모듈러 ATX3.1,"114,900","114,900","114,900","114,900","114,900","114,900","114,900"
49642352,마이크로닉스 Classic II 풀체인지 500W 80PLUS브론즈 ATX3.1,"54,400","54,400","54,400","54,400","54,400","54,410","57,500"
96986219,마이크로닉스 Classic II 풀체인지 500W 80PLUS실버 ATX3.1,"54,400","54,400","54,390","54,390","54,390","56,340","56,400"
72979961,마이크로닉스 Classic II 풀체인지 550W 80PLUS스탠다드 ATX3.1,"53,500","53,500","53,490","53,490","53,490","53,490","53,500"
49642652,마이크로닉스 Classic II 풀체인지 600W 80PLUS브론즈 ATX3.1,"65,500","65,500","65,490","65,490","65,490","65,500","65,500"
46888478,마이크로닉스 Classic II 풀체인지 600W 80PLUS브론즈 ATX3.1 화이트,"68,000","68,000","67,990","67,990","67,990","68,000","68,000"
96986270,마이크로닉스 Classic II 풀체인지 600W 80PLUS실버 ATX3.1,"61,840","64,400","64,390","64,380","64,380","64,044","64,400"
72979889,마이크로닉스 Classic II 풀체인지 650W 80PLUS스탠다드 ATX3.1,"64,090","64,020","63,530","61,690","61,690","61,600","64,000"
13934357,마이크로닉스 Classic II 풀체인지 700W 80PLUS브론즈 230V EU,"81,740","81,740","81,740","81,740","81,740","86,900","86,900"
49642700,마이크로닉스 Classic II 풀체인지 700W 80PLUS브론즈 ATX3.1,"86,900","86,900","86,900","86,900","86,900","86,900","86,900"
44906339,마이크로닉스 Classic II 풀체인지 700W 80PLUS브론즈 ATX3.1 화이트,"88,900","88,900","88,890","88,890","88,890","88,900","88,900"
96986309,마이크로닉스 Classic II 풀체인지 700W 80PLUS실버 ATX3.1,"86,890","86,890","85,200","85,190","85,190","84,645","86,890"
122693350,마이크로닉스 Classic II 풀체인지 700W 80PLUS실버 ATX3.1 화이트,"88,000","88,000","87,970","87,970","87,970","88,000","88,000"
72979838,마이크로닉스 Classic II 풀체인지 750W 80PLUS스탠다드 ATX3.1,"82,900","82,900","82,880","82,880","82,880","82,900","82,900"
49642751,마이크로닉스 Classic II 풀체인지 800W 80PLUS브론즈 ATX3.1,"91,040","91,040","91,030","91,030","91,030","97,240","97,240"
50124029,마이크로닉스 Classic II 풀체인지 800W 80PLUS브론즈 ATX3.1 화이트,"99,000","99,000","98,870","98,860","98,860","99,000","99,000"
96986339,마이크로닉스 Classic II 풀체인지 800W 80PLUS실버 ATX3.1,"95,900","95,900","95,800","95,800","95,800","95,810","95,900"
104939303,마이크로닉스 Classic II 풀체인지 800W 80PLUS실버 ATX3.1 화이트,"98,800","98,800","98,790","98,790","98,790","98,800","98,800"
63482117,마이크로닉스 Classic II 풀체인지 900W 80PLUS실버 ATX3.1,"105,090","105,090","105,060","105,050","105,060","110,800","110,800"
2716389,마이크로닉스 Compact SFX 300W 80PLUS브론즈,"62,500","62,500","62,460","62,460","62,460","62,500","62,500"
2717067,마이크로닉스 Compact SFX 350W 80PLUS브론즈,"73,000","73,000","72,740","72,730","72,730","73,000","73,000"
6426892,마이크로닉스 Compact SFX 400W 80PLUS브론즈,"85,000","85,000","84,380","84,380","84,380","85,000","85,000"
6324846,마이크로닉스 Compact SFX 450W 80PLUS브론즈,"97,900","97,900","97,800","97,600","97,600","97,600","97,900"
105679316,마이크로닉스 Compact SFX 700W 80PLUS플래티넘 풀모듈러 ATX 3.1,"196,430","196,430","193,020","193,020","193,010","198,100","198,100"
97566449,마이크로닉스 MTFX400STE08S 벌크,"49,000","49,000","48,500","48,490","48,490","48,590","49,000"
10054617,마이크로닉스 Performance II HV 1000W 80PLUS브론즈 FDB,"199,000","199,000","193,020","193,020","193,020","199,000","199,000"
10054539,마이크로닉스 Performance II HV 850W 80PLUS브론즈 FDB,"155,800","155,800","155,790","155,790","155,790","155,800","155,800"
3071154,마이크로닉스 Performance II HV 850W Bronze,"164,000","164,000","164,000","164,000","164,000","164,000","164,000"
10557825,마이크로닉스 Performance II PV 500W 80PLUS브론즈 FDB,"89,000","89,000","86,320","86,320","86,320","88,600","89,000"
5045394,마이크로닉스 Performance II PV 500W 80PLUS브론즈 Surge 4K,"89,000","89,000","88,800","88,800","88,800","89,000","89,000"
10557888,마이크로닉스 Performance II PV 600W 80PLUS브론즈 FDB,"114,000","114,000","110,570","110,570","110,570","114,000","114,000"
5045425,마이크로닉스 Performance II PV 600W 80PLUS브론즈 Surge 4K,"98,000","98,000","98,000","98,000","98,000","98,000","98,000"
10557909,마이크로닉스 Performance II PV 700W 80PLUS브론즈 FDB,"135,000","135,000","130,940","130,940","130,940","130,940","135,000"
5045444,마이크로닉스 Performance II PV 700W 80PLUS브론즈 Surge 4K,"135,000","135,000","135,000","135,000","135,000","135,000","135,000"
6537151,마이크로닉스 Performance II PV RGB Sync 600W 80PLUS브론즈,"98,000","98,000","94,990","94,990","94,990","98,000","98,000"
122720233,마이크로닉스 WIZMAX 750W 80PLUS골드 ATX 3.1,"93,820","93,820","92,050","92,050","92,050","94,400","94,400"
18741254,마이크로닉스 WIZMAX 750W 80PLUS실버,"89,900","89,900","89,900","89,900","89,900","89,900","89,900"
20628080,마이크로닉스 WIZMAX 750W 80PLUS실버 ATX3.0,"89,900","89,900","88,910","88,900","88,900","89,500","89,900"
74484749,마이크로닉스 WIZMAX 750W 80PLUS실버 ATX3.1,"88,540","88,540","87,200","87,190","87,190","88,540","88,540"
122720249,마이크로닉스 WIZMAX 850W 80PLUS골드 ATX 3.1,"113,580","113,580","111,450","111,450","111,450","114,390","114,390"
18741287,마이크로닉스 WIZMAX 850W 80PLUS실버,"109,900","109,900","109,900","109,900","109,900","109,900","109,900"
20628194,마이크로닉스 WIZMAX 850W 80PLUS실버 ATX3.0,"106,400","106,400","106,390","106,390","106,300","109,500","109,900"
74484791,마이크로닉스 WIZMAX 850W 80PLUS실버 ATX3.1,"108,640","108,640","106,600","106,600","106,590","109,570","109,570"
90643607,마이크로닉스 WIZMAX G-1000W 80PLUS골드 ATX3.1,"196,550","196,430","193,000","193,000","193,000","194,370","196,890"
92482040,마이크로닉스 WIZMAX G-1200W 80PLUS골드 ATX3.1,"241,970","241,970","237,640","237,580","237,550","237,550","241,960"
98242712,마이크로닉스 WIZMAX G-1650W 80PLUS골드 ATX3.1,"492,730","492,730","488,980","488,980","488,980","493,890","493,890"
90643544,마이크로닉스 WIZMAX G-850W 80PLUS골드 ATX3.1,"156,920","156,920","154,220","154,220","154,210","157,830","157,830"
89862101,마이크로닉스 WIZMAX P-2500W 80PLUS플래티넘 ATX3.1,"788,900","788,900","788,800","788,800","788,800","788,900","788,900"
122639254,마이크로닉스 WIZMAX S-EVO 700W ETA실버 풀모듈러 ATX 3.1,"87,700","87,700","87,200","86,590","86,590","87,700","87,700"
5467243,마이크로닉스 ZERO PLUS 500W Active PFC,"48,270","48,270","48,270","48,260","48,260","48,270","48,270"
5405967,마이크로닉스 ZERO PLUS 600W Active PFC,"58,470","58,470","58,460","53,880","53,880","56,330","56,840"
4186794,마이크로닉스 ZERO POWER 500W,"45,900","45,900","45,880","45,880","45,880","45,900","45,900"
5518039,마이크로닉스 ZERO POWER 600W 벌크,"16,000","16,000","16,000","16,000","16,000","16,000","16,000"
17102117,맥스엘리트 MAXWELL COUNT 750W 80PLUS골드 풀모듈러 (본체+딥블랙),"162,300","162,300","162,660","162,660","162,660","162,660","162,660"
17102183,맥스엘리트 MAXWELL COUNT 750W 80PLUS골드 풀모듈러 (본체+메탈그레이),"158,000","158,000","158,000","158,000","158,000","158,000","158,000"
17102069,맥스엘리트 MAXWELL COUNT 750W 80PLUS골드 풀모듈러 (본체+플랫멀티팩),"128,000","128,000","128,000","128,000","128,000","128,000","128,000"
17101994,맥스엘리트 MAXWELL COUNT 750W 80PLUS골드 풀모듈러 (본체+플랫슬림팩),"153,300","153,300","153,300","153,300","153,300","153,300","153,300"
62649467,맥스엘리트 MAXWELL COUNT 750W 80PLUS골드 풀모듈러 ATX3.1,"128,000","128,000","128,000","128,000","128,000","128,000","128,000"
30349685,맥스엘리트 MAXWELL COUNT 850W 80PLUS골드 풀모듈러 ATX3.1,"152,070","152,070","152,070","152,070","152,070","152,070","147,810"
27602531,맥스엘리트 MAXWELL DUKE 1000W 80PLUS플래티넘 풀모듈러 ATX3.0 화이트,"283,500","283,500","283,500","283,500","283,500","283,500","283,500"
31285949,맥스엘리트 MAXWELL DUKE 1000W 80PLUS플래티넘 풀모듈러 ATX3.1,"235,000","235,000","235,000","235,000","235,000","235,000","229,330"
58113215,맥스엘리트 MAXWELL DUKE 1000W 80PLUS플래티넘 풀모듈러 ATX3.1 화이트,"233,620","233,620","233,620","233,620","233,620","239,000","227,720"
19451888,맥스엘리트 MAXWELL DUKE 1300W 80PLUS플래티넘 풀모듈러 ATX3.0,"307,000","307,000","307,000","307,000","307,000","307,000","307,000"
27602564,맥스엘리트 MAXWELL DUKE 1300W 80PLUS플래티넘 풀모듈러 ATX3.0 화이트,"387,100","387,100","387,100","387,100","387,100","387,100","387,100"
99889640,맥스엘리트 MAXWELL DUKE 1300W 80PLUS플래티넘 풀모듈러 ATX3.1,"295,890","297,200","297,200","297,200","297,200","307,000","287,610"
58113260,맥스엘리트 MAXWELL DUKE 1300W 80PLUS플래티넘 풀모듈러 ATX3.1 화이트,"306,030","306,030","306,030","306,030","306,030","316,660","296,160"
68789177,맥스엘리트 MAXWELL DUO 700W 80PLUS브론즈 PCIE5 플랫,"68,000","68,000","68,000","68,000","68,000","68,000","68,000"
68789216,맥스엘리트 MAXWELL DUO 700W 80PLUS브론즈 PCIE5 플랫 화이트,"73,000","73,000","73,000","73,000","73,000","74,990","73,000"
68789255,맥스엘리트 MAXWELL DUO 800W 80PLUS브론즈 PCIE5 플랫,"81,000","81,000","81,000","81,000","81,000","81,000","81,000"
68789267,맥스엘리트 MAXWELL DUO 800W 80PLUS브론즈 PCIE5 플랫 화이트,"80,000","80,000","80,000","80,000","80,000","80,000","80,000"
18503351,맥스엘리트 MAXWELL PRIMO 500W 80PLUS스탠다드 플랫,"44,990","44,990","44,990","44,990","44,990","44,990","44,990"
18503426,맥스엘리트 MAXWELL PRIMO 600W 80PLUS스탠다드 플랫,"48,690","49,030","49,030","48,690","48,690","49,030","49,030"
18503468,맥스엘리트 MAXWELL PRIMO 700W 80PLUS스탠다드 플랫,"54,050","54,050","54,050","54,050","54,050","55,870","54,050"
101079341,맥스엘리트 MAXWELL RENAS 500W 80PLUS스탠다드,"44,380","44,380","44,380","44,380","44,380","44,380","44,380"
101079365,맥스엘리트 MAXWELL RENAS 600W 80PLUS스탠다드,"49,880","52,490","52,490","52,490","52,490","52,490","52,490"
101079392,맥스엘리트 MAXWELL RENAS 700W 80PLUS스탠다드,"59,820","59,820","59,820","59,820","59,820","59,820","59,820"
122667385,맥스엘리트 STARS ARIES 550W 80PLUS스탠다드,"43,670","43,670","43,670","43,670","43,670","43,990","43,990"
122667428,맥스엘리트 STARS ARIES 650W 80PLUS스탠다드,"48,990","48,990","48,990","48,990","48,990","48,990","48,990"
122667496,맥스엘리트 STARS ARIES 750W 80PLUS스탠다드,"56,770","56,770","56,770","56,770","56,770","57,990","57,990"
90500384,맥스엘리트 STARS CYGNUS 1000W 80PLUS골드 풀모듈러 ATX3.1,"154,550","154,550","154,550","154,550","154,550","154,550","150,700"
90500489,맥스엘리트 STARS CYGNUS 1000W 80PLUS골드 풀모듈러 ATX3.1 화이트,"156,620","156,620","156,620","156,620","156,620","160,500","156,620"
90500444,맥스엘리트 STARS CYGNUS 1200W 80PLUS골드 풀모듈러 ATX3.1,"189,000","189,000","189,000","189,000","189,000","189,000","187,800"
90500513,맥스엘리트 STARS CYGNUS 1200W 80PLUS골드 풀모듈러 ATX3.1 화이트,"189,680","189,680","189,680","189,680","189,680","189,680","189,680"
90500312,맥스엘리트 STARS CYGNUS 850W 80PLUS골드 풀모듈러 ATX3.1,"113,290","113,290","113,290","113,290","113,290","113,290","110,380"
90500468,맥스엘리트 STARS CYGNUS 850W 80PLUS골드 풀모듈러 ATX3.1 화이트,"115,500","115,500","115,500","115,500","115,500","118,240","115,500"
97362872,맥스엘리트 STARS GEMINI 650W 80PLUS브론즈 ATX3.1,"51,480","54,000","54,000","54,000","54,000","54,000","54,000"
97362884,맥스엘리트 STARS GEMINI 650W 80PLUS브론즈 ATX3.1 화이트,"53,990","54,000","54,000","54,000","54,000","54,000","54,000"
97362920,맥스엘리트 STARS GEMINI 750W 80PLUS브론즈 ATX3.1,"62,000","63,990","63,990","63,990","63,990","63,990","63,990"
97362938,맥스엘리트 STARS GEMINI 750W 80PLUS브론즈 ATX3.1 화이트,"63,990","63,990","63,990","63,990","63,990","63,990","63,990"
97363004,맥스엘리트 STARS GEMINI 850W 80PLUS브론즈 ATX3.1,"73,990","73,990","73,990","73,990","73,990","73,990","73,990"
97363016,맥스엘리트 STARS GEMINI 850W 80PLUS브론즈 ATX3.1 화이트,"73,990","73,990","73,990","73,990","73,990","73,990","73,990"
31338233,몬스타 가츠 ExtremeX FX500 80PLUS스탠다드,"34,150","34,150","34,150","34,150","34,490","34,490","34,490"
30255296,몬스타 가츠 ExtremeX FX600 80PLUS스탠다드,"38,490","38,490","38,490","38,490","39,910","39,900","39,900"
30267548,몬스타 가츠 ExtremeX FX700 80PLUS스탠다드,"41,380","41,380","41,380","41,380","42,880","42,880","42,880"
39103484,몬스타 가츠 ExtremeX FX700 80PLUS스탠다드 화이트,"44,260","44,260","44,260","44,260","45,840","45,840","45,840"
30273785,몬스타 가츠 ExtremeX FX800 80PLUS스탠다드,"47,980","47,500","47,500","47,500","48,530","48,530","48,530"
39103550,몬스타 가츠 ExtremeX FX800 80PLUS스탠다드 화이트,"49,630","49,630","49,630","49,630","52,250","52,250","52,250"
70619351,몬스타 가츠 MASTERX X1000W 80PLUS골드 블랙,"120,210","120,210","120,210","120,210","123,300","123,300","123,300"
70619387,몬스타 가츠 MASTERX X1000W 80PLUS골드 화이트,"126,040","126,040","126,040","126,040","127,950","127,950","127,950"
60425312,몬스타 가츠 MASTERX X750W 80PLUS브론즈 ATX3.1,"52,600","55,310","55,310","55,310","56,390","56,390","56,390"
61417925,몬스타 가츠 MASTERX X750W 80PLUS브론즈 ATX3.1 화이트,"58,990","57,860","57,860","57,860","58,990","58,990","58,990"
70764557,몬스타 가츠 MASTERX X850W 80PLUS골드 블랙,"107,730","107,730","107,730","107,730","109,170","114,980","113,330"
70764560,몬스타 가츠 MASTERX X850W 80PLUS골드 화이트,"113,730","112,310","112,310","112,310","113,820","114,940","114,940"
61842290,몬스타 가츠 MASTERX X850W 80PLUS브론즈 ATX3.1,"62,990","61,550","61,550","61,550","61,550","61,550","61,550"
61842320,몬스타 가츠 MASTERX X850W 80PLUS브론즈 ATX3.1 화이트,"61,370","61,370","61,370","61,370","63,320","63,320","63,320"
94080824,몬스타 가츠 PrimeX X500W 83 FLAT,"28,300","28,300","28,300","28,300","30,380","30,380","30,380"
94088147,몬스타 가츠 PrimeX X600W 83 FLAT,"32,860","32,860","32,860","32,860","33,470","33,470","33,470"
14630879,성주컴텍 SJ-N1600 벌크,"49,000","49,000","49,000","49,000","49,000","49,000","49,000"
2585670,스카이디지탈 파워스테이션4 PS4-350M 86P ActivePFC V2.31,"70,230","70,230",0,0,0,0,0
2585708,스카이디지탈 파워스테이션4 PS4-350T 86P ActivePFC V2.31,"51,700",0,0,0,0,0,0
98084510,스카이디지탈 파워스테이션4 PS4-400EVT 80PLUS브론즈 V2.31,"63,400","65,900","63,400","65,900","65,900","65,900","65,900"
9647631,스카이디지탈 파워스테이션5 PS5-850RV 80PLUS골드 풀모듈러,"120,590","120,590","120,590","120,590","120,590","120,590","120,590"
98085083,스카이디지탈 파워스테이션7 PS7-CSZ1000V5 풀모듈러,"105,000","105,000","105,000","105,000","105,000","105,000","131,450"
98084642,스카이디지탈 파워스테이션7 PS7-GPX750S 풀모듈러,"82,990","82,990","82,990","82,990","82,990","82,990","82,990"
98084843,스카이디지탈 파워스테이션7 PS7-GPX850S5 풀모듈러,"92,990","92,990","92,990","92,990","92,990","92,990","92,990"
18087920,시소닉 B12 BRONZE BC-850,"130,560","130,560","130,560","130,560","130,560","130,560","130,560"
18087923,시소닉 B12 BRONZE BM-750 모듈러,"153,440","153,440","153,440","153,440","153,440","153,440","153,440"
18087932,시소닉 B12 BRONZE BM-850 모듈러,"148,800","148,800","148,800","148,800","148,800","148,800","148,800"
78843782,시소닉 CORE V2 GX-650 GOLD 풀모듈러 ATX3.1,"127,700","140,000","140,000","140,000","140,000","140,000","140,000"
78843821,시소닉 CORE V2 GX-750 GOLD 풀모듈러 ATX3.1,"154,980","155,000","155,000","155,000","155,000","155,000","155,000"
78843848,시소닉 CORE V2 GX-750 GOLD 풀모듈러 ATX3.1 화이트,"150,950","165,000","165,000","165,000","165,000","165,000","165,000"
78844112,시소닉 CORE V2 GX-850 GOLD 풀모듈러 ATX3.1,"167,400","172,720","172,500","172,500","172,500","172,720","172,720"
78844340,시소닉 CORE V2 GX-850 GOLD 풀모듈러 ATX3.1 화이트,"194,990","195,000","193,520","193,520","193,520","195,000","195,000"
9782097,시소닉 FOCUS GOLD GM-750 모듈러,"200,000","200,000","200,000","200,000","200,000","200,000","200,000"
115925081,시소닉 FOCUS GOLD GM-850 Modular (중고),"45,000","45,000","45,000","45,000","45,000","45,000","45,000"
10448835,시소닉 FOCUS GOLD GM-850 모듈러,"300,000","300,000","300,000","300,000","300,000","300,000","300,000"
123743571,시소닉 FOCUS GOLD GX-750 풀모듈러 (중고),"72,000","72,000","72,000","72,000",0,0,0
9515844,시소닉 FOCUS GOLD GX-850 풀모듈러,"248,000","248,000","248,000","248,000","248,000","248,000","248,000"
28416680,시소닉 NEW FOCUS GX-750 GOLD 풀모듈러 ATX3.0,"227,770","227,770","227,770","227,770","227,770","227,770","227,770"
30256538,시소닉 NEW FOCUS GX-850 GOLD 풀모듈러 화이트 ATX3.0,0,0,"219,000","219,000","219,000","219,000","219,000"
67577099,시소닉 NEW FOCUS V4 GX-1000 GOLD 풀모듈러 ATX3.1,"255,250","264,390","264,390","264,390","264,390","264,390","264,390"
67577342,시소닉 NEW FOCUS V4 GX-1000 GOLD 풀모듈러 ATX3.1 화이트,"273,850","283,740","273,750","273,750","273,750","273,750","271,240"
67576934,시소닉 NEW FOCUS V4 GX-750 GOLD 풀모듈러 ATX3.1,"198,780","198,780","191,200","191,200","191,200","198,990","198,780"
67577021,시소닉 NEW FOCUS V4 GX-850 GOLD 풀모듈러 ATX3.1,"208,750","212,920","212,930","213,740","213,740","213,740","215,960"
67577330,시소닉 NEW FOCUS V4 GX-850 GOLD 풀모듈러 ATX3.1 화이트,"232,000","232,000","231,490","231,490","231,490","231,490","231,490"
74895068,시소닉 PRIME PLATINUM PX-1600 풀모듈러 ATX3.1,"736,500","799,990","797,490","797,480","797,480","797,470","797,470"
62174960,시소닉 PRIME PLATINUM PX-2200 풀모듈러 ATX3,"947,490","947,500","950,000","950,000","950,000","950,000","950,000"
21193484,시소닉 PRIME TITANIUM TX-1300 풀모듈러 ATX3.0,"957,600","957,600","957,600","957,600","957,600","957,600","957,600"
74895119,시소닉 PRIME TITANIUM TX-1300 풀모듈러 ATX3.1,"827,490","788,490","826,980","825,150","825,150","825,150","825,150"
74895005,시소닉 PRIME TITANIUM TX-1600 풀모듈러 ATX3.1,"1,020,000","1,020,000","1,020,000","1,020,000","1,020,000","1,020,000","1,020,000"
9347682,시소닉 S1M-162CGP2 1600W 80PLUS플래티넘,"359,000","359,000","355,260","355,260","355,260","359,000","359,000"
5858937,시소닉 SSP-300SUB,"88,960","88,960","88,960","88,960","88,960","88,960","88,960"
12941267,시소닉 SSP-600ES2 80PLUS브론즈,"128,990","128,990","128,990","128,990","128,990","128,990","128,990"
18698087,시소닉 VERTEX GX-1200 GOLD 풀모듈러 ATX3.1,"398,490","398,490","398,490","398,490","398,490","398,490","398,490"
63035666,시소닉 VERTEX GX-1200 GOLD 풀모듈러 화이트 ATX3.1,"408,700","415,990","416,000","422,600","422,600","422,680","422,680"
19744133,써멀테이크 터프파워 GF3 850W GOLD 풀모듈러 ATX3.0,"122,550","122,550","122,550","122,550","122,550","122,550","122,550"
90703352,써멀테이크 터프파워 GT 850W GOLD 풀모듈러 ATX3.1,0,0,"123,820","123,820","123,820","123,820","123,820"
90703364,써멀테이크 터프파워 GT Snow 850W GOLD 풀모듈러 ATX3.1,"123,820","123,820","123,820","123,820",0,0,"123,820"
60421478,써멀테이크 터프파워 SFX 1000W 골드 풀모듈러 ATX3.0,0,0,0,0,"279,960","279,960","279,960"
15315824,썬루트 EX1800 80PLUS브론즈 벌크,"108,010","108,010","108,010","108,010","108,010","109,990","107,880"
63271172,썬루트 PN700W 80PLUS브론즈 ATX3.0,"46,990","46,990",0,"46,990","46,990","47,240","47,240"
63271199,썬루트 PN700W 80PLUS브론즈 ATX3.0 벌크,"45,170","45,170","45,170","45,170","45,170","45,170","45,170"
100386404,썬루트 PN700W 80PLUS브론즈 ATX3.1 벌크,"45,170","45,170","45,170","45,170",0,0,0
39253877,썬루트 PN800W 80PLUS브론즈 ATX3.0,"56,270","56,270","56,270","56,270","56,270","56,590","56,590"
39253910,썬루트 PN800W 80PLUS브론즈 ATX3.0 벌크,"53,990","53,990","53,990","53,990","53,990","53,990","54,510"
16778399,썬루트 TX850 80PLUS골드 풀모듈러,"77,880","77,880","77,880","77,880","77,880","77,880","77,880"
16054367,아툼 HITMAN 1800W 벌크,"61,640","61,640","61,640","61,640","61,640","61,640","61,640"
97568981,아툼 POWERCRASH 800W 80PLUS브론즈 ATX3.1,"56,900","56,900","56,900","56,900",0,0,0
96584006,아툼 RageX ARENA 600W,"34,360","34,360","34,360","34,360","34,360","34,360","34,360"
96584237,아툼 RageX Enertic 700W 80PLUS브론즈 ATX3.0,"41,490","41,500","41,490","41,490","41,490","41,490","41,490"
96584258,아툼 RageX Enertic 700W 80PLUS브론즈 ATX3.0 벌크,"41,530","41,530","41,530","41,530",0,0,0
96982658,아툼 RageX Enertic 800W 80PLUS브론즈 ATX3.1,"48,350","48,350","48,350","48,350","48,350","48,350",0
97363169,앱코 SETTLER 하이브리드 PCIE5.1 STH-1000B ETA SILVER 블랙,"81,000","81,000","81,000","81,000","81,000","81,000","81,000"
49741892,앱코 SETTLER 하이브리드 PCIE5.1 STH-700B ETA BRONZE 블랙,"60,000","60,000","60,000","60,000","60,000","60,000","60,000"
49742012,앱코 SETTLER 하이브리드 PCIE5.1 STH-700B ETA BRONZE 화이트,"65,000","65,000","65,000","65,000","65,000","65,000","65,000"
49742117,앱코 SETTLER 하이브리드 PCIE5.1 STH-800B ETA BRONZE 블랙,"69,000","69,000","69,000","69,000","69,000","69,000","69,000"
49742132,앱코 SETTLER 하이브리드 PCIE5.1 STH-800B ETA BRONZE 화이트,"75,000","75,000","75,000","75,000","75,000","75,000","75,000"
18872015,앱코 SETTLER-II ST-700S 80PLUS스탠다드,"48,000","48,000","48,000","48,000","48,000","48,000","48,000"
7932829,앱코 SUITMASTER ULTIMATE 1200W 80PLUS플래티넘,"241,370","241,370","241,370","241,370","241,370","241,370","241,370"
8038282,앱코 SUITMASTER ULTIMATE 1200W RGB 80PLUS플래티넘,"215,000","215,000","215,000","215,000","215,000","215,000","215,000"
23573519,앱코 ULTIMATE GX850 80PLUS골드 풀모듈러 ATX3.0 블랙,"158,990","158,990","158,990","158,990","158,990","158,990","158,990"
23575055,앱코 ULTIMATE GX850 80PLUS골드 풀모듈러 ATX3.0 화이트,"95,000","95,000","95,000","95,000","95,000","95,000","95,000"
17515637,앱코 XPERT XP-500N,"29,900","29,900","29,900","29,900","29,900","29,900","29,900"
17337491,앱코 XPERT XP-600N,"34,500","34,500","34,500","34,500","34,500","34,500","34,500"
17337602,앱코 XPERT XP-700N,"38,900","38,900","38,900","38,900","38,900","38,900","38,900"
101011325,앱코 코어맥스 CM-1050G ETA골드 ATX3.1,"119,000","119,000","119,000","119,000","119,000","119,000","119,000"
101725352,앱코 코어맥스 CM-1200P ETA플래티넘 ATX3.1 블랙,"189,000","189,000","189,000","189,000","189,000","189,000","189,000"
73951985,앱코 코어맥스 CM-500B ETA브론즈,"40,900","40,900","40,900","40,900","40,900","40,900","40,900"
73952099,앱코 코어맥스 CM-600B ETA브론즈,"38,900","38,900","38,900","38,900","38,900","38,900","38,900"
73952144,앱코 코어맥스 CM-700B ETA브론즈,"48,900","48,900","48,900","48,900","48,900","48,900","48,900"
101011316,앱코 코어맥스 CM-850G ETA골드 ATX3.1,"97,000","97,000","97,000","97,000","97,000","97,000","97,000"
5868913,에너맥스 Platimax EPM1700EGT,0,0,0,0,0,"399,000","399,000"
124289578,에너맥스 Platimax EPM1700EGT (중고),"64,620",0,0,0,0,"67,620","64,620"
36709001,에너맥스 REVOLUTION D.F. X ERT850EWT 80PLUS골드 풀모듈러 ATX3.0,"149,000","149,000","149,000","149,000",0,0,0
16142033,에너지옵티머스 EOP-1800,"116,200","116,200","116,200","116,200","116,200","116,200","116,200"
16505159,에너지옵티머스 EOP-2400,"170,050","170,050","170,050","170,050","170,050","170,050","170,050"
18307193,에너지옵티머스 EXCEL CLASSIC 500W 80PLUS브론즈 230V EU,"44,000","44,000","44,000","44,000","44,000","44,000","44,000"
18307220,에너지옵티머스 EXCEL CLASSIC 600W 80PLUS브론즈 230V EU,"48,360","50,920","50,920","50,920","50,920","50,920","51,050"
18307241,에너지옵티머스 EXCEL CLASSIC 700W 80PLUS브론즈 230V EU,"51,610","54,300","54,300","54,300","54,300","54,300","54,300"
18307766,에너지옵티머스 EXCEL CLASSIC 700W 80PLUS브론즈 230V EU 풀모듈러,"56,270","57,260","57,260","57,260","57,260","57,260","59,790"
18307490,에너지옵티머스 EXCEL CLASSIC 800W 80PLUS브론즈 230V EU,"63,820","63,820","63,820","63,820","63,820","63,820","65,490"
17730380,에너지옵티머스 EXCEL FOCUS 850W 80PLUS골드 풀모듈러,"96,620","96,620","96,620","96,620","96,620","103,900","103,900"
19281344,에너지옵티머스 EXCEL II 500W 80PLUS스탠다드 230V EU,"36,280","36,280","36,280","36,280","36,280","36,280","39,780"
18851423,에너지옵티머스 EXCEL II 500W 80PLUS스탠다드 230V EU 벌크,"33,950","35,800","35,800","35,800","35,800","35,800","35,800"
124116714,에너지옵티머스 EXCEL II 600W 80PLUS스탠다드 230V EU Ver.2,"45,480","45,480","45,480","45,480","45,480","45,480","45,480"
124116739,에너지옵티머스 EXCEL II 600W 80PLUS스탠다드 230V EU Ver.2 벌크,"41,980","41,980","41,980","41,980","41,980","41,980","41,980"
19266176,에너지옵티머스 EXCEL II 700W 80PLUS스탠다드 230V EU,"48,080","48,080","48,080","48,080","48,080","52,990","52,990"
19266209,에너지옵티머스 EXCEL II 700W 80PLUS스탠다드 230V EU 벌크,"46,030","48,750","48,750","48,750","48,750","48,750","49,280"
55457975,에너지옵티머스 EXCEL II 700W 80PLUS스탠다드 230V EU 화이트,"57,660","59,300","59,300","59,300","59,300","59,300","59,580"
58026038,에너지옵티머스 EXCEL II 700W 80PLUS스탠다드 230V EU 화이트 벌크,"52,490","52,490","52,490","52,490","52,490","52,490","52,600"
30230108,에너지옵티머스 EXTREME 500W 벌크,"33,980","33,980","33,980","33,980","33,980","33,980","33,980"
9839895,에너지옵티머스 EXTREME 600W 벌크,"38,840","38,840","38,840","38,840","38,840","38,840","38,840"
9839922,에너지옵티머스 EXTREME 700W 벌크,"44,920","44,920","44,920","44,920","44,920","44,920","44,920"
16142261,에너지옵티머스 Mach III 350K 벌크,"25,880","25,880","25,880","25,880","25,880","25,880","25,880"
124376337,에너지옵티머스 Mach III 500K Ver.2,0,가격비교예정,가격비교예정,가격비교예정,가격비교예정,가격비교예정,가격비교예정
124376354,에너지옵티머스 Mach III 500K Ver.2 벌크,0,가격비교예정,가격비교예정,가격비교예정,가격비교예정,가격비교예정,가격비교예정
3182134,에너지옵티머스 Mach III 500K v2.3,"32,990","32,990","32,990","32,990","32,990","32,990","32,990"
15779807,에너지옵티머스 Mach III 500K v2.3 벌크,"33,000","33,000","33,000","33,000","33,000","33,000","33,000"
3188023,에너지옵티머스 Mach III 600K v2.3,"37,940","37,940","37,940","37,940","37,940","37,940","37,940"
15779888,에너지옵티머스 Mach III 600K v2.3 벌크,"38,490","38,490","38,490","38,490","38,490","38,490","38,490"
16142312,에너지옵티머스 S500 PRO 벌크,"15,790","15,790","15,790","15,790","15,790","15,790","15,800"
124198139,에디 REACTOR 500W,"31,240","32,500","32,500","32,500","32,500","32,500","32,500"
124198172,에디 REACTOR 500W 벌크,"30,710","32,000","32,000","32,000","32,000","32,000","32,000"
106748978,에디 REACTOR 700W 80PLUS브론즈 ATX3.1,"48,000","48,000","48,000","48,000","48,000","48,000","48,000"
106763702,에디 REACTOR 700W 80PLUS브론즈 ATX3.1 벌크,0,0,0,0,0,"47,000","47,000"
67979930,엔클롬 CAPO 1000W 80PLUS골드 풀모듈러 ATX3.1 블랙,0,0,0,0,"104,900","104,900","104,900"
67979672,엔클롬 CAPO 750W 80PLUS골드 풀모듈러 ATX3.1 블랙,"79,900","79,900",0,0,0,0,0
123436755,엔티스 EA 500W 80PLUS스탠다드 230V EU 벌크,"36,490","36,500","36,490","36,490","36,490","36,490","36,490"
123436729,엔티스 EA 600W 80PLUS스탠다드 230V EU 벌크,"42,090","42,100","42,090","42,090","42,090","42,090","42,090"
122702056,엔티스 EA 700W 80PLUS스탠다드 230V EU 벌크,"46,060","46,070","46,060","46,060","46,060","46,060","46,060"
124198894,엔티스 EA 750W 80PLUS골드 벌크,"45,460","45,470","45,460","45,460","45,460","45,460","46,460"
65925125,엔티스 EG 1000W 80PLUS골드 풀모듈러 ATX3.1,"100,750","109,000","108,980","108,980","108,980","108,980","108,980"
65925170,엔티스 EG 1000W 80PLUS골드 풀모듈러 ATX3.1 화이트,"107,310","114,120","113,000","113,000","113,000","113,000","113,000"
65921978,엔티스 EG 750W 80PLUS골드 풀모듈러 ATX3.1,"83,900","83,900","83,900","83,900","83,900","83,900","83,900"
65922035,엔티스 EG 750W 80PLUS골드 풀모듈러 ATX3.1 화이트,"81,290","87,900","87,890","87,890","87,890","87,890","87,890"
65924891,엔티스 EG 850W 80PLUS골드 풀모듈러 ATX3.1,"92,060","95,080","95,000","95,000","95,000","95,000","95,000"
65924927,엔티스 EG 850W 80PLUS골드 풀모듈러 ATX3.1 화이트,"96,120","101,400","101,000","101,000","101,000","101,000","101,000"
123031851,엔티스 EN 500W 벌크,"32,280","32,290","32,280","32,280","32,280","32,280","32,280"
123031879,엔티스 EN 600W 벌크,"36,490","36,500","36,490","36,490","36,490","36,490","36,490"
102124958,엔티스 ES 500W 80PLUS스탠다드 ATX3.1,"40,450","41,050","41,040","41,040","41,040","41,040","41,050"
102125291,엔티스 ES 500W 80PLUS스탠다드 ATX3.1 벌크,"39,900","39,910","39,900","39,900","39,900","39,900","39,900"
102125018,엔티스 ES 600W 80PLUS스탠다드 ATX3.1,"46,500","47,320","47,320","47,320","47,320","47,320","47,310"
102125282,엔티스 ES 600W 80PLUS스탠다드 ATX3.1 벌크,"46,160","46,180","46,170","46,170","46,170","46,180","46,180"
102125108,엔티스 ES 700W 80PLUS스탠다드 ATX3.1,"53,940","55,640","55,600","55,600","55,600","55,640","55,640"
102125267,엔티스 ES 700W 80PLUS스탠다드 ATX3.1 벌크,"54,090","54,500","54,490","54,490","54,490","54,490","54,490"
102125198,엔티스 ES 800W 80PLUS스탠다드 ATX3.1,"62,310","64,420","64,000","64,000","64,000","64,420","64,420"
102125246,엔티스 ES 800W 80PLUS스탠다드 ATX3.1 벌크,"60,060","63,280","63,270","63,270","63,270","63,270","63,280"
123798448,오쓰 X 쿨러마스터 BRONZE 550 ATX3.1 블랙,"50,060","50,060","48,820","48,820","48,820","48,820","48,820"
123799477,오쓰 X 쿨러마스터 BRONZE 550 ATX3.1 블랙 벌크,"48,990","48,990","48,990","48,990","48,990","48,990","48,990"
123798474,오쓰 X 쿨러마스터 BRONZE 650 ATX3.1 블랙,"53,520","53,520","53,520","53,520","53,520","53,520","53,520"
123798485,오쓰 X 쿨러마스터 BRONZE 650 ATX3.1 블랙 벌크,"55,390","55,390","55,390","55,390","55,390","55,390","56,380"
123798482,오쓰 X 쿨러마스터 BRONZE 650 ATX3.1 화이트,"57,520","57,520","57,520","57,520","57,520","57,520","57,520"
123798520,오쓰 X 쿨러마스터 BRONZE 750 ATX3.1 블랙,"69,990","69,990","67,560","67,560","67,560","67,560","67,560"
123798538,오쓰 X 쿨러마스터 BRONZE 750 ATX3.1 블랙 벌크,"69,240","69,240","69,240","69,240","69,240","69,980","69,980"
123798533,오쓰 X 쿨러마스터 BRONZE 750 ATX3.1 화이트,"71,890","71,890","71,890","71,890","71,890","71,890","71,890"
16493285,오존컴퍼니 마이크로박스 DC to DC 200W 기본,"어댑터별도_39,180","어댑터별도_39,180","어댑터별도_39,180","어댑터별도_39,180","어댑터별도_39,180","어댑터별도_39,180","어댑터별도_39,180"
71973089,이도디스플레이 ICE-MAN 500T PLUS V2.2 KC 벌크,0,0,0,0,0,"21,840","21,840"
4451350,이도디스플레이 ICE-MAN 600TI V2.3 KC 벌크,0,0,0,0,0,"30,710",0
4451352,이도디스플레이 ICE-MAN M450W V2.2 KC 벌크,"20,360","20,360","20,360","20,360","20,360",0,0
1430348,이도디스플레이 ICE-MAN M500W V2.2,"27,490","27,490","27,490","27,490","27,490",0,0
6381666,이도디스플레이 ICE-MAN M500W V2.2 NEW,"26,470","26,470","26,470","26,470","26,470",0,"26,470"
3593272,이도디스플레이 ICE-MAN TFX500W,"28,030","28,030",0,0,0,0,0
18579509,이엠텍 레드빗 CRPS BPL,"341,310","341,310","341,310","341,310","341,310","341,310","347,870"
122647846,이엠텍 레드빗 CRPS 서포트 키트 V2 (레드빗 전용),"38,060","38,060","38,060","38,060","38,060","38,480","38,480"
18392996,이엠텍 레드빗 CRPS-2000W-1U 80PLUS플래티넘,"683,550","683,550","683,550","683,550","683,550","702,070","698,250"
101696540,잘만 ACRUX II 1000W 80PLUS플래티넘 풀모듈러 ATX3.1,"212,000","212,000","212,000","212,000","212,000","212,000","212,000"
101720138,잘만 ACRUX II 1200W 80PLUS플래티넘 풀모듈러 ATX3.1,"234,000","234,000","234,000","234,000","234,000","234,000","234,000"
101690942,잘만 ACRUX II 850W 80PLUS플래티넘 풀모듈러 ATX3.1,"190,000","190,000","190,000","190,000","190,000","190,000","190,000"
49601795,잘만 DecaMax 500W 80PLUS스탠다드,"42,350","42,350","42,350","42,350","42,350","42,350","42,350"
49609028,잘만 DecaMax 600W 80PLUS스탠다드,"47,490","47,490","47,490","47,490","47,490","47,490","47,490"
49617173,잘만 DecaMax 700W 80PLUS스탠다드,"51,400","51,400","51,400","51,400","51,400","51,400","51,400"
65921402,잘만 DecaMax ET 600W 80PLUS스탠다드,"44,210","44,210","44,210","44,210","44,210","44,210","44,210"
65921480,잘만 DecaMax ET 700W 80PLUS스탠다드,"48,810","48,810","48,810","48,810","48,810","48,810","48,810"
6216861,잘만 EcoMax 500W,"35,830","35,830","35,830","35,830","35,830","35,830","35,830"
14989184,잘만 EcoMax 500W (중고),"16,320","16,320","16,320","16,320","16,320","16,320","16,320"
6216877,잘만 EcoMax 600W,"41,200","41,200","41,200","41,200","41,200","41,200","41,200"
14998259,잘만 EcoMax 700W,"46,900","46,900","46,900","46,900","46,900","46,900","46,900"
6158698,잘만 GAMING 600W 벌크,"42,500","42,500","42,500","42,500","42,500","42,500",0
123994368,잘만 GV2SE 600W 80PLUS브론즈,"58,000","58,000","58,000","58,000","58,000","58,000","58,000"
123994399,잘만 GV2SE 700W 80PLUS브론즈,"72,000","72,000","72,000","72,000","72,000","72,000","72,000"
123994433,잘만 GV2SE 800W 80PLUS브론즈,"81,500","81,500","81,500","81,500","81,500","81,500","81,500"
9910554,잘만 GigaMax 650W 80PLUS브론즈 230V EU,"51,900","51,900","51,900","51,900","51,900","51,900","51,900"
31996193,잘만 GigaMax III 650W 80PLUS브론즈 모듈러 ATX3.1,"67,420","67,420","71,000","71,000","71,000","71,000","71,000"
29615753,잘만 GigaMax III 750W 80PLUS브론즈 모듈러 ATX3.1,"77,180","77,180","77,180","77,180","77,180","77,180","77,180"
94566323,잘만 GigaMax III 750W 80PLUS브론즈 모듈러 ATX3.1 화이트,"76,650","76,650","76,650","76,650","76,650","76,650","76,650"
29615807,잘만 GigaMax III 850W 80PLUS브론즈 모듈러 ATX3.1,"88,340","88,340","88,340","88,340","88,340","88,340","88,340"
94566329,잘만 GigaMax III 850W 80PLUS브론즈 모듈러 ATX3.1 화이트,"90,760","90,760","90,760","90,760","90,760","90,760","90,760"
10174137,잘만 MegaMax 500W 80PLUS스탠다드,"44,830","44,830","44,830","44,830","44,830","44,830","44,830"
10174200,잘만 MegaMax 600W 80PLUS스탠다드,"49,840","49,840","49,840","49,840","49,840","49,840","49,840"
10174248,잘만 MegaMax 700W 80PLUS스탠다드,"58,390","58,390","58,390","58,390","58,390","58,390","58,390"
15786305,잘만 MegaMax 800W 80PLUS스탠다드,"63,590","63,590","63,590","63,590","63,590","63,590","63,590"
17121881,잘만 MegaMax ET 500W 80PLUS스탠다드,"47,000","47,000","47,000","47,000","47,000","47,000","47,000"
17122130,잘만 MegaMax ET 600W 80PLUS스탠다드,"49,200","49,200","49,200","49,200","49,200","49,200","49,200"
17122220,잘만 MegaMax ET 700W 80PLUS스탠다드,"53,680","53,680","53,680","53,680","53,680","53,680","53,680"
74056880,잘만 MegaMax II 500W 80PLUS브론즈 ATX3.1,"55,000","55,000","55,000","55,000","55,000","55,000","55,000"
74056904,잘만 MegaMax II 600W 80PLUS브론즈 ATX3.1,"56,020","56,020","56,020","56,020","56,020","56,020","56,020"
74056925,잘만 MegaMax II 700W 80PLUS브론즈 ATX3.1,"67,040","67,040","67,040","67,040","67,040","67,040","67,040"
74056946,잘만 MegaMax II 800W 80PLUS브론즈 ATX3.1,"78,100","78,100","78,100","78,100","78,100","78,100","78,100"
12461447,잘만 Tager GAMING 600W 벌크,"42,490","42,490","42,490","42,490","42,490","42,490","42,490"
16935488,잘만 TeraMax 750W 80PLUS골드 풀모듈러,"134,000","134,000","134,000","134,000","134,000","134,000","134,000"
20662874,잘만 TeraMax II 1000W 80PLUS골드 풀모듈러 ATX3.1 블랙,"179,000","179,000","179,000","179,000","179,000","179,000","179,000"
20662922,잘만 TeraMax II 1000W 80PLUS골드 풀모듈러 ATX3.1 화이트,"230,580","230,580","230,580","230,580","230,580","230,580","230,580"
20663186,잘만 TeraMax II 1200W 80PLUS골드 풀모듈러 ATX3.1 블랙,"173,130","173,130","173,130","173,130","173,130","173,130","173,130"
20663225,잘만 TeraMax II 1200W 80PLUS골드 풀모듈러 ATX3.1 화이트,"204,000","204,000","204,000","204,000","204,000","204,000","204,000"
20662217,잘만 TeraMax II 750W 80PLUS골드 풀모듈러 ATX3.1 블랙,"132,540","132,540","132,540","132,540","132,540","132,540","132,540"
20662292,잘만 TeraMax II 750W 80PLUS골드 풀모듈러 ATX3.1 화이트,"146,290","146,290","146,290","146,290","146,290","146,290","146,290"
20662490,잘만 TeraMax II 850W 80PLUS골드 풀모듈러 ATX3.1 블랙,"159,000","159,000","159,000","159,000","159,000","159,000","159,000"
20662529,잘만 TeraMax II 850W 80PLUS골드 풀모듈러 ATX3.1 화이트,"164,000","164,000","164,000","164,000","164,000","164,000","164,000"
89529575,잘만 TeraMax II SE 1000W 80PLUS골드 풀모듈러 ATX3.1 블랙,"143,210","143,210","143,210","143,210","143,210","143,210","143,210"
89529350,잘만 TeraMax II SE 750W 80PLUS골드 풀모듈러 ATX3.1 블랙,"116,240","116,240","116,240","116,240","116,240","116,240","116,240"
89529503,잘만 TeraMax II SE 850W 80PLUS골드 풀모듈러 ATX3.1 블랙,"125,540","125,540","125,540","125,540","125,540","125,540","125,540"
94566416,잘만 TeraMax II VIEW 1000W 80PLUS골드 풀모듈러 ATX3.1 블랙,"166,460","166,460","166,460","166,460","166,460","166,460","166,460"
94566452,잘만 TeraMax II VIEW 1200W 80PLUS골드 풀모듈러 ATX3.1 블랙,"185,060","185,060","185,060","185,060","185,060","185,060","185,060"
12170843,잘만 WATTTERA 1000W 80PLUS골드,"236,880","236,880","236,880","236,880","236,880","236,880","236,880"
12170882,잘만 WATTTERA 1200W 80PLUS골드,"269,360","269,360","269,360","269,360","269,360","269,360","269,360"
12023885,잘만 Wattbit II 400W,"34,250","34,250","34,250","34,250","34,250","34,250","34,250"
12023939,잘만 Wattbit II 500W,"37,140","37,140","37,140","37,140","37,140","37,140","37,140"
12023981,잘만 Wattbit II 600W,"43,290","43,290","43,290","43,290","43,290","43,290","43,290"
4909726,잘만 ZM1000-ARX 80PLUS플래티넘,"220,170","220,170","220,170","220,170","220,170","220,170","220,170"
5488836,잘만 ZM1200-ARX 80PLUS플래티넘,"259,000","259,000","259,000","259,000","259,000","259,000","259,000"
18564248,잘만 ZM400-TFX 80PLUS스탠다드 230V EU,"53,520","53,520","53,520","53,520","53,520","53,520","53,520"
92105339,잘만 ZM500W-XEII,"36,740","36,740","36,740","36,740","36,740","36,740","36,740"
92105393,잘만 ZM600W-XEII,"41,360","41,360","41,360","41,360","41,360","41,360","41,360"
92105531,잘만 ZM700W-XEII,"47,100","47,100","47,100","47,100","47,100","47,100","47,100"
4909686,잘만 ZM750-ARX 80PLUS플래티넘,"179,000","179,000","179,000","179,000","179,000","179,000","179,000"
4909709,잘만 ZM850-ARX 80PLUS플래티넘,"189,100","189,100","189,100","189,100","189,100","189,100","189,100"
14230463,제이씨현 TUNDRA PRO 700W FHB 80PLUS브론즈,"72,800","72,800","72,800","72,800","72,800","72,800","72,800"
21483242,제이씨현 TUNDRA 리부트 500W FHB 80+ BRONZE,"42,000","42,000","42,000","42,000","42,000","42,000","42,000"
21483341,제이씨현 TUNDRA 리부트 600W FHB 80+ BRONZE,"49,000","49,000","49,000","49,000","49,000","49,000","49,000"
43619150,제이씨현 TUNDRA 리부트 700W FHB 80+ BRONZE,"62,000","62,000","62,000","62,000","62,000","62,000","62,000"
122618019,쿨러마스터 ELITE GOLD 1000 ATX 3.1 풀모듈러,"158,990","158,990","158,990","158,990","158,990","158,990","158,990"
122618046,쿨러마스터 ELITE GOLD 1000 ATX 3.1 풀모듈러 화이트,"165,000","165,000","165,000","165,000","165,000","165,000","165,000"
122684358,쿨러마스터 ELITE GOLD 1200 ATX 3.1 풀모듈러,"185,000","185,000","185,000","185,000","185,000","185,000","185,000"
122684371,쿨러마스터 ELITE GOLD 1200 ATX 3.1 풀모듈러 화이트,"191,410","191,410","191,410","191,410","191,410","191,410","191,410"
122618169,쿨러마스터 ELITE GOLD 650 ATX 3.1 풀모듈러,"107,480","107,480","107,480","107,480","107,480","107,480","107,480"
122618184,쿨러마스터 ELITE GOLD 650 ATX 3.1 풀모듈러 화이트,"117,540","117,540","117,540","117,540","117,540","117,540","117,540"
122618215,쿨러마스터 ELITE GOLD 750 ATX 3.1 풀모듈러,"114,470","114,470","114,470","114,470","114,470","114,470","114,470"
122618226,쿨러마스터 ELITE GOLD 750 ATX 3.1 풀모듈러 화이트,"127,070","127,070","127,070","127,070","127,070","127,070","127,070"
122618376,쿨러마스터 ELITE GOLD 850 ATX 3.1 풀모듈러,"124,450","124,450","124,450","124,450","124,450","124,450","124,450"
122618383,쿨러마스터 ELITE GOLD 850 ATX 3.1 풀모듈러 화이트,"137,660","137,660","137,660","137,660","137,660","137,660","137,660"
122693539,쿨러마스터 Elite Platinum 1000W ATX 3.1 풀모듈러 블랙,"214,890","214,890","214,890","214,890","214,890","214,890","214,890"
122693544,쿨러마스터 Elite Platinum 1000W ATX 3.1 풀모듈러 화이트,"226,590","226,590","226,590","226,590","226,590","226,590","226,590"
122693553,쿨러마스터 Elite Platinum 1300W ATX 3.1 풀모듈러 블랙,"264,690","264,690","264,690","264,690","264,690","264,690","264,690"
122693557,쿨러마스터 Elite Platinum 1300W ATX 3.1 풀모듈러 화이트,"283,810","283,810","283,810","283,810","283,810","283,810","283,810"
122693435,쿨러마스터 Elite Platinum 750W ATX 3.1 풀모듈러 블랙,"160,880","160,880","160,880","160,880","160,880","160,880","160,880"
122693465,쿨러마스터 Elite Platinum 750W ATX 3.1 풀모듈러 화이트,"171,490","171,490","171,490","171,490","171,490","171,490","171,490"
122693493,쿨러마스터 Elite Platinum 850W ATX 3.1 풀모듈러 블랙,"185,290","185,290","185,290","185,290","185,290","185,290","185,290"
122693505,쿨러마스터 Elite Platinum 850W ATX 3.1 풀모듈러 화이트,"195,890","195,890","195,890","195,890","195,890","195,890","195,890"
14209529,쿨러마스터 G800 GOLD,"94,000","99,000","99,000","99,000","99,000","94,000","91,500"
7259221,쿨러마스터 GOLD V650 풀모듈러,"128,990","128,990","128,990","128,990","128,990","128,990","128,990"
12235556,쿨러마스터 GOLD V750 V2 블랙 풀모듈러,"190,400","190,400","190,400","190,400","190,400","190,400","190,400"
12235604,쿨러마스터 GOLD V750 V2 화이트 풀모듈러,"150,650","150,650","150,650","150,650","150,650","161,990","161,990"
12235745,쿨러마스터 GOLD V850 V2 화이트 풀모듈러,"231,000","231,000","231,000","231,000","231,000","231,000","231,000"
28246184,쿨러마스터 GX II GOLD 750 ATX3.0,"126,500","126,500","151,790","151,790","151,790","151,790","151,790"
28245941,쿨러마스터 GX II GOLD 850 ATX3.0,"164,990","164,990","164,990","164,990","164,990","164,990","164,990"
31262567,쿨러마스터 GX III GOLD 1050 풀모듈러 ATX3.0,"220,020","220,020","220,020","220,020","220,020","220,020","220,020"
31262300,쿨러마스터 GX III GOLD 1250 풀모듈러 ATX3.0,"290,310","290,310","290,310","290,310","290,310","290,310","290,310"
28245617,쿨러마스터 GX III GOLD 850 ATX3.0,"165,900","165,900","165,900","165,900","165,900","174,980","174,980"
16367276,쿨러마스터 M2000 80PLUS플래티넘 230V 풀모듈러,"798,000","798,000","798,000","798,000","798,000","798,000","798,000"
28246559,쿨러마스터 MWE GOLD 1050 V2 ATX3.0,"175,480","175,480","175,480","175,480","175,480","175,480","177,980"
18429605,쿨러마스터 MWE GOLD 1250-V2 ATX3.0,"195,310","195,310","195,310","195,310","195,310","197,990","197,990"
77318324,쿨러마스터 MWE GOLD 550 V3 ATX3.1 블랙,"67,400","67,400","67,400","67,400","67,400","67,400","68,980"
77318342,쿨러마스터 MWE GOLD 550 V3 ATX3.1 화이트,"72,350","72,350","72,350","72,350","72,350","73,980","73,980"
77318288,쿨러마스터 MWE GOLD 650 V3 ATX3.1 화이트,"79,460","79,460","79,460","79,460","79,460","81,490","76,490"
75719807,쿨러마스터 MWE GOLD 750 V3 ATX3.1 블랙,"84,790","84,790","84,790","84,790","84,790","84,790","88,980"
75719810,쿨러마스터 MWE GOLD 750 V3 ATX3.1 화이트,"92,040","92,040","92,040","92,040","92,040","92,040","92,540"
75719750,쿨러마스터 MWE GOLD 850 V3 ATX3.1 블랙,"88,400","88,400","88,400","88,400","88,400","88,400","88,400"
75719774,쿨러마스터 MWE GOLD 850 V3 ATX3.1 화이트,"101,650","101,650","101,650","101,650","101,650","104,980","104,980"
65920853,쿨러마스터 MWE Gold 1050 V2 풀모듈러 ATX3.0 SF6 Blanka,"244,490","244,490","244,490","244,490","244,490","244,490","244,990"
122728285,쿨러마스터 MWE Gold V4 1000 ATX3.1 블랙,"209,180","154,090","154,080","161,280","161,280","161,280","161,280"
122728300,쿨러마스터 MWE Gold V4 850 ATX3.1 블랙,"179,990","185,000","174,000","174,000","174,000","174,000","174,000"
54814436,쿨러마스터 MWE 브론즈 550 V3 230V ATX3.1,"50,740","50,740","50,740","50,740","50,740","52,980","52,980"
54814346,쿨러마스터 MWE 브론즈 650 V3 230V ATX3.1,"57,600","57,600","57,600","57,600","57,600","62,990","62,990"
65921183,쿨러마스터 MWE 브론즈 650 V3 230V ATX3.1 화이트,"64,960","64,960","64,960","64,960","64,960","64,960","66,880"
54814202,쿨러마스터 MWE 브론즈 750 V3 230V ATX3.1,"82,000","82,000","82,000","82,000","82,000","82,000","82,000"
105551618,쿨러마스터 MWE 브론즈 750 V3 230V ATX3.1 Rev.2 블랙,"82,070","82,070","82,070","82,070","82,070","82,070","82,070"
105551648,쿨러마스터 MWE 브론즈 750 V3 230V ATX3.1 Rev.2 화이트,"88,030","88,030","88,030","88,030","88,030","88,030","88,030"
65920958,쿨러마스터 MWE 브론즈 750 V3 230V ATX3.1 화이트,"86,120","86,120","86,120","86,120","86,120","86,120","87,980"
7259851,쿨러마스터 PLATINUM V1000 풀모듈러,"324,560","324,560","324,560","324,560","324,560","324,560","348,990"
7259989,쿨러마스터 PLATINUM V1300 풀모듈러,"392,450","392,450","392,450","392,450","392,450","392,450","421,990"
7259731,쿨러마스터 PLATINUM V850 풀모듈러,"272,090","272,090","272,090","272,090","272,090","272,090","288,590"
123539013,쿨러마스터 V PLATINUM 3000 Workstation ATX3.1,"825,910","825,910","825,910","825,910","825,910","825,910","825,910"
68578502,쿨러마스터 V SFX Gold 850 ATX3.1,"234,000","234,000","234,000","234,000","234,000","234,000","234,000"
75536243,쿨러마스터 V SFX Gold 850 ATX3.1 화이트,"239,720","239,720","239,720","239,720","239,720","239,720","249,980"
23785619,쿨러마스터 V1100 SFX PLATINUM ATX3.0,"344,100","344,100","344,100","344,100","344,100","344,100","344,100"
23792255,쿨러마스터 V1300 SFX PLATINUM ATX3.0,"412,700","412,700","412,700","412,700","412,700","413,390","413,390"
17260823,쿨러마스터 V750 SFX GOLD 화이트 에디션,"245,000","245,000","245,000","245,000","245,000","245,000","245,000"
12573746,쿨러마스터 V850 SFX GOLD,"266,000","266,000","266,000","266,000","266,000","266,000","266,000"
22079534,쿨러마스터 V850 SFX 골드 ATX3.0,"294,000","294,000","294,000","294,000","294,000","294,000","294,000"
22079648,쿨러마스터 V850 SFX 골드 ATX3.0 화이트,"322,000","322,000","322,000","322,000","322,000","322,000","322,000"
95845724,쿨러마스터 X Mighty Platinum 2000W ATX3.1,"683,040","683,040","683,040","683,040","683,040","683,040","683,040"
4401214,퍼스트큐브씨앤씨 First CUBE 450GM VALUE,"19,770","19,770","19,770","19,770","19,770",0,0
117693804,퍼스트큐브씨앤씨 First CUBE 620GX V2.3 벌크,0,0,"25,300","25,300","25,300","25,300","25,300"
52062020,한국이스트 EA901RM,0,0,0,0,0,0,"499,990"
118555949,헝웨이 SMPS 350W 12V,"30,020","30,020","30,020","30,020","30,020","30,020","30,020"
9706125,현대파워 PRIME 600K 벌크,"15,240","15,240","15,240","15,240","15,240","15,890","15,890"
9706182,현대파워 PRIME 620K 벌크,"17,070","17,070","17,070","17,070","17,070","17,070","17,490"
9706308,현대파워 PRIME 650K 벌크,"25,500","25,500","25,500","25,500","25,500","25,500","26,050"
9367125,현대파워 PRIME 750K PLUS 벌크,"29,880","29,880","29,880","29,880","29,880","29,880","30,680"
9367050,현대파워 PRIME 850K PLUS 벌크,"33,640","33,640","33,640","33,640","33,640","34,640","34,640"
9367200,현대파워 PRIME SFX-600M 벌크,"18,810","18,810","18,810","18,810","18,810","18,810","19,240"
9367224,현대파워 PRIME SFX-630M 벌크,"23,030","23,030","23,030","23,030","23,030","23,750","23,750"
32488520,현대파워 PRIME SFX-650M 벌크,"31,280","31,280","31,280","31,280","31,280","31,280","31,670"
9367299,현대파워 PRIME TFX-500P 벌크,"21,490","21,490","21,490","21,490","21,490","21,490","21,990"
18373064,현대파워 VEGA ST-500W 벌크,"29,880","29,880","29,880","29,880","29,880","29,880","30,140"
18373133,현대파워 VEGA ST-600W 벌크,0,0,0,0,0,"34,990","34,990"
