Id,Name,2026-10-01 14:12:52,2026-10-02 14:02:24,2026-10-03 13:45:32,2026-10-04 14:17:12
27791318,1Mii S03,"정품_26,900","정품_26,900","정품_26,900","정품_26,900"
40021112,7NC NCS-201,"20,090","20,090","20,090","20,090"
57293030,7NC NCS-203,"정품_168,380","정품_168,380","정품_168,380","정품_168,380"
15298781,7NC NCS-801,"정품_5,790","정품_5,790","정품_5,790","정품_5,790"
49536419,A2 데스크탑 스피커,"해외구매_16,990","해외구매_16,990","해외구매_16,990","해외구매_16,990"
11296623,AEPEL FR-10BT TWS,"43,290","43,290","43,290","43,290"
12734537,AEPEL FR-320BT,"44,990","44,990","44,990","44,990"
12734918,AEPEL KA-30BT,"93,990","93,990","93,990","93,990"
12776912,AEPEL LOG-30BT,"30,690","30,690","30,690","30,690"
76873778,AIYIMA S30,"해외구매_96,450","해외구매_96,450","해외구매_96,450","해외구매_96,450"
76872863,AIYIMA S500,"해외구매_130,120","해외구매_127,410","해외구매_127,410","해외구매_127,410"
76872692,AIYIMA S600,"해외구매_112,100","해외구매_112,100","해외구매_112,100","해외구매_112,100"
76873001,AIYIMA S700,"해외구매_199,000","해외구매_199,000","해외구매_199,000","해외구매_199,000"
15715286,AKG ARA,"정품_160,000|해외구매_88,790","정품_160,000|해외구매_88,790","정품_160,000|해외구매_88,790","정품_160,000|해외구매_88,790"
3776653,ANKER Classic A7908,"정품_24,600","정품_24,600","정품_24,600","정품_24,600"
72592721,ANKER Soundcore 2 A3105,"정품_39,900|해외구매_48,290","정품_39,900|해외구매_48,290","정품_39,900|해외구매_48,290","정품_39,900|해외구매_48,290"
14227157,ANKER Soundcore 3 A3117,"정품_54,900|중고_43,800|해외구매_73,645","정품_54,900|중고_43,800|해외구매_73,528","정품_54,900|중고_43,800|해외구매_73,659","정품_54,900|중고_43,800|해외구매_73,659"
14220101,ANKER Soundcore A3102,"해외구매_66,800",0,0,0
12973187,ANKER Soundcore Flare 2 A3165,"해외구매_109,320","해외구매_109,320","해외구매_109,320","해외구매_109,320"
35769251,ANKER Soundcore Glow Mini A3136,"해외구매_76,680","해외구매_76,680","해외구매_76,680","해외구매_76,680"
15981110,ANKER Soundcore Mini 3 A3119,"해외구매_66,030","해외구매_66,030","해외구매_66,030","해외구매_66,030"
20137493,ANKER Soundcore Mini 3 Pro A3127,"해외구매_71,670","해외구매_71,670","해외구매_71,670","해외구매_71,670"
37003868,ANKER Soundcore Motion 100,"해외구매_89,130","해외구매_89,060","해외구매_89,010","해외구매_87,490"
36959993,ANKER Soundcore Motion 300 A3135,"해외구매_150,880","해외구매_150,880","해외구매_150,880","해외구매_150,880"
12060809,ANKER Soundcore Motion Plus A3116,"정품_159,000|해외구매_115,320","정품_159,000|해외구매_116,720","정품_159,000|해외구매_115,320","정품_159,000|해외구매_115,320"
20702843,ANKER Soundcore Motion X600 A3130,"정품_169,900|해외구매_214,750","정품_169,900|해외구매_214,730","정품_169,900|해외구매_214,720","정품_169,900|해외구매_214,720"
72592550,ANKER Soundcore Select 4 Go A31X1,"정품_23,900|해외구매_29,860","정품_23,900|해외구매_29,860","정품_23,900|해외구매_29,860","정품_23,900|해외구매_29,860"
5626894,ANKER Soundcore 부스트,"해외구매_104,000","해외구매_104,000","해외구매_104,000","해외구매_104,000"
67371299,APPLE Beats by Dr.Dre Pill Wireless,"정품_186,000|해외구매_393,780","정품_186,000|해외구매_393,780","정품_186,000|해외구매_393,780","정품_186,000|해외구매_393,780"
4788511,APPLE Beats by Dr.Dre Pill+,"정품_172,980","정품_172,980","정품_172,980","정품_172,980"
16502792,ASHTON AT-1000 WOOD,"정품_68,000","정품_68,000","정품_68,000","정품_68,000"
1432633,ASHTON AT-1000 블랙,"68,000","68,000","68,000","68,000"
4734186,ASHTON AT-1000K,"블랙_69,000|우드_69,000","블랙_69,000|우드_69,000","블랙_69,000|우드_69,000","블랙_69,000|우드_69,000"
1432584,ASHTON AT-3800,"정품_130,000","정품_130,000","정품_130,000","정품_130,000"
89863922,ASIS S10,"정품_20,640","정품_20,640","정품_20,640","정품_20,640"
40580177,ASUS ROG CARNYX,"해외구매_469,390","해외구매_469,390","해외구매_469,390","해외구매_469,390"
5553877,ASUS STRIX RAID PRO,"해외구매_164,200","해외구매_164,200","해외구매_164,200","해외구매_164,200"
2574957,ASUS XONAR DGX,"해외구매_99,450","해외구매_99,450","해외구매_99,450","해외구매_99,450"
5790657,AVerMedia AM310,"정품_99,000","정품_99,000","정품_99,000","정품_99,000"
5523411,Actto BTS-10 LX,"정품_104,857","정품_104,857","정품_104,857","정품_104,857"
11954609,Actto BTS-38,"71,630","71,630","71,630","71,630"
12695864,Actto BTS-42,"정품_28,540","정품_28,500","정품_28,440","정품_28,380"
15827006,Actto BTS-51,"29,900","29,900","29,900","29,900"
21361673,Actto BTS-52,"22,470","22,440","22,370","22,310"
30217559,Actto BTS-54,"22,120","22,120","22,120","22,120"
30738890,Actto BTS-55,"34,510","34,510","34,510","34,510"
31093904,Actto BTS-57,"27,900","27,900","27,900","27,900"
30219509,Actto BTS-58,"171,160","171,160","171,160","171,160"
80589617,Actto BTS-60,"정품_32,830","정품_32,830","정품_32,820","정품_32,820"
88233689,Actto BTS-63,"정품_25,380","정품_25,380","정품_25,340","정품_25,380"
99912203,Actto BTS-64,"정품_27,060","정품_27,060","정품_27,060","정품_27,060"
11546738,Actto MIC-14,"정품_16,890","정품_16,890","정품_16,890","정품_16,890"
15605411,Actto MIC-25,"29,900","29,900","29,900","29,900"
33483539,Actto MIC-28,"정품_12,540","정품_12,530","정품_12,520","정품_12,520"
1606388,Actto SPK-04,"정품_14,380","정품_14,380","정품_14,380","정품_14,380"
1930379,Actto SPK-07,"103,090","103,090","103,090","103,090"
6400960,Actto SPK-17,"정품_11,900","정품_11,900","정품_11,900","정품_11,900"
16049186,Actto SPK-23,"정품_11,060","정품_11,280","정품_11,890","정품_11,890"
18751664,Actto SPK-24,"정품_16,900","정품_16,900","정품_16,900","정품_16,900"
14581652,Actto 레브 BTS-47,"43,030","43,030","43,030","43,030"
5293065,Actto 미러볼 BTS-06,"정품_41,710","정품_41,710","정품_41,710","정품_41,710"
12360365,Actto 브로드캐스트 MIC-15,"41,610","41,610","41,610","41,610"
18524657,Actto 오브제 블루투스 스피커 BTS-53,"24,200","24,200","24,200","24,200"
5112177,Actto 터치미 BTS-11,"정품_78,490","정품_78,490","정품_78,490","정품_78,490"
4838372,Actto 튠 BTS-04,"정품_32,150","정품_32,150","정품_32,150","정품_32,150"
78613679,Actto 트윈 BTS-62,"정품_34,100","정품_34,100","정품_34,100","정품_34,100"
12997271,Avaya B109,"정품_193,000","정품_193,000","정품_193,000","정품_193,000"
55452680,Axxen BS1000,"139,240","139,240","139,230","139,230"
5827517,Axxen BS11,"정품_11,600","정품_11,600","정품_11,600","정품_11,600"
19685300,Axxen BS120,"79,000","79,000","79,000","79,000"
14449802,Axxen BS50,"53,820","53,820","53,820","53,820"
59833604,Axxen BS52,"43,880","43,880","43,880","45,190"
28189136,Axxen BT-100S,"38,550","38,550","38,550","38,550"
14159984,Axxen SK 104,"19,590","19,590","19,590","19,590"
28130927,Axxen SK102,"19,800","19,800","19,800","19,800"
28123418,Axxen 롱 브릭 블루투스 스피커 BS90,"33,590","33,590","33,590","33,590"
25705730,Axxen 생일축하 케이크 스피커 BS110,"49,900","49,900","49,900","49,900"
19022795,Axxen 에디슨 램프 블루투스 스피커 BS80,"29,800","29,800","29,800","29,800"
97777691,Axxen 플레이고 BS07,"정품_7,320","정품_7,320","정품_7,320","정품_7,320"
59922734,Axxen 플레이고 BS12,"146,090","146,090","146,090","146,090"
28064258,Axxen 플레이고 BS15,"13,400","13,400","13,400","13,400"
54327359,Axxen 플레이고 BS51,"21,790","21,790","21,790","21,790"
98778446,Axxen 플레이고 BS82,"정품_22,800","정품_22,800","정품_22,800","정품_22,800"
98548586,Axxen 플레이고 MS10,"정품_14,800","정품_14,800","정품_14,800","정품_14,800"
52156952,Axxen 플레이고 레인보우 서라운드 블루투스 스피커 BS81,"19,800","19,800","19,800","19,800"
27944507,Axxen 플레이고 무드램프 블루투스 스피커 BS08,"9,890","9,890","9,890","9,890"
52157054,Axxen 플레이고 사운드볼 블루투스 스피커 BS16,"19,800","19,800","19,800","19,800"
20741903,Axxen 플레임 라이트 블루투스 스피커 BS70,"25,230","25,230","25,230","25,230"
13471604,B&W Formation Flex,"정품_569,000|2개, 정품_1,400,000","정품_569,000|2개, 정품_1,400,000","정품_569,000|2개, 정품_1,400,000","정품_528,000|2개, 정품_1,400,000"
16363673,B&W The new Zeppelin,"정품_875,150","정품_875,150","정품_889,990","정품_875,150"
43891583,B&W Zeppelin McLaren Edition,"정품_880,000","정품_880,000","정품_880,000","정품_880,000"
74056334,B&W Zeppelin Pro Edition,"정품_750,000|해외구매_1,775,800","정품_750,000|해외구매_1,775,800","정품_750,000|해외구매_1,775,800","정품_750,000|해외구매_1,775,800"
43532333,BESTISAN SR04,"해외구매_118,860","해외구매_118,860","해외구매_118,860","해외구매_118,860"
44492495,BESTISAN SR06,"해외구매_96,470","해외구매_96,470","해외구매_96,470","해외구매_96,470"
6220285,BITWAY M5,"정품_22,500","정품_22,500","정품_22,500","정품_22,500"
7068940,BITWAY PC-Fi Aria PRO-A50,"정품_810,350","정품_810,350","정품_810,350","정품_810,350"
4235347,BITWAY Soundbar V2,"블랙_122,410|화이트_61,160","블랙_122,410|화이트_61,160","블랙_122,410|화이트_61,160","블랙_122,410|화이트_61,160"
6402752,BITWAY 가상 7.1 사운드 카드 GS3,"정품_36,100","정품_36,100","정품_36,100","정품_36,100"
7848412,BITWAY 가상7.1 게이밍 사운드카드 GS5,"정품_48,360","정품_48,980","정품_48,980","정품_48,980"
10038540,BITWAY 가상7.1 사운드 카드 GS1,"정품_32,180","정품_32,180","정품_32,180","정품_32,180"
78237437,BLAUPUNKT BLP-GM301KWC,"정품_29,430","정품_29,430","정품_29,430","정품_29,430"
14618513,BLUE MORE BS700,"정품_39,150","정품_39,150","정품_39,150","정품_39,150"
54328991,BOGASING M5,"해외구매_75,860","해외구매_75,830","해외구매_75,710","해외구매_75,580"
3871347,BOSE COMPANION 20,"해외구매_691,900","해외구매_691,900","해외구매_691,900","해외구매_691,900"
2562327,BOSE COMPANION2 Series III,"해외구매_271,700","해외구매_271,700","해외구매_271,700","해외구매_271,700"
6680971,BOSE Home Speaker 500,"해외구매_764,600","해외구매_764,600","해외구매_764,600","해외구매_764,600"
13760336,BOSE 사운드링크 리볼브+ 2,"1개, 정품_368,000","1개, 정품_368,000","1개, 정품_368,000","1개, 정품_368,000"
5675652,BOSE 사운드링크 마이크로,"정품_128,990|해외구매_157,950","정품_128,990|해외구매_195,500","정품_128,990|해외구매_157,950","정품_128,990|해외구매_195,500"
100384115,BOSE 사운드링크 마이크로 2세대,"정품_123,990","정품_123,990","정품_123,990","정품_123,990"
57499424,BOSE 사운드링크 맥스,"정품_439,000|해외구매_548,230","정품_439,000|해외구매_548,230","정품_439,000|해외구매_548,220","정품_439,000|해외구매_548,210"
10528404,BOSE 사운드링크 미니 2 SE,"정품_699,000|해외구매_627,800","정품_699,000|해외구매_627,800","정품_699,000|해외구매_627,800","정품_699,000|해외구매_627,800"
96366497,BOSE 사운드링크 플러스,"정품_279,000","정품_279,000","정품_289,330","정품_289,330"
16335767,BOSE 사운드링크 플렉스,"해외구매_134,400","해외구매_131,600","해외구매_131,600","해외구매_131,600"
69465779,BOSE 사운드링크 플렉스 2세대,"정품_140,000|해외구매_200,990","정품_140,000|해외구매_200,990","정품_140,000|해외구매_200,990","정품_140,000|해외구매_200,990"
27863204,BOSE 사운드링크 플렉스 SE,"정품_161,490","정품_161,490","정품_161,490","정품_161,490"
96366200,BOSE 사운드링크 홈,"정품_228,970|해외구매_244,540","정품_228,880|해외구매_252,760","정품_228,610|해외구매_252,580","정품_228,530|해외구매_252,490"
10080753,BOSE 포터블 홈,"정품_430,000|해외구매_818,100","정품_430,000|해외구매_818,100","정품_430,000|해외구매_818,100","정품_430,000|해외구매_818,100"
17595800,BOYA BY-CM5,"해외구매_114,380","해외구매_114,380","해외구매_114,380","해외구매_114,380"
15993998,Bluedio LS,"해외구매_55,430","해외구매_55,430","해외구매_55,430","해외구매_55,430"
4950307,BonoBoss BOS-5000 TITAN,"97,020","97,020","97,020","97,020"
5068263,BonoBoss BOS-BS221 STATS,"정품_27,280",0,0,0
4840442,BonoBoss BOS-S100A TIARA,"정품_13,500","정품_13,500","정품_13,500","정품_13,500"
18635972,BonoBoss BOS-S700,"정품_37,400","정품_37,400","정품_37,400","정품_37,400"
8113471,BonoBoss BOS-TOTO ARGB,"정품_14,890","정품_14,890","정품_14,890","정품_14,890"
18983789,Britz BA-RK707,"184,140","184,140","184,140","184,140"
3313658,Britz BZ-A40,"정품_19,800","정품_19,800","정품_19,800","정품_19,800"
3034897,Britz BZ-C50 Blublu,"정품_39,900","정품_39,900","정품_39,900","정품_39,900"
49647260,Britz BZ-CML200,"68,000","68,000","68,000","68,000"
27477674,Britz BZ-EX1,"64,410","64,410","64,400","64,400"
57496100,Britz BZ-JB9600,"89,890","89,870","89,860","89,850"
123802012,Britz BZ-MG70 Plus,"75,150","75,150","75,150","75,150"
124259400,Britz Z3400,"정품_39,890","정품_39,890","정품_39,890","정품_39,890"
4336057,Britz 브리츠액세서리즈 BA-B10 Swimmer,"정품_79,200","정품_79,200","정품_79,200","정품_79,200"
4092689,Britz 브리츠액세서리즈 BA-C1 SoundRoom,"정품_58,500","정품_58,500","정품_58,500","정품_58,500"
5427069,Britz 브리츠액세서리즈 BA-C7,"정품_62,300","정품_62,300","정품_62,300","정품_62,300"
5344107,Britz 브리츠액세서리즈 BA-FS1,"정품_36,960","정품_36,960","정품_36,960","정품_36,960"
5085363,Britz 브리츠액세서리즈 BA-SB2 SoundBrick,"정품_56,900","정품_56,900","정품_56,900","정품_56,900"
4763727,Britz 브리츠액세서리즈 BA-SF1 SoundCup,"정품_12,000","정품_12,000","정품_12,000","정품_12,000"
3416910,Britz 브리츠액세서리즈 BA-UM2 SlimMetal,"정품_77,000","정품_77,000","정품_77,000","정품_77,000"
2338063,Britz 브리츠액세서리즈 BA-V200 Mini.B,"정품_24,900","정품_24,900","정품_24,900","정품_24,900"
4983649,Britz 브리츠액세서리즈 BZ-C90 Denim,"정품_41,000","정품_41,000","정품_41,000","정품_41,000"
2534032,Britz 브리츠액세서리즈 BZ-D20 Reflex,"정품_45,000","정품_45,000","정품_45,000","정품_45,000"
4542844,Britz 브리츠액세서리즈 BZ-D70 MetalCube,"정품_46,500","정품_46,500","정품_46,500","정품_46,500"
2571321,Britz 브리츠액세서리즈 BZ-G400 BlueDuo,"정품_68,790","정품_68,790","정품_68,790","정품_68,790"
2823911,Britz 브리츠액세서리즈 BZ-J2 Blui,"정품_29,500","정품_29,500","정품_29,500","정품_29,500"
3021715,Britz 브리츠액세서리즈 BZ-Q1 EGG,"정품_41,810","정품_41,810","정품_41,810","정품_41,810"
3021761,Britz 브리츠액세서리즈 BZ-Q30 Tree,"정품_88,900","정품_88,900","정품_88,900","정품_88,900"
2267173,Britz 브리츠인터내셔널 AD-S900 Taurus,"정품_100,350","정품_100,350","정품_100,350","정품_100,350"
8663756,Britz 브리츠인터내셔널 Air Pulse A100,"정품_1,150,000","정품_1,150,000","정품_1,150,000","정품_1,150,000"
8673254,Britz 브리츠인터내셔널 Air Pulse A300,"정품_1,394,090","정품_1,394,090","정품_1,394,090","정품_1,394,090"
14158196,Britz 브리츠인터내셔널 Air Pulse A80,"정품_829,000","정품_829,000","정품_829,000","정품_829,000"
15601139,Britz 브리츠인터내셔널 Air Pulse P100X,"정품_890,000","정품_890,000","정품_890,000","정품_887,220"
18753089,Britz 브리츠인터내셔널 BA-C7 Plus,"63,000","63,000","63,000","63,000"
7214002,Britz 브리츠인터내셔널 BA-CL1,"정품_86,000","정품_86,000","정품_86,000","정품_86,000"
7214839,Britz 브리츠인터내셔널 BA-CL2,"정품_64,300","정품_64,300","정품_64,300","정품_64,300"
6226793,Britz 브리츠인터내셔널 BA-DL2,"151,300","151,300","151,300","151,300"
16877819,Britz 브리츠인터내셔널 BA-HMK31,"96,000","96,000","96,000","96,000"
78979082,Britz 브리츠인터내셔널 BA-HMK31 Plus,"정품_98,700","정품_98,700","정품_98,700","정품_98,700"
17079803,Britz 브리츠인터내셔널 BA-K10,"정품_39,900","정품_39,900","정품_39,900","정품_39,900"
5104971,Britz 브리츠인터내셔널 BA-K9 Sound Bar Solo,"정품_32,780","정품_32,780","정품_32,780","정품_32,780"
45257927,Britz 브리츠인터내셔널 BA-LK707,"99,000","99,000","99,000","99,000"
20640539,Britz 브리츠인터내셔널 BA-MCK9,"정품_65,550","정품_65,550","정품_65,550","정품_65,550"
6967855,Britz 브리츠인터내셔널 BA-MK1,"17,000","17,000","17,000","17,000"
10673013,Britz 브리츠인터내셔널 BA-MK10,"69,800","69,800","69,800","69,800"
16012718,Britz 브리츠인터내셔널 BA-MK100,"66,410","66,410","66,410","66,410"
9961458,Britz 브리츠인터내셔널 BA-MK15,"정품_44,900","정품_44,890","정품_45,190","정품_45,190"
28273067,Britz 브리츠인터내셔널 BA-MK150,"28,890","28,900","28,900","28,900"
6472411,Britz 브리츠인터내셔널 BA-MK2,"44,900","44,900","44,900","44,900"
63468788,Britz 브리츠인터내셔널 BA-MK202,"49,900","49,900","49,900","49,900"
15078662,Britz 브리츠인터내셔널 BA-MK21 Plus,"52,160","52,160","52,160","52,160"
19235888,Britz 브리츠인터내셔널 BA-MK250,"49,800","49,800","49,800","49,800"
109597856,Britz 브리츠인터내셔널 BA-MK250 Plus,"49,800","49,800","49,800","49,800"
16357970,Britz 브리츠인터내셔널 BA-MK30,"정품_98,800","정품_98,800","정품_98,800","정품_98,800"
74340512,Britz 브리츠인터내셔널 BA-MK30 Plus,"정품_98,800","정품_98,800","정품_98,800","정품_98,800"
33440228,Britz 브리츠인터내셔널 BA-MK300,"정품_69,590","정품_69,600","정품_69,600","정품_69,600"
14288366,Britz 브리츠인터내셔널 BA-MK33,"95,900","95,900","95,900","95,900"
17166692,Britz 브리츠인터내셔널 BA-MK33 Plus,"95,990","96,000","96,000","96,000"
10582866,Britz 브리츠인터내셔널 BA-MK38,"정품_22,740","정품_22,740","정품_23,400","정품_23,400"
15936515,Britz 브리츠인터내셔널 BA-MK39,"정품_54,900","정품_54,900","정품_54,900","정품_54,900"
28863377,Britz 브리츠인터내셔널 BA-MK5,"정품_49,790","정품_49,800","정품_49,800","정품_49,800"
17159687,Britz 브리츠인터내셔널 BA-MK60,"31,700","31,700","31,700","31,700"
18189842,Britz 브리츠인터내셔널 BA-MK77,"53,000","53,000","53,000","53,000"
16006442,Britz 브리츠인터내셔널 BA-MK80,"정품_28,900","정품_28,900","정품_28,900","정품_28,900"
6434511,Britz 브리츠인터내셔널 BA-MK9,"54,580","54,580","54,580","54,580"
7504639,Britz 브리츠인터내셔널 BA-MLB10,"29,800","29,800","29,800","29,800"
27661712,Britz 브리츠인터내셔널 BA-MQ1,"33,900","33,900","33,900","33,900"
15330770,Britz 브리츠인터내셔널 BA-NK9,"정품_28,500","정품_28,500","정품_28,500","정품_28,500"
17476055,Britz 브리츠인터내셔널 BA-R1,"정품_19,710","정품_19,710","정품_19,710","정품_19,710"
17625404,Britz 브리츠인터내셔널 BA-R10,"정품_152,510","정품_49,560","정품_49,560","정품_49,560"
3499359,Britz 브리츠인터내셔널 BA-R100 SOUNDCLOCK,"정품_71,000","정품_71,000","정품_71,000","정품_71,000"
2404537,Britz 브리츠인터내셔널 BA-R9,"블랙_19,880|화이트_19,880|중고_14,730","블랙_19,900|화이트_19,900|중고_14,730","블랙_19,900|화이트_19,900|중고_14,730","블랙_19,900|화이트_19,900|중고_14,730"
4498517,Britz 브리츠인터내셔널 BA-R90,"블랙_27,700|화이트_27,700","블랙_27,700|화이트_27,700","블랙_27,700|화이트_27,700","블랙_27,700|화이트_27,700"
6262457,Britz 브리츠인터내셔널 BA-RBT1,"98,990","98,990","98,990","98,990"
6681373,Britz 브리츠인터내셔널 BA-RBW1,"84,390","84,390","84,390","84,390"
10582968,Britz 브리츠인터내셔널 BA-RG100,"정품_24,500","정품_24,500","정품_24,510","정품_24,510"
18344237,Britz 브리츠인터내셔널 BA-RS2,"109,900","109,900","109,900","109,900"
6012885,Britz 브리츠인터내셔널 BA-SB20,"정품_66,310","정품_66,310","정품_66,310","정품_66,310"
16237925,Britz 브리츠인터내셔널 BA-UMK120,"정품_25,780","정품_25,780","정품_25,780","정품_25,780"
1755019,Britz 브리츠인터내셔널 BE-100,"62,800","62,800","62,800","62,800"
13689140,Britz 브리츠인터내셔널 BE-100 Plus,"정품_27,350","정품_27,350","정품_27,350","정품_27,350"
18842333,Britz 브리츠인터내셔널 BE-300UBT,"정품_48,650","정품_48,550","정품_48,400","정품_48,400"
4882601,Britz 브리츠인터내셔널 BE-AM300,"정품_57,600","정품_57,600","정품_57,600","정품_57,600"
4882538,Britz 브리츠인터내셔널 BE-LM500,"정품_39,800","정품_39,800","정품_39,800","정품_39,800"
2162991,Britz 브리츠인터내셔널 BE-MP1000BT,"정품_124,450","정품_124,450","정품_124,450","정품_149,000"
17861270,Britz 브리츠인터내셔널 BE-S200U,"정품_17,100","정품_17,100","정품_17,100","정품_17,100"
14612288,Britz 브리츠인터내셔널 BE-STM300,"정품_29,900","정품_29,900","정품_29,900","정품_29,900"
128941,Britz 브리츠인터내셔널 BR-1000A Cuve,"정품_82,000","정품_82,000","정품_82,000","정품_82,000"
1644221,Britz 브리츠인터내셔널 BR-1000A Cuve Black 2,"정품_36,000","정품_36,000","정품_36,000","정품_36,000"
851259,Britz 브리츠인터내셔널 BR-1000A Plus,"정품_68,400","정품_68,400","정품_68,400","정품_68,400"
2744513,Britz 브리츠인터내셔널 BR-1000A2,"정품_69,120","정품_69,040","정품_69,040","정품_69,040"
20226941,Britz 브리츠인터내셔널 BR-1200A BT,"정품_45,900","정품_45,900","정품_45,900","정품_45,900"
16408466,Britz 브리츠인터내셔널 BR-1300BT,"정품_89,000","정품_89,000","정품_89,000","정품_89,000"
2900001,Britz 브리츠인터내셔널 BR-1700BT,"정품_280,910","정품_280,910","정품_280,910","정품_280,910"
6493426,Britz 브리츠인터내셔널 BR-1900DB,"정품_269,890","정품_269,890","정품_269,890","정품_269,890"
9514704,Britz 브리츠인터내셔널 BR-3000 Pro,"정품_796,090","정품_796,090","정품_796,090","정품_796,090"
3610627,Britz 브리츠인터내셔널 BR-3300 FormularPlus,"정품_79,900","정품_79,900","정품_79,900","정품_79,900"
2704718,Britz 브리츠인터내셔널 BR-3350 Soap,"정품_35,000","정품_35,000","정품_35,000","정품_35,000"
6181691,Britz 브리츠인터내셔널 BR-4390BT,"정품_391,990","정품_391,990","정품_391,990","정품_391,990"
431688,Britz 브리츠인터내셔널 BR-Coupe,"정품_18,240","정품_18,240","정품_18,230","정품_18,230"
11443749,Britz 브리츠인터내셔널 BR-GS7000,"정품_279,000","정품_279,000","정품_279,000","정품_279,000"
16246670,Britz 브리츠인터내셔널 BR-JB5608,"정품_109,830","정품_109,830","정품_109,830","정품_109,830"
11480091,Britz 브리츠인터내셔널 BR-M120,"37,490","37,490","37,490","37,490"
58019012,Britz 브리츠인터내셔널 BR-M500,"59,900","59,900","59,900","59,900"
78528623,Britz 브리츠인터내셔널 BR-MARK2,"정품_59,900","정품_59,900","정품_59,900","정품_59,900"
29765441,Britz 브리츠인터내셔널 BR-MARK5,"정품_269,000","정품_269,000","정품_269,000","정품_269,000"
13114739,Britz 브리츠인터내셔널 BR-MEC10,"정품_39,790","정품_39,790","정품_39,790","정품_39,790"
16304156,Britz 브리츠인터내셔널 BR-MEC2000,"정품_366,690","정품_366,680","정품_366,620","정품_366,600"
32102900,Britz 브리츠인터내셔널 BR-MICBAR,"정품_54,900","정품_54,900","정품_54,900","정품_54,730"
5252735,Britz 브리츠인터내셔널 BR-MP2200,"정품_72,000","정품_72,000","정품_72,000","정품_72,000"
20719118,Britz 브리츠인터내셔널 BR-NT93BT,"정품_69,900","정품_65,000","정품_65,000","정품_65,000"
5873557,Britz 브리츠인터내셔널 BR-Orion Plus,"정품_158,030","정품_158,030","정품_158,030","정품_158,030"
30078185,Britz 브리츠인터내셔널 BR-ST202,"29,900","29,900","29,900","29,900"
18557882,Britz 브리츠인터내셔널 BR-T10,"정품_79,770","정품_79,670","정품_79,420","정품_79,420"
18387668,Britz 브리츠인터내셔널 BR-T9,"정품_78,940","정품_79,000","정품_79,000","정품_79,000"
17873510,Britz 브리츠인터내셔널 BR-Vbutton,"정품_104,890","정품_104,900","정품_104,900","정품_104,900"
3670542,Britz 브리츠인터내셔널 BR-istana,"정품_21,790","정품_21,790","정품_21,800","정품_21,800"
6931762,Britz 브리츠인터내셔널 BZ-A50,"40,920","40,920","40,920","40,920"
17024162,Britz 브리츠인터내셔널 BZ-A6,"정품_27,490","정품_27,500","정품_27,500","정품_27,500"
4131044,Britz 브리츠인터내셔널 BZ-A650 SoundCream,"정품_33,300","정품_33,300","정품_33,300","정품_33,300"
4236195,Britz 브리츠인터내셔널 BZ-A660 SoundDome,"정품_24,600","정품_24,590","정품_24,590","정품_24,590"
16751516,Britz 브리츠인터내셔널 BZ-A9,"29,800","29,800","29,800","29,800"
37932401,Britz 브리츠인터내셔널 BZ-AK45,"정품_34,690","정품_34,690","정품_34,700","정품_34,700"
123972703,Britz 브리츠인터내셔널 BZ-AX1,"정품_44,900","정품_44,900","정품_44,900","정품_44,900"
91037879,Britz 브리츠인터내셔널 BZ-AeroBar,"정품_60,440","정품_60,440","정품_61,090","정품_61,090"
95283662,Britz 브리츠인터내셔널 BZ-B1,"정품_59,900","정품_59,900","정품_59,900","정품_59,900"
5563968,Britz 브리츠인터내셔널 BZ-BT662,"정품_155,040","정품_155,040","정품_155,040","정품_155,040"
11472486,Britz 브리츠인터내셔널 BZ-CM7,"35,050","35,050","35,050","35,050"
7366384,Britz 브리츠인터내셔널 BZ-CM880,"49,900","49,900","49,900","49,900"
124288101,Britz 브리츠인터내셔널 BZ-CMK1,"정품_60,470","정품_58,140","정품_58,220","정품_58,050"
64296551,Britz 브리츠인터내셔널 BZ-CML300,"정품_99,000","정품_99,000","정품_99,000","정품_99,000"
2785778,Britz 브리츠인터내셔널 BZ-G20 Cone,"정품_19,800","정품_19,800","정품_19,800","정품_19,800"
95286752,Britz 브리츠인터내셔널 BZ-GBUTTON,"정품_131,000","정품_131,000","정품_131,000","정품_131,000"
41213264,Britz 브리츠인터내셔널 BZ-GM10,"정품_26,880","정품_26,880","정품_26,880","정품_26,880"
17926562,Britz 브리츠인터내셔널 BZ-GX35,"58,990","58,990","58,990","58,990"
18096314,Britz 브리츠인터내셔널 BZ-GX38,"68,900","68,900","68,900","68,900"
27576500,Britz 브리츠인터내셔널 BZ-GX400,"정품_70,390","정품_70,320","정품_70,180","정품_70,020"
91767050,Britz 브리츠인터내셔널 BZ-HMM,"정품_29,900","정품_29,900","정품_29,900","정품_29,900"
99944177,Britz 브리츠인터내셔널 BZ-HMR,"정품_29,900","정품_29,300","정품_29,300","정품_29,300"
16048862,Britz 브리츠인터내셔널 BZ-HT400,"정품_37,000","정품_37,000","정품_37,000","정품_37,000"
5055835,Britz 브리츠인터내셔널 BZ-IPD622BT,"정품_100,000","정품_100,000","정품_100,000","정품_100,000"
6001191,Britz 브리츠인터내셔널 BZ-JB5606,"정품_139,000","정품_139,000","정품_139,000","정품_139,000"
7287136,Britz 브리츠인터내셔널 BZ-JB5607,"191,700","191,700","191,700","191,700"
19730924,Britz 브리츠인터내셔널 BZ-JB5609PT,"199,000","199,000","199,000","199,000"
74338304,Britz 브리츠인터내셔널 BZ-JB6800,"정품_159,000","정품_159,000","정품_159,000","정품_159,000"
104981273,Britz 브리츠인터내셔널 BZ-JB8000,"매트블랙, 정품_248,000|딥그린, 정품_248,000","매트블랙, 정품_248,000|딥그린, 정품_248,000","매트블랙, 정품_248,000|딥그린, 정품_248,000","매트블랙, 정품_248,000|딥그린, 정품_248,000"
104981213,Britz 브리츠인터내셔널 BZ-JB8000,"매트블랙, 정품_248,000|딥그린, 정품_248,000","매트블랙, 정품_248,000|딥그린, 정품_248,000","매트블랙, 정품_248,000|딥그린, 정품_248,000","매트블랙, 정품_248,000|딥그린, 정품_248,000"
108227615,Britz 브리츠인터내셔널 BZ-JB8100,"정품, 다크그린_184,800|정품, 매트블랙_184,800","정품, 다크그린_184,800|정품, 매트블랙_184,800","정품, 다크그린_184,800|정품, 매트블랙_184,800","정품, 다크그린_184,800|정품, 매트블랙_184,800"
77283119,Britz 브리츠인터내셔널 BZ-JB9700,"정품_154,450","정품_154,450","정품_154,440","정품_154,440"
72295778,Britz 브리츠인터내셔널 BZ-JE100,"정품_93,230","정품_93,230","정품_93,230","정품_93,230"
73890392,Britz 브리츠인터내셔널 BZ-L1,"정품_19,800","정품_19,800","정품_19,800","정품_19,800"
18674327,Britz 브리츠인터내셔널 BZ-LF11,"정품_34,800","정품_34,800","정품_34,800","정품_34,800"
20708330,Britz 브리츠인터내셔널 BZ-LT50SP,"29,000","29,000","29,000","29,000"
75377888,Britz 브리츠인터내셔널 BZ-LV2200,"정품_79,900","정품_79,900","정품_79,900","정품_79,900"
2752516,Britz 브리츠인터내셔널 BZ-M300,"정품_44,990","정품_44,990","정품_44,990","정품_44,990"
5770486,Britz 브리츠인터내셔널 BZ-M3750,"정품_72,540","정품_72,540","정품_72,540","정품_72,540"
4000726,Britz 브리츠인터내셔널 BZ-M4180,"정품_79,190","정품_79,190","정품_75,800","정품_75,800"
4577833,Britz 브리츠인터내셔널 BZ-MAB17 TennisBall,"정품_17,000","정품_17,000","정품_17,000","정품_17,000"
4404148,Britz 브리츠인터내셔널 BZ-MAB18 FootBall,"정품_42,500","정품_42,500","정품_42,500","정품_42,500"
70333292,Britz 브리츠인터내셔널 BZ-MCK300,"정품_59,000","정품_59,000","정품_59,000","정품_59,000"
77624843,Britz 브리츠인터내셔널 BZ-MG9,"정품_42,610","정품_42,610","정품_42,610","정품_42,610"
100761032,Britz 브리츠인터내셔널 BZ-MK22,"정품_31,900","정품_31,900","정품_32,240","정품_32,240"
73949177,Britz 브리츠인터내셔널 BZ-MK310,"39,900","39,900","39,900","39,900"
97777922,Britz 브리츠인터내셔널 BZ-MK330,"정품_54,800","정품_54,800","정품_54,800","정품_54,800"
93499970,Britz 브리츠인터내셔널 BZ-MK88,"정품_47,100","정품_47,100","정품_47,100","정품_47,100"
77621684,Britz 브리츠인터내셔널 BZ-MQ3,"정품_95,990","정품_96,000","정품_96,000","정품_96,000"
55452761,Britz 브리츠인터내셔널 BZ-MQ5,"86,900","86,900","86,900","86,900"
14690153,Britz 브리츠인터내셔널 BZ-MS2000,"정품_39,420","정품_39,430","정품_39,430","정품_39,430"
16876340,Britz 브리츠인터내셔널 BZ-MV100,"49,000","49,000","49,000","49,000"
30095999,Britz 브리츠인터내셔널 BZ-MV3000,"52,900","55,760","55,760","55,760"
19937360,Britz 브리츠인터내셔널 BZ-MV5,"69,630","69,630","69,630","69,630"
19033247,Britz 브리츠인터내셔널 BZ-MV5000,"75,900","75,900","75,900","75,900"
27861893,Britz 브리츠인터내셔널 BZ-MX2000,"25,900","25,900","25,900","25,900"
18584837,Britz 브리츠인터내셔널 BZ-MX2100,"36,000","36,000","36,000","36,000"
19033508,Britz 브리츠인터내셔널 BZ-MX2700,"39,900","39,900","39,900","39,900"
18636776,Britz 브리츠인터내셔널 BZ-MX2800,"74,000","74,000","74,000","74,000"
101011685,Britz 브리츠인터내셔널 BZ-NQ26,"정품_89,000","정품_89,000","정품_89,000","정품_89,000"
30738986,Britz 브리츠인터내셔널 BZ-NT22,"정품_49,900","정품_49,900","정품_49,900","정품_49,900"
4825595,Britz 브리츠인터내셔널 BZ-P4000BT,"정품_46,950","정품_46,950","정품_46,950","정품_46,950"
75378122,Britz 브리츠인터내셔널 BZ-Q230K,"정품_59,900","정품_59,900","정품_54,900","정품_54,900"
17871116,Britz 브리츠인터내셔널 BZ-R800BT,"49,000","49,000","49,000","49,000"
124350396,Britz 브리츠인터내셔널 BZ-RAY100,"정품_136,300","정품_136,300","정품_136,300","정품_136,300"
16279403,Britz 브리츠인터내셔널 BZ-REC200,"34,890","34,890","34,890","34,890"
72298895,Britz 브리츠인터내셔널 BZ-RK101,"정품_86,800","정품_86,800","정품_86,800","정품_86,630"
28187069,Britz 브리츠인터내셔널 BZ-RV43,"32,200","32,200","32,200","32,200"
33440084,Britz 브리츠인터내셔널 BZ-S1,"58,230","58,230","58,230","58,230"
6413724,Britz 브리츠인터내셔널 BZ-S2018,"정품_169,650","정품_169,650","정품_169,650","정품_169,650"
6160755,Britz 브리츠인터내셔널 BZ-SB8100,"61,900","61,900","61,900","61,900"
12512135,Britz 브리츠인터내셔널 BZ-SL10,"정품_30,700|중고_19,600","정품_30,700|중고_19,600","정품_30,700|중고_19,600","정품_30,700|중고_19,600"
18270002,Britz 브리츠인터내셔널 BZ-SL2140,"정품_24,900","정품_24,900","정품_24,900","정품_24,900"
13400534,Britz 브리츠인터내셔널 BZ-SL4,"블랙_33,900|화이트_33,900","블랙_33,900|화이트_33,900","블랙_33,900|화이트_33,900","블랙_33,900|화이트_33,900"
12658382,Britz 브리츠인터내셔널 BZ-SL7 Bluetooth,"정품_56,760","정품_56,700","정품_56,660","정품_56,540"
67577771,Britz 브리츠인터내셔널 BZ-SL9,"정품_24,900","정품_24,900","정품_24,900","정품_24,900"
31959404,Britz 브리츠인터내셔널 BZ-SP200X,"정품_29,800","정품_29,800","정품_29,800","정품_29,800"
16279250,Britz 브리츠인터내셔널 BZ-SP30BT,"정품_123,290","정품_123,190","정품_123,080","정품_123,010"
18700832,Britz 브리츠인터내셔널 BZ-SP700X,"정품_46,900","정품_46,900","정품_46,900","정품_46,900"
104988416,Britz 브리츠인터내셔널 BZ-SV101,"정품_39,800","정품_39,800","정품_39,800","정품_39,800"
62164481,Britz 브리츠인터내셔널 BZ-T1BT,"정품_49,900","정품_49,900","정품_49,900","정품_49,900"
28240379,Britz 브리츠인터내셔널 BZ-T200BT,"45,480","45,480","45,480","45,480"
122680167,Britz 브리츠인터내셔널 BZ-T900BT,"정품_74,890","정품_74,890","정품_74,890","정품_74,890"
92108927,Britz 브리츠인터내셔널 BZ-TBUTTON,"정품_69,900","정품_69,900","정품_69,360","정품_69,360"
78847199,Britz 브리츠인터내셔널 BZ-TK1,"정품_29,890","정품_29,890","정품_29,890","정품_29,890"
104626739,Britz 브리츠인터내셔널 BZ-TK3,"정품_54,700","정품_54,700","정품_54,700","정품_54,700"
106753808,Britz 브리츠인터내셔널 BZ-TK7,"정품_84,900","정품_84,900","정품_84,900","정품_84,900"
9471066,Britz 브리츠인터내셔널 BZ-TP160BT,"정품_198,000","정품_198,000","정품_198,000","정품_198,000"
78096272,Britz 브리츠인터내셔널 BZ-TX11,"정품_74,900","정품_74,900","정품_74,900","정품_74,900"
58018718,Britz 브리츠인터내셔널 BZ-UBB2,"99,000","99,000","99,000","99,000"
53524748,Britz 브리츠인터내셔널 BZ-UP10,"40,090","40,090","26,910","38,380"
63272363,Britz 브리츠인터내셔널 BZ-UX22,"81,000","81,000","81,000","81,000"
33440501,Britz 브리츠인터내셔널 BZ-UX33,"정품_54,500","정품_61,950","정품_61,950","정품_61,950"
77208809,Britz 브리츠인터내셔널 BZ-V1,"정품_59,800","정품_59,800","정품_59,800","정품_59,800"
16564496,Britz 브리츠인터내셔널 BZ-V990S,"63,400","66,400","63,400","69,400"
77383067,Britz 브리츠인터내셔널 BZ-WK1,"정품_29,800","정품_29,800","정품_29,800","정품_29,800"
100696325,Britz 브리츠인터내셔널 BZ-WM8,"정품_59,990","정품_59,990","정품_59,990","정품_59,990"
103453337,Britz 브리츠인터내셔널 BZ-WX3,"정품_64,500","정품_64,500","정품_64,500","정품_64,500"
103453346,Britz 브리츠인터내셔널 BZ-WX9,"정품_119,700","정품_119,700","정품_119,700","정품_119,700"
8201950,Britz 브리츠인터내셔널 MVtube5,"63,900","63,900","63,900","63,900"
8764622,Britz 브리츠인터내셔널 Phono 2,"정품_54,990","정품_54,990","정품_54,990","정품_99,000"
9621933,Britz 브리츠인터내셔널 Vtube180,"정품_469,000","정품_469,000","정품_469,000","정품_469,000"
6227256,Britz 브리츠인터내셔널 Vtube30,"정품_147,870","정품_147,870","정품_147,870","정품_147,870"
10858014,Britz 브리츠인터내셔널 Vtube35,"정품_188,090","정품_188,100","정품_188,100","정품_188,100"
12607364,Britz 브리츠인터내셔널 Vtube40,"정품_122,320","정품_122,320","정품_122,320","정품_122,320"
19192703,Britz 브리츠인터내셔널 Vtube70,"정품_259,000","정품_259,000","정품_259,000","정품_259,000"
3363509,Britz 브리츠인터내셔널 Z2100 Pinacle 2,"정품_33,000|중고_20,700","정품_33,000|중고_20,700","정품_33,000|중고_20,700","정품_33,000|중고_20,700"
12692576,Britz 브리츠인터내셔널 Z2100BT Edition,"정품_43,670","정품_43,670","정품_43,670","정품_43,670"
9934761,Britz 브리츠인터내셔널 Z2200 Cheek,"정품_27,450","정품_27,450","정품_27,450","정품_27,450"
10946265,Britz 브리츠인터내셔널 e25 Luna Eclipse,"정품_245,000","정품_245,000","정품_245,000","정품_245,000"
109482896,Britz 브리츠인터내셔널 라이트바,"정품_47,980","정품_47,980","정품_47,980","정품_47,980"
146457,CAMAC CMK 3040DX,"정품_49,310","정품_49,310","정품_49,310","정품_49,310"
705470,CAMAC CMK 808N USB,"정품_19,890","정품_19,890","정품_19,890","정품_19,890"
297257,CAMAC CMK 858 USB,"정품_6,300","정품_6,300","정품_6,300","정품_6,300"
819000,CAMAC CMK-160,"정품_6,980","정품_6,980","정품_6,980","정품_6,980"
948220,CAMAC CMK-2030D,"정품_69,090","정품_69,090","정품_69,090","정품_69,090"
953897,CAMAC CMK-2030R,"정품_30,390","정품_30,390","정품_30,390","정품_30,390"
2761112,CAMAC CMK-208,"블랙_4,930|오렌지_4,420","블랙_4,930|오렌지_4,420","블랙_4,930|오렌지_4,420","블랙_4,930|오렌지_4,420"
2935260,CAMAC CMK-30K Click Soundbar,"AC전원_11,590","AC전원_11,590","AC전원_11,590","AC전원_11,590"
11549105,CAMAC CMK-30KK AC,"정품_15,310","정품_15,310","정품_15,310","정품_15,310"
11549078,CAMAC CMK-30KK USB,"정품_14,640","정품_14,860","정품_14,860","정품_14,860"
11549024,CAMAC CMK-30KKK USB BT,"정품_16,240","정품_16,240","정품_16,240","정품_16,240"
2935241,CAMAC CMK-30M Click SoundBar,"AC전원_13,280|USB전원_9,890","AC전원_13,280|USB전원_9,890","AC전원_13,280|USB전원_9,890","AC전원_13,280|USB전원_9,890"
4850483,CAMAC CMK-40CBS,"정품_7,250","정품_7,250","정품_7,250","정품_7,250"
1703376,CAMAC CMK-5050,"정품_9,450","정품_9,450","정품_9,450","정품_9,450"
2347370,CAMAC CMK-5100 USB,"블랙_14,740|화이트_14,740","블랙_14,740|화이트_14,740","블랙_14,740|화이트_14,740","블랙_14,740|화이트_14,740"
34389395,CAMAC CMK-525,"정품_8,870","정품_8,870","정품_8,870","정품_8,870"
78238763,CAMAC CMK-575,"정품_15,670","정품_15,610","정품_15,560","정품_15,430"
4509454,CAMAC CMK-70CBS,"정품_14,990","정품_14,990","정품_14,990","정품_14,990"
5890505,CAMAC CMK-727,"USB전원_12,680|AC전원_14,740|벌크, AC전원_13,690","USB전원_12,680|AC전원_14,740|벌크, AC전원_13,690","USB전원_12,680|AC전원_14,880|벌크, AC전원_13,690","USB전원_12,680|AC전원_14,880|벌크, AC전원_13,690"
911828,CAMAC CMK-858 II USB,"정품_9,480","정품_9,480","정품_9,570","정품_9,570"
943519,CAMAC CMK-878 USB,"정품_6,850","정품_6,850","정품_6,850","정품_6,850"
16417793,CAMAC CMK-929,"정품_21,990","정품_21,990","정품_21,990","정품_21,990"
13013606,CAMAC CMK-M101A,"33,000","33,000","33,000","33,000"
13013303,CAMAC CMK-M101S,"59,000","59,000","59,000","59,000"
9650724,CAMAC K-2,"AC전원, 정품_22,800|USB전원, 정품_13,400|벌크_13,380","AC전원, 정품_22,800|USB전원, 정품_13,400|벌크_13,510","AC전원, 정품_22,800|USB전원, 정품_13,400|벌크_13,460","AC전원, 정품_22,800|USB전원, 정품_13,400|벌크_13,460"
11261250,CAMAC K-3 RGB LED Soundbar,"USB전원_25,300","USB전원_25,300","USB전원_25,300","USB전원_25,300"
96986168,CAMAC VIVOX-1050,"정품_7,900","정품_7,900","정품_7,900","정품_7,900"
4392603,CERWIN VEGA XD3,"정품_73,500","정품_73,500","정품_73,500","정품_73,500"
27501842,COLORFUL MOON CSP-5204,"정품_38,990","정품_38,990","정품_38,990","정품_38,990"
11914438,COX CBM02,"정품_39,900","정품_39,900","정품_39,900","정품_39,900"
12011414,COX CPS300,"정품_22,800","정품_22,800","정품_22,800","정품_22,800"
95001209,COX CSB05,"블랙_7,300|","블랙_7,300|","블랙_7,300|","블랙_7,300|"
15225872,COX CSB100 BT,"정품_140,440","정품_140,440","정품_140,440","정품_140,440"
124075174,COX CSB150,"정품_19,000","정품_19,000","정품_19,000","정품_19,000"
73891460,COX CSB200,"정품_13,500","정품_13,500","정품_13,500","정품_13,500"
78846362,COX CSB30,"블랙_15,000|화이트_15,000|핑크_15,000","블랙_15,000|화이트_15,000|핑크_15,000","블랙_15,000|화이트_15,000|핑크_15,000","블랙_15,000|화이트_15,000|핑크_15,000"
14000387,COX CSB30 BT,"정품_36,946,000","정품_36,946,000","정품_36,946,000","정품_36,946,000"
122698053,COX CSB40 6W USB 사운드바,"블랙_22,500|화이트_22,500","블랙_22,500|화이트_22,500","블랙_22,500|화이트_22,500","블랙_22,500|화이트_22,500"
79560929,COX CSB400,"정품_16,900","정품_16,900","정품_16,900","정품_16,900"
34735532,COX CSB60,"정품_12,000","정품_12,000","정품_12,000","정품_12,000"
995542,Creative GIGAWORKS T20 II,"정품_253,010|해외구매_132,770","정품_253,010|해외구매_132,770","정품_253,010|해외구매_132,770","정품_253,010|해외구매_132,770"
995534,Creative GIGAWORKS T40 II,"정품_158,500|해외구매_199,390","정품_158,500|해외구매_199,390","정품_159,000|해외구매_199,390","정품_158,500|해외구매_199,390"
122658608,Creative MUVO Flex,"해외구매_66,700","해외구매_66,700","해외구매_66,700","해외구매_66,700"
7490038,Creative PEBBLE 2.0,"블랙_27,800|화이트_27,800|해외구매_30,910","블랙_23,920|화이트_23,920|해외구매_30,910","블랙_23,920|화이트_23,920|해외구매_30,910","블랙_23,920|화이트_23,920|해외구매_30,910"
74416382,Creative PEBBLE NOVA,"정품_371,070","정품_299,250","정품_299,250","정품_299,250"
12755594,Creative PEBBLE PLUS,"해외구매_90,320","해외구매_90,320","해외구매_90,320","해외구매_90,320"
19064918,Creative PEBBLE PRO,"블랙_82,770|화이트_82,770|그린_82,770|벌크_98,990|해외구매_55,020","블랙_82,770|화이트_82,770|그린_82,770|벌크_98,990|해외구매_55,020","블랙_89,000|화이트_89,000|그린_89,000|벌크_98,990|해외구매_55,020","블랙_89,000|화이트_89,000|그린_89,000|벌크_98,990|해외구매_55,020"
63420431,Creative PEBBLE SE,"블랙_28,900|화이트_28,900|해외구매_31,050","블랙_28,900|화이트_28,900|해외구매_31,050","블랙_28,900|화이트_28,900|해외구매_31,050","블랙_28,900|화이트_28,900|해외구매_31,050"
9864111,Creative PEBBLE V2,"정품_40,820|병행수입_35,100|해외구매_50,050","정품_40,820|병행수입_32,690|해외구매_50,050","정품_40,820|병행수입_31,690|해외구매_50,050","정품_40,820|병행수입_31,690|해외구매_50,050"
12423611,Creative PEBBLE V3,"블랙_55,290|화이트_60,350|병행수입_39,690|해외구매_39,800","블랙_55,290|화이트_60,350|병행수입_39,690|해외구매_39,800","블랙_55,280|화이트_60,350|병행수입_39,690|해외구매_39,800","블랙_55,280|화이트_60,350|병행수입_39,690|해외구매_39,800"
59750039,Creative PEBBLE X,"정품_110,670|해외구매_161,190","정품_110,670|해외구매_161,190","정품_119,000|해외구매_161,190","정품_119,000|해외구매_161,190"
59749895,Creative PEBBLE X PLUS,"정품_138,570|해외구매_168,470","정품_138,570|해외구매_168,470","정품_149,000|해외구매_168,470","정품_149,000|해외구매_168,470"
18406727,Creative STAGE AIR V2,"정품_64,170|해외구매_110,880|벌크_59,790","정품_55,200|해외구매_110,880|벌크_59,790","정품_55,200|해외구매_110,880|벌크_59,780","정품_55,200|해외구매_110,880|벌크_59,780"
75538598,Creative STAGE SE,"해외구매_131,350","해외구매_131,350","해외구매_131,350","해외구매_131,350"
31371158,Creative STAGE SE MINI,"정품_45,490|해외구매_117,890","정품_45,490|해외구매_117,890","정품_45,490|해외구매_117,890","정품_45,490|해외구매_117,890"
10266726,Creative T100,"정품_223,200|해외구매_209,200","정품_223,200|해외구매_221,990","정품_223,200|해외구매_221,920","정품_223,200|해외구매_221,860"
15244412,Creative T60,"정품_119,970|해외구매_134,600","정품_119,970|해외구매_134,600","정품_119,970|해외구매_134,600","정품_119,970|해외구매_134,600"
9657900,Creative 사운드 블라스터 AE-7,"정품_296,670|해외구매_382,180","정품_296,670|해외구매_382,110","정품_296,670|해외구매_382,040","정품_296,670|해외구매_381,980"
9658026,Creative 사운드 블라스터 AE-9,"정품_469,000|해외구매_619,100","정품_469,000|해외구매_619,100",0,0
16874630,Creative 사운드 블라스터 AE-9,0,0,"해외구매_619,100","해외구매_619,100"
16872140,Creative 사운드 블라스터 AUDIGY FX,"해외구매_90,830","해외구매_88,940","해외구매_88,940","해외구매_88,940"
122645382,Creative 사운드 블라스터 AUDIGY FX PRO,"해외구매_168,830","해외구매_168,830","해외구매_168,830","해외구매_168,830"
62069486,Creative 사운드 블라스터 AUDIGY FX V2,"정품_78,990|해외구매_102,000","정품_78,990|해외구매_102,000","정품_78,990|해외구매_102,000","정품_78,990|해외구매_102,000"
13928657,Creative 사운드 블라스터 AUDIGY RX,"해외구매_135,270","해외구매_135,270","해외구매_135,270","해외구매_135,270"
10208709,Creative 사운드 블라스터 Audigy 6 USB 사운드카드,"해외구매_188,040","해외구매_188,040","해외구매_188,040","해외구매_188,040"
16149422,Creative 사운드 블라스터 G3,"벌크_124,890|해외구매_91,500","벌크_124,890|해외구매_91,500","벌크_124,890|해외구매_91,500","벌크_124,890|해외구매_91,500"
71973095,Creative 사운드 블라스터 G8,"정품_198,000|","정품_198,000|","정품_198,000|","정품_198,000|"
14490932,Creative 사운드 블라스터 GC7,"정품_239,000|해외구매_313,310","정품_239,000|해외구매_313,310","정품_239,000|해외구매_313,310","정품_239,000|해외구매_313,310"
62568881,Creative 사운드 블라스터 GS3,"블랙_54,870|화이트_54,870","블랙_54,870|화이트_54,870","블랙_54,870|화이트_54,870","블랙_54,870|화이트_54,870"
76462880,Creative 사운드 블라스터 GS5,"정품_110,670","정품_110,670","정품_119,000","정품_119,000"
27866360,Creative 사운드 블라스터 KATANA SE,"정품_399,000|해외구매_553,690","정품_399,000|해외구매_553,690","정품_399,000|해외구매_553,690","정품_399,000|해외구매_553,690"
19709639,Creative 사운드 블라스터 KATANA V2X,"정품_352,470|해외구매_533,840","정품_352,470|해외구매_533,840","정품_379,000|해외구매_533,840","정품_379,000|해외구매_533,840"
17111870,Creative 사운드 블라스터 PLAY! 3,"해외구매_26,790","해외구매_26,790","해외구매_26,780","해외구매_26,780"
13703840,Creative 사운드 블라스터 PLAY! 4,"해외구매_128,790","해외구매_128,790","해외구매_132,990","해외구매_132,990"
2006338,Creative 사운드 블라스터 X-Fi Surround 5.1 Pro,"해외구매_117,560","해외구매_117,560","해외구매_117,560","해외구매_117,560"
1000149,Creative 사운드 블라스터 X-Fi TITANIUM,"해외구매_135,090","해외구매_135,090","해외구매_135,090","해외구매_135,090"
18331331,Creative 사운드 블라스터 X1,"정품_99,000|해외구매_93,300","정품_99,000|해외구매_93,300","정품_99,000|해외구매_93,300","정품_99,000|해외구매_93,300"
10066413,Creative 사운드 블라스터 X3,"정품_189,000","정품_189,000","정품_189,000","정품_189,000"
17090699,Creative 사운드 블라스터 X4,"정품_185,070|해외구매_252,000","정품_185,070|해외구매_252,000","정품_185,070|해외구매_252,000","정품_185,070|해외구매_252,000"
18356327,Creative 사운드 블라스터 Z SE,"정품_152,130|해외구매_142,770","정품_152,130|해외구매_142,770","정품_152,130|해외구매_143,270","정품_152,130|해외구매_143,270"
11786317,Creative 사운드 블라스터X AE-5 PLUS,"정품_199,000|해외구매_213,120","정품_일시품절|해외구매_213,120",0,0
14099273,Creative 사운드 블라스터X AE-5 PLUS,0,0,"해외구매_213,120","해외구매_213,120"
58116743,Creative 사운드 블라스터X AE-5 PLUS 퓨어 에디션,"해외구매_356,760","해외구매_356,760","해외구매_356,760","해외구매_356,760"
122717038,Creative 사운드 블라스터X AE-X PCI-e,"정품_296,670|","정품_296,670|","정품_296,670|","정품_296,670|"
4089659,Creative 사운드 블라스터X G5,"해외구매_593,160","해외구매_593,160","해외구매_593,160","해외구매_593,160"
6398846,Creative 사운드 블라스터X G6,"정품_219,000|병행수입_239,700|해외구매_174,500","정품_219,000|병행수입_239,700|해외구매_174,500","정품_219,000|병행수입_239,700|해외구매_174,500","정품_219,000|병행수입_239,700|해외구매_174,500"
106765664,Creative 사운드 블라스터X G6 USB-C,"정품_203,670|해외구매_344,110","정품_203,670|해외구매_344,110","정품_219,000|해외구매_344,110","정품_219,000|해외구매_344,110"
3859709,DELL AC511,"해외구매_55,350","해외구매_55,350","해외구매_55,350","해외구매_55,350"
13537943,DELL AC511M,"해외구매_72,160","해외구매_72,160","해외구매_71,030","해외구매_72,160"
12583628,DELL SB521A,"정품_41,840|해외구매_91,810","정품_41,840|해외구매_91,810","정품_41,840|해외구매_99,790","정품_41,840|해외구매_99,790"
16985795,DELL SB522A,"정품_91,130","정품_91,130","정품_91,130","정품_91,130"
9524229,E&W APOLLO,"119,000","119,000","119,000","119,000"
89605562,EBUFF EBS-SG1,"블랙_6,790|화이트_7,790","블랙_6,790|화이트_7,790","블랙_6,790|화이트_7,790","블랙_6,790|화이트_7,790"
104964722,EBUFF EBS-SG2,"정품_8,900","정품_8,900","정품_8,900","정품_8,900"
104964800,EBUFF EBS-SG3,"블랙_13,500|화이트_13,500","블랙_13,500|화이트_13,500","블랙_13,500|화이트_13,500","블랙_13,500|화이트_13,500"
12666605,ENZER EN-WM5,"정품_133,490","정품_133,490","정품_133,490","정품_133,490"
14540495,EPOS 젠하이저 B20 USB,"276,000","276,000","276,000","276,000"
12598172,EPOS 젠하이저 GSX300 게이밍 외장 사운드 카드,"정품_198,000|해외구매_152,280","정품_198,000|해외구매_152,280","정품_198,000|해외구매_152,280","정품_198,000|해외구매_152,280"
89606831,ESSAGER ES-OTG21,"A타입 단일포트_9,500|A타입 듀얼포트_9,500","A타입 단일포트_9,500|A타입 듀얼포트_9,500","A타입 단일포트_9,500|A타입 듀얼포트_9,490","A타입 단일포트_9,500|A타입 듀얼포트_9,490"
12858593,EWA A106 Pro,"해외구매_24,480","해외구매_24,480","해외구매_24,480","해외구매_24,480"
12985181,EWA A115 스피커,"해외구매_51,230","해외구매_51,230","해외구매_51,230","해외구매_51,230"
2303857,EXGEAR XGS955,"18,410","18,410","18,410","18,410"
12384245,Elgato WAVE 1,"해외구매_359,000","해외구매_359,000","해외구매_359,000","해외구매_359,000"
12381776,Elgato WAVE 3,"블랙_242,000|벌크_177,490|해외구매_186,340","블랙_242,000|벌크_177,490|해외구매_186,310","블랙_242,000|벌크_177,490|해외구매_186,240","블랙_242,000|벌크_177,490|해외구매_186,180"
122651693,Elgato WAVE NEO,"병행수입_89,690|정품_128,180|해외구매_105,130","병행수입_89,690|정품_128,180|해외구매_105,130","병행수입_89,690|정품_128,180|해외구매_105,130","병행수입_89,690|정품_128,180|해외구매_119,050"
122650246,Elgato Wave 3 MK2,"정품_260,590|","정품_260,590|","정품_260,590|","정품_260,590|"
16119659,F&D H40BT,"정품_137,990","정품_137,990","정품_137,990","정품_137,990"
11352204,F&D R218,"정품_101,100","정품_101,100","정품_101,100","정품_101,100"
94205555,F&D RW20,"정품_59,000","정품_59,000","정품_59,000","정품_59,000"
16120004,F&D V720,"정품_29,800","정품_29,800","정품_29,800","정품_29,800"
124376333,FD-C300,0,"정품_4,220","정품_4,230","정품_4,170"
100621709,FIFINE Technology A20,"해외구매_72,390","해외구매_72,390","해외구매_84,730","해외구매_84,730"
14842562,FIFINE Technology K050,"정품_12,740|해외구매_36,110","정품_12,740|해외구매_36,110","정품_12,740|해외구매_36,110","정품_12,740|해외구매_36,110"
8697116,FIFINE Technology K052,"정품_51,990","정품_51,990","정품_51,990","정품_51,990"
16549799,FIFINE Technology K668,"정품_31,920","정품_31,920","정품_31,920","정품_31,920"
11549231,FIFINE Technology K669B,"정품_57,600|+ 스탠드_53,940|해외구매_39,150","정품_57,600|+ 스탠드_53,940|해외구매_39,150","정품_57,600|+ 스탠드_53,940|해외구매_39,150","정품_57,600|+ 스탠드_53,940|해외구매_39,150"
13089014,FIFINE Technology K670,"정품_47,700|해외구매_80,750","정품_47,700|해외구매_80,750","정품_47,700|해외구매_80,750","정품_47,700|해외구매_80,750"
13330046,FIFINE Technology K678,"정품_102,600|해외구매_69,080","정품_102,600|해외구매_69,080","정품_102,600|해외구매_69,080","정품_102,600|해외구매_69,080"
13330730,FIFINE Technology K690,"정품_98,420","정품_98,420","정품_98,420","정품_98,420"
13335941,FIFINE Technology K780A,"61,180","61,180","61,180","61,180"
74998817,FIFINE Technology Q6,"정품_57,730","정품_57,730","정품_57,730","정품_55,960"
13335812,FIFINE Technology T670,"정품_83,600","정품_83,600","정품_83,600","정품_83,600"
16302869,FIFINE Technology T683,"정품_65,170","정품_65,170","정품_65,170","정품_65,170"
2860598,FREECOM TOUGH SPEAKER,"정품_37,360","정품_37,360","정품_37,360","정품_37,360"
98227715,FiiO SA1,"정품_287,000|해외구매_246,500","정품_287,000|해외구매_246,500","정품_287,000|해외구매_246,500","정품_287,000|해외구매_246,500"
21503735,FiiO SP3,"해외구매_402,240","해외구매_402,240","해외구매_402,240","해외구매_402,240"
76512308,FiiO SP3 BT,"해외구매_554,290","해외구매_554,290","해외구매_554,290","해외구매_554,290"
31407887,GDEVIL GSB-600,"정품_19,900","정품_19,900","정품_19,900","정품_19,900"
124277464,GEOMAX GM-BAR2000,"정품_13,410","정품_13,410","정품_13,410","정품_13,410"
17721533,GODOX UMic10,"정품_125,000","정품_125,000","정품_125,000","정품_125,000"
17721476,GODOX UMic12,"145,820","145,820","146,160","146,160"
11317515,HDC영창 커즈와일 KM1U,"57,000","57,000","57,000","57,000"
11317017,HDC영창 커즈와일 KM2U,"98,000","98,000","98,000","98,000"
13009085,HK-5007,"정품_13,800|해외구매_15,590","정품_13,800|해외구매_14,090","정품_13,810|해외구매_14,090","정품_13,810|해외구매_14,090"
89863676,HONK HK-5008,"정품_23,230|해외구매_20,080","정품_23,230|해외구매_20,080","정품_24,090|해외구매_19,700","정품_24,090|해외구매_19,700"
54328892,HOPESTAR H60,"해외구매_102,150","해외구매_102,150","해외구매_102,150","해외구매_102,150"
14000060,HP DHE-6000,"정품_13,700","정품_13,700","정품_13,700","정품_13,700"
14002049,HP DHE-6001,"정품_41,140","정품_41,140","정품_41,140","정품_41,140"
14980322,HP DHE-6003,"정품_52,500|해외구매_137,820","정품_52,500|해외구매_137,820","정품_52,500|해외구매_137,820","정품_52,500|해외구매_137,820"
32886563,HP DHE-6005,"해외구매_46,750","해외구매_46,750","해외구매_46,750","해외구매_46,750"
18150407,HP S101,"정품_44,220","정품_44,220","정품_44,220","정품_44,220"
18423785,HP Z G3 컨퍼런싱 스피커 바,"정품_129,900","정품_129,900","정품_129,900","정품_129,900"
96314438,Haomuren 콘덴서 붐 암 마이크 키트,"해외구매_30,660","해외구매_30,600","해외구매_30,550","해외구매_30,420"
8146546,HyperX QuadCast,"해외구매_199,800","해외구매_199,800","해외구매_199,800","해외구매_199,800"
12902381,HyperX QuadCast S,"정품_132,780|해외구매_185,190","정품_132,780|해외구매_185,190","정품_132,780|해외구매_185,190","정품_132,780|해외구매_185,190"
15818270,HyperX SoloCast,"해외구매_53,170","해외구매_53,170","해외구매_56,290","해외구매_57,790"
7344424,ICON U24,"252,050","252,050","252,050","252,050"
19189394,INFRASONIC UFO GX,"29,000","29,000","29,000","29,000"
11056581,INFRASONIC UFO Mini,"정품_85,405|+ 관절 스탠드_98,790","정품_85,405|+ 관절 스탠드_98,790","정품_85,405|+ 관절 스탠드_98,790","정품_85,405|+ 관절 스탠드_98,790"
4351481,INFRASONIC UFO Pro,"정품_272,650","정품_272,650","정품_272,650","정품_272,650"
20718734,INFRASONIC UFO Ring Light Kit,"정품_105,000","정품_105,000","정품_105,000","정품_105,000"
5465993,INFRASONIC UFO 블랙 에디션,"정품_181,440","정품_181,440","정품_181,440","정품_181,440"
6857683,INFRASONIC UFO# 블랙 에디션,"정품_165,700","정품_165,700","정품_165,700","정품_165,700"
28131368,JAVIS BLING BOLIF,"12,050","12,050","12,040","12,040"
29871338,JBL Authentics 200,"정품_289,520|해외구매_318,030","정품_289,520|해외구매_321,170","정품_289,520|해외구매_320,950","정품_289,520|해외구매_321,140"
28862963,JBL Authentics 300,"정품_349,360|해외구매_462,640","정품_349,360|해외구매_462,640","정품_349,360|해외구매_462,590","정품_349,360|해외구매_462,520"
95206088,JBL Authentics 500,"+ 스탠드_728,000|정품_539,440|+ SPINNER BT_1,009,000|해외구매_699,000","+ 스탠드_728,000|정품_539,440|해외구매_699,000","+ 스탠드_728,000|정품_539,440|해외구매_699,000","+ 스탠드_728,000|정품_539,440|해외구매_699,000"
8662382,JBL CHARGE 4,"해외구매_207,450","해외구매_207,450","해외구매_207,450","해외구매_207,450"
15252161,JBL CHARGE 5,"정품_110,500|해외구매_138,400","정품_110,500|해외구매_138,400","정품_110,500|해외구매_138,400","정품_110,500|해외구매_138,400"
91189040,JBL CHARGE 6,"정품_185,703|해외구매_210,290","정품_185,703|해외구매_210,290","정품_185,703|해외구매_210,290","정품_185,703|해외구매_210,290"
19713350,JBL CHARGE ESSENTIAL 2,"해외구매_216,000","해외구매_216,000","해외구매_216,000","해외구매_216,000"
13559384,JBL CLIP 4,"정품_59,900|해외구매_75,690","정품_59,900|해외구매_75,690","정품_59,900|해외구매_75,680","정품_59,900|해외구매_75,670"
20757419,JBL CLIP 4 ECO,"정품_59,900|해외구매_94,720","정품_59,900|해외구매_94,720","정품_59,900|해외구매_94,720","정품_59,900|해외구매_94,720"
70770602,JBL CLIP 5,"정품_69,650|해외구매_88,020","정품_69,650|해외구매_88,020","정품_69,650|해외구매_87,130","정품_69,650|해외구매_88,020"
5297259,JBL FLIP 4,"해외구매_256,770","해외구매_256,770","해외구매_256,770","해외구매_256,770"
9775464,JBL FLIP 5,"해외구매_139,680","해외구매_139,680","해외구매_139,680","해외구매_139,680"
16764821,JBL FLIP 6,"정품_136,790|해외구매_115,260","정품_136,790|해외구매_115,260","정품_137,070|해외구매_115,260","정품_137,070|해외구매_115,260"
91189589,JBL FLIP 7,"정품_148,890|해외구매_147,740","정품_148,890|해외구매_147,740","정품_147,364|해외구매_152,560","정품_147,364|해외구매_152,560"
18988895,JBL FLIP ESSENTIAL 2 JBLFLIPES2,"해외구매_177,480","해외구매_192,410","해외구매_192,360","해외구매_192,290"
6255722,JBL GO 2,"해외구매_71,920","해외구매_71,920","해외구매_71,920","해외구매_71,920"
12721577,JBL GO 3,"정품_55,000|해외구매_32,220","정품_55,000|해외구매_32,220","정품_55,000|해외구매_32,220","정품_55,000|해외구매_32,220"
20757629,JBL GO 3 ECO,"해외구매_73,100","해외구매_73,100","해외구매_73,100","해외구매_73,100"
59927300,JBL GO 4,"정품_47,340|해외구매_26,210","정품_47,340|해외구매_26,210","정품_47,340|해외구매_26,210","정품_47,340|해외구매_26,210"
122629658,JBL GO 4 DUO,"정품_69,780","정품_69,780","정품_69,780","정품_69,780"
122727892,JBL GO 5,"정품_52,360|","정품_52,360|","정품_52,360|","정품_52,360|"
101069972,JBL GRIP,"정품_89,000|해외구매_113,500","정품_75,900|해외구매_113,500","정품_75,188|해외구매_113,500","정품_75,188|해외구매_113,500"
94518662,JBL HORIZON 3,"정품_158,823|","정품_158,820|","정품_158,820|","정품_158,820|"
32774366,JBL L42ms,"정품_2,133,600","정품_2,133,600","정품_2,133,600","정품_2,133,600"
17274608,JBL L75ms,"정품_2,482,150","정품_2,482,150|해외구매_1,471,690","정품_2,501,180|해외구매_1,471,540","정품_2,506,350|해외구매_1,422,910"
5433235,JBL PULSE 3,"해외구매_295,852","해외구매_295,187","해외구매_294,854","해외구매_294,854"
10457961,JBL PULSE 4,"해외구매_202,510","해외구매_202,450","해외구매_202,440","해외구매_202,380"
27816683,JBL PULSE 5,"해외구매_377,990","해외구매_377,990","해외구매_377,990","해외구매_377,990"
123972765,JBL PULSE 6,"정품_325,018","정품_325,018","정품_325,018","정품_325,018"
32777609,JBL QUANTUM STREAM,"해외구매_87,560","해외구매_88,180","해외구매_88,180","해외구매_88,180"
77378747,JBL QUANTUM STREAM TALK,"정품_57,900|해외구매_83,700","정품_58,700|해외구매_83,700","정품_58,700|해외구매_83,700","정품_58,700|해외구매_83,700"
12698519,JBL Quantum DUO,"해외구매_395,100","해외구매_402,100","해외구매_374,100","해외구매_367,100"
103517243,JBL TUNER 3,"정품_136,397","정품_136,390","정품_136,390","정품_136,390"
13647731,JBL TUNER XL,"정품_187,420","정품_187,420","정품_187,370","정품_187,300"
18994994,JBL WIND 3S,"정품_220,720|해외구매_135,600","정품_220,720|해외구매_135,600","정품_220,720|해외구매_135,600","정품_220,720|해외구매_135,600"
63469253,JBL XTREME 4,"정품_345,600|해외구매_301,430","정품_345,600|해외구매_303,560","정품_345,600|해외구매_310,240","정품_345,600|해외구매_310,240"
124277792,JBL XTREME 5,"정품_384,560|해외구매_729,640","정품_384,470|해외구매_729,640","정품_384,470|해외구매_729,630","정품_384,470|해외구매_729,630"
100329056,JTS JS-1P,"정품_649,990","정품_649,990","정품_649,990","정품_649,990"
100329182,JTS JS-1P PLUS,"정품_840,000","정품_840,000","정품_840,000","정품_840,000"
100386920,Jeecoo A40,"해외구매_41,920","해외구매_41,920","해외구매_41,920","해외구매_41,920"
100386482,Jeecoo M20,"해외구매_24,050","해외구매_24,050","해외구매_24,050","해외구매_24,050"
99638690,KEF MUO,"정품_389,000","정품_389,000","정품_389,000","정품_389,000"
15081728,KH바텍 BTS 타이니탄 미니 블루투스 스피커,"RM_67,000|진_67,000|슈가_67,000|제이홉_67,000|지민_67,000||","RM_67,000|진_67,000|슈가_67,000|제이홉_67,000|지민_67,000||","RM_67,000|진_67,000|슈가_67,000|제이홉_67,000|지민_67,000||","RM_67,000|진_67,000|슈가_67,000|제이홉_67,000|지민_67,000||"
19525349,KKACHI G1,"9,290","9,290","9,240","9,170"
7027351,LEXON TERRACE,"113,520","117,150","117,150","117,150"
15659276,LEXON TYKHO 3 LA119,"해외구매_74,380",0,0,0
15659264,LEXON TYKHO 3 LA119,0,"정품_84,000|해외구매_74,380","정품_84,000|해외구매_74,380","정품_84,000|해외구매_74,380"
31343348,LEXON X 키스 해링 TYKHO 3 LA119,"92,000","92,000","92,000","92,000"
4237557,LG전자 PH1 무드,"정품_120,000","정품_120,000","정품_119,990","정품_119,990"
29878877,LG전자 스탠바이미 스피커 XT7S,"215,960","215,920","215,660","215,540"
15247499,LG전자 엑스붐 360 RP4,"497,990","497,990","497,990","497,990"
48646313,LG전자 엑스붐 360 XO2T,"정품_268,380|해외구매_168,990","정품_268,310|해외구매_168,990","정품_268,150|해외구매_168,990","정품_268,020|해외구매_168,990"
17815205,LG전자 엑스붐 360 XO3Q,"400,000","399,970","399,870","399,800"
11751497,LG전자 엑스붐 고 PL2,"정품_248,300","정품_248,300","정품_248,300","정품_248,300"
11750723,LG전자 엑스붐 고 PL7,"해외구매_275,990","해외구매_275,990","해외구매_275,990","해외구매_275,990"
62173646,LG전자 엑스붐 고 XG2,"정품_64,000|해외구매_45,990","정품_64,000|해외구매_45,990","정품_64,000|해외구매_47,490","정품_64,000|해외구매_47,490"
18848132,LG전자 엑스붐 고 XG5Q,"248,790","248,790","248,790","248,790"
17868266,LG전자 엑스붐 고 XG7Q,"252,190","252,190","252,190","252,190"
80547269,LG전자 엑스붐 그랩,"정품_143,890|중고_150,000","정품_143,890|중고_150,000","정품_143,900|중고_150,000","정품_143,900|중고_150,000"
122658442,LG전자 엑스붐 락,"정품_91,650","정품_91,580","정품_91,530","정품_91,400"
122658510,LG전자 엑스붐 미니,"정품_69,800","정품_69,800","정품_69,800","정품_69,800"
80548100,LG전자 엑스붐 바운스,"정품_228,900","정품_228,900","정품_225,400","정품_228,900"
16473329,LG전자 울트라기어 GP3,"정품_319,990","정품_319,990","정품_319,990","정품_319,990"
15664028,LG전자 울트라기어 GP9,"정품_325,000",0,0,0
124364789,LG전자 울트라기어 GP9,0,"PS5 GTA6 패키지_499,000|정품_325,000","PS5 GTA6 패키지_498,990|정품_325,000","PS5 GTA6 패키지_498,990|정품_325,000"
9918060,MACH-888,"29,660","29,660","29,660","29,660"
16614107,MATA STUDIO C10,"정품_39,900","정품_39,900","정품_39,900","정품_39,900"
18148241,MAXTILL GM-BT100S,"정품_145,020","정품_145,020","정품_145,020","정품_145,020"
18212438,MAXTILL GM-BT200S,"정품_22,200","정품_22,200","정품_22,410","정품_22,410"
18302249,MAXTILL GM-BT300S,"정품_24,900","정품_24,900","정품_24,900","정품_24,900"
40021274,MAXTILL GM-MPS10,"4,850","4,850","4,850","4,850"
45996785,MAXTILL SB-007,"정품_12,480","정품_12,480","정품_12,480","정품_12,480"
4036417,MAXTILL SB-100,"정품_14,990","정품_14,990","정품_14,990","정품_14,990"
4974330,MAXTILL SB-200,"블랙_18,800|화이트_18,930","블랙_18,800|화이트_18,930","블랙_18,800|화이트_18,930","블랙_18,800|화이트_18,930"
18674543,MAXTILL SB-200 PLUS RGB,"정품_27,490","정품_27,490","정품_27,490","정품_27,490"
99741116,MAXTILL SB-200 PRO AC,"정품_28,310","정품_28,310","정품_28,310","정품_28,310"
52065533,MAXTILL SB-500,"정품_18,880","정품_18,880","정품_18,880","정품_18,880"
13923455,MAXTILL TIARA-500,"99,000","99,000","99,000","99,000"
28130771,MIFA A10+,"해외구매_37,900","해외구매_37,900","해외구매_37,900","해외구매_46,080"
16167830,MIFA A90,"해외구매_87,449","해외구매_87,311","해외구매_87,466","해외구매_87,466"
57508103,MIFA 쿠디 와일드 캠핑,"205,200","223,200","211,200","208,200"
57507896,MIFA 쿠디 탱고,"160,550","160,550","160,550","160,550"
54816899,MLOVE P1,"해외구매_34,000",0,0,0
61845248,MONKA SG-500,"정품_43,600","정품_43,600","정품_43,600","정품_43,600"
7467715,MPIO B3800,"72,770","72,770","75,090","75,050"
2962271,MPLUV MB-V1,"31,060","31,060","31,730","31,060"
3075725,MPLUV MB-V2,"정품_54,840","정품_54,840","정품_54,790","정품_54,720"
3072783,MPLUV MB-V3,"정품_68,390","정품_68,390","정품_68,390","정품_68,390"
20631407,MUZEN OTR 메탈 블루투스 스피커 MW-2AI,"정품_129,000","정품_129,000","정품_129,000","정품_129,000"
20632001,MUZEN X 라인프렌즈 OTR 메탈 블루투스 스피커 MW-2AI,"본품, 정품_149,400|본품+무드등, 정품_149,400","본품, 정품_149,400|본품+무드등, 정품_149,400","본품, 정품_149,400|본품+무드등, 정품_149,400","본품, 정품_149,400|본품+무드등, 정품_149,400"
19530683,MUZEN 사이버 큐브 스탠다드,"정품_89,000|해외구매_182,170","정품_89,000|해외구매_182,170","정품_89,000|해외구매_182,170","정품_89,000|해외구매_182,170"
19530851,MUZEN 사이버 큐브 프리미엄,"정품_119,000","정품_119,000","정품_119,000","정품_119,000"
27865727,MUZEN 스티커 스피커 MW-Q1I,"정품_34,500","정품_34,500","정품_34,500","정품_34,500"
20615636,MUZEN 와일드 고,"정품_67,490|해외구매_107,700","정품_67,490|해외구매_107,700","정품_67,490|해외구매_107,700","정품_67,490|해외구매_107,700"
15135032,MUZEN 와일드 미니,"정품_104,800|해외구매_149,200","정품_104,800|해외구매_149,200","정품_104,800|해외구매_149,200","정품_104,800|해외구매_149,200"
68787134,MUZEN 와일드 미니 2.0,"107,100","107,090","109,640","109,640"
99739562,MUZEN 와일드 미니 3.0,"정품_133,990","정품_133,990","정품_133,990","정품_133,990"
1776820,MXL Tempo,"정품_99,000","정품_99,000","정품_99,000","정품_99,000"
18254156,Mackie CR StealthBar,"정품_220,000","정품_220,000","정품_220,000","정품_220,000"
20400125,Mackie CR2-X CUBE,"정품_240,500","정품_240,500","정품_240,500","정품_240,500"
11014167,Morui MR-BTS01,"9,000","9,000","9,000","9,000"
77459684,NZXT Capsule Elite,"정품_119,000|해외구매_85,560","정품_119,000|해외구매_85,560","정품_119,000|해외구매_85,560","정품_119,000|해외구매_85,560"
95425835,NZXT Relay,"해외구매_149,400","해외구매_149,400","해외구매_149,400","해외구매_149,400"
11312616,ORBIS OSB-1000,"정품_18,000","정품_18,000","정품_18,000","정품_18,000"
96656744,Ortizan C7,"정품_168,610|해외구매_130,290","정품_168,610|해외구매_130,290","정품_168,610|해외구매_130,290","정품_168,610|해외구매_130,290"
99710222,Ortizan X10,"해외구매_42,850","해외구매_42,850","해외구매_42,850","해외구매_42,850"
9787389,PHOENIX RXS-300S,"9,490","9,490","9,490","9,490"
108463493,PILLAR SY-3000PLUS,"정품_11,500","정품_11,500","정품_11,500","정품_11,500"
13522316,PSI코리아 Nutz NC-02,"64,000","64,000","64,000","64,000"
8159572,PSI코리아 Nutz NM-100,"59,000","59,000","59,000","59,000"
13522541,PSI코리아 Nutz NM-100A,"38,000","38,000","38,000","38,000"
14832224,PSI코리아 Nutz UM-200,"87,000","87,000","87,000","87,000"
14746937,PSI코리아 Nutz UM-300,"75,000","75,000","75,000","75,000"
44765027,Pantheone I,"정품_3,921,960","정품_3,921,960","정품_3,921,960","정품_3,921,960"
65369777,PreSonus Eris 3.5 Gen2,"정품_199,000|해외구매_181,900","정품_199,000|해외구매_181,900","정품_199,000|해외구매_181,900","정품_199,000|해외구매_181,900"
16234157,PreSonus Revelator,"정품_269,000","정품_269,000","정품_269,000","정품_269,000"
98548919,QCY SP2,"정품_23,920|해외구매_29,870","정품_23,850|해외구매_31,060","정품_23,800|해외구매_31,040","정품_23,670|해외구매_31,040"
80201105,QCY SP7,"정품_56,900|해외구매_63,500","정품_56,900|해외구매_63,500","정품_56,900|해외구매_63,500","정품_56,900|해외구매_63,500"
16113065,QSENN AULA N-107,"정품_16,650","정품_16,650","정품_16,650","정품_16,650"
16107206,QSENN AULA N-169B,"정품_26,330","정품_26,330","정품_26,330","정품_26,330"
16113440,QSENN AULA N-189,"정품_35,120","정품_35,120","정품_35,120","정품_35,120"
19089800,Q어쿠스틱 M20,"정품_1,120,000|해외구매_2,110,200","정품_1,120,000|해외구매_2,110,200","정품_1,120,000|해외구매_2,110,200","정품_1,120,000|해외구매_2,110,200"
5802333,REVO 수퍼 커넥트,"정품_264,000|해외구매_960,570","정품_264,000|해외구매_960,570","정품_264,000|해외구매_960,570","정품_264,000|해외구매_960,570"
53781155,RHINO GEAR RG-S10,"정품_2,700","정품_2,700","정품_2,700","정품_2,710"
18371297,RHINO GEAR RG-S100,"정품_9,020","정품_9,020","정품_9,020","정품_9,020"
77277911,RHINO GEAR RG-S20,"정품_6,800","정품_6,800","정품_6,800","정품_6,800"
53781065,RHINO GEAR RG-S50,"정품_6,840","정품_6,840","정품_6,840","정품_6,840"
76789634,RHINO GEAR RG-S70,"정품_8,930","정품_8,930","정품_8,930","정품_8,930"
2831864,RODE NT-USB,"정품_303,530|해외구매_536,600","정품_303,440|해외구매_536,600","정품_303,370|해외구매_536,600","정품_303,310|해외구매_536,600"
14824826,ROYCHE BTS-280,"21,900","21,900","21,900","21,900"
28123637,ROYCHE BTS-360,"29,900","29,900","29,900","29,900"
4141183,ROYCHE MUSES BTS-250,"정품_19,900","정품_19,900","정품_19,900","정품_19,900"
54326099,ROYCHE 미니언즈 블루투스 스피커,"97,510","97,510","97,510","97,510"
25643585,ROYCHE 산리오 마이멜로디 쿠로미 액자 스피커,"36,890","36,890","36,890","36,890"
25643294,ROYCHE 잔망루피 블루투스 스피커,"24,900","24,900","24,900","24,900"
25645292,ROYCHE 피너츠 스누피 액자 스피커,"171,550","171,550","171,550","171,550"
19183430,Razer Leviathan V2,"정품_721,320|해외구매_431,100","정품_721,320|해외구매_431,100","정품_721,320|해외구매_431,100","정품_721,320|해외구매_431,100"
55039451,Razer Leviathan V2 X,"벌크_129,890|정품_169,000|병행수입_211,050|해외구매_150,960","벌크_129,890|정품_169,000|병행수입_211,050|해외구매_163,710","벌크_129,890|정품_169,000|병행수입_211,050|해외구매_163,660","벌크_129,890|정품_169,000|병행수입_211,050|해외구매_163,590"
77083361,Razer Leviathan V2 X 쿠로미,"해외구매_265,480","해외구매_265,480","해외구매_265,430","해외구매_265,310"
5901676,Razer Nommo,"해외구매_252,690","해외구매_252,690","해외구매_252,690","해외구매_252,690"
5901704,Razer Nommo Chroma,"정품_542,060|해외구매_322,000","정품_542,060|해외구매_322,000","정품_542,060|해외구매_322,000","정품_542,060|해외구매_322,000"
20250497,Razer Nommo V2,"정품_399,000|해외구매_660,300","정품_399,000|해외구매_660,300","정품_399,000|해외구매_660,300","정품_399,000|해외구매_660,300"
43522742,Razer Nommo V2 Pro,"해외구매_896,300","해외구매_896,300","해외구매_896,300","해외구매_896,300"
20249510,Razer Nommo V2 X,"정품_229,000|벌크_1,172,500|해외구매_316,350","정품_229,000|벌크_1,172,500|해외구매_316,450","정품_229,000|벌크_1,172,500|해외구매_316,450","정품_229,000|벌크_1,172,500|해외구매_316,450"
15761828,Razer SEIREN V2 X,"정품_159,000|해외구매_195,610","정품_159,000|해외구매_195,610","정품_159,000|해외구매_195,560","정품_159,000|해외구매_195,490"
40240196,Razer Seiren V3 Chroma,"블랙_188,890|핑크_199,000|화이트_199,000|중고_227,050|해외구매_177,120","블랙_188,890|핑크_199,000|화이트_199,000|중고_227,050|해외구매_177,120","블랙_188,890|핑크_199,000|화이트_199,000|중고_227,050|해외구매_177,120","블랙_188,890|핑크_199,000|화이트_199,000|중고_227,050|해외구매_177,120"
123693477,Razer Seiren V3 Chroma 32비트,"블랙_199,000|화이트_219,000|핑크_219,000","블랙_199,000|화이트_219,000|핑크_219,000","블랙_199,000|화이트_219,000|핑크_219,000","블랙_199,000|화이트_219,000|핑크_219,000"
40240241,Razer Seiren V3 Mini,"블랙_79,000|핑크_79,000|화이트_56,160|병행수입_53,690|해외구매_69,220|","블랙_79,000|핑크_79,000|화이트_56,140|병행수입_53,690|해외구매_69,220|","블랙_79,000|핑크_79,000|화이트_55,450|병행수입_49,690|해외구매_69,220|","블랙_79,000|핑크_79,000|화이트_55,440|병행수입_49,690|해외구매_69,220|"
7661863,Razer Seiren X,"핑크_194,370|해외구매_73,100","핑크_194,370|해외구매_73,100","핑크_194,370|해외구매_73,100","핑크_194,370|해외구매_73,100"
78306779,Redragon ANVIL GS520,"해외구매_45,280","해외구매_45,280","해외구매_45,280","해외구매_43,030"
13838210,Redragon GS550 ORPHEUS,"해외구매_26,820","해외구매_26,820","해외구매_26,820","해외구매_26,820"
19229357,Redragon GS570 Darknets,"해외구매_38,690","해외구매_38,690","해외구매_38,690","해외구매_38,690"
64376771,Rockmia EBS 027,"해외구매_15,080","해외구매_15,080","해외구매_15,080","해외구매_15,080"
6395658,Rolton E500,"해외구매_30,860","해외구매_30,860","해외구매_30,860","해외구매_30,860"
2861375,SAMSON C01U Pro,"정품_170,880","정품_170,880","정품_170,880","정품_170,880"
1329986,SAMSON G-Track,"정품_180,500","정품_180,500","정품_180,500","정품_180,500"
8154397,SAMSON G-Track Pro,"해외구매_190,530","해외구매_190,530","해외구매_190,530","해외구매_190,530"
1414425,SAMSON Go Mic,"정품_160,000","정품_160,000","정품_160,000","정품_160,000"
27864470,SAMZHE AC02,"정품_19,900","정품_19,900","정품_19,900","정품_19,900"
54328931,SANAG M13S PRO,"28,560","28,560","28,560","28,560"
14001164,SANSUI P300,"해외구매_139,590","해외구매_139,590","해외구매_139,590","해외구매_139,590"
43532153,SAUNGYU BK3020A,"해외구매_98,690|1통, 해외구매_40,500","해외구매_98,690|1통, 해외구매_40,500","해외구매_98,690|1통, 해외구매_40,500","해외구매_98,690|1통, 해외구매_40,500"
109599437,SAUNGYU BK4020A,"정품_89,980","정품_89,980","정품_89,980","정품_89,980"
43892270,SE일렉트로닉스 NEOM USB,"정품_172,000","정품_172,000","정품_172,000","정품_172,000"
2435813,SICRON DICE Boom Box,"정품_18,752","정품_18,752","정품_18,272","정품_18,272"
2844976,SICRON ENQ-62,"정품_14,210","정품_14,210","정품_14,210","정품_14,210"
88233551,SKY 붐 A1 IM-A1,"정품_19,990","정품_19,990","정품_19,990","정품_19,990"
28804727,SKY 붐 네온 N1 SKY-BN1,"21,990","21,990","21,990","21,990"
9776532,SMC 에어뮤직 A10,"26,750","26,750","26,750","26,750"
10976784,SMC 에어뮤직 불꽃 SMC-WFB1,"68,900","68,900","68,900","68,900"
122726005,SMSL Nano ONE e스포츠 사운드 카,"87,220","87,220","87,220","87,220"
2433741,SONPRE 손프레 R3BR,"정품_75,000","정품_75,000","정품_75,000","정품_75,000"
73771199,SONY BRAVIA Theatre U HT-AN7,"해외구매_302,390","해외구매_302,390","해외구매_301,920","해외구매_301,920"
94091711,SONY HT-AX7,"해외구매_600,260","해외구매_600,260","해외구매_600,260","해외구매_600,260"
9343965,SONY LSPX-S2,"해외구매_969,600","해외구매_969,600","해외구매_969,600","해외구매_969,600"
18014567,SONY SRS-NB10,"해외구매_146,240","해외구매_146,180","해외구매_146,130","해외구매_146,060"
13149455,SONY SRS-RA3000,"정품_479,000|해외구매_375,710|중고_346,200","정품_479,000|해외구매_422,130|중고_346,200","정품_479,000|해외구매_375,710|중고_346,200","정품_479,000|해외구매_422,130|중고_346,200"
14078009,SONY SRS-RA5000,"해외구매_866,610","해외구매_866,610","해외구매_866,610","해외구매_866,610"
6429360,SONY SRS-XB01,"해외구매_49,680","해외구매_47,280","해외구매_47,220","해외구매_47,160"
20119403,SONY SRS-XB100,"정품_69,000|해외구매_56,910","정품_69,000|해외구매_56,910","정품_69,000|해외구매_56,910","정품_69,000|해외구매_56,910"
7675273,SONY SRS-XB12,"정품_100,700|해외구매_100,700","정품_100,700|해외구매_100,700","정품_99,750|해외구매_99,750","정품_99,750|해외구매_99,750"
14300135,SONY SRS-XB13,"정품_103,510|해외구매_75,900","정품_107,820|해외구매_75,900","정품_107,820|해외구매_75,900","정품_107,820|해외구매_75,900"
4818392,SONY SRS-XB20,"정품_88,990","정품_88,990","정품_88,990","정품_88,990"
11457738,SONY SRS-XB23,"해외구매_118,470","해외구매_116,520","해외구매_116,620","해외구매_116,620"
12997835,SONY SRS-XB33,"해외구매_233,840","해외구매_233,840","해외구매_233,840","해외구매_233,840"
17435144,SONY SRS-XE200,"정품_249,990|해외구매_118,490","정품_249,990|해외구매_116,990","정품_249,990|해외구매_116,990","정품_249,990|해외구매_116,990"
17435228,SONY SRS-XE300,"정품_226,590|해외구매_136,790|해외리퍼_129,910","정품_226,590|해외구매_136,790|해외리퍼_129,870","정품_226,590|해외구매_136,790|해외리퍼_129,760","정품_226,590|해외구매_136,790|해외리퍼_129,690"
14570897,SONY SRS-XP500,"해외구매_484,390","해외구매_484,390","해외구매_484,390","해외구매_484,390"
47692847,SONY ULT FIELD 1 SRS-ULT10,"정품_125,060|해외구매_114,250","정품_125,060|해외구매_114,250","정품_125,060|해외구매_114,130","정품_125,050|해외구매_114,200"
88206446,SONY ULT FIELD 3,"정품_199,000|해외구매_173,310|해외리퍼비시_141,580","정품_199,000|해외구매_178,690|해외리퍼비시_141,580","정품_199,000|해외구매_176,560|해외리퍼비시_143,360","정품_199,000|해외구매_176,550|해외리퍼비시_143,360"
71643035,SONY 링크버즈 스피커 SRS-LS1,"정품_186,940|해외구매_192,230","정품_186,940|해외구매_192,230","정품_186,940|해외구매_192,220","정품_186,940|해외구매_192,220"
15476267,SONY 크리스탈 사운드 스피커 LSPX-S3,"정품_573,690|해외구매_437,210","정품_573,690|해외구매_437,210","정품_573,690|해외구매_437,200","정품_573,690|해외구매_437,200"
14917991,Saramonic SR-MV2000,"정품_56,500","정품_56,500","정품_56,500","정품_56,500"
14926778,Saramonic SR-MV7000,"정품_229,500","정품_229,500","정품_229,500","정품_229,500"
3828910,Shen Zhen LUCAS LCB-01,"정품_39,900","정품_39,900","정품_39,900","정품_39,900"
14536031,Smartek KF-PN1002,"54,790","54,790","54,790","54,790"
16362347,Smartek ST-BAR2000,"정품_17,870","정품_17,870","정품_17,870","정품_17,870"
40716068,Smartek STBT-BAR3000,"정품_37,890","정품_39,490","정품_39,490","정품_39,490"
19285421,Smartek STBT-CS15,"정품_72,600","정품_69,390","정품_69,390","정품_69,390"
60244283,Smartek STBT-CS35,"정품_43,200","정품_43,200","정품_43,200","정품_43,200"
43549238,Smartek STBT-LS1,"1개_30,180","1개_30,180","1개_30,180","1개_30,180"
5232218,Smartek STBT-LS1000,"정품_17,900","정품_17,900","정품_17,900","정품_17,900"
13561766,Smartek STBT-MS100,"24,900","24,900","24,900","24,900"
28273463,Smartek STBT-MS200,"38,240","38,240","38,150","38,150"
28929371,Smartek STBT-MS250,"12,900","12,900","12,900","12,900"
34741157,Smartek STBT-MS300,"19,770","19,770","19,770","19,770"
6194411,Smartek STBT-RS200,"정품_60,800","정품_60,800","정품_44,780","정품_44,780"
9416331,Smartek STBT-RS300,"29,310","29,310","29,310","29,310"
8841596,Smartek STBT-S1300,"12,000","12,000","12,000","12,000"
8427291,Smartek STBT-WS100,"20,000","20,000","20,000","20,000"
9821082,Smartek TR-S120,"정품_20,710","정품_20,710","정품_20,710","정품_20,710"
27990266,Smartek 댄싱워터 블루투스 LED 스피커 STBT-FS1,"72,390","72,390","72,390","72,390"
5730026,SonicGearLab 소닉기어 NEO1000 판도라 네오 클래식,"정품_39,900","정품_39,900","정품_39,900","정품_39,900"
5760910,SonicGearLab 소닉기어 모로2200,"정품_146,320","정품_146,320","정품_146,320","정품_146,320"
7319161,SonicGearLab 소닉기어 타이탄2,"정품_13,750","정품_13,750","정품_13,750","정품_13,750"
5031703,SonicGearLab 소닉기어 타이탄7 BTMI,"정품_58,610","정품_58,610","정품_58,610","정품_58,610"
13471889,SooPii Conch NO.1,"28,120","28,120","28,110","28,110"
19913270,Sudio F2,"정품_115,430","정품_115,430","정품_115,430","정품_115,430"
71504132,Sudio S2,"정품_58,000","정품_58,000","정품_58,000","정품_58,000"
18592904,Sudio 펨티오,"해외구매_91,220","해외구매_91,220","해외구매_91,220","해외구매_91,220"
54329018,T&G TG116C,"해외구매_12,790","해외구매_12,790","해외구매_12,790","해외구매_12,790"
6158501,T&G TG117,"해외구매_14,790","해외구매_14,790","해외구매_14,790","해외구매_14,790"
6977893,T&G TG506,"해외구매_18,660","해외구매_18,660","해외구매_18,660","해외구매_18,660"
6583168,T-SONIC U71S 버추얼 7.1채널 USB 사운드카드 외장형,"정품_8,840","정품_8,840","정품_8,840","정품_8,840"
15419534,TASCAM TM-250U,"정품_111,990|해외구매_142,120","정품_111,990|해외구매_142,120","정품_111,990|해외구매_142,120","정품_111,990|해외구매_142,120"
2457874,TDK A26,"정품_155,690","정품_155,690","정품_155,690","정품_155,690"
12698021,TGIC컴퓨터 TGS-1500,"정품_2,950","정품_2,950","정품_2,970","정품_2,970"
12697916,TGIC컴퓨터 TGS-747,"정품_11,060","정품_11,060","정품_11,060","정품_11,060"
109482698,TGIC컴퓨터 TGS-BALLADE,"정품_11,090","정품_11,090","정품_11,090","정품_11,090"
12654296,TGIC컴퓨터 TGS-U1,"정품_8,490","정품_8,490","정품_8,490","정품_8,490"
12656792,TGIC컴퓨터 TGS-U2,"정품_12,970","정품_13,240","정품_13,230","정품_13,230"
12656840,TGIC컴퓨터 TGS-U3,"정품_9,500","정품_9,500","정품_9,500","정품_9,500"
42858014,TGIC컴퓨터 TGS-U4,"정품_11,800","정품_11,800","정품_11,800","정품_11,800"
89863655,TGIC컴퓨터 TGS-U5,"정품_6,890","정품_6,890","정품_6,890","정품_6,890"
99736856,TGIC컴퓨터 TGS-U6,"정품_12,000","정품_12,000","정품_12,000","정품_12,000"
14641469,TGIC컴퓨터 TGS-U7,"정품_8,200","정품_8,200","정품_8,200","정품_8,200"
109482476,TGIC컴퓨터 TGS-U8,"정품_11,290","정품_11,290","정품_11,290","정품_11,290"
109482542,TGIC컴퓨터 TGS-U9,"정품_12,390","정품_12,390","정품_12,390","정품_12,390"
12011294,TGS HI-FI 360,"32,900","32,900","32,900","32,900"
6359815,TKDS 마블 블랙팬서 미니 블루투스 스피커,"75,000","75,000","75,000","75,000"
7695151,TKDS 마블 아이언 스파이더맨 미니,"71,250","71,250","71,250","71,250"
6390110,TKDS 스타워즈 K-2SO 미니,"63,740","63,740","63,740","63,740"
20746343,TRANSPARENT 라이트 스피커,"블랙, 정품_399,000|화이트, 정품_399,000","블랙, 정품_399,000|화이트, 정품_399,000","블랙, 정품_399,000|화이트, 정품_399,000","블랙, 정품_399,000|화이트, 정품_399,000"
14516519,TRANSPARENT 라지 투명 블루투스 스피커,"정품_1,371,020|해외구매_1,574,520","정품_1,371,020|해외구매_1,574,520","정품_1,371,020|해외구매_1,574,520","정품_1,371,020|해외구매_1,574,520"
14516648,TRANSPARENT 스몰 투명 블루투스 스피커,"정품_629,100|해외구매_590,000","정품_629,100|해외구매_590,000","정품_664,470|해외구매_590,000","정품_629,100|해외구매_590,000"
54328499,TRIBIT StormBox Blast,"해외구매_319,350","해외구매_351,530","해외구매_319,350","해외구매_351,520"
17342030,TRIBIT StormBox Mirco 2 BTS12,"해외구매_79,890","해외구매_79,890","해외구매_79,890","해외구매_79,890"
14332322,TRIBIT XSound Go TS-BTS20,"해외구매_42,890","해외구매_42,890","해외구매_42,890","해외구매_42,890"
77222525,TRIBIT XSound Plus 2,"해외구매_155,960","해외구매_155,960","해외구매_155,960","해외구매_155,960"
99894734,The Sound Card V8,"해외구매_13,270","해외구매_13,270","해외구매_13,270","해외구매_13,270"
5588778,Trendwoo Freeman X6 Plus,"정품_41,280","정품_40,420","정품_40,420","정품_40,420"
21437063,UGREEN CM129,"정품_18,900","정품_18,900","정품_18,900","정품_18,900"
17388092,UGREEN CM383,"정품_14,900","정품_14,900","정품_14,900","정품_14,900"
17829176,UGREEN CM477,"정품_16,900","정품_16,900","정품_16,900","정품_16,900"
94095533,VSONIC MARS,"해외구매_815,320","해외구매_815,320","해외구매_815,320","해외구매_815,320"
122702228,VegGieg VS1000,"정품_12,650","정품_12,650","정품_12,650","정품_12,650"
30030683,WEZEL WZ-S68RGB,"정품_8,900","정품_8,900","정품_8,900","정품_8,900"
54328967,WISETIGER P1S,"해외구매_40,000","해외구매_40,000","해외구매_40,000","해외구매_40,000"
54328820,WISETIGER P3,"해외구매_62,710","해외구매_62,710","해외구매_62,710","해외구매_62,710"
123993852,Wiim Sound 스마트 스트리밍 스피커,"정품_428,000|2개, 정품_856,000|해외구매_533,000","정품_428,000|2개, 정품_856,000|해외구매_533,000","정품_428,000|2개, 정품_856,000|해외구매_533,000","정품_428,000|2개, 정품_856,000|해외구매_533,000"
104982314,Wiim Sound 스마트 스트리밍 스피커,"정품_428,000|2개, 정품_856,000|해외구매_533,000","정품_428,000|2개, 정품_856,000|해외구매_533,000","정품_428,000|2개, 정품_856,000|해외구매_533,000","정품_428,000|2개, 정품_856,000|해외구매_533,000"
5068341,X-Sound SOUNDBAR K6,"정품_43,890","정품_43,890","정품_43,890","정품_43,890"
4099462,X-Sound XB-550,"정품_20,930","정품_20,930","정품_20,930","정품_20,930"
15134492,XTRA WCP-170,"48,580","48,580","50,110","48,580"
15132347,XTRA WCP-180,"47,810","46,820","46,820","46,820"
16469609,XTRA 마카롱 스피커 gni-111,"21,290","21,290","21,290","21,290"
8200939,XTRA 지니 106,"29,590","29,590","29,590","29,590"
18013958,XUKE B-3600,"83,630","83,630","84,600","83,630"
2884265,XUKE B3500,"90,280","90,280","90,280","90,280"
122660193,Xdobo X8 AIR,"해외구매_43,580","해외구매_43,580","해외구매_43,580","해외구매_43,580"
54328694,ZEALOT S49 PRO,"해외구매_35,280","해외구매_35,280","해외구매_35,280","해외구매_35,280"
54328736,ZEALOT S51 PRO,"해외구매_51,600","해외구매_51,600","해외구매_51,600","해외구매_51,600"
54328580,ZEALOT S56,"해외구매_49,610","해외구매_49,610","해외구매_49,610","해외구매_49,610"
59086082,ZEALOT S97,"해외구매_101,700","해외구매_101,700","해외구매_101,700","해외구매_101,700"
28461368,ZealSound K66,"해외구매_31,900","해외구매_31,900","해외구매_31,900","해외구매_31,900"
7878067,Zizzy CMP-3000U SIGNAL,"27,180","27,110","27,010","26,940"
15831359,Zyon Z-BAR20,"정품_17,800","정품_17,800","정품_17,800","정품_17,800"
103177472,darkFlash darkFlash CanX 블루투스 포터블 스피커,"정품_189,000","정품_189,000","정품_189,000","정품_189,000"
93565415,darkFlash 오페라-3,"정품_19,800","정품_19,800","정품_19,800","정품_19,800"
93565574,darkFlash 오페라-5,"정품_38,000","정품_38,000","정품_38,000","정품_38,000"
20419523,enkor MINI2,"해외구매_22,700",0,0,0
10000374,iLuv 모닝콜2,"정품_21,900","정품_21,900","정품_21,900","정품_21,900"
3130791,jarre AeroSkull Nano,"정품_65,000","정품_65,000","정품_65,000","정품_65,000"
4463361,vifa Oslo,"정품_1,020,000","정품_1,020,000","정품_1,020,000","정품_1,020,000"
5798509,vifa 레이캬비크,"정품_370,500","정품_370,500","정품_370,500","정품_370,500"
9783450,vifa 시티,"정품_260,000","정품_260,000","정품_260,000","정품_260,000"
6704455,vifa 코펜하겐 2.0,"정품_1,392,950","정품_1,392,950","정품_1,394,830","정품_1,394,830"
3388292,vifa 헬싱키,"정품_672,990|해외구매_546,600","정품_672,990|해외구매_546,600","정품_678,400|해외구매_546,600","정품_678,410|해외구매_546,600"
11753927,가우넷 OH-HO S10,"39,340","39,340","39,340","39,340"
6313658,가우넷 OH-HO S30,"43,920","43,920","43,920","43,920"
9556251,강원전자 NETmate NM-BC03,"46,500","46,500","46,500","46,500"
9557034,강원전자 NETmate NM-BC04,"41,500","41,500","41,500","41,500"
9561039,강원전자 NETmate NM-BC05,"29,490","29,490","29,490","29,490"
9561372,강원전자 NETmate NM-BC06,"9,590","9,590","9,590","9,590"
67681736,강원전자 NETmate NM-SWS71 PCI Express 7.1,"정품_55,290","정품_55,290","정품_56,440","정품_56,440"
1570288,강원전자 NETmate Sound Box M-330 7.1,"정품_43,790","정품_43,790","정품_43,790","정품_43,790"
10436400,건평정보통신 IPLEX IPBS-RGBK100,"정품_21,950","정품_21,950","정품_21,950","정품_21,950"
13651289,건평정보통신 IPLEX IPBS-RGBK300,"정품_19,990","정품_19,990","정품_19,990","정품_19,990"
11322645,건평정보통신 IPLEX KP-S1000,"USB전원_9,430","USB전원_9,430","USB전원_9,430","USB전원_9,430"
4714598,건평정보통신 IPLEX KP-SPK200U USB,"정품_7,510","정품_7,510","정품_7,510","정품_7,510"
21436373,그라바스타 MARS PRO,"정품_270,300","정품_270,300","정품_270,300","정품_270,300"
21436550,그라바스타 MARS PRO DAMAGED YELLOW,"정품_390,000","정품_390,000","정품_390,000","정품_390,000"
20104487,그라바스타 Supernova,"해외구매_191,705|정품_219,300","해외구매_191,402|정품_219,300","해외구매_191,742|정품_219,300","해외구매_191,742|정품_219,300"
14227538,그라바스타 Venus,"정품_129,000","정품_129,000","정품_129,000","정품_129,000"
2886312,네임 Mu-so,"정품_1,768,120","정품_1,768,120","정품_1,772,140","정품_1,772,140"
75542030,네임 Mu-so 2 벤틀리 SE,"해외구매_4,705,400","해외구매_4,705,400","해외구매_4,705,400","해외구매_4,705,400"
31306979,네임 Mu-so 2 우드 에디션,"해외구매_4,290,700","해외구매_4,290,700","해외구매_4,290,700","해외구매_4,290,700"
8078722,네임 Mu-so 2세대,"정품_2,100,000|해외구매_2,167,900","정품_2,100,000|해외구매_2,167,900","정품_2,100,000|해외구매_2,167,900","정품_2,100,000|해외구매_2,167,900"
10556763,네임 Mu-so Qb 2세대,"해외구매_2,086,000","해외구매_2,086,000","해외구매_2,086,000","해외구매_2,086,000"
2881269,넥스트 NEXT-BT21S,"정품_12,100","정품_12,100","정품_12,100","정품_12,100"
13250636,노벨뷰 NV123,"블랙_85,000|화이트_48,980","블랙_85,000|화이트_48,980","블랙_85,000|화이트_48,930","블랙_85,000|화이트_48,800"
6995272,다나통상 모닝글로리 트윈,"116,100","116,100","116,100","116,100"
8330043,다날엔터테인먼트 달콤파티 DKPB-300,"정품_187,000","정품_187,000","정품_187,000","정품_187,000"
100191089,단미 오로라 스피커 DA-MBT01,"정품_39,800","정품_39,800","정품_39,800","정품_39,800"
16253330,달리 KATCH G2,"정품_464,070|해외구매_740,000","정품_464,070|해외구매_740,000","정품_464,070|해외구매_740,000","정품_464,070|해외구매_740,000"
6025861,달리 Katch,"해외구매_500,350","해외구매_500,350","해외구매_500,350","해외구매_500,350"
70098755,달리 Opticon 8 MK2,"정품_3,250,000","정품_3,250,000","정품_3,250,000","정품_3,250,000"
6039432,대원TMT DW-USOUND USB 사운드카드,"정품_1,610","정품_1,610","정품_1,610","정품_1,610"
18534902,더블유아이 카카오프렌즈 블루투스 턴테이블 스피커 XDB-SK1,"라이언_46,000|어피치_46,000","라이언_46,000|어피치_45,000","라이언_46,000|어피치_45,000","라이언_46,000|어피치_45,000"
28132499,더하우스오브말리 Get Together 2 EM-JA030,"정품_299,000","정품_299,000","정품_299,000","정품_299,000"
28132316,더하우스오브말리 Get Together 2 Mini EM-JA021,"정품_199,000","정품_199,000","정품_199,000","정품_199,000"
2741076,데논 Envaya DSB-200,"정품_244,400","정품_244,400","정품_244,400","정품_244,400"
13002323,데논 HOME250,"정품_600,000","정품_600,000","정품_600,000","정품_600,000"
122723871,데논 HOME600,"정품_919,600","정품_919,600","정품_919,600","정품_919,600"
75542144,데논 Home 150NV,"정품_279,510|2개, 정품_539,990|해외구매_535,940","정품_279,510|2개, 정품_539,990|해외구매_535,870","정품_279,510|2개, 정품_539,990|해외구매_535,820","정품_279,510|2개, 정품_539,990|해외구매_535,690"
13002932,데논 Home150,"정품_325,500","정품_325,500","정품_325,500","정품_325,500"
4418602,데이비드테크 엔보우 Rainbow,"정품_14,950","정품_14,950","정품_14,950","정품_14,950"
25329239,도어스 미라클엠 더씽 M41,"9,900","9,900","9,900","9,900"
28366478,도어스 미라클엠 더씽 M80SE,"정품_29,900","정품_29,900","정품_29,900","정품_29,900"
6401512,드림웨이브 BUBBLE PODS,"정품_68,000","정품_68,000","정품_68,000","정품_68,000"
28367810,드림웨이브 ELEMENTAL,"정품_327,000","정품_327,000","정품_327,000","정품_327,000"
9937293,드림웨이브 EXPLORER,"238,000","238,000","238,000","238,000"
6126340,드림웨이브 VENTURE,"71,160","71,160","71,160","74,900"
18541715,드비알레 MANIA,"본품, 정품_1,590,000|무선충전크래들 포함, 정품_1,590,000|본품, 해외구매_1,370,000","본품, 정품_1,590,000|무선충전크래들 포함, 정품_1,590,000|본품, 해외구매_1,370,000","본품, 정품_1,590,000|무선충전크래들 포함, 정품_1,590,000|본품, 해외구매_1,370,000","본품, 정품_1,590,000|무선충전크래들 포함, 정품_1,590,000|본품, 해외구매_1,370,000"
18542033,드비알레 MANIA GOLD OPERA,"정품_1,690,000|해외구매_2,079,000","정품_1,690,000|해외구매_2,079,000","정품_1,690,000|해외구매_2,079,000","정품_1,690,000|해외구매_2,079,000"
20510111,드비알레 MANIA 스페셜 에디션,"1,790,000","1,790,000","1,790,000","1,790,000"
124167192,드비알레 MANIA 익스클루시브 에디션,"정품_1,790,000","정품_1,790,000","정품_1,790,000","정품_1,790,000"
14531795,드비알레 팬텀 I 108dB,"정품_6,280,000|해외구매_7,602,050","정품_6,280,000|해외구매_7,602,050","정품_6,280,000|해외구매_7,602,050","정품_6,280,000|해외구매_7,602,050"
12998723,드비알레 팬텀 l 108dB 오페라 드 파리스,"정품_7,290,000|해외구매_6,587,910","정품_7,290,000|해외구매_6,587,910","정품_7,290,000|해외구매_6,587,910","정품_7,290,000|해외구매_6,587,910"
46887674,드비알레 팬텀 ll 900,"해외구매_2,471,463","해외구매_2,471,463","해외구매_2,471,463","해외구매_2,471,463"
124167005,드비알레 팬텀 얼티밋 108dB,"정품_6,290,000|해외구매_7,886,690","정품_6,290,000|해외구매_7,886,690","정품_6,290,000|해외구매_7,886,690","정품_6,290,000|해외구매_7,886,690"
101541680,드비알레 팬텀 얼티밋 98dB,"정품_2,990,000|해외구매_3,637,190","정품_2,990,000|해외구매_3,637,190","정품_2,990,000|해외구매_3,637,190","정품_2,990,000|해외구매_3,637,190"
19938917,디붐 DITOO PRO,"정품_99,000|중고_65,000|해외구매_80,110","정품_99,000|중고_65,000|해외구매_80,110","정품_99,000|중고_65,000|해외구매_80,110","정품_99,000|중고_65,000|해외구매_80,110"
77208986,디붐 Tiivoo 2,"정품_89,000|해외구매_73,790","정품_89,000|해외구매_73,790","정품_89,000|해외구매_73,790","정품_89,000|해외구매_73,790"
17682335,디알고 BS103,"정품_18,500","정품_18,500","정품_18,500","정품_18,500"
15810677,디알고 BT-RGB2CH,"정품_32,000","정품_32,000","정품_32,000","정품_32,000"
17949794,디알고 BT-RGBT1,"44,500","44,500","44,500","44,500"
17380154,디알고 BT7RGB,"29,900","29,900","29,900","29,900"
14176337,디알고 DRGO-STM02NC,"정품_38,300","정품_37,800","정품_39,300","정품_39,800"
17682011,디알고 RGB356,"정품_39,000","정품_39,000","정품_39,000","정품_39,000"
17608631,디엠케이코리아 밸류엠 LED 랜턴 블루투스 스피커 BTS5200,"136,024","136,024","136,024","136,024"
27605015,디월트 DCR008,"정품_79,770|해외구매_107,780","정품_79,770|해외구매_107,780","정품_78,960|해외구매_134,040","정품_78,960|해외구매_134,040"
21159029,디월트 Jobsite Pro DXMA1901148,"정품_74,000|해외구매_104,490","정품_74,000|해외구매_104,490","정품_74,000|해외구매_104,490","정품_74,000|해외구매_104,490"
6057380,디자인 KMS-J100,"정품_11,880","정품_11,880","정품_11,880","정품_13,680"
5829013,디자인 잭슨 KMS-J210,"정품_15,900","정품_15,900","정품_15,900","정품_15,900"
2284839,디지클럽 QNIX QS-1000U,"정품_3,842","정품_3,842","정품_3,842","정품_3,842"
5888051,디지클럽 QNIX QS-3000U,"정품_4,490","정품_4,490","정품_4,490","정품_4,490"
6804277,디지클럽 QS-2000,"12,270","12,270","12,270","12,270"
2277424,디지클럽 Qnix QS-130U,"정품_3,783","정품_3,783","정품_3,783","정품_3,783"
2710176,디지탈그리고나 e-STAR ES-X3,"9,890","9,890","9,890","9,890"
27573191,디지털벤투스 산리오 마이멜로디 쿠로미 턴테이블 블루투스 스피커 F12185,"99,000","99,000","99,000","99,000"
3986608,디코엔터테인먼트 CWM-101,"정품_55,020","정품_55,020","정품_55,020","정품_55,020"
3986739,디코엔터테인먼트 CWM-102,"정품_9,480","정품_9,480","정품_9,480","정품_9,480"
6956122,라미 RM-DB101,"46,000","46,000","46,000","46,000"
11781853,라부아뜨 LX,"정품_5,586,000","정품_5,586,000","정품_5,586,000","정품_5,830,000"
6953308,라부아뜨 PR01,"정품_1,284,780|중고_924,300","정품_1,284,780|중고_924,300","정품_1,284,780|중고_924,300","정품_1,284,780|중고_924,300"
10948791,라부아뜨 큐브,"우디_2,850,000|코리안_2,700,000|오크트리_2,280,000","우디_2,850,000|코리안_2,700,000|오크트리_2,280,000","우디_2,850,000|코리안_2,700,000|오크트리_2,280,000","우디_2,940,000|코리안_2,700,000|오크트리_2,352,000"
11480646,라온 BT-SB1000,"정품_42,960","정품_42,960","정품_42,960","정품_42,960"
54325748,라이브박스 붐패드 BS2020B,"25,780","25,780","25,780","25,780"
16457942,라이트컴 COMS 7.1ch PCI Express 사운드 카드 SW231,"정품_64,390","정품_64,390","정품_64,390","정품_64,390"
96258383,라이트컴 COMS BF476,"정품_23,800","정품_23,800","정품_23,800","정품_23,800"
13570844,라이트컴 COMS BS135 사운드카드,"정품_2,460","정품_2,460","정품_2,490","정품_2,490"
6930187,라이트컴 COMS BT116,"22,330","22,330","22,330","22,330"
18359411,라이트컴 COMS BT117,"22,510","22,510","22,460","22,390"
6902605,라이트컴 COMS BT122,"77,340","77,340","77,340","77,340"
16571705,라이트컴 COMS BT322,"정품_7,030","정품_7,030","정품_7,030","정품_7,030"
14497535,라이트컴 COMS BT323 사운드카드,"정품_4,720","정품_4,690","정품_4,690","정품_4,690"
91561439,라이트컴 COMS BT324,"정품_4,890","정품_4,890","정품_4,890","정품_4,890"
14028839,라이트컴 COMS BT325 사운드카드,"정품_4,140","정품_4,140","정품_4,140","정품_4,140"
6389644,라이트컴 COMS BT426,"정품_11,620","정품_11,620","정품_11,620","정품_11,620"
11279262,라이트컴 COMS BT495,"정품_1,700","정품_1,710","정품_1,710","정품_1,710"
13570553,라이트컴 COMS BT863 사운드카드,"정품_10,040","정품_10,040","정품_10,150","정품_10,150"
6296166,라이트컴 COMS CH541,"37,541","37,541","37,550","37,550"
6296097,라이트컴 COMS CH542,"35,570","35,560","35,460","35,570"
6296142,라이트컴 COMS CH543,"37,210","37,210","37,210","37,210"
6482661,라이트컴 COMS CH544,"38,580","38,580","38,580","38,580"
6296079,라이트컴 COMS CH545,"38,700","38,700","38,700","38,700"
6296025,라이트컴 COMS CH546,"36,350","36,350","36,350","36,350"
6182277,라이트컴 COMS CH559,"22,190","22,190","22,190","22,190"
6182328,라이트컴 COMS CH560,"17,500","17,500","17,500","17,500"
6182340,라이트컴 COMS CH568,"33,040","33,040","33,040","33,040"
6182357,라이트컴 COMS CH569,"18,810","18,810","18,810","18,810"
6975052,라이트컴 COMS EF122,"11,500","11,460","11,360","11,290"
6975268,라이트컴 COMS EF123,"11,600","11,600","11,600","11,600"
16969367,라이트컴 COMS EQ816,"37,200","37,200","37,200","37,200"
20077145,라이트컴 COMS GS559,"정품_20,800","정품_20,800","정품_20,800","정품_20,800"
27791264,라이트컴 COMS HA005,"정품_21,250","정품_21,250","정품_21,250","정품_21,250"
122725222,라이트컴 COMS HT200,"44,190","44,190","44,190","44,190"
14784605,라이트컴 COMS HT224,"33,130","33,130","33,120","33,120"
4464777,라이트컴 COMS IB-386,"정품_87,590","정품_87,590","정품_87,590","정품_87,590"
3831662,라이트컴 COMS IB894,"정품_39,190","정품_39,190","정품_39,190","정품_39,190"
8000620,라이트컴 COMS ID600,"67,500","67,500","67,500","67,500"
15078986,라이트컴 COMS ID819,"27,200","27,200","27,200","27,200"
15078974,라이트컴 COMS ID819L,"27,200","27,200","27,200","27,200"
6497860,라이트컴 COMS KY203,"100,970","100,970","100,970","100,970"
8002294,라이트컴 COMS LY218,"20,000","20,000","20,000","20,000"
8002588,라이트컴 COMS LY219,"18,490","18,490","18,490","18,490"
17229380,라이트컴 COMS MT719,"36,100","36,100","36,100","36,100"
1832913,라이트컴 COMS NB520,"26,500","26,500","26,500","26,500"
9709545,라이트컴 COMS NS144,"55,010","55,010","55,010","55,010"
9709386,라이트컴 COMS NS145,"60,500","23,300","23,300","23,300"
9708789,라이트컴 COMS NS181,"8,700","8,700","8,700","8,700"
9709179,라이트컴 COMS NS182,"8,700","8,700","8,700","8,700"
1610994,라이트컴 COMS PMR-70,"정품_3,000","정품_3,000","정품_3,000","정품_3,000"
68788217,라이트컴 COMS SP326,"6,130","6,130","6,130","6,130"
14173247,라이트컴 COMS SW692 사운드카드,"정품_16,310","정품_16,310","정품_16,550","정품_16,550"
11921839,라이트컴 COMS TB168,"54,700","54,700","54,700","54,700"
12829682,라이트컴 COMS TB280,"15,000","15,000","15,000","15,000"
13311140,라이트컴 COMS TB316,"17,000","17,000","17,000","17,000"
16582229,라이트컴 COMS TB487,"정품_5,370","정품_5,370","정품_5,370","정품_5,370"
90888863,라이트컴 COMS TB568,"정품_21,510","정품_21,510","정품_21,510","정품_21,510"
21196289,라이트컴 COMS TB600,"41,990","41,990","41,990","41,990"
21196307,라이트컴 COMS TB700,"43,100","43,100","43,100","43,100"
55463339,라이트컴 COMS TB744,"정품_30,590","정품_30,580","정품_30,510","정품_30,450"
1247110,라이트컴 COMS USB SOUND 5.1,"정품_23,130","정품_23,130","정품_23,130","정품_23,130"
6504815,라이트컴 COMS USB to 3.5mm 오디오 컨버터 [BT320],"정품_6,980","정품_6,980","정품_7,030","정품_7,030"
2496990,라이트컴 COMS USB 사운드카드 [U3627],"정품_4,770","정품_4,770","정품_4,760","정품_4,770"
2496948,라이트컴 COMS USB 사운드카드 [U3632],"정품_2,960","정품_2,960","정품_2,960","정품_2,960"
2496982,라이트컴 COMS USB 오디오 7.1 IT094,"정품_6,180","정품_6,180","정품_6,250","정품_6,250"
70097489,라익미 레트로 모나코 블루투스 스피커 BR10,"정품_59,800","정품_59,800","정품_59,800","정품_59,800"
13421594,라인업시스템 LANSTAR LS-EX51CH 사운드카드,"정품_19,420","정품_19,420","정품_19,850","정품_19,850"
14438231,라인업시스템 LANSTAR LS-EX51CHN 사운드카드,"정품_15,500","정품_15,500","정품_15,500","정품_15,500"
7441375,라인업시스템 LANSTAR LS-USOUND-7.1 사운드카드,"정품_2,690","정품_2,690","정품_2,690","정품_2,690"
20405576,레노버 K3 Pro,"해외구매_12,140","해외구매_11,890","해외구매_11,890","해외구매_11,890"
16679819,레노버 TS32B,"해외구매_9,510","해외구매_9,510","해외구매_9,890","해외구매_9,890"
31318250,레노버 TS33,"해외구매_18,960","해외구매_18,960","해외구매_18,960","해외구매_18,960"
15657104,레이니 F67 LIONHEART,"정품_306,420","정품_306,420","정품_306,420","정품_306,420"
15657041,레이니 F67 SUPERGROUP,"정품_306,410","정품_306,410","정품_306,410","정품_306,410"
92624069,레토GMS LBT-WM06,"정품_29,900","정품_29,900","정품_29,900","정품_29,900"
123743255,렉슨 X제프쿤스 벌룬 독 블루투스 스피커,"정품_1,978,830|해외구매_1,012,290",0,0,0
123743295,렉슨 X제프쿤스 벌룬 독 블루투스 스피커,0,"해외구매_1,036,700","해외구매_1,044,950","해외구매_1,044,950"
20737103,로랜텍 캠핑 불멍 블루투스 스피커 RRT-CPET16,"100,280","100,280","100,280","100,280"
17281622,로에베 Klang mr1,"해외구매_698,200","해외구매_698,200","해외구매_698,200","해외구매_698,200"
17281760,로에베 Klang mr3,"해외구매_1,087,300","해외구매_1,087,300","해외구매_1,087,300","해외구매_1,087,300"
17281859,로에베 Klang mr5,"해외구매_1,494,700","해외구매_1,494,700","해외구매_1,494,700","해외구매_1,494,700"
33384455,로이체 BT21 마이 리틀버디 사운드바,"정품_29,520","정품_29,520","정품_29,520","정품_29,520"
8887910,로이체 BTS-240,"11,900","11,900","11,900","11,900"
65308817,로이체 BTS-370,"정품_27,850","정품_27,850","정품_27,850","정품_27,850"
27889331,로이체 BTS-610WC,"59,900","59,900","59,900","59,900"
27889073,로이체 BTS-620WC,"67,930","67,930","67,930","67,930"
1298608,로이체 MR-2000,"정품_30,600","정품_30,600","정품_30,600","정품_30,600"
12663194,로이체 RSB-3000,"정품_16,900","정품_16,900","정품_16,900","정품_16,900"
20759678,로이체 RSB-G1000,"정품_14,810","정품_14,810","정품_14,810","정품_14,810"
13967804,로이체 RSB-G5000,"정품_29,900","정품_29,900","정품_29,900","정품_29,900"
97777760,로이체 RSB-G6000,"정품_39,900","정품_39,900","정품_39,900","정품_39,900"
27790781,로이체 RSM-G200,"정품_16,900","정품_16,900","정품_16,900","정품_16,900"
30731786,로이체 메카 LED 블루투스 스피커 BTS-550,"34,200","34,200","34,200","34,200"
78389939,로제트 RX-3300,"정품_15,000","정품_15,000","정품_15,000","정품_15,000"
6308663,로지텍 G560 LIGHTSYNC PC 게이밍 스피커,"정품_278,070|해외구매_477,900","정품_296,010|해외구매_477,900","정품_295,960|해외구매_477,900","정품_295,890|해외구매_477,900"
30009467,로지텍 UE 붐2,"벌크_192,400","벌크_192,400","벌크_192,400","벌크_192,400"
8146834,로지텍 UE 얼티밋 이어 메가붐 3,"해외구매_211,630","해외구매_211,630","해외구매_211,630","해외구매_211,630"
2359027,로지텍 Z150,"정품_30,400|해외구매_60,800","정품_30,400|해외구매_60,800","정품_30,400|해외구매_60,800","정품_30,400|해외구매_60,800"
3628561,로지텍 Z906,"해외구매_684,500","해외구매_684,500","해외구매_684,500","해외구매_684,500"
5457086,로지텍 로지텍G 블루 YETI,"해외구매_164,000","해외구매_164,000","해외구매_164,000","해외구매_164,000"
11896612,로지텍 로지텍G 블루 YETI NANO,"정품_136,990|해외구매_129,000","정품_136,990|해외구매_129,000","정품_141,320|해외구매_129,000","정품_136,990|해외구매_129,000"
17600510,로지텍 로지텍G 블루 YETI 오로라컬렉션,"정품_166,470","정품_166,470","정품_166,470","정품_166,470"
12126260,롯데전자 PINGKY30,"23,870","23,810","23,760","23,690"
122711311,롯데전자 PINGKY40,"25,290","25,290","25,270","25,210"
100326578,루비영 RYSPIN 스피커,"정품_142,190","정품_142,190","정품_142,190","정품_142,190"
17340794,루아즈 LUAZ-185,"12,000","12,000","12,000","12,000"
17340938,루아즈 LUAZ-485,"19,800","19,800","19,800","19,800"
122721399,루악 MR1 Mk3,"정품_950,000","정품_950,000","정품_950,000","정품_950,000"
7811551,루악 MRx,"정품_760,000","정품_760,000","정품_790,000","정품_790,000"
13718168,루악 R1mk4,"정품_550,000","정품_550,000","정품_550,000","정품_550,000"
19304933,루악 R2 MK4,"정품_1,050,000","정품_1,050,000","정품_1,050,000","정품_1,050,000"
92356925,리버네트워크 NEXI NX1534 NX-STCMIC-01,"정품_23,940","정품_23,940","정품_23,940","정품_23,940"
7126135,리버네트워크 NEXI NX614 NX-U20STC,"정품_11,600","정품_11,600","정품_11,600","정품_11,600"
4809991,리버네트워크 NEXI USB 사운드카드 (NX0394),"정품_2,090","정품_2,090","정품_2,090","정품_2,090"
12678890,리큐엠 RECO-D,"17,430","17,410","17,410","17,730"
31263752,마그낫 프라임 원,"해외구매_485,040","해외구매_485,040","해외구매_485,040","해외구매_485,040"
101541578,마끼다 DMR203,"정품_257,610|해외구매_198,000","정품_257,610|해외구매_198,000","정품_257,610|해외구매_198,000","정품_257,610|해외구매_198,000"
17943212,마란츠 MPM-4000U,"정품_200,000","정품_200,000","정품_200,000","정품_200,000"
21533078,마샬 미들톤,"정품_399,000|해외구매_331,800","정품_399,000|해외구매_331,800","정품_399,000|해외구매_331,800","정품_399,000|해외구매_331,800"
94567310,마샬 미들톤 2,"정품_499,000|해외구매_578,660","정품_499,000|해외구매_578,570","정품_499,000|해외구매_541,210","정품_499,000|해외구매_572,110"
6837661,마샬 스탠모어 2,"정품_410,000|해외구매_329,990","정품_410,000|해외구매_329,990","정품_410,000|해외구매_329,990","정품_410,000|해외구매_329,990"
18975449,마샬 스탠모어 3,"정품_510,000|해외구매_290,250","정품_510,000|해외구매_290,250","정품_510,000|해외구매_305,910","정품_510,000|해외구매_305,910"
123972635,마샬 스탠모어 4,"정품_610,000","정품_610,000","정품_610,000","정품_610,000"
8078188,마샬 스톡웰 2,"정품_279,000|해외구매_219,500","정품_279,000|해외구매_219,500","정품_279,000|해외구매_219,500","정품_279,000|해외구매_219,500"
124377031,마샬 스톡웰 3,0,0,"정품_399,000","정품_399,000"
6837742,마샬 액톤 2,"정품_423,000|해외구매_215,000","정품_423,000|해외구매_215,000","정품_423,000|해외구매_224,900","정품_423,000|해외구매_224,900"
18977294,마샬 액톤 3,"정품_349,000|해외구매_256,050","정품_349,000|해외구매_256,050","정품_349,000|해외구매_269,540","정품_349,000|해외구매_269,540"
123972226,마샬 액톤 4,"정품_470,000","정품_470,000","정품_470,000","정품_470,000"
11743361,마샬 엠버튼,"정품_220,000|해외구매_188,400","정품_220,000|해외구매_188,400","정품_220,000|해외구매_188,400","정품_220,000|해외구매_188,400"
17904734,마샬 엠버튼 2,"정품_220,000|해외구매_157,530","정품_220,000|해외구매_157,530","정품_220,000|해외구매_157,530","정품_220,000|해외구매_157,530"
67622177,마샬 엠버튼 3,"정품_289,000|해외구매_205,100","정품_289,000|해외구매_205,100","정품_289,000|해외구매_214,640","정품_289,000|해외구매_214,640"
6837550,마샬 워번 2,"정품_690,000|해외구매_305,910","정품_690,000|해외구매_305,910","정품_690,000|해외구매_322,640","정품_690,000|해외구매_322,640"
18975731,마샬 워번 3,"정품_950,000|해외구매_415,350","정품_950,000|해외구매_415,350","정품_800,000|해외구매_440,010","정품_950,000|해외구매_440,010"
17904596,마샬 윌렌,"정품_169,000|해외구매_104,400","정품_169,000|해외구매_104,400","정품_169,000|해외구매_104,400","정품_169,000|해외구매_104,400"
67621922,마샬 윌렌 2,"정품_179,000|해외구매_156,890","정품_179,000|해외구매_156,890","정품_179,000|해외구매_156,890","정품_179,000|해외구매_156,890"
6887443,마샬 킬번 2,"정품_430,000|해외구매_274,690","정품_430,000|해외구매_274,690","정품_430,000|해외구매_274,690","정품_430,000|해외구매_274,690"
93017843,마샬 킬번 3,"정품_599,000|해외구매_499,000","정품_599,000|해외구매_499,000","정품_599,000|해외구매_499,000","정품_599,000|해외구매_499,000"
8100046,마샬 터프톤,"정품_710,000|해외구매_733,500","정품_710,000|해외구매_733,500","정품_710,000|해외구매_733,500","정품_710,000|해외구매_733,500"
124277509,마오노 DGM20W,"정품_94,900|해외구매_126,150","정품_94,900|해외구매_126,150","정품_94,900|해외구매_126,150","정품_94,900|해외구매_126,150"
19302056,마오노 DM30RGB,"정품_63,890|+굴절 스탠드_74,240","정품_64,830|+굴절 스탠드_78,890","정품_64,830|+굴절 스탠드_78,890","정품_64,830|+굴절 스탠드_78,890"
95425313,마오노 DM40 Pro,"정품_138,580|+ 관절 스탠드_151,930|해외구매_135,950","정품_138,570|+ 관절 스탠드_151,910|해외구매_131,870","정품_138,550|+ 관절 스탠드_151,900|해외구매_131,870","정품_138,550|+ 관절 스탠드_151,900|해외구매_131,870"
19526210,마이크로닉스 MANIC UB2000,"정품_15,000","정품_15,000","정품_15,000","정품_15,000"
8164057,마이크로닉스 ROUND STUDIO BT-1000,"정품_49,900","정품_49,900","정품_49,900","정품_49,900"
11871712,마이크로닉스 ROUND STUDIO BT-1000 V2,"핑크_9,900|화이트_9,900|다크그레이_9,900","핑크_9,900|화이트_9,900|다크그레이_9,900","핑크_9,900|화이트_9,900|다크그레이_9,900","핑크_9,900|화이트_9,900|다크그레이_9,900"
9311622,마이크로닉스 ROUND STUDIO UB-1000,"정품_19,790","정품_19,780","정품_19,890","정품_19,840"
14629655,마이크로닉스 SOUND TRIPOD,"그레이_89,000","그레이_89,000","그레이_89,000","그레이_89,000"
2517382,마이크로랩 FC50 BT,"정품_92,070","정품_92,070","정품_92,070","정품_92,070"
21679556,마하 돔 블루투스 스피커 F3,"67,240","67,240","67,240","67,240"
6031488,마하링크 ML-USA71C USB 사운드카드 7.1채널,"정품_4,180","정품_4,180","정품_4,180","정품_4,180"
16222352,매킨토시 RS150,"정품_2,315,000","정품_2,315,000","정품_2,315,000","정품_2,315,000"
16524593,매킨토시 RS250,"정품_5,500,000","정품_5,500,000","정품_5,500,000","정품_5,500,000"
99741005,맥스텍 MT132,"정품_2,100","정품_2,100","정품_2,100","정품_2,100"
99741017,맥스텍 MT499,"정품_33,000","정품_33,000","정품_33,000","정품_33,000"
2634222,머레이 BS-KR7200,"25,900","25,900","25,900","25,900"
2630892,머레이 BS-KR7300,"25,900","25,900","25,900","25,900"
3196288,머레이 PF-440,"정품_38,990","정품_38,990","정품_38,990","정품_38,990"
2740476,머레이 TWIN-100,"49,900","49,900","49,900","49,900"
3436284,머레이 레인보우 스피커 BL-T12,"정품_19,900","정품_19,900","정품_19,900","정품_19,900"
28056704,메리토 바이브,"34,900","34,900","34,900","34,900"
10780101,메이크메이크 52 speaker,"69,000","69,000","69,000","69,000"
16777175,모비프렌 MFB-SP300,"정품_58,170","정품_56,960","정품_56,960","정품_56,960"
20724173,모비프렌 춘식이 블루투스 사운드바,"정품_64,170","정품_64,170","정품_64,170","정품_64,170"
7257430,모토로라 Sonic-Boost210,"19,900","19,900","19,900","19,900"
12668216,모토로라 SonicSub 500,"52,080","52,080","52,080","52,080"
8164996,모토로라 스피어 플러스,"정품_155,730","정품_155,730","정품_155,730","정품_155,730"
19102370,몬스타 가츠 LIVE BT SOUL,"정품_139,430","정품_143,460","정품_143,460","정품_143,460"
10933725,몬스타 가츠 LIVE10,"정품_14,300","정품_14,300","정품_14,300","정품_14,300"
7837471,몬스타 가츠 LIVE100,"정품_16,100","정품_16,100","정품_16,100","정품_16,100"
45316568,몬스타 가츠 LIVE100 LITE,"정품_16,000","정품_16,000","정품_16,000","정품_16,000"
77082251,몬스타 가츠 LIVE100 핑크 오트밀,"정품_18,990","정품_18,990","정품_18,990","정품_18,990"
18633086,몬스타 가츠 LIVE100s,"정품_15,000","정품_15,000","정품_15,000","정품_15,000"
10546122,몬스타 가츠 LIVE200,"정품_27,500","정품_27,500","정품_27,500","정품_27,500"
18633269,몬스타 가츠 LIVE200S,"정품_18,990","정품_18,990","정품_18,990","정품_18,990"
18633209,몬스타 가츠 Live20BT,"정품_39,900","정품_39,900","정품_39,900","정품_39,900"
36621446,몬스타 가츠 클래식 듀얼 진공관 블루투스스피커,"정품_129,000","정품_129,000","정품_129,000","정품_129,000"
29669216,몬스타 가츠 클래식3,"정품_159,000","정품_159,000","정품_159,000","정품_159,000"
27993305,몬스타 몬스타기어 가츠 클래식2,"229,710","229,710","229,710","229,710"
4310609,몬스터 SUPERSTAR HotShot,"정품_93,060","정품_93,060","정품_93,060","정품_93,060"
98087375,무무익선 물음표 골전도 스피커 OCS-01,"정품_39,800","정품_39,800","정품_39,800","정품_39,800"
20525588,무아스 MBS2,"39,900","39,900","39,900","39,900"
28422329,무아스 선라이즈 스피커 MBS13,"63,900","63,900","63,900","63,900"
58026956,무아스 아웃도어 클래식 캠핑 랜턴 스피커 MBS19,"65,900","65,900","65,900","65,900"
20247713,무아스 잠자는 고양이 무드등 무선 스피커 MBS7,"24,800","24,800","24,800","24,800"
100190018,무인양품 MS-PS1CN,"정품_19,700|해외구매_24,300","정품_19,700|해외구매_24,300","정품_19,700|해외구매_24,300","정품_19,700|해외구매_24,300"
122725176,뮤직캔버스 블루투스 스피커,"정품_66,090","정품_66,090","정품_69,080","정품_69,080"
94204775,미니마이트 VM-SP1U5W,"정품_22,500","정품_22,500","정품_22,500","정품_22,500"
12087740,미디어테크 와일드프로 MT-PBLT,"20,900","20,900","20,900","20,900"
13338719,미디어테크 와일드프로 MT-PBLT PARTY,"28,400","28,400","28,400","28,400"
62790647,발롱드파리 오브젝트 6,"+ 스탠드_3,063,700|스탠드별매_2,930,000","+ 스탠드_3,063,700|스탠드별매_2,930,000","+ 스탠드_3,063,700|스탠드별매_2,930,000","+ 스탠드_3,063,700|스탠드별매_2,930,000"
62790650,발롱드파리 오브젝트 9,"+ 스탠드_4,530,000|스탠드별매_4,300,000","+ 스탠드_4,530,000|스탠드별매_4,300,000","+ 스탠드_4,530,000|스탠드별매_4,300,000","+ 스탠드_4,530,000|스탠드별매_4,300,000"
13496768,발뮤다 M01A-BK,"해외구매_499,700","해외구매_499,700","해외구매_499,700","해외구매_499,700"
12722375,발뮤다 더 스피커 M01B,"블랙, 정품_361,570|화이트, 정품_449,000","블랙, 정품_361,570|화이트, 정품_449,000","블랙, 정품_361,560|화이트, 정품_449,000","블랙, 정품_361,560|화이트, 정품_449,000"
10762065,뱅앤올룹슨 B&O PLAY Beosound Balance,"내추럴오크, 정품_4,233,950|블랙오크, 정품_4,216,360|화이트마블, 정품_4,867,230|화이트마블, 해외구매_6,700,000","내추럴오크, 정품_4,233,950|블랙오크, 정품_4,233,950|화이트마블, 정품_4,867,230|화이트마블, 해외구매_6,700,000","내추럴오크, 정품_4,233,950|블랙오크, 정품_4,233,950|화이트마블, 정품_4,867,230|화이트마블, 해외구매_6,700,000","내추럴오크, 정품_4,242,700|블랙오크, 정품_4,242,700|화이트마블, 정품_4,877,290|화이트마블, 해외구매_6,700,000"
14507699,뱅앤올룹슨 B&O PLAY Beosound Explore,"정품_296,960|해외구매_254,200","정품_296,890|해외구매_254,200","정품_296,820|해외구매_254,200","정품_296,760|해외구매_254,200"
6126746,뱅앤올룹슨 BEOPLAY P6,"정품_1,250,000","정품_1,250,000","정품_1,250,000","정품_1,250,000"
20591291,뱅앤올룹슨 BEOSOUND 2 3세대,"정품_4,892,560|해외구매_5,378,400","정품_4,892,560|해외구매_5,378,400","정품_4,892,560|해외구매_5,325,200","정품_4,902,680|해외구매_5,325,200"
20691881,뱅앤올룹슨 BEOSOUND A9 5세대,"정품_5,100,000|해외구매_8,453,190","정품_5,100,000|해외구매_8,453,190","정품_5,100,000|해외구매_8,534,910","정품_5,100,000|해외구매_8,534,910"
18347714,뱅앤올룹슨 BEOSOUND EMERGE,"정품_1,450,790|해외구매_1,560,000","정품_1,450,790|해외구매_1,560,000","정품_1,449,030|해외구매_1,560,000","정품_1,449,030|해외구매_1,560,000"
12590405,뱅앤올룹슨 Beolit 20,"정품_859,380|해외구매_845,990","정품_859,380|해외구매_845,990","정품_859,370|해외구매_845,990","정품_859,370|해외구매_845,990"
7939198,뱅앤올룹슨 Beoplay A9 4세대,"정품_6,500,000|해외구매_3,925,000","정품_6,500,000|해외구매_3,925,000","정품_6,500,000|해외구매_3,925,000","정품_6,500,000|해외구매_3,925,000"
11753300,뱅앤올룹슨 Beosound A1 2nd,"정품_498,990|해외구매_376,590","정품_461,380|해외구매_376,590","정품_461,320|해외구매_376,590","정품_461,260|해외구매_376,590"
91912997,뱅앤올룹슨 Beosound A1 3rd,"정품_516,580|해외구매_512,110","정품_516,570|해외구매_515,720","정품_516,570|해외구매_515,720","정품_517,640|해외구매_515,720"
19961807,뱅앤올룹슨 Beosound A5,"노르딕위브, 정품_1,800,000|다크오크, 정품_2,258,100|오크, 정품_2,258,110|알루미늄, 정품_2,540,370|노르딕위브, 해외구매_1,522,000|","노르딕위브, 정품_1,800,000|다크오크, 정품_2,258,100|오크, 정품_2,258,110|알루미늄, 정품_2,540,370|노르딕위브, 해외구매_1,522,000|","노르딕위브, 정품_1,800,000|다크오크, 정품_2,258,100|오크, 정품_2,262,780|알루미늄, 정품_2,540,370|노르딕위브, 해외구매_1,522,000|","노르딕위브, 정품_1,800,000|다크오크, 정품_2,262,770|오크, 정품_2,262,780|알루미늄, 정품_2,545,620|노르딕위브, 해외구매_1,522,000|"
13463744,뱅앤올룹슨 Beosound Level,"정품_2,116,970|해외구매_2,197,040","정품_2,116,970|해외구매_2,189,730","정품_2,116,970|해외구매_2,258,740","정품_2,121,350|해외구매_2,189,730"
18965759,뱅앤올룹슨 Beosound Level Gold,"정품_2,478,850|해외구매_2,468,990","정품_2,478,850|해외구매_2,559,600","정품_2,478,850|해외구매_2,642,460","정품_2,483,970|해외구매_2,598,080"
40020659,버슨오디오 V5i OPAMP V5i-D,"정품_45,000","정품_45,000","정품_45,000","정품_45,000"
15279038,베링거 BIGFOOT,"해외구매_80,000","해외구매_80,000","해외구매_80,000","해외구매_80,000"
2935754,베링거 C-1U,"정품_82,330","정품_82,330","정품_82,160","정품_83,850"
16571579,벤션 CDKHB,"정품_13,900|해외구매_18,230","정품_13,900|해외구매_18,230","정품_13,900|해외구매_18,230","정품_13,900|해외구매_18,230"
17698274,벤션 CDRBB,"정품_19,770","정품_19,770","정품_19,770","정품_19,770"
17698244,벤션 CDRBD,"정품_22,900","정품_22,900","정품_22,900","정품_22,900"
17698226,벤션 CDRBF,"정품_25,900","정품_25,900","정품_25,900","정품_25,900"
21205592,벤션 CDZB0,"정품_14,900","정품_14,900","정품_14,900","정품_14,900"
14217041,벤션 VAB-S16 사운드카드,"정품_23,140","정품_23,140","정품_23,140","정품_23,140"
12327668,벨레 멜로우 W001T,"199,000","199,000","199,000","199,000"
8114308,벨레 멜로우 W501T,"정품_466,300","정품_466,300","정품_466,300","정품_466,300"
100618049,부이 booie-X11,"정품_27,820","정품_27,820","정품_27,820","정품_27,820"
16866638,브라운오디오 LE 01,"정품_1,890,000|+ 스탠드_2,489,000","정품_1,890,000|+ 스탠드_2,489,000","정품_1,890,000|+ 스탠드_2,489,000","정품_1,890,000|+ 스탠드_2,570,000"
16866662,브라운오디오 LE 02,"정품_1,350,000|+ 스탠드_1,782,000","정품_1,350,000|+ 스탠드_1,782,000","정품_1,350,000|+ 스탠드_1,782,000","정품_1,350,000|+ 스탠드_1,782,000"
16866776,브라운오디오 LE 03,"정품_585,000|+ 스탠드_617,500","정품_585,000|+ 스탠드_617,500","정품_585,000|+ 스탠드_617,500","정품_585,000|+ 스탠드_1,110,000"
9319797,브로스앤컴퍼니 POUT Ears1,"9,900","9,900","9,900","9,900"
5627411,브로스앤컴퍼니 Pout Ears2,"정품_50,000","정품_50,000","정품_50,000","정품_50,000"
17342747,브이디코랩 세비즈 BLACK20W,0,"58,320","60,050","60,050"
10666752,브이디코랩 세비즈 FOUR40W,"정품_158,540","정품_158,540","정품_158,540","정품_158,540"
28400204,브이디코랩 세비즈 HAND10W,"20,900","20,900","20,900","20,900"
10667343,브이디코랩 세비즈 MINI10W,0,"정품_150,220","정품_150,220","정품_150,220"
10661151,브이디코랩 세비즈 REALGOLD20W,"정품_20,900","정품_20,900","정품_20,900","정품_20,900"
17342630,브이디코랩 세비즈 ROSEGOLD20W,0,"58,320","60,020","59,950"
17342834,브이디코랩 세비즈 WHITE20W,"20,900","20,900","20,900","20,900"
90158066,블라우풍트 BLP-BS2101,"정품_59,800","정품_59,800","정품_59,800","정품_59,800"
19722980,블루사운드 PULSE 2i,"정품_1,470,000|해외구매_2,051,130","정품_1,470,000|해외구매_2,051,130","정품_1,470,000|해외구매_2,051,130","정품_1,470,000|해외구매_2,051,130"
30166787,블루사운드 PULSE FLEX 2i,"해외구매_741,530","해외구매_741,530","해외구매_741,530","해외구매_741,530"
19722293,블루사운드 PULSE MINI 2i,"해외구매_1,265,000","해외구매_1,265,000","해외구매_1,265,000","해외구매_1,265,000"
67694852,블루투스 서브우퍼 사운드바,"해외구매_39,990","해외구매_39,990","해외구매_39,990","해외구매_39,990"
99476936,블루필 사운드팝 홀더 스피커 BSP101,"정품_36,660","정품_36,640","정품_36,630","정품_36,630"
2781115,비젼퓨쳐 VIVOX 206,"정품_2,750","정품_2,750","정품_2,750","정품_2,750"
104982611,비즈모아코리아 4in1 BZ-KW63,"정품_22,930","정품_24,040","정품_23,930","정품_23,930"
18128249,비치온 VN12-BS300,"블랙_19,000|오렌지_19,000|블루_19,000","블랙_19,000|오렌지_19,000|블루_19,000","블랙_19,000|오렌지_19,000|블루_19,000","블랙_19,000|오렌지_19,000|블루_19,000"
99477245,비파노 HB-01,"정품_22,310","정품_22,230","정품_22,120","정품_21,990"
20139686,사운드 퍼퓸 블루투스 스피커 SPK-1,"149,000","149,000","149,000","149,000"
8001127,사운드룩 SL-BR100,"정품_67,890","정품_67,890","정품_67,890","정품_67,890"
57492050,사운드룩 SL-BR101,"58,000","58,000","58,000","58,000"
18770558,사운드룩 SL-BR200,"블랙_79,000|화이트_79,000","블랙_79,000|화이트_79,000","블랙_79,000|화이트_79,000","블랙_79,000|화이트_79,000"
28889648,사운드룩 SL-BS700,"28,500","28,500","28,500","28,500"
94524578,사운드룩 SL-BS800,"정품_35,790","정품_35,790","정품_35,770","정품_32,890"
78780572,산진 WR-12BT Plus,"정품_278,000|해외구매_409,740","정품_278,000|해외구매_409,740","정품_278,000|해외구매_409,740","정품_278,000|해외구매_409,740"
6473654,삼성전자 SMS-A90UB,"정품_28,900","정품_28,900","정품_28,900","정품_28,900"
1843515,삼성전자 SMS-M70U,"정품_69,600","정품_69,600","정품_69,600","정품_69,600"
90890417,삼성전자 SS-B1000,"정품_62,100","정품_62,100","정품_62,100","정품_62,100"
104988545,삼성전자 SS-U1000,"정품_49,000","정품_49,000","정품_49,000","정품_49,000"
38703407,삼성전자 뮤직 프레임 HW-LS60D,"정품_398,990|해외구매_342,119","정품_398,990|해외구매_342,119","정품_398,990|해외구매_342,119","정품_398,990|해외구매_342,119"
5184790,삼신E&B BS-003,"정품_9,900","정품_9,900","정품_9,900","정품_9,900"
27482279,삼신E&B 캔디 BS-10,"1개_24,900|2개_40,150","1개_24,900|2개_40,150","1개_24,900|2개_40,150","1개_24,900|2개_40,870"
78984020,삼지아이티 피스넷 고플레이,"정품_42,400","정품_39,900","정품_39,900","정품_39,900"
4852170,삼지아이티 피스넷 뮤직라이더,"103,770","103,770","103,770","103,770"
16879949,삼지아이티 피스넷 뮤직라이더 시즌2,"88,540","88,540","88,540","88,540"
17475959,상도아이앤티 ANYZONE AZ-L100,"정품_24,190","정품_24,190","정품_24,190","정품_24,190"
12310970,상도아이앤티 ANYZONE SDS-1000U USB,"정품_4,500","정품_4,500","정품_4,500","정품_4,500"
14549972,상도아이앤티 ANYZONE SDS-2000U,"정품_6,790","정품_6,790","정품_6,860","정품_6,860"
20545316,샤오미 Mi 포터블 블루투스 스피커 XMYX04WM,"해외구매_23,720","해외구매_23,720","해외구매_23,720","해외구매_23,720"
32137454,샤오미 레드미 컴퓨터 스피커,"해외구매_59,800","해외구매_59,800","해외구매_59,800","해외구매_59,800"
100189829,샤오미 사운드 아웃도어,"정품_62,800|해외구매_69,160","정품_62,800|해외구매_69,160","정품_62,800|해외구매_69,160","정품_62,800|해외구매_69,160"
100001786,샤오미 사운드 포켓,"정품_29,800","정품_29,800","정품_29,800","정품_29,800"
6066071,샤오미 큐브박스 2 XMYX03YM,"해외구매_52,100","해외구매_52,100",0,0
8206120,샤이닝몰 컴썸 MIC-600,"정품_41,990","정품_41,990","정품_41,990","정품_41,990"
11324799,샤이닝몰 컴썸 MIC-900 PRO,"61,900","61,900","61,900","61,900"
13460780,서진네트웍스 UNICORN SB-500BT,"정품_15,890","정품_15,890","정품_15,890","정품_15,890"
13460330,서진네트웍스 UNICORN SB-700BT,"정품_15,870","정품_15,810","정품_15,750","정품_15,720"
6637726,서진네트웍스 UNICORN SB-M5,"정품_22,050","정품_22,050","정품_22,050","정품_22,050"
18106727,서진네트웍스 UNICORN SB-M9,"정품_19,800","정품_19,800","정품_19,800","정품_19,800"
5426288,서진네트웍스 유니콘 LB-500R,"정품_13,820","정품_13,820","정품_13,820","정품_13,820"
18022937,서진네트웍스 유니콘 MF-S580,"28,900","28,900","28,900","28,900"
25730540,서진네트웍스 지니큐 MF-7000B,"32,800","32,800","32,800","32,800"
25712996,서진네트웍스 지니큐 MF-900B,"50,630","50,630","50,630","50,630"
5863981,세이펜 도레미,"정품_25,980","정품_25,980","정품_25,980","정품_25,980"
11850784,세컨드찬스 GEEKSTAR GBS-1000,"정품_99,260","정품_99,260","정품_99,260","정품_100,260"
17696672,세컨드찬스 GEEKSTAR GS2000,"정품_25,100","정품_25,100","정품_25,370","정품_25,370"
17234000,소너스파베르 Omnia,"정품_2,208,980|해외구매_4,063,100","정품_2,208,980|해외구매_4,063,100","정품_2,208,930|해외구매_4,063,100","정품_2,208,860|해외구매_4,063,100"
13524530,소노로 Stream,"해외구매_726,420","해외구매_726,420","해외구매_726,420","해외구매_726,420"
15657713,소노로 이지,"정품_520,000|해외구매_463,300","정품_520,000|해외구매_463,300","정품_520,000|해외구매_463,300","정품_520,000|해외구매_463,300"
43533125,소노스 Era 100,"해외구매_295,000","해외구매_295,000","해외구매_295,000","해외구매_295,000"
43533488,소노스 Era 300,"해외구매_582,560","해외구매_586,670","해외구매_606,720","해외구매_586,670"
3524574,소닉사운드 SF-BT103,"정품_22,020","정품_22,020","정품_22,020","정품_22,020"
3085514,솔 리퍼블릭 Punk Wireless,"정품_39,900","정품_39,900","정품_39,900","정품_39,900"
14403281,슈미드 아이슈미드 SCM-BTS-100TWS,"39,000","39,000","39,000","39,000"
104355884,슈미드 아이슈미드 SCM-BTS420,"30,000","30,000","30,000","30,000"
3511249,슈어 MV5,"정품_215,000|해외구매_175,800","정품_215,000|해외구매_175,800","정품_215,000|해외구매_175,800","정품_215,000|해외구매_175,800"
12638564,슈어 MV5C,"정품_182,960","정품_182,900","정품_182,890","정품_182,830"
103452848,슈어 SM4-K,"정품_376,990|해외구매_449,830","정품_376,990|해외구매_449,830","정품_376,990|해외구매_449,740","정품_376,990|해외구매_449,620"
103480430,슈어 SM4-K-KIT,"정품_494,000|해외구매_585,050","정품_494,000|해외구매_585,050","정품_494,000|해외구매_585,000","정품_494,000|해외구매_584,870"
4702453,슈퍼럭스 E205U,"119,000","119,000","119,000","119,000"
6722104,슈퍼럭스 E205U MK2,"118,000","118,000","118,000","118,000"
4832309,스웨거코리아 SW-S10,"정품_7,500","정품_7,500","정품_7,500","정품_7,500"
5076267,스웨거코리아 SW-S100,"정품_36,900","정품_36,900","정품_36,900","정품_36,900"
13222001,스카이디지탈 SBS201,"정품_21,470","정품_21,470","정품_21,470","정품_21,470"
6240478,스카이디지탈 SKY SB101,"정품_23,310","정품_23,310","정품_23,310","정품_23,310"
11226789,스카이디지탈 SKY SB102,"정품_25,900","정품_25,900","정품_25,900","정품_25,900"
6005494,스캔소닉 PA4601,"정품_34,890","정품_34,890","정품_34,890","정품_34,890"
98777495,스킨플레이어 내셔널지오그래픽 NGM-MBS,"정품_37,810","정품_37,810","정품_37,810","정품_37,810"
30128006,스틸시리즈 Alias,"정품_299,000|해외구매_279,210","정품_299,000|해외구매_279,210","정품_299,000|해외구매_279,210","정품_299,000|해외구매_279,210"
18382955,스틸시리즈 Arena 3,"정품_185,070|해외구매_114,300","정품_185,070|해외구매_114,300","정품_185,070|해외구매_114,300","정품_185,070|해외구매_114,300"
5590428,스피티 몬스터 M3,"정품_45,990","정품_45,990","정품_45,990","정품_48,990"
99324044,써드라인 접이식 캠핑 랜턴 스피커 Y20,"정품_51,560","정품_51,560","정품_52,150","정품_52,150"
65309282,쏘빗 B10 사운드바,"정품_156,130","정품_156,130","정품_156,130","정품_156,130"
39104705,쏘빗 휴대용 미니 블루투스 스피커 D1,"18,810","18,810","18,760","18,630"
79860329,아남전자 A-RT80,"정품_27,640","정품_27,640","정품_27,600","정품_27,540"
15659522,아남전자 ATX-15BT,"19,430","19,410","19,800","19,740"
3357276,아남전자 BTA-301,"정품_17,860","정품_17,670","정품_17,670","정품_17,670"
98411192,아남전자 R50,"정품_33,770","정품_33,760","정품_33,890","정품_33,890"
100843223,아워스7 루멘 OSPA1,"정품_29,900","정품_29,900","정품_29,900","정품_29,900"
20274605,아이노비아 오르미 ORM1,"24,900","24,900","24,900","24,900"
4014735,아이담테크 BT-88,"정품_12,890","정품_12,890","정품_12,890","정품_12,890"
27944513,아이러브캐릭터 몰랑이 블루투스 스피커 PSBTS-ML001,"21,240","22,000","22,000","22,000"
6538935,아이리버 EQwear-S10,"블랙_33,350","블랙_33,350","블랙_33,350","블랙_33,350"
11556389,아이리버 EQwear-SB7,"정품_16,500","정품_16,500","정품_16,500","정품_16,500"
17210180,아이리버 EQwear-SBT3,"정품_39,800","정품_39,800","정품_39,800","정품_39,800"
19490573,아이리버 IBS-200,"정품_14,500","정품_14,500","정품_14,500","정품_14,500"
13352654,아이리버 IBS-300,"블랙_16,590|화이트_19,410","블랙_16,590|화이트_19,410","블랙_16,590|화이트_19,410","블랙_16,590|화이트_19,410"
3519004,아이리버 IBS-400,"블랙_30,690|화이트_30,750","블랙_30,690|화이트_30,750","블랙_30,690|화이트_30,750","블랙_30,690|화이트_30,750"
17230538,아이리버 IBS-700,"정품_20,900","정품_20,900","정품_21,390","정품_21,390"
42204506,아이리버 IBS-A1,"50,000","50,000","50,000","50,000"
27987545,아이리버 IBS-E50,"정품_25,500","정품_25,500","정품_25,500","정품_25,500"
124260546,아이리버 IBS-J08,"정품_29,900","정품_29,900","정품_29,900","정품_29,900"
29888051,아이리버 IBS-S150,"정품_14,250","정품_14,250","정품_14,250","정품_14,250"
124260557,아이리버 IBS-V100,"정품_39,330","정품_39,330","정품_39,900","정품_39,900"
124260567,아이리버 IBS-V200,"정품_51,880","정품_51,880","정품_51,870","정품_51,870"
17293784,아이리버 IBS-Z70,"29,950","29,880","29,830","29,760"
17625152,아이리버 IM-200,"24,190","24,190","24,190","24,190"
17581964,아이리버 IM-400,"정품_39,850","정품_39,780","정품_39,740","정품_39,670"
5549825,아이리버 IR-S50 WOODEN BLOCK,"정품_24,500","정품_24,500","정품_24,500","정품_24,500"
15061646,아이리버 IR-SB1,"정품_23,800","정품_23,800","정품_23,800","정품_23,800"
5551824,아이리버 IR-SB200,"정품_32,890","정품_32,890","정품_32,890","정품_32,890"
16720247,아이리버 IR-SB560,"정품_29,800","정품_29,800","정품_29,800","정품_29,800"
18271745,아이리버 IRC-SB60,"정품_19,800","정품_19,800","정품_19,800","정품_19,800"
18851957,아이리버 IRC-SB70,"정품_25,900","정품_25,900","정품_25,900","정품_25,900"
88233608,아이리버 ISW-RS01,"정품_85,000","정품_85,000","정품_85,000","정품_85,000"
99944735,아이리버 Mplayer Venice,"정품_289,000","정품_289,000","정품_289,000","정품_289,000"
2222079,아이리버 블랭크 사운드 드럼 BTS-D1,"정품_36,800","정품_36,800","정품_36,800","정품_36,800"
4968991,아이리버 블랭크 사운드 드럼 BTS-D1 시즌2,"정품_36,800","정품_36,800","정품_36,800","정품_36,800"
4944792,아이리버 블랭크 사운드 램프,"정품_82,010","정품_82,010","정품_82,010","정품_82,010"
5721243,아이리버 사운드 에펠 TWS-EF7,"1개, 정품_61,360|2개, 정품_113,360","1개, 정품_61,360|2개, 정품_113,360","1개, 정품_61,360|2개, 정품_113,360","1개, 정품_61,360|2개, 정품_113,360"
28801940,아이리버 사운드모션 프로 ISB-L10,"39,900","39,900","39,900","39,900"
5519840,아이리버 스폰지 IR-BT200,"정품_29,900","정품_29,900","정품_29,900","정품_29,900"
27576851,아이리버 아트로 ISB-M01,"52,450","53,450","53,450","53,450"
5552551,아이리버 우든 박스 IR-R1000,"정품_123,580","정품_123,580","정품_123,580","정품_123,580"
100189919,아이스토리 CH-M2,"정품_24,560","정품_25,270","정품_25,270","정품_25,270"
92545133,아이스트림즈 SR05D,"정품_214,000","정품_214,000","정품_214,000","정품_214,000"
92545292,아이스트림즈 SR07D,"정품_244,000","정품_244,000","정품_244,000","정품_244,000"
6021161,아이온오디오 Flash Cube,"정품_114,910","정품_114,910","정품_114,910","정품_114,910"
5583710,아이온오디오 Helios,"정품_48,900","정품_48,900","정품_48,900","정품_48,900"
5885639,아이온오디오 스펙트라붐,"정품_179,600","정품_179,600","정품_179,600","정품_179,600"
5583439,아이온오디오 파티 스타터,"정품_26,340","정품_26,340","정품_26,620","정품_26,620"
10429269,아이온코리아 BOSSWIZ BOS-502U,"정품_21,000","정품_21,000","정품_21,000","정품_21,000"
14363717,아이온코리아 BOSSWIZ BOS-G102U,"정품_43,120","정품_43,110","정품_43,110","정품_43,110"
18914423,아이온코리아 BOSSWIZ BOS-GS350U,"정품_22,900","정품_22,900","정품_22,900","정품_22,900"
10672644,아이온코리아 BOSSWIZ BOS-N10,"정품_38,380","정품_38,380","정품_38,380","정품_38,380"
4840541,아이온코리아 BOSSWIZ BS80,"정품_16,280","정품_16,280","정품_16,280","정품_16,280"
2813116,아이온코리아 BOSSWIZ BTS-X3020,"22,590","22,590","22,590","22,590"
13809899,아이온코리아 BOSSWIZ OCS-S20,"정품_28,680","정품_28,680","정품_28,680","정품_28,680"
1889994,아이온코리아 BOSSWIZ SP-330,"정품_47,080","정품_47,080","정품_47,590","정품_47,590"
11719307,아이온코리아 BOSSWIZ SP-335 RGB,"정품_26,760","정품_26,760","정품_26,760","정품_26,760"
5875695,아이온코리아 PLANTIUM DS-W10,"정품_17,310","정품_17,310","정품_17,510","정품_17,550"
6188985,아이온코리아 PLANTIUM SP-500U,"정품_15,900","정품_15,900","정품_15,900","정품_15,900"
824611,아이온코리아 YAKIMA SP-747,"정품_26,360","정품_26,360","정품_26,500","정품_26,500"
14325200,아이존아이앤디 EZ ECHO4400,"그레이_79,376|레드_79,376","그레이_79,376|레드_79,376","그레이_79,376|레드_79,376","그레이_79,376|레드_79,376"
3545891,아이존아이앤디 EZ-Z10,"정품_22,990","정품_22,990","정품_22,990","정품_22,990"
3320184,아이컨버젼스 Orange Box,"정품_42,500","정품_42,500","정품_42,500","정품_42,500"
11390502,아임커머스 UM2 UMWHBT10,"54,360","54,360","54,360","54,360"
72719435,아임커머스 코비 AP290,"26,840","26,840","26,840","26,840"
13311116,아임커머스 코비 CMB9,"22,710","22,710","22,710","22,710"
54326900,아임커머스 코비 CRF-20B,"26,800","26,800","26,800","26,800"
100757720,아임커머스 코비 CRF-30B,"정품_29,150","정품_29,150","정품_29,460","정품_29,460"
67679870,아임커머스 코비 CRF-35B,"26,390","26,390","26,390","26,390"
13166573,아임커머스 코비 CSBT70,"16,570","16,570","16,570","16,570"
9534753,아크로아이앤티 S1,"7,670","7,670","7,670","7,670"
49647662,아크로아이앤티 S5,"19,800","19,800","19,800","19,800"
37825814,알라딘그룹 호매틱스 Sound and Sound,"정품_159,000","정품_159,000","정품_159,000","정품_159,000"
5883840,알리오 붐,"정품_14,400","정품_14,400","정품_14,400","정품_14,400"
5702145,알텍랜싱 One,"정품_171,680","정품_171,680","정품_171,680","정품_171,680"
5863604,알텍랜싱 PYRE MAX,"정품_32,490","정품_32,490","정품_32,490","정품_32,490"
6405387,애니게이트이앤씨 BT-Q1LF,"34,290","34,290","34,290","34,290"
6486231,애니게이트이앤씨 BT-Q2,"28,600","28,600","28,600","28,600"
8839046,애니게이트이앤씨 Egg Mommy BSL-1,"16,600","16,600","16,600","16,600"
79115129,액센 BS53,"정품_31,990","정품_31,990","정품_32,000","정품_32,000"
6222596,액티몬 ACTIMON-S100,"23,500","23,500","23,500","23,510"
122722057,앱솔루먼트 PRODIGE,"해외구매_1,149,000","해외구매_1,149,000","해외구매_1,149,000","해외구매_1,149,000"
12087401,앱코 BEATONIC BBS150,"34,880","34,850","34,780","34,720"
12025094,앱코 BEATONIC BBS160,"9,900","9,900","9,900","9,900"
11813773,앱코 BEATONIC BCX100,"85,000","85,000","85,000","85,000"
11814046,앱코 BEATONIC BCX110,"165,000","165,000","165,000","165,000"
12730994,앱코 BEATONIC BFA10,"35,500","35,500","35,500","35,500"
11568731,앱코 BEATONIC BSL110,"9,900","9,900","9,900","9,900"
11800375,앱코 BEATONIC BSL120,"12,900","12,900","12,900","12,900"
2443442,앱코 BONITA SP1,"블랙/레드_24,590|블랙/블랙_7,000|블랙/화이트_24,590","블랙/레드_24,590|블랙/블랙_7,000|블랙/화이트_24,590","블랙/레드_24,590|블랙/블랙_7,000|블랙/화이트_24,590","블랙/레드_24,590|블랙/블랙_7,000|블랙/화이트_24,590"
2117310,앱코 BONITA SP10,"화이트/레드_125,090","화이트/레드_125,090","화이트/레드_125,090","화이트/레드_125,090"
9832332,앱코 HACKER MP300,0,0,"정품_55,430","정품_59,490"
5409620,앱코 HACKER S1000,"블랙_23,900|화이트_23,900|중고_10,000","블랙_23,900|화이트_23,900|중고_10,000","블랙_23,900|화이트_23,900|중고_10,000","블랙_23,900|화이트_23,900|중고_10,000"
7695307,앱코 HACKER S500AC,"블랙_22,800|화이트_22,800","블랙_22,800|화이트_22,800","블랙_22,800|화이트_22,800","블랙_22,800|화이트_22,800"
60169244,앱코 MP3400,"정품_34,000","정품_34,000","정품_34,000","정품_34,000"
10425066,앱코 MP400,"블랙_26,000|화이트_26,000","블랙_26,000|화이트_26,000","블랙_26,000|화이트_26,000","블랙_26,000|화이트_26,000"
73691906,앱코 MP50,"정품_12,900","정품_12,900","정품_12,900","정품_12,900"
14689895,앱코 MP500,"정품_123,770","정품_123,770","정품_123,770","정품_123,770"
11545121,앱코 S1200AC,"정품_18,000","정품_18,000","정품_18,000","정품_18,000"
12320138,앱코 S1300,"정품_154,240","정품_154,240","정품_154,240","정품_154,240"
28209116,앱코 S1500V,"정품_17,900","정품_17,900","정품_17,900","정품_17,900"
18851717,앱코 S550,"블랙_17,000|화이트_17,000","블랙_17,000|화이트_17,000","블랙_17,000|화이트_17,000","블랙_17,000|화이트_17,000"
30126911,앱코 S600,"블랙_26,000|화이트_26,000","블랙_26,000|화이트_26,000","블랙_26,000|화이트_26,000","블랙_26,000|화이트_26,000"
19362698,앱코 SLP20,"정품_4,200","정품_4,200","정품_4,200","정품_4,200"
10455414,앱코 SP200 Hybrid,"정품_13,000","정품_13,000","정품_13,000","정품_13,000"
15845849,앱코 SP220 Hybrid,"정품_13,000","정품_13,000","정품_13,000","정품_13,000"
16396205,앱코 SP250BT,"정품_24,000","정품_24,000","정품_24,000","정품_24,000"
9398949,앱코 SP400,"블랙_24,400|실버_23,490|화이트_26,500","블랙_24,400|실버_23,490|화이트_26,500","블랙_24,400|실버_23,490|화이트_26,500","블랙_24,400|실버_23,490|화이트_26,500"
97357391,앱코 SP48 사운드바 스피커,"정품_16,730","정품_16,730","정품_16,650","정품_16,650"
30559571,앱코 SP530BT,"정품_38,000","정품_38,000","정품_38,000","정품_38,000"
104987441,앱코 SP56 그래비티 게이밍 스피커,"블랙_29,800|화이트_28,910","블랙_28,300|화이트_28,300","블랙_28,300|화이트_28,290","블랙_28,300|화이트_28,290"
40019027,야마하 CS-800,"정품_980,000|해외구매_854,000","정품_980,000|해외구매_854,000","정품_980,000|해외구매_854,000","정품_980,000|해외구매_854,000"
18387260,야마하 MS101-4,"1통, 정품_213,690|1통, 해외구매_190,000|정품_423,530","1통, 정품_213,690|1통, 해외구매_190,000|정품_423,530","1통, 정품_213,690|1통, 해외구매_190,000|정품_423,530","1통, 정품_213,690|1통, 해외구매_190,000|정품_423,530"
78976811,야마하 WS-B1A,"해외구매_129,490","해외구매_127,990","해외구매_127,990","해외구매_127,990"
6553592,야마하 WX-051,"해외구매_803,200",0,0,0
14688203,야모 S801PM,"정품_375,040|해외구매_398,000","정품_375,040|해외구매_398,000","정품_375,010|해외구매_398,000","정품_375,000|해외구매_398,000"
19747775,야인컴퓨터 YAIN YS-B01,"블랙_8,980|화이트_10,000","블랙_8,980|화이트_10,000","블랙_8,980|화이트_10,000","블랙_8,980|화이트_10,000"
9586875,어반이어스 Ralis,"정품_298,000","정품_298,000","정품_298,000","정품_298,000"
14977745,에디파이어 D12,"해외구매_81,800","해외구매_81,800","해외구매_81,800","해외구매_81,800"
78984746,에디파이어 D32,"정품_219,000|해외구매_169,110","정품_219,000|해외구매_169,040","정품_219,000|해외구매_169,000","정품_219,000|해외구매_168,880"
97778090,에디파이어 ES20,"정품_79,000|해외구매_66,490","정품_79,000|해외구매_66,490","정품_79,000|해외구매_66,440","정품_79,000|해외구매_66,370"
100326341,에디파이어 ES300,"정품_308,000","정품_308,000","정품_308,000","정품_308,000"
96581588,에디파이어 ES60,"정품_159,000|해외구매_156,140","정품_159,000|해외구매_156,140","정품_159,000|해외구매_156,140","정품_159,000|해외구매_156,140"
44414258,에디파이어 G1000,"해외구매_118,940","해외구매_118,940","해외구매_118,940","해외구매_118,940"
28126331,에디파이어 G1500,"해외구매_108,490","해외구매_108,490","해외구매_108,490","해외구매_108,490"
44413943,에디파이어 G1500 BAR,"해외구매_86,400","해외구매_86,400","해외구매_86,400","해외구매_86,400"
44413838,에디파이어 G1500 MAX,"해외구매_288,000","해외구매_288,000","해외구매_288,000","해외구매_288,000"
44414162,에디파이어 G1500 SE,"해외구매_28,890","해외구매_28,890","해외구매_28,890","해외구매_28,890"
44414390,에디파이어 G2000,"해외구매_96,100","해외구매_96,100","해외구매_96,100","해외구매_96,100"
103481168,에디파이어 G2000 PRO,"정품_185,070|해외구매_180,890","정품_198,990|해외구매_180,890","정품_198,990|해외구매_180,890","정품_198,990|해외구매_180,890"
28126931,에디파이어 G5000,"해외구매_1,393,820","해외구매_1,393,820","해외구매_1,393,820","해외구매_1,393,820"
95425535,에디파이어 Halo 2.0 SE (QR30),"정품_169,000|해외구매_127,420","정품_169,000|해외구매_127,420","정품_169,000|해외구매_127,420","정품_169,000|해외구매_127,420"
75939563,에디파이어 Halo2.0 (QR65),"정품_419,000|해외구매_250,710","정품_419,000|해외구매_250,710","정품_419,000|해외구매_250,710","정품_419,000|해외구매_250,710"
27612119,에디파이어 M0,"해외구매_16,840","해외구매_16,840","해외구매_16,840","해외구매_16,840"
97905965,에디파이어 M16 Pro,"해외구매_77,554","해외구매_77,432","해외구매_77,569","해외구매_77,569"
18714065,에디파이어 M230,"해외구매_67,540","해외구매_67,540","해외구매_67,540","해외구매_67,540"
75375611,에디파이어 M30 플러스,"해외구매_37,920","해외구매_37,920","해외구매_37,920","해외구매_37,920"
43656974,에디파이어 MG300,"해외구매_91,490","해외구매_91,490","해외구매_91,490","해외구매_91,490"
122710540,에디파이어 MP330,"정품_165,000|","정품_165,000|","정품_165,000|","정품_165,000|"
54328448,에디파이어 MP85,"해외구매_24,790","해외구매_24,780","해외구매_24,780","해외구매_24,770"
124259452,에디파이어 MR4 MKII,"해외구매_186,850","해외구매_186,850","해외구매_186,850","해외구매_186,850"
97839788,에디파이어 QD25,"정품_159,000|해외구매_143,090","정품_159,000|해외구매_143,090","정품_159,000|해외구매_143,090","정품_159,000|해외구매_143,090"
43530407,에디파이어 QD35,"해외구매_184,490","해외구매_184,490","해외구매_184,490","해외구매_184,490"
97839923,에디파이어 QS20,"정품_79,000|해외구매_44,210","정품_79,000|해외구매_44,210","정품_79,000|해외구매_44,210","정품_79,000|해외구매_44,210"
76875335,에디파이어 QS30,"정품_84,820|해외구매_74,790","정품_84,820|해외구매_74,790","정품_84,820|해외구매_83,490","정품_84,820|해외구매_83,490"
13085657,에디파이어 R-1700BT,"해외구매_113,406","해외구매_113,226","해외구매_113,428","해외구매_113,428"
28124996,에디파이어 R-1700BT+,"해외구매_112,740","해외구매_112,740","해외구매_112,740","해외구매_112,740"
66041669,에디파이어 R101V,"해외구매_43,530","해외구매_43,530","해외구매_43,520","해외구매_43,520"
16299758,에디파이어 R1080BT,"해외구매_110,390","해외구매_110,390","해외구매_110,390","해외구매_110,390"
97225982,에디파이어 R1200T II,"해외구매_138,160","해외구매_138,160","해외구매_138,160","해외구매_138,160"
19074365,에디파이어 R12U,"해외구매_32,841","해외구매_32,789","해외구매_32,847","해외구매_32,847"
28126652,에디파이어 R19BT,"해외구매_53,200","해외구매_51,520","해외구매_51,520","해외구매_51,520"
28331051,에디파이어 R980T,"해외구매_166,500","해외구매_166,500","해외구매_166,500","해외구매_166,500"
75858764,에디파이어 R990BT,"정품_129,000|해외구매_147,840","정품_129,000|해외구매_160,690","정품_129,000|해외구매_160,690","정품_129,000|해외구매_160,690"
16795634,에디파이어 S1000MKII,"해외구매_274,800","해외구매_274,800","해외구매_274,800","해외구매_274,800"
16637642,에디파이어 S2000MKIII,"해외구매_324,740","해외구매_324,740","해외구매_324,740","해외구매_324,740"
124259490,에디파이어 S201 MKII,"해외구매_324,570","해외구매_324,570","해외구매_324,570","해외구매_324,570"
14975657,에디파이어 S360DB,"해외구매_1,944,290","해외구매_1,944,290","해외구매_1,944,280","해외구매_1,944,270"
13698365,에디파이어 S880,"해외구매_227,650","해외구매_227,590","해외구매_227,580","해외구매_227,520"
122930808,에디파이어 T5s,"정품_199,000|해외구매_189,300","정품_199,000|해외구매_189,240","정품_199,000|해외구매_189,190","정품_199,000|해외구매_189,190"
2673063,에디파이어 e25 Luna Eclipse,"해외구매_526,500",0,0,0
2136477,에이데이타코리아 DDZONE DS-800,"블랙레드_12,600|화이트레드_12,600","블랙레드_12,600|화이트레드_12,600","블랙레드_12,600|화이트레드_12,600","블랙레드_12,600|화이트레드_12,600"
3571836,에이데이타코리아 DDZONE DS-900,"정품_9,000","정품_9,000","정품_9,000","정품_9,000"
6709207,에이데이타코리아 DDZONE DS-BT2000,"17,400","17,400","17,400","17,400"
6125490,에이데이타코리아 DDZONE DS-U10,"정품_14,670","정품_14,670","정품_14,670","정품_14,670"
15183935,에이데이타코리아 DDZONE DS-U1050,"정품_31,920","정품_31,920","정품_31,920","정품_31,920"
2837064,에이데이타코리아 DDZONE DS-U50,"정품_9,500","정품_9,500","정품_9,500","정품_9,500"
2844925,에이데이타코리아 DDZONE DS-U70,"정품_8,790","정품_8,790","정품_8,790","정품_8,790"
6346283,에이원오디오 AURORA 1,"정품_430,090","정품_430,090","정품_430,090","정품_430,090"
21372446,에이치앤오 P7,"28,740","27,600","27,600","27,600"
28191647,에이치커머스 카스텐 오디오 어쿠스틱 시리즈 원 KA-AS1,"75,400","75,400","76,970","82,170"
60167258,에이투 붐 3,"29,900","29,900","29,900","29,900"
30096278,에이투 붐 5,"정품_49,900","정품_49,900","정품_49,900","정품_49,900"
28245551,에이튜브 A100U,"정품_23,840","정품_23,840","정품_23,840","정품_23,840"
16095458,에이튜브 A101V,"정품_38,480","정품_38,480","정품_38,480","정품_38,480"
97839344,에이튜브 A200U,"블랙_28,490|우드_28,400","블랙_28,490|우드_28,400","블랙_28,490|우드_28,400","블랙_28,490|우드_28,400"
62789708,에이튜브 A30RB,"정품_32,000","정품_32,000","정품_32,000","정품_32,000"
12972620,에이튜브 A450V,"정품_43,000","정품_43,000","정품_43,000","정품_43,000"
18986657,에이튜브 A502V,"정품_89,000","정품_89,000","정품_89,000","정품_89,000"
12308771,에이튜브 A601V,"정품_92,900","정품_92,900","정품_92,900","정품_92,900"
16396739,에이튜브 A701RV,"정품_134,990","정품_134,990","정품_134,990","정품_134,990"
16633046,에이튜브 A801RV,"정품_230,000","정품_230,000","정품_230,000","정품_230,000"
17565497,에이튜브 A901VU,"정품_159,000|중고_98,000","정품_159,000|중고_98,000","정품_159,000|중고_98,000","정품_159,000|중고_98,000"
16036919,엔터빅 ET-V80,"59,900","59,900","59,900","59,900"
16372331,엘디네트웍스 Anyport AP-JH71C,"정품_5,300","정품_5,170","정품_5,170","정품_5,170"
16372508,엘디네트웍스 Anyport AP-JH71U,"정품_5,970","정품_5,970","정품_5,980","정품_5,940"
55453184,엘디네트웍스 포미니 미피 블루투스 스피커 AP-MIFFYMBS100,"32,800","32,800","32,800","32,800"
5746251,엘리시움 IRON MINI 레트로 클래식,"정품_79,000","정품_79,000","정품_79,000","정품_79,000"
14217236,엠비에프 MBF-USB71C 사운드카드,"정품_4,450","정품_4,450","정품_4,450","정품_4,450"
18640829,엠소닉 SAVER,"189,490","189,490","189,490","189,490"
100696226,엠지텍 들리움,"99,800","99,800","99,800","99,800"
12703322,엠지텍 락 클래식 A50,"148,300","148,300","148,300","148,300"
6139084,엠지텍 락 클래식 Q80 미니,"121,570","121,570","121,570","121,570"
12580598,엠지텍 마제스티7,"146,900","146,900","146,900","146,900"
12580037,엠지텍 우드클래식,"정품_96,900","정품_96,900","정품_96,900","정품_96,900"
88235252,엠피맨코리아 웨어러블 클립 스피커 MP-11,"정품_18,140","정품_18,140","정품_18,140","정품_18,140"
9764802,엠피보스 MS-BTS10,"음원미포함_26,800","음원미포함_26,800","음원미포함_29,790","음원미포함_29,790"
88234457,엠피보스 MS-MLBTS5,"정품_21,900","정품_21,900","정품_21,900","정품_21,900"
14623076,오디오엔진 A1,"정품_249,000|해외구매_390,890","정품_249,000|해외구매_390,830","정품_249,000|해외구매_390,820","정품_249,000|해외구매_390,760"
7565926,오디오엔진 A2+ Wireless,"정품_369,000|+ 메탈 스탠드_383,800|해외구매_383,040","정품_369,000|+ 메탈 스탠드_383,800|해외구매_383,040","정품_369,000|+ 메탈 스탠드_383,800|해외구매_383,040","정품_369,000|+ 메탈 스탠드_383,800|해외구매_383,040"
100621292,오디오엔진 A2+ Wireless Next Gen,"정품_399,000","정품_399,000","정품_399,000","정품_399,000"
7568113,오디오엔진 A5+ Wireless,"정품_594,000|해외구매_1,640,700","정품_594,000|해외구매_1,640,700","정품_594,000|해외구매_1,640,700","정품_594,000|해외구매_1,640,700"
3232773,오디오엔진 B2,"정품_318,000","정품_318,000","정품_318,000","정품_318,000"
5513476,오디오엔진 HD3,"정품_494,510|해외구매_536,250","정품_494,500|해외구매_536,250","정품_494,500|해외구매_543,140","정품_494,500|해외구매_543,140"
15725510,오디오엔진 HD4,"정품_713,900|해외구매_889,480","정품_713,900|해외구매_889,480","정품_713,900|해외구매_889,480","정품_713,900|해외구매_889,480"
5512988,오디오엔진 HD6,"정품_998,000","정품_998,000","정품_998,000","정품_998,000"
15090668,오디오엔진 NEW HD6,"정품_998,000","정품_998,000","정품_998,000","정품_998,000"
76329419,오디오테크니카 AT-SP105,"정품_89,000","정품_89,000","정품_89,000","정품_89,000"
76329632,오디오테크니카 AT-SP3X,"정품_265,050","정품_265,050","정품_265,050","정품_256,680"
16267337,오디오테크니카 AT-SP95,"정품_43,120|해외구매_39,800","정품_43,120|해외구매_39,800","정품_43,120|해외구매_39,800","정품_43,120|해외구매_39,800"
3201421,오디오테크니카 AT2020USB,"정품_239,800","정품_239,800","정품_239,800","정품_239,800"
96776288,오디오테크니카 AT2020USB-XP,"정품_257,000|해외구매_305,290","정품_257,000|해외구매_305,220","정품_257,000|해외구매_305,180","정품_257,000|해외구매_305,100"
6363989,오디오테크니카 AT9934USB,"정품_134,000","정품_134,000","정품_134,000","정품_134,000"
12578429,오디오트랙 ATM-70E,"정품_35,000","정품_35,000","정품_35,000","정품_35,000"
4864054,오디오트랙 프로디지 HD2 BLACK EDITION,"정품_56,640","정품_56,640","정품_56,640","정품_56,640"
30197819,오디오프로 Addon C10 MkII,"해외구매_964,630","해외구매_964,630","해외구매_964,630","해외구매_964,630"
19815893,오디오프로 Addon T3+,"정품_178,980","정품_178,940","정품_178,850","정품_178,780"
12998126,오로라모바일 Re:QM TELE-B SB-TB001,"16,380","16,380","16,380","16,380"
58019177,오브룸 아이아이 맥스 블루투스 스피커 OV-BS02,"66,310","66,310","66,310","66,310"
58019189,오브룸 아이아이 클래식 블루투스 스피커 OV-BS03,"173,520","173,520","173,520","173,520"
19583477,오아 글로우벨,"39,805","39,805","39,805","39,805"
100449608,오아 디퓨저 턴테이블 스피커,"정품_33,160","정품_33,160","정품_33,160","정품_33,160"
19585973,오아 미니 턴테이블 블루투스 스피커,"37,900","37,900","37,900","37,900"
8466303,오아 아이브릭 OA-SP600,"정품_24,010","정품_24,000","정품_24,000","정품_23,990"
99128570,오아 촛불후 스피커,"정품_29,010","정품_29,010","정품_29,000","정품_29,000"
99128201,오아 탭탭 블루투스 스피커,"정품_29,900","정품_29,900","정품_29,900","정품_29,900"
30257234,오케이마트 OMT OBS-ED1,"1개_141,920","1개_141,920","1개_141,920","1개_141,920"
30257054,오케이마트 OMT OBS-SC1BT,"1개_123,770","1개_123,770","1개_123,770","1개_123,770"
7010281,오케이마트 OMT OBS-WP9,"7,890","7,890","7,890","7,890"
11246997,오퍼스원 댄싱 로봇 씽고,"129,000","129,000","129,000","129,000"
19278731,오피아컴 블루사운드 BS-S200,"정품_9,410","정품_9,410","정품_9,410","정품_9,410"
15209678,오피아컴 블루사운드 BS-S300,"정품_18,810","정품_18,810","정품_18,810","정품_18,810"
19562327,오피아컴 블루사운드 BS-S400,"정품_19,270","정품_19,250","정품_19,250","정품_19,250"
31962314,온꿈사 투랩 달 무드등 턴테이블 블루투스 스피커,"32,190","32,190","32,190","32,190"
21195755,온꿈사 투랩 턴테이블 블루투스 스피커 TL-29,0,"30,340","30,340","30,340"
94692767,온쿄 CREATOR SERIES GX-10DB,"해외구매_554,100","해외구매_554,100","해외구매_554,100","해외구매_554,100"
94692458,온쿄 CREATOR SERIES GX-30ARC,"해외구매_777,360","해외구매_777,360","해외구매_777,360","해외구매_777,360"
101627657,우드쇼 Y129,"정품_70,570","정품_70,570","정품_71,970","정품_73,000"
28085189,우리투비 블루투스 방수 스피커 SM S1,"7,480","7,480","7,470","7,470"
28494977,웨일테일 자동차 블루투스 스피커 WT-A9,"71,610","71,610","71,610","71,610"
10619181,위드뉴 사운드폼 SF-10,"64,170","64,170","64,170","64,170"
10546824,위드앤올 WNA-RS1,"27,530","27,530","28,400","27,530"
15840839,위자드스톤 비센드 하울링 BS-BT10,"34,500","34,500","34,500","34,500"
33384965,위젤 오랜웰 OR-S525,"정품_10,280","정품_10,280","정품_10,280","정품_10,280"
17793386,위젤 오랜웰 OR-S70RGB,"정품_9,900","정품_9,900","정품_9,900","정품_9,900"
56497622,유니공작소 아리스노보 콘덴서 USB 마이크 스페셜 에디션 200,"36,940","36,940","36,940","36,940"
101542628,유비플러스 dB1 더블베이스,"정품_490,000","정품_490,000","정품_490,000","정품_490,000"
20746775,유진정밀 모리모리 라스모 스피커 LM1701WH,"129,000","129,000","129,000","129,000"
16308362,유커머스 UC-CP128,"정품_20,370","정품_20,370","정품_20,370","정품_20,370"
16187252,유커머스 UC-CP129,"정품_15,520","정품_15,520","정품_15,520","정품_15,520"
2605749,이노젠 BLOOM,"32,590","32,590","32,590","32,590"
14028377,이지넷유비쿼터스 넥스트 NEXT-AV2305 사운드카드,"정품_3,900","정품_3,900","정품_3,900","정품_3,900"
14028656,이지넷유비쿼터스 넥스트 NEXT-AV2306 사운드카드,"정품_4,100","정품_4,100","정품_4,100","정품_4,100"
99911348,이케아 VAPPEBY,"정품_19,660","정품_19,660","정품_19,660","정품_19,660"
101625872,이케아 VAPPEBY 3세대,"정품_77,690","정품_77,690","정품_77,690","정품_77,690"
14915174,인네트워크 IN-U51GB,정품_940,정품_940,정품_940,정품_940
14914859,인네트워크 IN-U71CS,"정품_4,790","정품_4,790","정품_4,790","정품_4,790"
14914754,인네트워크 IN-U71CW,"정품_1,300","정품_1,300","정품_1,300","정품_1,300"
14914256,인네트워크 IN-U71GB,"정품_3,300","정품_3,300","정품_3,300","정품_3,300"
15164747,인네트워크 IN-U71ST4S,"정품_6,750","정품_6,750","정품_6,750","정품_6,750"
14547209,인네트워크 IN-U71WN 사운드카드,"정품_5,640","정품_5,640","정품_5,640","정품_5,640"
122699179,"인네트워크 IN-UST4, USB-A to 3.5 스테레오 메탈 사운드카드","6,100","6,100","6,100","6,100"
27866546,인켈 ARIA IK-WS3,"119,460","119,460","119,460","119,460"
2948247,인켈 EXCAPE EXM-40,"57,630","57,630","57,630","57,630"
2317242,인켈 EXM-50,"정품_45,000","정품_45,000","정품_45,000","정품_45,000"
14226698,인켈 IK-BT109,"정품_99,000","정품_99,000","정품_99,000","정품_99,000"
19395170,인켈 IK-BT31,"월넛_44,900|메이플_44,900","월넛_44,900|메이플_44,900","월넛_44,900|메이플_44,900","월넛_44,900|메이플_44,900"
16470815,인켈 IK-BT33C,"월넛_34,900|메이플_34,900","월넛_34,900|메이플_34,900","월넛_34,900|메이플_34,900","월넛_34,900|메이플_34,900"
36706556,인켈 IK-BT53,"블랙_59,000|아이보리_55,460","블랙_59,000|아이보리_59,000","블랙_59,000|아이보리_59,000","블랙_59,000|아이보리_59,000"
27985844,인켈 IK-BT55C,"블랙_69,000|아이보리_69,000","블랙_69,000|아이보리_69,000","블랙_69,000|아이보리_69,000","블랙_69,000|아이보리_69,000"
27693917,인켈 IK-C350PS,"128,600","128,600","128,600","128,600"
19943987,인켈 IK-C35RS,"블랙_58,900|화이트_58,900","블랙_58,900|화이트_58,900","블랙_58,900|화이트_58,900","블랙_58,900|화이트_58,900"
27677900,인켈 IK-C390BS,"정품_179,000","정품_179,000","정품_179,000","정품_179,000"
27694397,인켈 IK-C707TS,"정품_169,000","정품_169,000","정품_169,000","정품_169,000"
12038120,인켈 IK-KM500,"46,000","46,000","46,000","46,000"
13513352,인켈 IK-KS1500,"정품_18,410","정품_18,410","정품_18,610","정품_18,610"
105813122,인켈 IK-S3050LP,"정품_84,000","정품_84,000","정품_84,000","정품_84,000"
97476827,인켈 IK-TS-11,"정품_6,890","정품_6,890","정품_6,890","정품_6,890"
15372878,인켈 IK-WA200,"정품_185,590","정품_185,590","정품_185,590","정품_185,590"
16590746,인켈 LOUNGE,"정품_332,500","정품_332,500","정품_332,500","정품_350,000"
53524673,인켈 MUSICAL,"정품_398,000","정품_398,000","정품_398,000","정품_398,000"
101096567,인켈 SIGNAL,"정품_116,420","정품_116,420","정품_116,420","정품_116,420"
28419455,인켈 SOUL IK-WS5,"75,530","75,530","75,530","75,530"
20247296,인켈 아날로그,"82,990","82,990","82,990","82,990"
28417691,일리안 마이튠 ONE,"149,000","149,000","149,000",0
28417997,일리안 마이튠 THREE,"169,000","169,000","169,000",0
28417901,일리안 마이튠 TWO,"159,000","159,000","159,000",0
28401449,잇라이프 라르츠 무드앤모어 불멍 스피커,"199,000","199,000","69,000","69,000"
15249218,잇라이프 라르츠 블루투스 스피커,"정품_199,000","정품_199,000","정품_199,000","정품_199,000"
5054982,자운드 TWIST MINI,"정품_28,290","정품_28,290","정품_28,290","정품_28,290"
5054984,자운드 Z3,"정품_27,300","정품_27,300","정품_27,300","정품_27,300"
5621121,제네바 Classic M,"정품_1,274,000|+ 스탠드_1,590,000|해외구매_1,444,000","정품_1,274,000|+ 스탠드_1,590,000|해외구매_1,444,000","정품_1,274,000|+ 스탠드_1,590,000|해외구매_1,444,000","정품_1,274,000|+ 스탠드_1,590,000|해외구매_1,444,000"
5620717,제네바 Classic S,"정품_637,000","정품_637,000","정품_637,000","정품_637,000"
67690895,제네바 Classic S 리미티드 에디션,0,0,"정품_790,000","정품_790,000"
124377106,제네바 Classic S+,0,0,"정품_664,990","정품_664,990"
17969996,제네바 DeCon S,"정품_760,000","정품_760,000","정품_760,000","정품_760,000"
98768534,제네바 DeCon XL,"정품_5,350,000","정품_5,350,000","정품_5,350,000","정품_5,350,000"
92893244,제네바 타임 디지털,"정품_510,000|해외구매_419,000","정품_510,000|해외구매_419,000","정품_510,000|해외구매_419,000","정품_510,000|해외구매_419,000"
25316930,제노브 베릭스 CT-25,"정품_26,100","정품_26,100","정품_26,100","정품_26,100"
27863702,제노브 베릭스 CT-27,"18,190","18,190","18,190","18,190"
5801261,제닉스 ARENA XWAVE SOUNDBAR,"정품_144,850","정품_144,850","정품_144,850","정품_144,850"
104593070,제닉스 TITAN SB3,"정품_19,900","정품_19,900","정품_19,900","정품_19,900"
75377531,제닉스 TITAN SB9,"블랙_79,000|화이트_95,910","블랙_79,000|화이트_95,790","블랙_79,000|화이트_95,790","블랙_79,000|화이트_95,790"
11300523,제닉스 TITAN STUDIO PRO,"정품_114,800","정품_114,800","정품_114,800","정품_114,800"
106705157,제닉스 TITAN V2,"정품_17,890","정품_17,890","정품_17,890","정품_17,890"
3575253,제이에스텍 5.1 사운드카드,"26,000","26,000","26,000","26,000"
54960395,제이인 BK102,"해외구매_208,500","해외구매_208,500","해외구매_208,500","해외구매_208,500"
8002738,젬스트 Canleen CDS-100,"정품_4,930","정품_4,930","정품_4,930","정품_4,930"
13461497,조이룸 MG-S01,"해외구매_27,630",0,0,0
99948107,조이트론 GM20U,"정품_19,800","정품_19,800","정품_19,800","정품_19,800"
13855748,조이트론 GM25U,"정품_21,800","정품_21,800","정품_21,800","정품_21,800"
14558414,조이트론 GM35U,"24,800","24,800","24,800","24,800"
14168201,조이트론 GM50U,"정품_74,490","정품_74,490","정품_74,490","정품_74,490"
17146058,조이트론 GM70U,"111,690","111,690","111,690","111,690"
76874153,조이트론 JBS50,"정품_50,130","정품_50,130","정품_50,130","정품_50,130"
97309595,조이트론 JBS70,"정품_39,800","정품_39,800","정품_39,800","정품_39,800"
100272410,조이트론 사일로,"정품_39,800","정품_39,800","정품_39,800","정품_39,800"
8313561,조이트론 스피어볼,"39,800","39,800","39,800","39,800"
18475295,주연테크 JSB01BT,"정품_39,900","정품_39,900","정품_39,900","정품_39,900"
15931052,지군코리아 GS-4000,"정품_18,960","정품_18,650","정품_18,650","정품_18,650"
11313429,지군코리아 GS-8000,"화이트 블루_9,660","화이트 블루_9,660","화이트 블루_9,800","화이트 블루_9,660"
14660105,지군코리아 GSP-270,"정품_18,900","정품_18,900","정품_18,900","정품_18,900"
14072201,지군코리아 VM-5500,"27,930","27,930","27,930","27,930"
10344168,지군코리아 VM-600,"정품_34,440","정품_34,440","정품_34,440","정품_34,440"
9253596,지군코리아 VM-700,"정품_49,800","정품_49,800","정품_49,800","정품_49,800"
14540669,지군코리아 VM-8050U,"27,500","27,500","27,500","27,500"
10344114,지군코리아 VM-900,"정품_64,000","정품_64,000","정품_64,000","정품_64,000"
59760743,지니스 비상 블루투스 넥스피커,"40,830","40,830","40,830","40,830"
9789072,지성아이엔씨 플라이토 댄싱 JsFDPo,"25,900","25,900","25,900","25,900"
64267958,지클릭커 슈퍼히어로 G-SHOT GBS10 RGB,"정품_17,300","정품_17,300","정품_17,300","정품_17,300"
62069390,지클릭커 슈퍼히어로 G-SHOT 트랜스 RGB 페어런트 우퍼 사운드바,"정품_19,800","정품_19,800","정품_19,800","정품_19,800"
78389066,지클릭커 울버햄튼 블루투스 스피커,"블랙_16,900|카키_16,900|화이트_16,900","블랙_16,900|카키_16,900|화이트_16,900","블랙_16,900|카키_16,900|화이트_16,900","블랙_16,900|카키_16,900|화이트_16,900"
8907008,청연MnS naVee NV46-COMS10,"32,620","32,620","32,620","32,620"
11701046,청연MnS naVee NV70-BTS10,"37,480","37,480","37,470","37,470"
54696554,청연MnS naVee NV70-BTS20,"브라운_44,900|다크브라운_49,890","브라운_44,900|다크브라운_49,890","브라운_44,900|다크브라운_49,890","브라운_44,900|다크브라운_49,890"
14079719,청연MnS naVee NV83-BM50,"33,000","33,000","33,000","33,000"
13130360,청연MnS naVee NV85-BM100,"35,000","35,000","35,000","35,000"
27477992,카렉스 X 테라 랜턴 블루투스 스피커 TB-02,"40,050","40,030","40,020","40,020"
31053764,카렉스 붐마스터 BAMBOO BT B308R,"86,240","86,240","86,240","86,240"
27627656,카렉스 붐마스터 BOOMBOX POWER 120,"정품_589,490","정품_589,490","정품_590,510","정품_589,490"
59926955,카렉스 붐마스터 BP-01,"32,150","32,150","32,150","32,150"
59927255,카렉스 붐마스터 DC-02,"60,610","60,610","60,610","60,610"
88234877,카렉스 붐마스터 JB-300,"정품_36,860","정품_36,860","정품_32,980","정품_32,980"
27695189,카렉스 붐마스터 SB-01,"79,000","79,000","79,000","79,000"
31054628,카렉스 붐마스터 SEUM-200,"199,500","199,500","199,500","199,500"
31054661,카렉스 붐마스터 X 진로 SEUM-200,"168,300","168,300","168,300","168,300"
13497437,카렉스 붐마스터 진로 JB-200,"32,070","32,070","32,070","32,070"
8151682,카렉스 빌보드 BM-M003,"40,000","40,000","40,000","40,000"
8180389,카렉스 빌보드 WV-01,"32,300","31,960","31,960","31,960"
6564404,카렉스 빌보드 레트로 올인원 RT-02,"37,900","37,900","37,900","37,900"
6354439,카렉스 빌보드 레트로 혼 RH-01,"218,000","218,000","218,000","218,000"
7883482,카렉스 빌보드 뱀부 B320R,"39,000","39,000","39,000","39,000"
6185547,카미노 마블 홈커밍 스파이더맨 미니,"63,740","63,740","63,740","63,740"
17790521,칸타빌 CM-3000,"정품_44,900","정품_44,900","정품_44,900","정품_44,900"
72755690,칸토오디오 ORA,"정품_489,000","정품_489,000","정품_489,000","정품_489,000"
75939521,칸토오디오 ORA4,"정품_620,000","정품_620,000","정품_620,000","정품_620,000"
104940302,칸토오디오 REN,"정품_898,000","정품_898,000","정품_898,000","정품_898,000"
104940029,칸토오디오 UKI,"정품_289,060","정품_289,060","정품_289,060","정품_289,060"
21700358,칸토오디오 YU2,"해외구매_392,960","해외구매_392,960","해외구매_392,960","해외구매_392,960"
32491349,칸토오디오 YU4,"해외구매_643,230","해외구매_643,230","해외구매_643,230","해외구매_643,230"
51816692,칸토오디오 YU6,"해외구매_966,960","해외구매_966,960","해외구매_966,960","해외구매_966,960"
5230565,캐논 RAYO BTS,"정품_42,350","정품_42,350","정품_42,350","정품_42,350"
5764004,캐논 RAYO DUAL BTS 아크릴,"정품_39,890","정품_39,890","정품_39,890","정품_39,890"
5763932,캐논 RAYO DUAL BTS 우드,"정품_39,900","정품_39,900","정품_39,900","정품_39,900"
9218751,캔스톤 ATP-1,"정품_38,900","정품_38,900","정품_38,900","정품_38,900"
18237209,캔스톤 C601 제페토,"70,180","70,180","70,180","70,180"
7350058,캔스톤 D1080MKII KR,"정품_349,000","정품_349,000","정품_349,000","정품_349,000"
73697690,캔스톤 F1BT,"블랙_69,030|화이트_69,030","블랙_69,030|화이트_69,030","블랙_65,070|화이트_65,070","블랙_65,070|화이트_65,070"
34369988,캔스톤 FX200,"블랙_22,900|화이트_22,900","블랙_22,900|화이트_22,900","블랙_22,900|화이트_22,900","블랙_22,900|화이트_22,900"
17770589,캔스톤 FX2021,"정품_29,220","정품_29,220","정품_29,220","정품_29,220"
16319117,캔스톤 FX5021,"정품_105,000","정품_105,000","정품_105,000","정품_105,000"
9623565,캔스톤 GX-201,"65,100","65,100","65,100","65,100"
3533127,캔스톤 H300 SoundTable,"정품_35,000","정품_35,000","정품_35,000","정품_35,000"
18917489,캔스톤 H5MKII,"정품_699,000","정품_699,000","정품_699,000","정품_699,000"
1484007,캔스톤 LX-350 Renovatio,"정품_99,000","정품_99,000","정품_99,000","정품_99,000"
6375000,캔스톤 LX-C500,"49,500","49,500","49,500","49,500"
4411144,캔스톤 LX15 스타크,"정품_208,650","정품_208,650","정품_208,650","정품_208,650"
79114994,캔스톤 M77BT AURORA,"정품_69,800","정품_69,800","정품_69,800","정품_69,800"
46740917,캔스톤 MT500,"119,000","119,000","119,000","119,000"
34369985,캔스톤 MX1,"블랙_29,520|화이트_25,690","블랙_29,760|화이트_25,690","블랙_29,760|화이트_25,690","블랙_29,760|화이트_25,690"
18895094,캔스톤 MX2400,"정품_119,000","정품_119,000","정품_119,000","정품_119,000"
2387823,캔스톤 R224,"정품_95,020","정품_95,020","정품_95,020","정품_95,020"
14019944,캔스톤 R30BT PLUS,"정품_200,160","정품_200,160","정품_208,490","정품_208,490"
13405271,캔스톤 R360,"정품_71,920","정품_71,920","정품_71,430","정품_71,430"
20148734,캔스톤 R40BT PLUS,"정품_198,000","정품_198,000","정품_198,000","정품_198,000"
46505846,캔스톤 R60BT,"블랙_198,000|화이트_198,000","블랙_198,000|화이트_198,000","블랙_198,000|화이트_198,000","블랙_198,000|화이트_198,000"
14563712,캔스톤 R770BT,"블랙_99,000|","블랙_99,000|","블랙_99,000|","블랙_99,000|"
18628514,캔스톤 S7BT,"정품_29,800","정품_29,800","정품_29,800","정품_29,800"
17770736,캔스톤 S9BT,"정품_34,900","정품_34,900","정품_34,900","정품_34,900"
12836177,캔스톤 SPS300BT,"블랙_129,000","블랙_129,000","블랙_129,000","블랙_129,000"
15711566,캔스톤 SPS500BT,"정품_224,670","정품_224,670","정품_224,670","정품_224,670"
28365362,캔스톤 T1 데프,"59,800","59,800","59,800","59,800"
17856422,캔스톤 T160X,"정품_169,000","정품_169,000","정품_169,000","정품_169,000"
16245881,캔스톤 T180X,"정품_214,380","정품_214,290","정품_214,220","정품_214,160"
105389192,캔스톤 TR-2700,"정품_54,320","정품_54,310","정품_54,310","정품_54,310"
7326118,캔스톤 TR-3300,"정품_147,890","정품_147,890","정품_147,890","정품_147,890"
28541429,캔스톤 VX201,"정품_39,500","정품_39,500","정품_39,500","정품_39,500"
16131611,캔스톤 VX301,"정품_59,000","정품_59,000","정품_59,000","정품_59,000"
14020595,캔스톤 W15,"음원미포함_63,990","음원미포함_63,990","음원미포함_63,990","음원미포함_63,990"
14244518,캔스톤 W16,"58,500","58,500","58,500","58,500"
17132717,캔스톤 X5BT,"정품_189,570","정품_189,570","정품_189,570","정품_189,570"
14324390,캔스톤 X7BT,"366,970","366,970","366,970","366,970"
93383264,캔스톤 X9BT,"정품_188,990","정품_188,990","정품_188,990","정품_188,990"
6978352,캔스톤 드로이드 LX-C2,"44,290","44,290","44,290","44,290"
9624354,캔스톤 붐박스 M5,"89,000","89,000","89,000","89,000"
4293685,캔스톤 시그니처 LX-C4,"정품_50,000","정품_50,000","정품_50,000","정품_50,000"
10006977,캠브리지사운드웍스 운츠 Angle solo,"해외구매_42,880","해외구매_42,880","해외구매_42,880","해외구매_42,880"
124129447,캠브리지오디오 L/R S 액티브 데스크파이 블루투스 스피커,"정품_801,000|해외구매_1,410,890","정품_801,000|해외구매_1,410,890","정품_801,000|해외구매_1,410,870","정품_801,000|해외구매_1,410,810"
3390047,컴소닉 PILLAR BT-500N,"정품_58,500","정품_58,500","정품_58,500","정품_58,500"
5093472,컴소닉 PILLAR CM-5050 pro,"정품_48,900","정품_48,900","정품_48,900","정품_48,900"
3802934,컴소닉 PILLAR CM-700USB,"블랙_23,300|핑크_45,050|화이트_33,510","블랙_23,300|핑크_45,050|화이트_33,510","블랙_23,300|핑크_45,050|화이트_34,890","블랙_23,300|핑크_45,050|화이트_34,890"
4367370,컴소닉 PILLAR CM-7010USB Premium,"정품_50,800","정품_50,800","정품_50,800","정품_50,800"
14667188,컴소닉 PILLAR CM-710 USB TRIANGLE,"블랙_16,500|화이트_20,490","블랙_16,500|화이트_20,490","블랙_16,500|화이트_20,490","블랙_16,500|화이트_20,490"
6348655,컴소닉 PILLAR CM-730USB,"37,320","37,320","37,320","37,320"
10265031,컴소닉 PILLAR CM-750 USB EV,0,0,"블랙_55,430|화이트_55,430","블랙_59,490|화이트_59,390"
9654591,컴소닉 PILLAR CM-9010 USB,"정품_41,500","정품_41,500","정품_41,500","정품_41,500"
13406201,컴소닉 PILLAR CM-SC01V USB 사운드카드,"정품_3,830","정품_3,830","정품_3,830","정품_3,830"
14028122,컴소닉 PILLAR CM-SC03U 사운드카드,"정품_6,000","정품_6,000","정품_6,000","정품_6,000"
14029025,컴소닉 PILLAR CM-SC05C 사운드카드,"정품_6,000","정품_6,000","정품_6,000","정품_6,000"
6449153,컴소닉 PILLAR CS-3200U,"정품_10,500","정품_10,500","정품_10,500","정품_10,500"
5898413,컴소닉 PILLAR CS-3500U,"정품_12,110","정품_12,110","정품_12,110","정품_12,110"
7537588,컴소닉 PILLAR CS-50U,"정품_52,880","정품_30,760","정품_30,760","정품_30,760"
7164055,컴소닉 PILLAR CS-5500UL,"정품_16,780","정품_16,780","정품_16,780","정품_16,780"
27920516,컴소닉 PILLAR CS-70UL,"정품_29,290","정품_29,290","정품_30,750","정품_30,750"
10341750,컴소닉 PILLAR CS-90USB,"정품_8,900","정품_8,900","정품_8,900","정품_8,900"
1558835,컴소닉 PILLAR CSB-2000Select,"정품_19,900","정품_19,900","정품_19,900","정품_19,900"
29685170,컴소닉 PILLAR CSB-2030U,"정품_14,810","정품_14,810","정품_14,810","정품_14,810"
3353070,컴소닉 PILLAR CSB-2700 USB,"정품_50,270","정품_50,270","정품_50,270","정품_50,270"
7255564,컴소닉 PILLAR CSB-2807UL,"정품_14,600","정품_14,600","정품_14,750","정품_14,750"
6126259,컴소닉 PILLAR CSB-2900,"블랙_12,000|화이트_12,000","블랙_12,000|화이트_12,000","블랙_12,000|화이트_12,000","블랙_12,000|화이트_12,000"
10397757,컴소닉 PILLAR CSB-5050USL,"정품_14,900","정품_14,900","정품_14,900","정품_14,900"
123695216,컴소닉 PILLAR PS-5100AC,"정품_19,900","정품_19,900","정품_19,900","정품_19,900"
48479507,케이블메이트 CM-CU71S 사운드카드,"정품_5,200","정품_5,200","정품_5,200","정품_5,200"
5450003,케이탑아이앤티 NOVOMAX NS-8000U,"정품_5,400","정품_5,400","정품_5,400","정품_5,400"
4864575,케이투씨아이 OA OA-I-BRICK,"정품_24,900","정품_24,900","정품_24,900","정품_24,900"
11690639,코미카 STM-USB,"정품_139,000","정품_139,000","정품_139,000","정품_139,000"
13497227,코시 SP2083BT,"정품_22,450","정품_22,450","정품_22,450","정품_22,450"
27694733,코시 SP2171BT,"39,800","39,800","39,800","39,800"
9587286,코시 SP3341BT,0,"63,540","63,540","63,540"
11918956,코시 SP3418BT,"정품_31,500","정품_31,500","정품_31,500","정품_31,500"
21197036,코시 SP4081BT,"26,280","26,280","26,280","26,280"
4462494,코시 디스코 LED,"정품_9,500","정품_9,500","정품_9,500","정품_9,500"
27576725,코시 샤인 SP2192BT,"19,500","19,500","19,460","19,500"
6455662,코시 스윙 MK3227UB,"17,950","17,950","17,950","17,950"
11922454,코시 팩토리 SP2034BT,"17,550","17,550","17,550","17,550"
55453028,코지테일러 CT-20W,"64,900","64,900","64,900","64,900"
27807437,쿠팡 홈플래닛 AT-9014,"25,200","25,200","25,200","25,200"
100842701,크레앙 Budi SP18,"정품_37,800","정품_37,800","정품_37,800","정품_37,800"
54325460,클립쉬 Austin,"정품_134,000|해외구매_145,520","정품_134,000|해외구매_145,520","정품_134,000|해외구매_145,520","정품_134,000|해외구매_148,990"
95347100,클립쉬 Groove XXL,"해외구매_209,000","해외구매_209,000","해외구매_209,000","해외구매_209,000"
54325595,클립쉬 Nashville,"정품_179,000|해외구매_127,990","정품_179,000|해외구매_164,900","정품_179,000|해외구매_164,900","정품_179,000|해외구매_164,900"
71647286,클립쉬 The One Plus,"정품_274,960|해외구매_343,400","정품_274,890|해외구매_343,400","정품_274,840|해외구매_343,380","정품_274,710|해외구매_343,320"
52365644,클립쉬 The Three Plus,"정품_439,000|해외구매_481,400","정품_439,000|해외구매_481,400","정품_412,660|해외구매_481,400","정품_412,660|해외구매_481,400"
7926043,클립쉬 레퍼런스 R-41PM,"해외구매_420,480","해외구매_420,480","해외구매_420,480","해외구매_420,480"
7928497,클립쉬 레퍼런스 R-51PM,"해외구매_611,100","해외구매_611,100","해외구매_611,100","해외구매_611,100"
15158534,클립쉬 프로미디어 2.1 THX,"해외구매_235,430","해외구매_235,430","해외구매_333,050","해외구매_243,670"
102007961,클립쉬 프로미디어 루미나,"정품_429,000|해외구매_657,520","정품_429,000|해외구매_657,520","정품_429,000|해외구매_657,520","정품_429,000|해외구매_657,520"
102001289,클립쉬 프로미디어 루미나,"정품_429,000|해외구매_657,520","정품_429,000|해외구매_657,520","정품_429,000|해외구매_657,520","정품_429,000|해외구매_657,520"
11606942,클립쉬 헤리티지 The One II,"해외구매_328,660","해외구매_328,660","해외구매_328,660","해외구매_328,660"
16632902,클립쉬 헤리티지 The One II PHONO,"해외구매_349,340","해외구매_349,340","해외구매_349,340","해외구매_349,340"
9698169,클립쉬 헤리티지 The Three II,"해외구매_624,700","해외구매_624,700","해외구매_624,700","해외구매_624,700"
16490336,탄젠트 Elio Mono,"정품_200,000","정품_200,000","정품_200,000","정품_200,000"
123844899,탱글우드 E-LOOP,"53,940","53,940","53,940","53,940"
28623383,트론스마트 Bang,"해외구매_163,990","해외구매_163,990","해외구매_163,990","해외구매_163,990"
28623092,트론스마트 Bang Mini,"해외구매_117,520","해외구매_117,520","해외구매_117,520","해외구매_117,520"
28623824,트론스마트 Bang SE,"해외구매_106,730","해외구매_106,730","해외구매_106,730","해외구매_106,730"
94089296,트론스마트 Force Max,"해외구매_249,490","해외구매_249,490","해외구매_249,490","해외구매_249,490"
20012411,트론스마트 Groove 2,"해외구매_34,200","해외구매_34,200","해외구매_34,200","해외구매_34,200"
54328841,트론스마트 Halo 100,"해외구매_217,390","해외구매_217,390","해외구매_217,390","해외구매_217,390"
21466994,트론스마트 Nimo,"해외구매_32,640","해외구매_32,640","해외구매_32,640","해외구매_32,640"
54328784,트론스마트 T2 Mini,"해외구매_32,470","해외구매_32,470","해외구매_32,470","해외구매_32,470"
30123512,트론스마트 T2 Plus,"해외구매_40,400","해외구매_40,400","해외구매_40,400","해외구매_40,400"
30123200,트론스마트 T6 Mini,"해외구매_29,900","해외구매_29,900","해외구매_29,900","해외구매_29,900"
20101595,트론스마트 T7 Lite,"해외구매_67,630","해외구매_67,630","해외구매_67,630","해외구매_67,630"
20104919,트론스마트 Trip,"해외구매_24,300","해외구매_24,300","해외구매_24,300","해외구매_24,300"
9792930,티볼리오디오 Andiamo,"정품_200,000","정품_200,000","정품_200,000","정품_200,000"
5545498,티볼리오디오 Cube,"정품_174,840","정품_174,840","정품_174,840","정품_174,840"
63559226,티볼리오디오 Model One+,"정품_392,000","정품_392,000","정품_392,000","정품_392,000"
53417597,티볼리오디오 Model One+ + ENZER EN-CD1BT,"정품_715,300","정품_715,300","정품_715,300","정품_715,300"
92893433,티볼리오디오 Model Two Digital,"정품_498,000","정품_498,000","정품_469,060","정품_469,060"
5242025,티볼리오디오 Music System Three,"정품_315,810","정품_315,810","정품_315,810","정품_315,810"
11908483,티볼리오디오 Revive,"정품_354,900","정품_354,900","정품_354,900","정품_354,900"
89607044,티볼리오디오 Songbook,"정품_469,060","정품_429,000","정품_403,260","정품_403,260"
89606930,티볼리오디오 Songbook Max,"정품_699,000","정품_699,000","정품_629,000","정품_629,000"
20419778,티앤에스인터내셔널 NOX MAEVE M10,"정품_19,900","정품_19,900","정품_19,900","정품_19,900"
54326210,티앤에스인터내셔널 NOX 메이브 B10,"29,500","29,500","29,500","29,500"
21205841,티에프엔아이엔씨 코드웨이 USB A to 3극 외장형 사운드카드,"정품_15,000","정품_15,000","정품_15,000","정품_15,000"
21206747,티에프엔아이엔씨 코드웨이 USB A to 4극 외장형 사운드카드,"정품_14,890","정품_14,890","정품_14,890","정품_14,890"
104988608,티테크놀로지 T-USOUND-4P,"정품_4,090","정품_4,090","정품_4,170","정품_4,170"
96983141,티테크놀로지 T-USOUND51BK,"정품_1,290","정품_1,290","정품_1,290","정품_1,290"
99712259,티테크놀로지 T-USOUND71,"정품_3,190","정품_3,190","정품_3,190","정품_3,190"
99711926,티테크놀로지 T-USOUND71CS,"정품_5,990","정품_5,990","정품_5,990","정품_5,990"
96983357,티테크놀로지 T-USOUND71CW,"정품_1,590","정품_1,590","정품_1,590","정품_1,590"
9497919,펀디안 사운드베슬 FD-S01K,"89,900","89,900","89,900","89,900"
7094962,펀디안 사운드베슬 FD-S01K + 삼각대,"185,810","185,810","187,620","187,620"
11123055,펀디안 사운드베슬 싱크,"정품_62,210|2개, 정품_99,900","정품_62,210|2개, 정품_99,900","정품_62,210|2개, 정품_99,900","정품_62,210|2개, 정품_99,900"
18524363,펜더 뉴포트 2,"정품_449,000|해외구매_515,000","정품_449,000|해외구매_515,000","정품_449,000|해외구매_515,000","정품_449,000|해외구매_515,000"
31967099,펠리체 블루투스 랜턴 스피커,"45,000","45,000","45,000","45,000"
99324194,펩시 미니 스피커 PEP-MBS01,"정품_49,900","정품_49,900","정품_49,900","정품_49,900"
19686269,폴라로이드 P2 Music Player,"해외구매_111,000","해외구매_111,000","해외구매_111,000","해외구매_111,000"
19687511,폴라로이드 P3 Music Player,"해외구매_201,000","해외구매_201,000","해외구매_201,000","해외구매_201,000"
19688510,폴라로이드 P4 Music Player,"해외구매_107,980","해외구매_107,980","해외구매_107,980","해외구매_107,980"
21520673,퓨어 Evoke PLAY,"정품_458,000","정품_398,000","정품_398,000","정품_398,000"
21521411,퓨어 Evoke SPOT,"정품_365,000","정품_365,000","정품_365,000","정품_365,000"
14282213,퓨전에프앤씨 BT-V7 Majestic,"83,700","88,090","88,090","88,090"
2743953,퓨전에프앤씨 FS-620BTS SPECIAL,"27,500","27,500","27,500","27,500"
5904174,퓨전에프앤씨 INOTE BT-V3,"화이트_29,800|블랙_29,800","화이트_29,800|블랙_29,800","화이트_29,800|블랙_29,800","화이트_29,800|블랙_29,800"
69564533,프리라이프 휴대용 미니 스피커,"해외구매_10,810","해외구매_10,810","해외구매_10,810","해외구매_10,810"
12331409,프린텍 단순생활 07058,"29,900","29,900","29,900","29,900"
6636427,플레오맥스 PBS-M1,"14,500","14,500","14,500","14,500"
28460603,플레오맥스 PBS-M3,"11,260","11,260","11,370","11,370"
17596730,플레오맥스 PBS-M5,"11,880","11,880","11,880","11,880"
17476139,플레오맥스 PLEOMAX PBS-E300,"정품_26,110","정품_26,110","정품_26,110","정품_26,110"
19600061,플레오맥스 PLEOMAX PBS-ER150,"정품_141,160","정품_141,160","정품_141,160","정품_141,160"
13528934,플레오맥스 PLEOMAX PBS-ER200 RGB,"정품_15,500","정품_15,500","정품_15,500","정품_15,500"
11314077,플레오맥스 PLEOMAX PBS-Z100,"USB전원_9,780","USB전원_9,780","USB전원_9,780","USB전원_9,780"
10426728,플레오맥스 PLEOMAX PBS-Z150,"정품_27,290","정품_27,290","정품_27,290","정품_27,290"
10422954,플레오맥스 PLEOMAX PBS-Z500,"AC전원_30,940|USB전원_20,880","AC전원_30,940|USB전원_20,820","AC전원_30,990|USB전원_20,810","AC전원_30,990|USB전원_20,890"
11451435,플레오맥스 PLEOMAX PLM-202U,"블랙_14,430|화이트_14,430","블랙_14,430|화이트_14,430","블랙_14,430|화이트_14,430","블랙_14,430|화이트_14,430"
6358644,플레오맥스 PLEOMAX PLM-401U,"정품_30,100","정품_30,100","정품_30,100","정품_30,100"
9649089,플레오맥스 PLEOMAX PLM-Q7,"정품_20,370","정품_20,300","정품_20,360","정품_20,300"
14165690,플레오맥스 PLEOMAX PLM-Q70,"41,790","41,730","41,680","41,610"
9649131,플레오맥스 PLEOMAX PLM-Q9,"정품_48,000","정품_48,000","정품_48,000","정품_48,000"
13507028,플레오맥스 PLEOMAX PLM-Q9 풀세트,"48,990","48,990","48,990","48,990"
14185652,플레오맥스 PLEOMAX PLM-Q90,"정품_46,490","정품_46,490","정품_46,490","정품_46,490"
7175116,플레오맥스 PLEOMAX S1,"정품_8,530","정품_8,530","정품_8,530","정품_8,530"
11501466,플레오맥스 PLEOMAX S200,"정품_8,000","정품_7,990","정품_8,000","정품_8,000"
6988864,플레오맥스 PLEOMAX S5,"정품_5,510","정품_5,510","정품_5,510","정품_5,510"
13197218,플레오맥스 PLEOMAX S500,"정품_18,520","정품_18,520","정품_18,520","정품_18,520"
30124688,플레오맥스 PM-MBT1000,"16,000","16,000","16,000","16,000"
10103274,피에스이 벤처스 PENTON T1,"25,040","25,450","25,460","25,460"
21195560,피에스이벤처스 PENTON 바운스,"정품_183,040","정품_183,040","정품_183,040","정품_183,040"
54327470,필립스 Flood Audio Xperion 6000,"126,500",0,0,0
58116302,필립스 SPA20,"해외구매_20,260","해외구매_20,260","해외구매_20,260","해외구매_20,260"
95347610,필립스 SPA3809,"해외구매_20,680","해외구매_20,670","해외구매_20,670","해외구매_20,680"
77227814,필립스 SPA3818,"정품_25,890","정품_25,890","정품_25,380","정품_25,680"
99946787,필립스 SPA4000,"정품_48,640","정품_48,640","정품_49,340","정품_49,340"
98770943,필립스 SPA5109,"해외구매_21,550","해외구매_21,550","해외구매_21,550","해외구매_21,550"
123972850,필립스 TAMS60 Roller,"정품_259,000","정품_259,000","정품_259,000","정품_259,000"
123972902,필립스 TAMS80 Tube,"정품_499,000","정품_499,000","정품_499,000","정품_499,000"
80548190,필립스 TAS2108,"정품_38,900","정품_38,900","정품_38,900","정품_38,900"
31395818,필립스 TAS2307,"정품_33,000","정품_33,000","정품_29,900","정품_29,890"
16295072,필립스 TAS3505,"정품_39,800","정품_39,800","정품_39,800","정품_39,800"
72305801,필코 인터내셔날 카카오프렌즈 춘식이 생일파티 케이크 스피커,"38,820","38,800","38,790","38,790"
11066208,하만카돈 AURA STUDIO 3,"정품_374,100|해외구매_507,560","정품_374,060|해외구매_507,560","정품_374,000|해외구매_507,560","정품_373,940|해외구매_507,560"
21585536,하만카돈 AURA STUDIO 4,"정품_269,000|해외구매_384,670","정품_269,000|해외구매_384,610","정품_269,000|해외구매_384,560","정품_269,000|해외구매_384,490"
101120318,하만카돈 AURA STUDIO 5,"정품_349,000|해외구매_469,750","정품_319,120|해외구매_469,750","정품_319,120|해외구매_469,750","정품_319,120|해외구매_469,750"
124088051,하만카돈 AURA STUDIO 5 Wifi,"정품_439,000|해외구매_636,900","정품_408,990|해외구매_636,900","정품_408,990|해외구매_636,900","정품_408,990|해외구매_636,900"
30148142,하만카돈 GO+PLAY 3,"정품_336,096|해외구매_299,900","정품_336,096|해외구매_299,900","정품_336,096|해외구매_299,900","정품_336,096|해외구매_299,900"
5368654,하만카돈 Go+Play Mini,"해외구매_602,000","해외구매_602,000","해외구매_602,000","해외구매_602,000"
30147470,하만카돈 LUNA,"정품_110,295|해외구매_178,790","정품_111,456|해외구매_178,790","정품_111,456|해외구매_178,790","정품_111,456|해외구매_178,790"
124277709,하만카돈 LUNA 2,"정품_186,120|해외구매_277,550","정품_186,120|해외구매_277,550","정품_186,120|해외구매_294,360","정품_186,120|해외구매_296,000"
12698708,하만카돈 NEO,"해외구매_166,800","해외구매_166,800","해외구매_166,800","해외구매_166,800"
14974472,하만카돈 ONYX STUDIO 7,"해외구매_275,000","해외구매_275,000","해외구매_275,000","해외구매_275,000"
19402697,하만카돈 ONYX STUDIO 8,"정품_252,480|해외구매_498,100","정품_252,480|해외구매_498,100","정품_252,480|해외구매_498,100","정품_252,480|해외구매_498,100"
123846113,하만카돈 ONYX STUDIO 9,"정품_245,520|해외구매_282,430","정품_245,520|해외구매_282,430","정품_245,520|해외구매_306,990","정품_245,520|해외구매_306,990"
5505626,하만카돈 Onyx Studio 4,"해외구매_535,150","해외구매_535,150","해외구매_535,150","해외구매_535,150"
9898317,하만카돈 Onyx Studio 6,"해외구매_306,400","해외구매_306,400","해외구매_306,400","해외구매_306,400"
12801095,하만카돈 SOUND STICKS 4,"정품_350,000|해외구매_438,000","정품_350,000|해외구매_438,000","정품_350,000|해외구매_455,850","정품_350,000|해외구매_455,850"
106765547,하만카돈 SOUND STICKS 5,"정품, 블랙_427,200|정품, 화이트_459,000","정품, 블랙_418,990|정품, 화이트_455,000","정품, 블랙_418,990|정품, 화이트_459,000","정품, 블랙_418,990|정품, 화이트_459,000"
124100802,하만카돈 SOUND STICKS 5 Wifi,"정품, 화이트_539,000","정품, 화이트_489,000","정품, 화이트_489,000","정품, 화이트_489,000"
9533241,하이디 리볼트 RXS-300S,"12,920","12,920","12,920","12,920"
20723216,한빛랜드 GS7,"정품_32,300","정품_32,300","정품_32,610","정품_32,610"
75470405,한성컴퓨터 GS600B CAMPING,"블랙_19,900|베이지_19,900","블랙_19,900|베이지_19,900","블랙_19,900|베이지_19,900","블랙_19,900|베이지_19,900"
15733136,한성컴퓨터 PM100,"정품_33,000","정품_33,000","정품_33,000","정품_33,000"
10146051,한성컴퓨터 SIROCO GS200,"8W, 블랙_153,000","8W, 블랙_153,000","8W, 블랙_153,000","8W, 블랙_153,000"
6307164,한성컴퓨터 SIROCO GS300B 블루투스 사운드바,"정품_38,400","정품_38,400","정품_38,400","정품_38,400"
86866334,한창인포텍 알포인트 알뮤즈 RF-RMUSE RF082,"정품_25,900","정품_25,900","정품_25,900","정품_25,900"
21687056,해브잇올 morac 글로우지 MR-GLOWZ,"133,910","133,910","133,910","133,910"
21687284,해브잇올 morac 글로우큐 MR-GLOWQ,"147,420","147,420","147,420","147,420"
20419514,해인씨앤에스 케미 HIBS-MR01,"16,970","16,970","16,970","16,970"
88234784,해인씨앤에스 케미 HIBS-MR04,"정품_19,910","정품_19,910","정품_19,910","정품_19,910"
4330092,헤코 Ascada 2.0,"해외구매_935,000","해외구매_935,000","해외구매_935,000","해외구매_935,000"
28395974,현원 모비블루 WBS02,"45,000","45,000","45,000","45,000"
28124171,홍운 JY-20,"정품_18,270","정품_18,270","정품_18,270","정품_18,270"
122700348,휴그 웨이브 블루투스 스피커,"정품_37,900","정품_37,900","정품_37,900","정품_37,900"
18992087,휴라이즈 BlackM-T21,"128,250","128,250","128,250","128,250"
56112356,휴라이즈 HR-CLOWOOD,"정품_258,980","정품_258,960","정품_258,850","정품_258,720"
124362938,휴라이즈 HR-M515,"정품_34,900","정품_34,900","정품_34,900","정품_34,900"
5879271,휴라이즈 HR-MR1000,"59,800","59,800","59,800","59,800"
17476427,휴라이즈 HR-MT2,"52,900","52,900","52,900","52,900"
58026263,휴라이즈 HR-NT120,"블랙_39,000|화이트_39,800","블랙_39,000|화이트_39,800","블랙_39,000|화이트_39,800","블랙_39,000|화이트_39,800"
100383089,휴라이즈 HR-PC01,"정품_29,660","정품_29,660","정품_29,660","정품_29,660"
53780153,휴라이즈 HR-RT100,"27,800","27,800","27,790","27,790"
100619366,휴라이즈 HR-S20ART,"정품_59,000","정품_59,000","정품_59,000","정품_59,000"
15670991,휴라이즈 HR-S30 Mintchoco,"45,850","45,850","45,850","45,850"
16104056,휴라이즈 HR-SL200,"28,690","28,690","28,690","28,690"
72305498,휴라이즈 HR-STB150,"39,600","39,600","39,600","39,600"
16756547,휴라이즈 HR-T22 TITAN,"정품_219,000","정품_219,000","정품_219,000","정품_219,000"
15250034,휴라이즈 HR-T3 CLASSIC,"149,000","149,000","149,000","149,000"
9598893,휴라이즈 HR-T3 OMEGA,"121,500","121,500","121,500","121,500"
9604074,휴라이즈 HR-T5 newtro,"정품_159,000","정품_159,000","정품_159,000","정품_159,000"
13483388,휴라이즈 HR-T5 retro,"정품_155,820","정품_155,820","정품_155,820","정품_155,820"
123801794,휴라이즈 HR-VR220,"정품_39,000","정품_39,000","정품_39,000","정품_39,000"
11906011,휴라이즈 HR-miniTurn,"37,900","37,900","37,900","37,900"
